{"type": "FeatureCollection", "features": [{"type": "Feature", "geometry": {"type": "Point", "coordinates": [13.81942, 56.17004]}, "properties": {"id": "trv-12745:101515-10654:17-0.3661", "country": "se", "source": "TRV", "updated": "2026-09-12", "name": "Stoby", "type": "aire", "vidange": false, "toilettes": true, "places_voiture": 19, "places_poids_lourd": 1, "tables": 6, "aire_de_jeu": false, "gestionnaire": "Trafikverket", "equipee": true}}, {"type": "Feature", "geometry": {"type": "Point", "coordinates": [14.036, 56.39363]}, "properties": {"id": "trv-12745:101595-10653:129-0.9680", "country": "se", "source": "TRV", "updated": "2026-09-12", "name": "Lars Dufva", "type": "aire", "vidange": true, "toilettes": true, "places_voiture": 10, "places_poids_lourd": 0, "tables": 6, "aire_de_jeu": false, "gestionnaire": "annan", "equipee": true}}, {"type": "Feature", "geometry": {"type": "Point", "coordinates": [13.73611, 56.0628]}, "properties": {"id": "trv-12745:101599-1000:13652-0.5205", "country": "se", "source": "TRV", "updated": "2026-09-12", "name": "Norra Melby", "type": "aire", "vidange": false, "toilettes": true, "places_voiture": 8, "places_poids_lourd": 4, "tables": 9, "aire_de_jeu": false, "gestionnaire": "Trafikverket", "equipee": true}}, {"type": "Feature", "geometry": {"type": "Point", "coordinates": [16.53929, 60.58059]}, "properties": {"id": "trv-12745:101399-13645:2468-0.1637", "country": "se", "source": "TRV", "updated": "2026-09-12", "name": "Näsbysjön Ö", "type": "aire", "vidange": true, "toilettes": true, "places_voiture": 9, "places_poids_lourd": 4, "tables": 8, "aire_de_jeu": true, "gestionnaire": "Trafikverket", "equipee": true}}, {"type": "Feature", "geometry": {"type": "Point", "coordinates": [13.48768, 60.51449]}, "properties": {"id": "trv-12745:101391-13645:1171-0.1503", "country": "se", "source": "TRV", "updated": "2026-09-12", "name": "Lisskogsåsen", "type": "aire", "vidange": true, "toilettes": true, "places_voiture": 4, "places_poids_lourd": 6, "tables": 3, "aire_de_jeu": false, "gestionnaire": "Trafikverket", "equipee": true}}, {"type": "Feature", "geometry": {"type": "Point", "coordinates": [13.021, 60.20037]}, "properties": {"id": "trv-12745:101387-1000:93058-0.6787", "country": "se", "source": "TRV", "updated": "2026-09-12", "occurrences": 2, "name": "Hänsjön", "type": "aire", "vidange": true, "toilettes": true, "places_voiture": 16, "places_poids_lourd": 2, "tables": 12, "aire_de_jeu": false, "gestionnaire": "Trafikverket", "equipee": true}}, {"type": "Feature", "geometry": {"type": "Point", "coordinates": [15.727, 60.59096]}, "properties": {"id": "trv-12745:101383-1000:98785-0.6900", "country": "se", "source": "TRV", "updated": "2026-09-12", "name": "Hosjön", "type": "aire", "vidange": false, "toilettes": true, "places_voiture": 10, "places_poids_lourd": 2, "tables": 5, "aire_de_jeu": false, "gestionnaire": "Trafikverket", "equipee": true}}, {"type": "Feature", "geometry": {"type": "Point", "coordinates": [14.67752, 60.46658]}, "properties": {"id": "trv-12745:101379-16996:148621-0.5026", "country": "se", "source": "TRV", "updated": "2026-09-12", "name": "Fänforsen", "type": "aire", "vidange": false, "toilettes": true, "places_voiture": 20, "places_poids_lourd": 11, "tables": 12, "aire_de_jeu": false, "gestionnaire": "okänd", "equipee": true}}, {"type": "Feature", "geometry": {"type": "Point", "coordinates": [15.13898, 60.55972]}, "properties": {"id": "trv-12745:101375-1000:97738-0.7050", "country": "se", "source": "TRV", "updated": "2026-09-12", "name": "Djurås", "type": "aire", "vidange": false, "toilettes": false, "places_voiture": 5, "places_poids_lourd": 3, "tables": 6, "aire_de_jeu": false, "gestionnaire": "okänd", "equipee": false}}, {"type": "Feature", "geometry": {"type": "Point", "coordinates": [15.5974, 56.47503]}, "properties": {"id": "trv-16137:712232-1000:23750-0.8122", "country": "se", "source": "TRV", "updated": "2026-09-12", "name": "Fur", "type": "aire", "vidange": false, "toilettes": true, "places_voiture": 5, "tables": 3, "aire_de_jeu": false, "gestionnaire": "Trafikverket", "equipee": true}}, {"type": "Feature", "geometry": {"type": "Point", "coordinates": [15.36059, 56.9233]}, "properties": {"id": "trv-16137:712260-1000:30791-0.0335", "country": "se", "source": "TRV", "updated": "2026-09-12", "name": "Sandsjön S", "type": "aire", "vidange": true, "toilettes": true, "places_voiture": 12, "places_poids_lourd": 3, "tables": 11, "aire_de_jeu": false, "gestionnaire": "Trafikverket", "equipee": true}}, {"type": "Feature", "geometry": {"type": "Point", "coordinates": [14.12665, 60.82569]}, "properties": {"id": "trv-16137:712328-1000:97560-0.0578", "country": "se", "source": "TRV", "updated": "2026-09-12", "name": "Johannisholm", "type": "aire", "vidange": true, "toilettes": true, "places_voiture": 18, "places_poids_lourd": 3, "tables": 2, "aire_de_jeu": false, "gestionnaire": "Trafikverket", "equipee": true}}, {"type": "Feature", "geometry": {"type": "Point", "coordinates": [14.9385, 58.8106]}, "properties": {"id": "trv-16137:712472-12733:112558-0.9926", "country": "se", "source": "TRV", "updated": "2026-09-12", "name": "Hammarsundet N", "type": "aire", "vidange": true, "toilettes": true, "places_voiture": 41, "places_poids_lourd": 4, "tables": 9, "aire_de_jeu": false, "gestionnaire": "Trafikverket", "equipee": true}}, {"type": "Feature", "geometry": {"type": "Point", "coordinates": [16.07055, 61.34417]}, "properties": {"id": "trv-16137:712496-1000:102958-0.2532", "country": "se", "source": "TRV", "updated": "2026-09-12", "name": "Kyrktjärn", "type": "aire", "vidange": false, "toilettes": true, "places_voiture": 20, "places_poids_lourd": 0, "tables": 6, "aire_de_jeu": true, "gestionnaire": "okänd", "equipee": true}}, {"type": "Feature", "geometry": {"type": "Point", "coordinates": [13.25481, 59.50515]}, "properties": {"id": "trv-16137:712528-13798:2542-0.5047", "country": "se", "source": "TRV", "updated": "2026-09-12", "name": "Norsälven N", "type": "aire", "vidange": true, "toilettes": true, "places_voiture": 23, "places_poids_lourd": 3, "tables": 5, "aire_de_jeu": false, "gestionnaire": "Trafikverket", "equipee": true}}, {"type": "Feature", "geometry": {"type": "Point", "coordinates": [14.08383, 59.69059]}, "properties": {"id": "trv-16137:712544-1000:85447-0.4286", "country": "se", "source": "TRV", "updated": "2026-09-12", "name": "Dammtjärn", "type": "aire", "vidange": true, "toilettes": true, "places_voiture": 7, "places_poids_lourd": 3, "tables": 5, "aire_de_jeu": false, "gestionnaire": "Trafikverket", "equipee": true}}, {"type": "Feature", "geometry": {"type": "Point", "coordinates": [15.45874, 60.1283]}, "properties": {"id": "trv-16137:712556-1000:93860-0.7067", "country": "se", "source": "TRV", "updated": "2026-09-12", "name": "Rastahyttan S", "type": "aire", "vidange": false, "toilettes": false, "places_voiture": 11, "places_poids_lourd": 2, "tables": 1, "aire_de_jeu": false, "gestionnaire": "okänd", "equipee": false}}, {"type": "Feature", "geometry": {"type": "Point", "coordinates": [13.38724, 60.89919]}, "properties": {"id": "trv-16137:712568-1000:100992-0.6690", "country": "se", "source": "TRV", "updated": "2026-09-12", "name": "Limedsforsen", "type": "aire", "vidange": true, "toilettes": true, "places_voiture": 13, "places_poids_lourd": 2, "tables": 2, "aire_de_jeu": false, "gestionnaire": "Trafikverket", "equipee": true}}, {"type": "Feature", "geometry": {"type": "Point", "coordinates": [15.03372, 60.71266]}, "properties": {"id": "trv-16137:712580-1000:99195-0.4255", "country": "se", "source": "TRV", "updated": "2026-09-12", "name": "Leksand", "type": "aire", "vidange": false, "toilettes": true, "places_voiture": 31, "places_poids_lourd": 4, "tables": 4, "aire_de_jeu": false, "gestionnaire": "Trafikverket", "equipee": true}}, {"type": "Feature", "geometry": {"type": "Point", "coordinates": [15.04779, 60.81753]}, "properties": {"id": "trv-16137:712584-1000:98946-0.0262", "country": "se", "source": "TRV", "updated": "2026-09-12", "name": "Tällbergsporten", "type": "aire", "vidange": false, "toilettes": true, "places_voiture": 36, "places_poids_lourd": 6, "tables": 4, "aire_de_jeu": false, "gestionnaire": "Trafikverket", "equipee": true}}, {"type": "Feature", "geometry": {"type": "Point", "coordinates": [16.67865, 61.21852]}, "properties": {"id": "trv-16137:712600-1000:102391-0.7811", "country": "se", "source": "TRV", "updated": "2026-09-12", "name": "Norrlandsporten", "type": "aire", "vidange": false, "toilettes": true, "places_voiture": 35, "places_poids_lourd": 3, "tables": 4, "aire_de_jeu": false, "gestionnaire": "Trafikverket", "equipee": true}}, {"type": "Feature", "geometry": {"type": "Point", "coordinates": [17.37112, 64.16918]}, "properties": {"id": "trv-16137:712612-1000:114836-0.0157", "country": "se", "source": "TRV", "updated": "2026-09-12", "name": "Kullerbacka", "type": "aire", "vidange": true, "toilettes": true, "places_voiture": 2, "places_poids_lourd": 3, "tables": 1, "aire_de_jeu": false, "gestionnaire": "Trafikverket", "equipee": true}}, {"type": "Feature", "geometry": {"type": "Point", "coordinates": [20.37333, 64.89564]}, "properties": {"id": "trv-16137:712620-1000:116890-0.8133", "country": "se", "source": "TRV", "updated": "2026-09-12", "name": "Bastunäs", "type": "aire", "vidange": true, "toilettes": true, "places_voiture": 11, "places_poids_lourd": 7, "tables": 6, "aire_de_jeu": false, "gestionnaire": "Trafikverket", "equipee": true}}, {"type": "Feature", "geometry": {"type": "Point", "coordinates": [18.27081, 63.26804]}, "properties": {"id": "trv-16137:712740-13646:720-0.9231", "country": "se", "source": "TRV", "updated": "2026-09-12", "name": "Näs", "type": "aire", "vidange": false, "toilettes": true, "places_voiture": 4, "places_poids_lourd": 0, "tables": 2, "aire_de_jeu": false, "gestionnaire": "okänd", "equipee": true}}, {"type": "Feature", "geometry": {"type": "Point", "coordinates": [18.80182, 64.82453]}, "properties": {"id": "trv-16137:712744-1000:116760-0.9930", "country": "se", "source": "TRV", "updated": "2026-09-12", "name": "Enebacken", "type": "aire", "vidange": true, "toilettes": true, "places_voiture": 9, "places_poids_lourd": 0, "tables": 18, "aire_de_jeu": true, "gestionnaire": "Trafikverket", "equipee": true}}, {"type": "Feature", "geometry": {"type": "Point", "coordinates": [14.50868, 58.05262]}, "properties": {"id": "trv-16179:37111-1000:49176-0.4763", "country": "se", "source": "TRV", "updated": "2026-09-12", "name": "Brahehus", "type": "aire", "vidange": false, "toilettes": false, "places_voiture": 60, "places_poids_lourd": 0, "tables": 14, "aire_de_jeu": true, "gestionnaire": "Trafikverket", "equipee": false}}, {"type": "Feature", "geometry": {"type": "Point", "coordinates": [16.98728, 61.41481]}, "properties": {"id": "trv-16179:37203-1000:103444-0.1571", "country": "se", "source": "TRV", "updated": "2026-09-12", "name": "Alebosjön", "type": "aire", "vidange": true, "toilettes": true, "places_voiture": 27, "places_poids_lourd": 10, "tables": 11, "aire_de_jeu": true, "gestionnaire": "Trafikverket", "equipee": true}}, {"type": "Feature", "geometry": {"type": "Point", "coordinates": [17.21667, 61.93018]}, "properties": {"id": "trv-16179:37231-1000:104428-0.0379", "country": "se", "source": "TRV", "updated": "2026-09-12", "name": "Harmånger", "type": "aire", "vidange": false, "toilettes": true, "places_voiture": 16, "places_poids_lourd": 0, "tables": 10, "aire_de_jeu": true, "gestionnaire": "Trafikverket", "equipee": true}}, {"type": "Feature", "geometry": {"type": "Point", "coordinates": [16.98459, 61.00688]}, "properties": {"id": "trv-16179:37243-12286:28-0.5657", "country": "se", "source": "TRV", "updated": "2026-09-12", "name": "Högbacka", "type": "aire", "vidange": true, "toilettes": true, "places_voiture": 4, "places_poids_lourd": 3, "tables": 10, "aire_de_jeu": true, "gestionnaire": "Trafikverket", "equipee": true}}, {"type": "Feature", "geometry": {"type": "Point", "coordinates": [16.97642, 61.51807]}, "properties": {"id": "trv-16179:37363-1000:103491-0.0043", "country": "se", "source": "TRV", "updated": "2026-09-12", "name": "Ångersjön", "type": "aire", "vidange": true, "toilettes": true, "places_voiture": 20, "places_poids_lourd": 3, "tables": 5, "aire_de_jeu": true, "gestionnaire": "Trafikverket", "equipee": true}}, {"type": "Feature", "geometry": {"type": "Point", "coordinates": [14.27571, 61.1085]}, "properties": {"id": "trv-16137:712588-1000:101099-0.6284", "country": "se", "source": "TRV", "updated": "2026-09-12", "name": "Spjutmosjön", "type": "aire", "vidange": false, "toilettes": true, "places_voiture": 12, "places_poids_lourd": 3, "tables": 11, "aire_de_jeu": true, "gestionnaire": "Trafikverket", "equipee": true}}, {"type": "Feature", "geometry": {"type": "Point", "coordinates": [17.35425, 62.16146]}, "properties": {"id": "trv-12750:193433-1000:19826-0.6155", "country": "se", "source": "TRV", "updated": "2026-09-12", "name": "Kungsrasten", "type": "aire", "vidange": false, "toilettes": true, "places_voiture": 38, "places_poids_lourd": 9, "tables": 9, "aire_de_jeu": false, "gestionnaire": "Trafikverket", "equipee": true}}, {"type": "Feature", "geometry": {"type": "Point", "coordinates": [17.35652, 62.16942]}, "properties": {"id": "trv-12745:101627-1000:24000-0.7923", "country": "se", "source": "TRV", "updated": "2026-09-12", "name": "Eriksmåla", "type": "aire", "vidange": false, "toilettes": false, "places_voiture": 22, "places_poids_lourd": 3, "aire_de_jeu": true, "gestionnaire": "kommunen", "equipee": false}}, {"type": "Feature", "geometry": {"type": "Point", "coordinates": [18.03374, 64.82973]}, "properties": {"id": "trv-16179:37199-19302:7142-0.2206", "country": "se", "source": "TRV", "updated": "2026-09-12", "name": "Aavajoki", "type": "aire", "vidange": true, "toilettes": true, "places_voiture": 10, "places_poids_lourd": 3, "tables": 9, "aire_de_jeu": true, "gestionnaire": "Trafikverket", "equipee": true}}, {"type": "Feature", "geometry": {"type": "Point", "coordinates": [18.82617, 64.52091]}, "properties": {"id": "trv-16179:37211-13651:4769-0.9413", "country": "se", "source": "TRV", "updated": "2026-09-12", "name": "Armsjön V", "type": "aire", "vidange": true, "toilettes": true, "places_voiture": 100, "places_poids_lourd": 17, "tables": 4, "aire_de_jeu": false, "gestionnaire": "Trafikverket", "equipee": true}}, {"type": "Feature", "geometry": {"type": "Point", "coordinates": [15.91853, 62.53733]}, "properties": {"id": "trv-16179:37207-13651:4767-0.1268", "country": "se", "source": "TRV", "updated": "2026-09-12", "name": "Armsjön Ö", "type": "aire", "vidange": true, "toilettes": true, "places_voiture": 44, "places_poids_lourd": 7, "tables": 6, "aire_de_jeu": false, "gestionnaire": "Trafikverket", "equipee": true}}, {"type": "Feature", "geometry": {"type": "Point", "coordinates": [16.96345, 65.22474]}, "properties": {"id": "trv-12750:193501-1000:123358-0.1492", "country": "se", "source": "TRV", "updated": "2026-09-12", "name": "Bessesjohka", "type": "aire", "vidange": true, "toilettes": true, "places_voiture": 12, "places_poids_lourd": 1, "tables": 4, "aire_de_jeu": false, "gestionnaire": "Trafikverket", "equipee": true}}, {"type": "Feature", "geometry": {"type": "Point", "coordinates": [17.56174, 62.54029]}, "properties": {"id": "trv-12750:193525-1000:116528-0.2441", "country": "se", "source": "TRV", "updated": "2026-09-12", "name": "Bocksliden", "type": "aire", "vidange": true, "toilettes": true, "places_voiture": 17, "places_poids_lourd": 2, "tables": 5, "aire_de_jeu": true, "gestionnaire": "Trafikverket", "equipee": true}}, {"type": "Feature", "geometry": {"type": "Point", "coordinates": [17.56292, 62.54]}, "properties": {"id": "trv-12750:193553-1000:105214-0.0521", "country": "se", "source": "TRV", "updated": "2026-09-12", "name": "Borgsjö", "type": "aire", "vidange": false, "toilettes": true, "places_voiture": 40, "places_poids_lourd": 10, "tables": 20, "aire_de_jeu": true, "gestionnaire": "Trafikverket", "equipee": true}}, {"type": "Feature", "geometry": {"type": "Point", "coordinates": [20.86862, 66.23292]}, "properties": {"id": "trv-12750:193529-1000:117542-0.5489", "country": "se", "source": "TRV", "updated": "2026-09-12", "name": "Buktes", "type": "aire", "vidange": false, "toilettes": true, "places_voiture": 15, "places_poids_lourd": 1, "tables": 4, "aire_de_jeu": false, "gestionnaire": "Trafikverket", "equipee": true}}, {"type": "Feature", "geometry": {"type": "Point", "coordinates": [15.3555, 62.81476]}, "properties": {"id": "trv-16179:37219-12844:4453-0.9207", "country": "se", "source": "TRV", "updated": "2026-09-12", "name": "Byske", "type": "aire", "vidange": true, "toilettes": true, "places_voiture": 8, "places_poids_lourd": 16, "tables": 6, "aire_de_jeu": true, "gestionnaire": "Trafikverket", "equipee": true}}, {"type": "Feature", "geometry": {"type": "Point", "coordinates": [21.00214, 64.19206]}, "properties": {"id": "trv-16179:37227-13645:15116-0.9179", "country": "se", "source": "TRV", "updated": "2026-09-12", "name": "Bölesjön V", "type": "aire", "vidange": true, "toilettes": true, "places_voiture": 10, "places_poids_lourd": 4, "tables": 7, "aire_de_jeu": true, "gestionnaire": "Trafikverket", "equipee": true}}, {"type": "Feature", "geometry": {"type": "Point", "coordinates": [14.59153, 66.13503]}, "properties": {"id": "trv-16179:37223-13645:15111-0.0785", "country": "se", "source": "TRV", "updated": "2026-09-12", "name": "Bölesjön Ö", "type": "aire", "vidange": true, "toilettes": true, "places_voiture": 10, "places_poids_lourd": 4, "tables": 8, "aire_de_jeu": false, "gestionnaire": "Trafikverket", "equipee": true}}, {"type": "Feature", "geometry": {"type": "Point", "coordinates": [21.55524, 65.42375]}, "properties": {"id": "trv-16137:712624-1000:121812-0.8711", "country": "se", "source": "TRV", "updated": "2026-09-12", "name": "Edefors", "type": "aire", "vidange": true, "toilettes": true, "places_voiture": 10, "places_poids_lourd": 1, "tables": 1, "aire_de_jeu": false, "gestionnaire": "Trafikverket", "equipee": true}}, {"type": "Feature", "geometry": {"type": "Point", "coordinates": [16.17473, 64.10725]}, "properties": {"id": "trv-12750:193533-1000:121562-0.9984", "country": "se", "source": "TRV", "updated": "2026-09-12", "name": "Gränsen", "type": "aire", "vidange": false, "toilettes": true, "places_voiture": 10, "places_poids_lourd": 2, "tables": 2, "aire_de_jeu": false, "gestionnaire": "Trafikverket", "equipee": true}}, {"type": "Feature", "geometry": {"type": "Point", "coordinates": [14.87966, 63.37526]}, "properties": {"id": "trv-16179:37235-11163:192710-0.1086", "country": "se", "source": "TRV", "updated": "2026-09-12", "name": "Harrbäcken N", "type": "aire", "vidange": true, "toilettes": true, "places_voiture": 9, "places_poids_lourd": 16, "tables": 7, "aire_de_jeu": true, "gestionnaire": "Trafikverket", "equipee": true}}, {"type": "Feature", "geometry": {"type": "Point", "coordinates": [18.25235, 62.9438]}, "properties": {"id": "trv-16179:37239-11163:192714-0.9140", "country": "se", "source": "TRV", "updated": "2026-09-12", "name": "Harrbäcken S", "type": "aire", "vidange": true, "toilettes": true, "places_voiture": 9, "places_poids_lourd": 14, "tables": 9, "aire_de_jeu": true, "gestionnaire": "Trafikverket", "equipee": true}}, {"type": "Feature", "geometry": {"type": "Point", "coordinates": [22.47817, 68.44179]}, "properties": {"id": "trv-16137:712324-16590:84512-0.6732", "country": "se", "source": "TRV", "updated": "2026-09-12", "name": "Häggenås", "type": "aire", "vidange": true, "toilettes": true, "places_voiture": 18, "places_poids_lourd": 3, "tables": 7, "aire_de_jeu": true, "gestionnaire": "Trafikverket", "equipee": true}}, {"type": "Feature", "geometry": {"type": "Point", "coordinates": [23.78186, 66.53229]}, "properties": {"id": "trv-16137:712760-11655:1204-0.1170", "country": "se", "source": "TRV", "updated": "2026-09-12", "name": "Järesta", "type": "aire", "vidange": true, "toilettes": true, "places_voiture": 9, "places_poids_lourd": 0, "tables": 4, "aire_de_jeu": false, "gestionnaire": "Trafikverket", "equipee": true}}, {"type": "Feature", "geometry": {"type": "Point", "coordinates": [14.44388, 63.3196]}, "properties": {"id": "trv-16179:37251-12843:681-0.8489", "country": "se", "source": "TRV", "updated": "2026-09-12", "name": "Jävre S", "type": "aire", "vidange": true, "toilettes": true, "places_voiture": 16, "places_poids_lourd": 8, "tables": 3, "aire_de_jeu": true, "gestionnaire": "Trafikverket", "equipee": true}}, {"type": "Feature", "geometry": {"type": "Point", "coordinates": [22.18397, 66.65061]}, "properties": {"id": "trv-16137:712332-1000:123378-0.3281", "country": "se", "source": "TRV", "updated": "2026-09-12", "name": "Karesuando", "type": "aire", "vidange": false, "toilettes": true, "places_voiture": 16, "places_poids_lourd": 5, "tables": 0, "aire_de_jeu": false, "gestionnaire": "Trafikverket", "equipee": true}}, {"type": "Feature", "geometry": {"type": "Point", "coordinates": [21.12004, 67.49044]}, "properties": {"id": "trv-16137:712628-1000:122073-0.9963", "country": "se", "source": "TRV", "updated": "2026-09-12", "name": "Kattilakoski", "type": "aire", "vidange": true, "toilettes": true, "places_voiture": 17, "places_poids_lourd": 1, "tables": 7, "aire_de_jeu": true, "gestionnaire": "Trafikverket", "equipee": true}}, {"type": "Feature", "geometry": {"type": "Point", "coordinates": [19.51999, 65.95247]}, "properties": {"id": "trv-16179:37255-16667:13208-0.5872", "country": "se", "source": "TRV", "updated": "2026-09-12", "name": "Keräsjoki", "type": "aire", "vidange": true, "toilettes": true, "places_voiture": 16, "places_poids_lourd": 5, "tables": 10, "aire_de_jeu": true, "gestionnaire": "Trafikverket", "equipee": true}}, {"type": "Feature", "geometry": {"type": "Point", "coordinates": [21.2564, 64.53925]}, "properties": {"id": "trv-12750:193561-11157:122303-0.9157", "country": "se", "source": "TRV", "updated": "2026-09-12", "name": "Krokom", "type": "aire", "vidange": true, "toilettes": true, "places_voiture": 27, "places_poids_lourd": 4, "tables": 8, "aire_de_jeu": false, "gestionnaire": "Trafikverket", "equipee": true}}, {"type": "Feature", "geometry": {"type": "Point", "coordinates": [20.20636, 67.87378]}, "properties": {"id": "trv-12750:193505-1000:122406-0.5457", "country": "se", "source": "TRV", "updated": "2026-09-12", "name": "Lansjärv", "type": "aire", "vidange": true, "toilettes": true, "places_voiture": 9, "places_poids_lourd": 5, "tables": 10, "aire_de_jeu": true, "gestionnaire": "Trafikverket", "equipee": true}}, {"type": "Feature", "geometry": {"type": "Point", "coordinates": [19.42268, 63.55765]}, "properties": {"id": "trv-12750:193509-1000:122882-0.6495", "country": "se", "source": "TRV", "updated": "2026-09-12", "name": "Lappeasuando", "type": "aire", "vidange": true, "toilettes": true, "places_voiture": 27, "places_poids_lourd": 3, "tables": 4, "aire_de_jeu": false, "gestionnaire": "Trafikverket", "equipee": true}}, {"type": "Feature", "geometry": {"type": "Point", "coordinates": [14.07408, 56.22317]}, "properties": {"id": "trv-16137:712336-1000:121718-0.9196", "country": "se", "source": "TRV", "updated": "2026-09-12", "name": "Ljusselforsen", "type": "aire", "vidange": true, "toilettes": true, "places_voiture": 9, "places_poids_lourd": 6, "tables": 9, "aire_de_jeu": false, "gestionnaire": "Trafikverket", "equipee": true}}, {"type": "Feature", "geometry": {"type": "Point", "coordinates": [13.75832, 55.45132]}, "properties": {"id": "trv-16179:37259-1000:115858-0.3038", "country": "se", "source": "TRV", "updated": "2026-09-12", "name": "Ljusvattnet", "type": "aire", "vidange": true, "toilettes": true, "places_voiture": 0, "places_poids_lourd": 3, "tables": 4, "aire_de_jeu": true, "gestionnaire": "Trafikverket", "equipee": true}}, {"type": "Feature", "geometry": {"type": "Point", "coordinates": [13.30912, 55.51173]}, "properties": {"id": "trv-16179:37263-11162:28286-0.1383", "country": "se", "source": "TRV", "updated": "2026-09-12", "name": "Lögdeå", "type": "aire", "vidange": true, "toilettes": true, "places_voiture": 15, "places_poids_lourd": 6, "tables": 5, "aire_de_jeu": false, "gestionnaire": "Trafikverket", "equipee": true}}, {"type": "Feature", "geometry": {"type": "Point", "coordinates": [13.73003, 55.90056]}, "properties": {"id": "trv-12745:101455-1000:15652-0.1920", "country": "se", "source": "TRV", "updated": "2026-09-12", "name": "Anilla", "type": "aire", "vidange": false, "toilettes": true, "places_voiture": 10, "places_poids_lourd": 1, "tables": 6, "aire_de_jeu": false, "gestionnaire": "Trafikverket", "equipee": true}}, {"type": "Feature", "geometry": {"type": "Point", "coordinates": [13.75894, 55.4518]}, "properties": {"id": "trv-16137:712548-10851:675-0.7720", "country": "se", "source": "TRV", "updated": "2026-09-12", "name": "Bjäresjö", "type": "aire", "vidange": false, "toilettes": true, "places_voiture": 14, "places_poids_lourd": 2, "tables": 7, "aire_de_jeu": false, "gestionnaire": "Trafikverket", "equipee": true}}, {"type": "Feature", "geometry": {"type": "Point", "coordinates": [13.16344, 56.12035]}, "properties": {"id": "trv-12745:101607-12747:16895-0.0559", "country": "se", "source": "TRV", "updated": "2026-09-12", "name": "Boasjön", "type": "aire", "vidange": false, "toilettes": true, "places_voiture": 5, "places_poids_lourd": 6, "tables": 7, "aire_de_jeu": false, "gestionnaire": "Trafikverket", "equipee": true}}, {"type": "Feature", "geometry": {"type": "Point", "coordinates": [13.16547, 56.12063]}, "properties": {"id": "trv-16137:712552-15977:2257-0.8480", "country": "se", "source": "TRV", "updated": "2026-09-12", "name": "Börringe", "type": "aire", "vidange": false, "toilettes": true, "places_voiture": 15, "places_poids_lourd": 3, "tables": 8, "aire_de_jeu": false, "gestionnaire": "Trafikverket", "equipee": true}}, {"type": "Feature", "geometry": {"type": "Point", "coordinates": [15.425, 56.19843]}, "properties": {"id": "trv-12745:101527-12723:151940-0.5212", "country": "se", "source": "TRV", "updated": "2026-09-12", "name": "Ekerödsrasten", "type": "aire", "vidange": false, "toilettes": true, "places_voiture": 19, "places_poids_lourd": 4, "tables": 9, "aire_de_jeu": true, "gestionnaire": "annan", "equipee": true}}, {"type": "Feature", "geometry": {"type": "Point", "coordinates": [12.81762, 55.9385]}, "properties": {"id": "trv-12745:101535-19340:549-0.6752", "country": "se", "source": "TRV", "updated": "2026-09-12", "name": "Förkärla V", "type": "aire", "vidange": true, "toilettes": true, "places_voiture": 9, "places_poids_lourd": 0, "tables": 2, "aire_de_jeu": false, "gestionnaire": "Trafikverket", "equipee": true}}, {"type": "Feature", "geometry": {"type": "Point", "coordinates": [12.81902, 55.94044]}, "properties": {"id": "trv-12745:101539-19340:547-0.4604@12.81902,55.94044", "country": "se", "source": "TRV", "updated": "2026-09-12", "occurrences": 2, "name": "Förkärla Ö", "type": "aire", "vidange": true, "toilettes": true, "places_voiture": 15, "places_poids_lourd": 3, "tables": 9, "aire_de_jeu": false, "gestionnaire": "Trafikverket", "equipee": true}}, {"type": "Feature", "geometry": {"type": "Point", "coordinates": [15.43386, 56.19722]}, "properties": {"id": "trv-12745:101539-19340:547-0.4604@15.43386,56.19722", "country": "se", "source": "TRV", "updated": "2026-09-12", "occurrences": 2, "name": "Förkärla Ö", "type": "aire", "vidange": true, "toilettes": true, "places_voiture": 15, "places_poids_lourd": 3, "tables": 9, "aire_de_jeu": false, "gestionnaire": "Trafikverket", "equipee": true}}, {"type": "Feature", "geometry": {"type": "Point", "coordinates": [13.3182, 55.77261]}, "properties": {"id": "trv-12745:101543-12864:1922-0.4240", "country": "se", "source": "TRV", "updated": "2026-09-12", "name": "Galtsjön N", "type": "aire", "vidange": true, "toilettes": true, "places_voiture": 9, "places_poids_lourd": 5, "tables": 7, "aire_de_jeu": false, "gestionnaire": "Trafikverket", "equipee": true}}, {"type": "Feature", "geometry": {"type": "Point", "coordinates": [12.93909, 56.39217]}, "properties": {"id": "trv-12745:101547-12864:1853-0.5603", "country": "se", "source": "TRV", "updated": "2026-09-12", "name": "Galtsjön S", "type": "aire", "vidange": true, "toilettes": true, "places_voiture": 49, "places_poids_lourd": 5, "tables": 15, "aire_de_jeu": false, "gestionnaire": "Trafikverket", "equipee": true}}, {"type": "Feature", "geometry": {"type": "Point", "coordinates": [13.38611, 55.93747]}, "properties": {"id": "trv-12750:193413-1000:10863-0.6453", "country": "se", "source": "TRV", "updated": "2026-09-12", "name": "Glumslöv V", "type": "aire", "vidange": false, "toilettes": true, "places_voiture": 10, "places_poids_lourd": 12, "tables": 10, "aire_de_jeu": false, "gestionnaire": "annan", "equipee": true}}, {"type": "Feature", "geometry": {"type": "Point", "coordinates": [15.23096, 56.78183]}, "properties": {"id": "trv-12750:193417-1000:10369-0.3778", "country": "se", "source": "TRV", "updated": "2026-09-12", "name": "Glumslöv Ö", "type": "aire", "vidange": false, "toilettes": true, "places_voiture": 17, "places_poids_lourd": 18, "tables": 6, "aire_de_jeu": false, "gestionnaire": "annan", "equipee": true}}, {"type": "Feature", "geometry": {"type": "Point", "coordinates": [14.98163, 56.97819]}, "properties": {"id": "trv-12745:101551-1000:5970-0.4456", "country": "se", "source": "TRV", "updated": "2026-09-12", "name": "Gårdstånga", "type": "aire", "vidange": false, "toilettes": true, "places_voiture": 43, "places_poids_lourd": 5, "tables": 12, "aire_de_jeu": false, "gestionnaire": "Trafikverket", "equipee": true}}, {"type": "Feature", "geometry": {"type": "Point", "coordinates": [13.97084, 56.91753]}, "properties": {"id": "trv-12750:193421-1000:19824-0.2274", "country": "se", "source": "TRV", "updated": "2026-09-12", "name": "Hallandsås", "type": "aire", "vidange": true, "toilettes": true, "places_voiture": 17, "places_poids_lourd": 0, "tables": 8, "aire_de_jeu": false, "gestionnaire": "Trafikverket", "equipee": true}}, {"type": "Feature", "geometry": {"type": "Point", "coordinates": [14.44101, 56.90468]}, "properties": {"id": "trv-12750:193541-1000:11486-0.8257", "country": "se", "source": "TRV", "updated": "2026-09-12", "name": "Hasslebro", "type": "aire", "vidange": false, "toilettes": true, "places_voiture": 8, "places_poids_lourd": 0, "tables": 6, "aire_de_jeu": false, "gestionnaire": "Trafikverket", "equipee": true}}, {"type": "Feature", "geometry": {"type": "Point", "coordinates": [13.10796, 56.20659]}, "properties": {"id": "trv-12745:101623-1000:23856-0.7561", "country": "se", "source": "TRV", "updated": "2026-09-12", "name": "Hyllsjön", "type": "aire", "vidange": true, "toilettes": true, "places_voiture": 8, "places_poids_lourd": 2, "tables": 10, "aire_de_jeu": false, "gestionnaire": "Trafikverket", "equipee": true}}, {"type": "Feature", "geometry": {"type": "Point", "coordinates": [13.7612, 56.61654]}, "properties": {"id": "trv-16179:37147-12745:62932-0.2213", "country": "se", "source": "TRV", "updated": "2026-09-12", "name": "Lagan", "type": "aire", "vidange": true, "toilettes": true, "places_voiture": 21, "places_poids_lourd": 10, "tables": 29, "aire_de_jeu": true, "gestionnaire": "Trafikverket", "equipee": true}}, {"type": "Feature", "geometry": {"type": "Point", "coordinates": [13.76235, 56.6151]}, "properties": {"id": "trv-12745:101619-12582:501871-0.0085", "country": "se", "source": "TRV", "updated": "2026-09-12", "name": "Moasjön", "type": "aire", "vidange": true, "toilettes": true, "places_voiture": 23, "places_poids_lourd": 4, "tables": 22, "aire_de_jeu": false, "gestionnaire": "Trafikverket", "equipee": true}}, {"type": "Feature", "geometry": {"type": "Point", "coordinates": [13.33877, 56.28375]}, "properties": {"id": "trv-12745:101459-1000:9321-0.0445", "country": "se", "source": "TRV", "updated": "2026-09-12", "name": "Piraten", "type": "aire", "vidange": true, "toilettes": true, "places_voiture": 21, "places_poids_lourd": 3, "tables": 7, "aire_de_jeu": false, "gestionnaire": "Trafikverket", "equipee": true}}, {"type": "Feature", "geometry": {"type": "Point", "coordinates": [14.56934, 56.06449]}, "properties": {"id": "trv-16179:37155-1000:22490-0.1898", "country": "se", "source": "TRV", "updated": "2026-09-12", "name": "Sjöboda N", "type": "aire", "vidange": true, "toilettes": true, "places_voiture": 12, "places_poids_lourd": 6, "tables": 12, "aire_de_jeu": false, "gestionnaire": "Trafikverket", "equipee": true}}, {"type": "Feature", "geometry": {"type": "Point", "coordinates": [14.33164, 55.57926]}, "properties": {"id": "trv-16179:37159-1000:21829-0.8478", "country": "se", "source": "TRV", "updated": "2026-09-12", "name": "Sjöboda S", "type": "aire", "vidange": true, "toilettes": true, "places_voiture": 7, "places_poids_lourd": 7, "tables": 10, "aire_de_jeu": false, "gestionnaire": "Trafikverket", "equipee": true}}, {"type": "Feature", "geometry": {"type": "Point", "coordinates": [21.18685, 64.32416]}, "properties": {"id": "trv-12745:101479-1000:1987-0.4680", "country": "se", "source": "TRV", "updated": "2026-09-12", "name": "Skånegården", "type": "aire", "vidange": false, "toilettes": true, "places_voiture": 98, "places_poids_lourd": 3, "tables": 6, "aire_de_jeu": true, "gestionnaire": "Trafikverket", "equipee": true}}, {"type": "Feature", "geometry": {"type": "Point", "coordinates": [16.78802, 64.43408]}, "properties": {"id": "trv-12745:101559-1000:16409-0.6878", "country": "se", "source": "TRV", "updated": "2026-09-12", "name": "Sölvesborg", "type": "aire", "vidange": true, "toilettes": true, "places_voiture": 24, "places_poids_lourd": 3, "tables": 13, "aire_de_jeu": false, "gestionnaire": "Trafikverket", "equipee": true}}, {"type": "Feature", "geometry": {"type": "Point", "coordinates": [19.01154, 63.3164]}, "properties": {"id": "trv-16137:712396-1000:9623-0.7542", "country": "se", "source": "TRV", "updated": "2026-09-12", "name": "Vårhallarna", "type": "aire", "vidange": false, "toilettes": true, "places_voiture": 12, "places_poids_lourd": 0, "tables": 0, "aire_de_jeu": false, "gestionnaire": "kommunen", "equipee": true}}, {"type": "Feature", "geometry": {"type": "Point", "coordinates": [19.01461, 63.31781]}, "properties": {"id": "trv-16179:37267-1000:114463-0.4839", "country": "se", "source": "TRV", "updated": "2026-09-12", "name": "Marsjön", "type": "aire", "vidange": true, "toilettes": true, "places_voiture": 6, "places_poids_lourd": 5, "tables": 6, "aire_de_jeu": false, "gestionnaire": "Trafikverket", "equipee": true}}, {"type": "Feature", "geometry": {"type": "Point", "coordinates": [19.76429, 66.55097]}, "properties": {"id": "trv-12750:193565-1000:109594-0.6740", "country": "se", "source": "TRV", "updated": "2026-09-12", "name": "Mattmar", "type": "aire", "vidange": false, "toilettes": true, "places_voiture": 16, "places_poids_lourd": 4, "tables": 7, "aire_de_jeu": true, "gestionnaire": "Trafikverket", "equipee": true}}, {"type": "Feature", "geometry": {"type": "Point", "coordinates": [16.33445, 66.54918]}, "properties": {"id": "trv-16137:712340-1000:114742-0.9289", "country": "se", "source": "TRV", "updated": "2026-09-12", "name": "Meselefors", "type": "aire", "vidange": true, "toilettes": true, "places_voiture": 15, "places_poids_lourd": 3, "tables": 8, "aire_de_jeu": false, "gestionnaire": "Trafikverket", "equipee": true}}, {"type": "Feature", "geometry": {"type": "Point", "coordinates": [19.80811, 66.9568]}, "properties": {"id": "trv-16179:37323-11154:43358-0.3331", "country": "se", "source": "TRV", "updated": "2026-09-12", "name": "Mosjön V", "type": "aire", "vidange": true, "toilettes": true, "places_voiture": 12, "places_poids_lourd": 5, "tables": 10, "aire_de_jeu": true, "gestionnaire": "Trafikverket", "equipee": true}}, {"type": "Feature", "geometry": {"type": "Point", "coordinates": [19.44195, 63.57254]}, "properties": {"id": "trv-16179:37327-11154:43362-0.6536", "country": "se", "source": "TRV", "updated": "2026-09-12", "name": "Mosjön Ö", "type": "aire", "vidange": true, "toilettes": true, "places_voiture": 16, "places_poids_lourd": 4, "tables": 2, "aire_de_jeu": true, "gestionnaire": "Trafikverket", "equipee": true}}, {"type": "Feature", "geometry": {"type": "Point", "coordinates": [17.01664, 65.49891]}, "properties": {"id": "trv-16137:712344-1000:122221-0.8089", "country": "se", "source": "TRV", "updated": "2026-09-12", "name": "Polcirkeln Jokkmokk", "type": "aire", "vidange": true, "toilettes": true, "places_voiture": 10, "places_poids_lourd": 4, "tables": 10, "aire_de_jeu": false, "gestionnaire": "Trafikverket", "equipee": true}}, {"type": "Feature", "geometry": {"type": "Point", "coordinates": [18.35655, 63.07138]}, "properties": {"id": "trv-16137:712616-1000:122210-0.9824", "country": "se", "source": "TRV", "updated": "2026-09-12", "name": "Polcirkeln Silvervägen", "type": "aire", "vidange": true, "toilettes": true, "places_voiture": 17, "places_poids_lourd": 2, "tables": 5, "aire_de_jeu": false, "gestionnaire": "Trafikverket", "equipee": true}}, {"type": "Feature", "geometry": {"type": "Point", "coordinates": [17.34025, 62.46009]}, "properties": {"id": "trv-16137:712348-1000:122693-0.0553", "country": "se", "source": "TRV", "updated": "2026-09-12", "name": "Porjus", "type": "aire", "vidange": true, "toilettes": true, "places_voiture": 12, "places_poids_lourd": 6, "tables": 2, "aire_de_jeu": false, "gestionnaire": "Trafikverket", "equipee": true}}, {"type": "Feature", "geometry": {"type": "Point", "coordinates": [17.25857, 63.17626]}, "properties": {"id": "trv-16179:37275-12845:8165-0.0186", "country": "se", "source": "TRV", "updated": "2026-09-12", "name": "Rödviken", "type": "aire", "vidange": true, "toilettes": true, "places_voiture": 15, "places_poids_lourd": 0, "tables": 6, "aire_de_jeu": false, "gestionnaire": "Trafikverket", "equipee": true}}, {"type": "Feature", "geometry": {"type": "Point", "coordinates": [17.54178, 65.53459]}, "properties": {"id": "trv-16137:712776-1000:119616-0.4375", "country": "se", "source": "TRV", "updated": "2026-09-12", "name": "Sejaur", "type": "aire", "vidange": false, "toilettes": true, "places_voiture": 8, "places_poids_lourd": 11, "tables": 4, "aire_de_jeu": false, "gestionnaire": "Trafikverket", "equipee": true}}, {"type": "Feature", "geometry": {"type": "Point", "coordinates": [20.89931, 67.10526]}, "properties": {"id": "trv-16179:37287-13650:1416-0.9766", "country": "se", "source": "TRV", "updated": "2026-09-12", "name": "Skuleberget", "type": "aire", "vidange": true, "toilettes": true, "places_voiture": 15, "places_poids_lourd": 6, "tables": 4, "aire_de_jeu": false, "gestionnaire": "Trafikverket", "equipee": true}}, {"type": "Feature", "geometry": {"type": "Point", "coordinates": [12.08134, 63.318]}, "properties": {"id": "trv-16179:37295-1000:106644-0.6819", "country": "se", "source": "TRV", "updated": "2026-09-12", "name": "Skönviksberget V", "type": "aire", "vidange": true, "toilettes": true, "places_voiture": 24, "places_poids_lourd": 11, "tables": 5, "aire_de_jeu": false, "gestionnaire": "Trafikverket", "equipee": true}}, {"type": "Feature", "geometry": {"type": "Point", "coordinates": [15.54075, 63.84938]}, "properties": {"id": "trv-16137:712608-13652:307-0.7085", "country": "se", "source": "TRV", "updated": "2026-09-12", "name": "Sollefteå", "type": "aire", "vidange": true, "toilettes": true, "places_voiture": 16, "places_poids_lourd": 6, "tables": 3, "aire_de_jeu": true, "gestionnaire": "Trafikverket", "equipee": true}}, {"type": "Feature", "geometry": {"type": "Point", "coordinates": [21.40569, 67.66924]}, "properties": {"id": "trv-16137:712360-1000:119641-0.9952", "country": "se", "source": "TRV", "updated": "2026-09-12", "name": "Sorsele", "type": "aire", "vidange": false, "toilettes": true, "places_voiture": 7, "places_poids_lourd": 11, "tables": 6, "aire_de_jeu": true, "gestionnaire": "Trafikverket", "equipee": true}}, {"type": "Feature", "geometry": {"type": "Point", "coordinates": [14.41584, 62.73373]}, "properties": {"id": "trv-12750:193513-1000:122713-0.0062", "country": "se", "source": "TRV", "updated": "2026-09-12", "name": "Stenbron", "type": "aire", "vidange": true, "toilettes": true, "places_voiture": 7, "places_poids_lourd": 3, "tables": 7, "aire_de_jeu": true, "gestionnaire": "Trafikverket", "equipee": true}}, {"type": "Feature", "geometry": {"type": "Point", "coordinates": [20.53106, 63.89191]}, "properties": {"id": "trv-12750:193569-1000:109270-0.3945", "country": "se", "source": "TRV", "updated": "2026-09-12", "name": "Storlien", "type": "aire", "vidange": true, "toilettes": true, "places_voiture": 25, "places_poids_lourd": 8, "tables": 8, "aire_de_jeu": true, "gestionnaire": "Trafikverket", "equipee": true}}, {"type": "Feature", "geometry": {"type": "Point", "coordinates": [19.64821, 64.05911]}, "properties": {"id": "trv-16137:712364-1000:113087-0.1716", "country": "se", "source": "TRV", "updated": "2026-09-12", "name": "Strömsund", "type": "aire", "vidange": true, "toilettes": true, "places_voiture": 15, "places_poids_lourd": 3, "tables": 7, "aire_de_jeu": true, "gestionnaire": "Trafikverket", "equipee": true}}, {"type": "Feature", "geometry": {"type": "Point", "coordinates": [20.97424, 64.7318]}, "properties": {"id": "trv-16137:712368-1000:123119-0.6532", "country": "se", "source": "TRV", "updated": "2026-09-12", "name": "Suptallen", "type": "aire", "vidange": true, "toilettes": true, "places_voiture": 9, "places_poids_lourd": 4, "tables": 4, "aire_de_jeu": true, "gestionnaire": "Trafikverket", "equipee": true}}, {"type": "Feature", "geometry": {"type": "Point", "coordinates": [20.4508, 63.87107]}, "properties": {"id": "trv-16137:712384-11091:34445-0.5719", "country": "se", "source": "TRV", "updated": "2026-09-12", "name": "Svenstavik", "type": "aire", "vidange": false, "toilettes": true, "places_voiture": 12, "places_poids_lourd": 4, "tables": 4, "aire_de_jeu": true, "gestionnaire": "Trafikverket", "equipee": true}}, {"type": "Feature", "geometry": {"type": "Point", "coordinates": [16.79618, 64.79233]}, "properties": {"id": "trv-16179:37299-10747:1958-0.8839", "country": "se", "source": "TRV", "updated": "2026-09-12", "name": "Sävar", "type": "aire", "vidange": true, "toilettes": true, "places_voiture": 7, "places_poids_lourd": 2, "tables": 5, "aire_de_jeu": false, "gestionnaire": "Trafikverket", "equipee": true}}, {"type": "Feature", "geometry": {"type": "Point", "coordinates": [14.94278, 62.17362]}, "properties": {"id": "trv-12750:193537-1000:115159-0.7358", "country": "se", "source": "TRV", "updated": "2026-09-12", "name": "Tallbacken", "type": "aire", "vidange": true, "toilettes": true, "places_voiture": 7, "places_poids_lourd": 1, "tables": 16, "aire_de_jeu": true, "gestionnaire": "Trafikverket", "equipee": true}}, {"type": "Feature", "geometry": {"type": "Point", "coordinates": [20.03736, 63.70034]}, "properties": {"id": "trv-16179:37351-1000:115716-0.8714", "country": "se", "source": "TRV", "updated": "2026-09-12", "name": "Tjärn", "type": "aire", "vidange": true, "toilettes": true, "places_voiture": 19, "places_poids_lourd": 7, "tables": 5, "aire_de_jeu": true, "gestionnaire": "Trafikverket", "equipee": true}}, {"type": "Feature", "geometry": {"type": "Point", "coordinates": [20.03671, 63.70057]}, "properties": {"id": "trv-16179:37311-10747:1964-0.5034", "country": "se", "source": "TRV", "updated": "2026-09-12", "name": "Täfteböle", "type": "aire", "vidange": true, "toilettes": true, "places_voiture": 19, "places_poids_lourd": 4, "tables": 4, "aire_de_jeu": true, "gestionnaire": "Trafikverket", "equipee": true}}, {"type": "Feature", "geometry": {"type": "Point", "coordinates": [13.16191, 63.37327]}, "properties": {"id": "trv-16137:712376-1000:116314-0.7771", "country": "se", "source": "TRV", "updated": "2026-09-12", "name": "Vojmån", "type": "aire", "vidange": true, "toilettes": true, "places_voiture": 17, "places_poids_lourd": 3, "tables": 7, "aire_de_jeu": true, "gestionnaire": "Trafikverket", "equipee": true}}, {"type": "Feature", "geometry": {"type": "Point", "coordinates": [17.34482, 62.45751]}, "properties": {"id": "trv-16179:37355-10446:6-0.6584", "country": "se", "source": "TRV", "updated": "2026-09-12", "name": "Åhedån N", "type": "aire", "vidange": true, "toilettes": true, "places_voiture": 3, "places_poids_lourd": 1, "tables": 3, "aire_de_jeu": false, "gestionnaire": "Trafikverket", "equipee": true}}, {"type": "Feature", "geometry": {"type": "Point", "coordinates": [22.65609, 65.90755]}, "properties": {"id": "trv-16179:37359-10446:11-0.3415", "country": "se", "source": "TRV", "updated": "2026-09-12", "name": "Åhedån S", "type": "aire", "vidange": true, "toilettes": true, "places_voiture": 3, "places_poids_lourd": 1, "tables": 3, "aire_de_jeu": false, "gestionnaire": "Trafikverket", "equipee": true}}, {"type": "Feature", "geometry": {"type": "Point", "coordinates": [13.16144, 63.37317]}, "properties": {"id": "trv-12750:193573-1000:109352-0.5549", "country": "se", "source": "TRV", "updated": "2026-09-12", "name": "Åre-Björnänge", "type": "aire", "vidange": true, "toilettes": true, "places_voiture": 10, "places_poids_lourd": 3, "tables": 8, "aire_de_jeu": false, "gestionnaire": "Trafikverket", "equipee": true}}, {"type": "Feature", "geometry": {"type": "Point", "coordinates": [12.85564, 56.19501]}, "properties": {"id": "trv-16179:37195-11155:36882-0.8484", "country": "se", "source": "TRV", "updated": "2026-09-12", "name": "Åte", "type": "aire", "vidange": false, "toilettes": true, "places_voiture": 17, "places_poids_lourd": 0, "tables": 6, "aire_de_jeu": false, "gestionnaire": "Trafikverket", "equipee": true}}, {"type": "Feature", "geometry": {"type": "Point", "coordinates": [15.15877, 58.33885]}, "properties": {"id": "trv-16179:37291-1000:106398-0.2548", "country": "se", "source": "TRV", "updated": "2026-09-12", "name": "Skönviksberget Ö", "type": "aire", "vidange": true, "toilettes": true, "places_voiture": 24, "places_poids_lourd": 11, "tables": 4, "aire_de_jeu": false, "gestionnaire": "Trafikverket", "equipee": true}}, {"type": "Feature", "geometry": {"type": "Point", "coordinates": [16.40628, 56.32046]}, "properties": {"id": "trv-16179:37319-12843:14820-0.9552", "country": "se", "source": "TRV", "updated": "2026-09-12", "name": "Törefjärden", "type": "aire", "vidange": true, "toilettes": true, "places_voiture": 17, "places_poids_lourd": 7, "tables": 10, "aire_de_jeu": false, "gestionnaire": "Trafikverket", "equipee": true}}, {"type": "Feature", "geometry": {"type": "Point", "coordinates": [15.14515, 57.23675]}, "properties": {"id": "trv-12750:193405-1000:12041-0.2788", "country": "se", "source": "TRV", "updated": "2026-09-12", "name": "Erikslund", "type": "aire", "vidange": false, "toilettes": true, "places_voiture": 45, "places_poids_lourd": 5, "tables": 11, "aire_de_jeu": false, "gestionnaire": "Trafikverket", "equipee": true}}, {"type": "Feature", "geometry": {"type": "Point", "coordinates": [16.03386, 56.32213]}, "properties": {"id": "trv-16179:37107-1000:59499-0.9074", "country": "se", "source": "TRV", "updated": "2026-09-12", "name": "Albacken", "type": "aire", "vidange": true, "toilettes": true, "places_voiture": 20, "places_poids_lourd": 0, "tables": 11, "aire_de_jeu": true, "gestionnaire": "Trafikverket", "equipee": true}}, {"type": "Feature", "geometry": {"type": "Point", "coordinates": [15.06356, 58.20069]}, "properties": {"id": "trv-16137:712672-1000:19500-0.5913", "country": "se", "source": "TRV", "updated": "2026-09-12", "name": "Albrunna", "type": "aire", "vidange": false, "toilettes": true, "places_voiture": 8, "places_poids_lourd": 0, "tables": 6, "aire_de_jeu": false, "gestionnaire": "Trafikverket", "equipee": true}}, {"type": "Feature", "geometry": {"type": "Point", "coordinates": [14.68879, 57.39371]}, "properties": {"id": "trv-12745:101519-16671:45736-0.8083", "country": "se", "source": "TRV", "updated": "2026-09-12", "name": "Botorpström", "type": "aire", "vidange": true, "toilettes": true, "places_voiture": 33, "places_poids_lourd": 6, "tables": 8, "aire_de_jeu": false, "gestionnaire": "Trafikverket", "equipee": true}}, {"type": "Feature", "geometry": {"type": "Point", "coordinates": [16.48025, 57.12731]}, "properties": {"id": "trv-12745:101523-1000:19465-0.0137", "country": "se", "source": "TRV", "updated": "2026-09-12", "name": "Bröms", "type": "aire", "vidange": true, "toilettes": true, "places_voiture": 30, "places_poids_lourd": 2, "tables": 12, "aire_de_jeu": true, "gestionnaire": "Trafikverket", "equipee": true}}, {"type": "Feature", "geometry": {"type": "Point", "coordinates": [16.48238, 57.12809]}, "properties": {"id": "trv-16137:712400-1000:59559-0.6809", "country": "se", "source": "TRV", "updated": "2026-09-12", "name": "Dalstorp", "type": "aire", "vidange": false, "toilettes": false, "places_voiture": 18, "places_poids_lourd": 2, "tables": 11, "aire_de_jeu": true, "gestionnaire": "kommunen", "equipee": false}}, {"type": "Feature", "geometry": {"type": "Point", "coordinates": [16.49015, 57.37412]}, "properties": {"id": "trv-16137:712768-1000:25601-0.0550", "country": "se", "source": "TRV", "updated": "2026-09-12", "name": "Eksgården", "type": "aire", "vidange": false, "toilettes": true, "places_voiture": 15, "places_poids_lourd": 0, "tables": 3, "aire_de_jeu": false, "gestionnaire": "Trafikverket", "equipee": true}}, {"type": "Feature", "geometry": {"type": "Point", "coordinates": [16.01354, 57.25883]}, "properties": {"id": "trv-16137:712636-1000:37054-0.1582", "country": "se", "source": "TRV", "updated": "2026-09-12", "name": "Eksjö hovgård", "type": "aire", "vidange": false, "toilettes": true, "places_voiture": 25, "places_poids_lourd": 0, "tables": 3, "aire_de_jeu": false, "gestionnaire": "okänd", "equipee": true}}, {"type": "Feature", "geometry": {"type": "Point", "coordinates": [16.53741, 56.72526]}, "properties": {"id": "trv-12745:101575-12864:94-0.9744", "country": "se", "source": "TRV", "updated": "2026-09-12", "name": "Emån V", "type": "aire", "vidange": true, "toilettes": true, "places_voiture": 18, "places_poids_lourd": 3, "tables": 12, "aire_de_jeu": true, "gestionnaire": "Trafikverket", "equipee": true}}, {"type": "Feature", "geometry": {"type": "Point", "coordinates": [16.08008, 56.70833]}, "properties": {"id": "trv-12745:101579-12864:92-0.0239", "country": "se", "source": "TRV", "updated": "2026-09-12", "name": "Emån Ö", "type": "aire", "vidange": true, "toilettes": true, "places_voiture": 19, "places_poids_lourd": 4, "tables": 13, "aire_de_jeu": true, "gestionnaire": "Trafikverket", "equipee": true}}, {"type": "Feature", "geometry": {"type": "Point", "coordinates": [14.32961, 57.93618]}, "properties": {"id": "trv-16137:712680-1000:24537-0.6509", "country": "se", "source": "TRV", "updated": "2026-09-12", "name": "Eriksöre", "type": "aire", "vidange": false, "toilettes": true, "places_voiture": 13, "places_poids_lourd": 0, "tables": 7, "aire_de_jeu": false, "gestionnaire": "Trafikverket", "equipee": true}}, {"type": "Feature", "geometry": {"type": "Point", "coordinates": [15.68002, 58.16226]}, "properties": {"id": "trv-16137:712408-19311:1413-0.0882", "country": "se", "source": "TRV", "updated": "2026-09-12", "name": "Försjön", "type": "aire", "vidange": true, "toilettes": true, "places_voiture": 10, "places_poids_lourd": 4, "tables": 4, "aire_de_jeu": false, "gestionnaire": "Trafikverket", "equipee": true}}, {"type": "Feature", "geometry": {"type": "Point", "coordinates": [16.58582, 56.79449]}, "properties": {"id": "trv-16137:712648-1000:25034-0.5234", "country": "se", "source": "TRV", "updated": "2026-09-12", "name": "Glömminge", "type": "aire", "vidange": true, "toilettes": true, "places_voiture": 16, "places_poids_lourd": 0, "tables": 8, "aire_de_jeu": false, "gestionnaire": "Trafikverket", "equipee": true}}, {"type": "Feature", "geometry": {"type": "Point", "coordinates": [15.87256, 58.48231]}, "properties": {"id": "trv-12745:101615-12879:1448-0.5004", "country": "se", "source": "TRV", "updated": "2026-09-12", "name": "Gräsmo", "type": "aire", "vidange": false, "toilettes": true, "places_voiture": 7, "places_poids_lourd": 1, "tables": 6, "aire_de_jeu": false, "gestionnaire": "Trafikverket", "equipee": true}}, {"type": "Feature", "geometry": {"type": "Point", "coordinates": [15.87301, 58.47979]}, "properties": {"id": "trv-16179:37115-1000:49135-0.8938", "country": "se", "source": "TRV", "updated": "2026-09-12", "name": "Gunneryd", "type": "aire", "vidange": false, "toilettes": true, "places_voiture": 15, "places_poids_lourd": 10, "tables": 10, "aire_de_jeu": false, "gestionnaire": "Trafikverket", "equipee": true}}, {"type": "Feature", "geometry": {"type": "Point", "coordinates": [14.07988, 57.25144]}, "properties": {"id": "trv-16137:712652-1000:25022-0.5030", "country": "se", "source": "TRV", "updated": "2026-09-12", "name": "Halltorp", "type": "aire", "vidange": true, "toilettes": true, "places_voiture": 23, "places_poids_lourd": 0, "tables": 8, "aire_de_jeu": false, "gestionnaire": "okänd", "equipee": true}}, {"type": "Feature", "geometry": {"type": "Point", "coordinates": [14.08455, 57.25443]}, "properties": {"id": "trv-16179:37123-1000:62606-0.4061", "country": "se", "source": "TRV", "updated": "2026-09-12", "name": "Herrbeta N", "type": "aire", "vidange": false, "toilettes": false, "places_voiture": 22, "places_poids_lourd": 0, "tables": 12, "aire_de_jeu": false, "gestionnaire": "Trafikverket", "equipee": false}}, {"type": "Feature", "geometry": {"type": "Point", "coordinates": [16.52362, 56.70162]}, "properties": {"id": "trv-16179:37127-1000:62594-0.4493", "country": "se", "source": "TRV", "updated": "2026-09-12", "name": "Herrbeta S", "type": "aire", "vidange": false, "toilettes": false, "places_voiture": 13, "places_poids_lourd": 0, "tables": 15, "aire_de_jeu": true, "gestionnaire": "Trafikverket", "equipee": false}}, {"type": "Feature", "geometry": {"type": "Point", "coordinates": [13.62421, 57.43534]}, "properties": {"id": "trv-16179:37191-1000:37422-0.3534", "country": "se", "source": "TRV", "updated": "2026-09-12", "name": "Hyltena", "type": "aire", "vidange": false, "toilettes": false, "places_voiture": 12, "places_poids_lourd": 0, "tables": 8, "aire_de_jeu": false, "gestionnaire": "okänd", "equipee": false}}, {"type": "Feature", "geometry": {"type": "Point", "coordinates": [16.08019, 58.56902]}, "properties": {"id": "trv-16137:712404-11156:454210-0.1512", "country": "se", "source": "TRV", "updated": "2026-09-12", "name": "Höganloft", "type": "aire", "vidange": true, "toilettes": true, "places_voiture": 25, "places_poids_lourd": 0, "tables": 7, "aire_de_jeu": false, "gestionnaire": "Trafikverket", "equipee": true}}, {"type": "Feature", "geometry": {"type": "Point", "coordinates": [16.60684, 56.54405]}, "properties": {"id": "trv-16179:37131-1000:36050-0.6512", "country": "se", "source": "TRV", "updated": "2026-09-12", "name": "Hörle V", "type": "aire", "vidange": true, "toilettes": true, "places_voiture": 20, "places_poids_lourd": 8, "tables": 15, "aire_de_jeu": true, "gestionnaire": "Trafikverket", "equipee": true}}, {"type": "Feature", "geometry": {"type": "Point", "coordinates": [16.54351, 58.16038]}, "properties": {"id": "trv-16179:37135-1000:28987-0.3833", "country": "se", "source": "TRV", "updated": "2026-09-12", "name": "Hörle Ö", "type": "aire", "vidange": true, "toilettes": true, "places_voiture": 20, "places_poids_lourd": 5, "tables": 15, "aire_de_jeu": false, "gestionnaire": "Trafikverket", "equipee": true}}, {"type": "Feature", "geometry": {"type": "Point", "coordinates": [16.71091, 56.72012]}, "properties": {"id": "trv-16137:712644-1000:25447-0.5417", "country": "se", "source": "TRV", "updated": "2026-09-12", "name": "Idehult", "type": "aire", "vidange": true, "toilettes": true, "places_voiture": 13, "places_poids_lourd": 1, "tables": 10, "aire_de_jeu": false, "gestionnaire": "okänd", "equipee": true}}, {"type": "Feature", "geometry": {"type": "Point", "coordinates": [16.94563, 57.10783]}, "properties": {"id": "trv-16137:712208-1000:35721-0.4749", "country": "se", "source": "TRV", "updated": "2026-09-12", "name": "Isaberg", "type": "aire", "vidange": false, "toilettes": true, "places_voiture": 26, "places_poids_lourd": 0, "tables": 18, "aire_de_jeu": true, "gestionnaire": "Trafikverket", "equipee": true}}, {"type": "Feature", "geometry": {"type": "Point", "coordinates": [16.29584, 57.69742]}, "properties": {"id": "trv-16179:37139-1000:62467-0.0106", "country": "se", "source": "TRV", "updated": "2026-09-12", "name": "Klinga", "type": "aire", "vidange": false, "toilettes": false, "places_voiture": 32, "places_poids_lourd": 0, "tables": 18, "aire_de_jeu": true, "gestionnaire": "Trafikverket", "equipee": false}}, {"type": "Feature", "geometry": {"type": "Point", "coordinates": [14.67131, 57.68057]}, "properties": {"id": "trv-16137:712772-1000:24556-0.3459", "country": "se", "source": "TRV", "updated": "2026-09-12", "name": "Kvinneby", "type": "aire", "vidange": false, "toilettes": true, "places_voiture": 12, "places_poids_lourd": 0, "tables": 3, "aire_de_jeu": false, "gestionnaire": "Trafikverket", "equipee": true}}, {"type": "Feature", "geometry": {"type": "Point", "coordinates": [15.37942, 57.86727]}, "properties": {"id": "trv-12745:101555-10815:521-0.4510", "country": "se", "source": "TRV", "updated": "2026-09-12", "name": "Kårtorp", "type": "aire", "vidange": false, "toilettes": false, "places_voiture": 31, "places_poids_lourd": 0, "tables": 11, "aire_de_jeu": true, "gestionnaire": "Trafikverket", "equipee": false}}, {"type": "Feature", "geometry": {"type": "Point", "coordinates": [15.70402, 56.84582]}, "properties": {"id": "trv-16137:712764-1000:25577-0.5205", "country": "se", "source": "TRV", "updated": "2026-09-12", "name": "Lerkaka", "type": "aire", "vidange": false, "toilettes": true, "places_voiture": 14, "places_poids_lourd": 0, "tables": 5, "aire_de_jeu": false, "gestionnaire": "Trafikverket", "equipee": true}}, {"type": "Feature", "geometry": {"type": "Point", "coordinates": [16.44509, 56.53617]}, "properties": {"id": "trv-16137:712668-1000:31878-0.7691", "country": "se", "source": "TRV", "updated": "2026-09-12", "name": "Långerum", "type": "aire", "vidange": false, "toilettes": true, "places_voiture": 10, "places_poids_lourd": 1, "tables": 5, "aire_de_jeu": false, "gestionnaire": "Trafikverket", "equipee": true}}, {"type": "Feature", "geometry": {"type": "Point", "coordinates": [15.82786, 57.36061]}, "properties": {"id": "trv-16137:712240-10908:11-0.8864", "country": "se", "source": "TRV", "updated": "2026-09-12", "name": "Nässjöbyn", "type": "aire", "vidange": true, "toilettes": true, "places_voiture": 17, "places_poids_lourd": 0, "tables": 11, "aire_de_jeu": false, "gestionnaire": "Trafikverket", "equipee": true}}, {"type": "Feature", "geometry": {"type": "Point", "coordinates": [15.66875, 57.93399]}, "properties": {"id": "trv-16137:712640-1000:49575-0.9510", "country": "se", "source": "TRV", "updated": "2026-09-12", "name": "Nästången", "type": "aire", "vidange": false, "toilettes": true, "places_voiture": 25, "places_poids_lourd": 0, "tables": 5, "aire_de_jeu": false, "gestionnaire": "Trafikverket", "equipee": true}}, {"type": "Feature", "geometry": {"type": "Point", "coordinates": [15.20909, 58.35378]}, "properties": {"id": "trv-16137:712256-1000:30912-0.9722", "country": "se", "source": "TRV", "updated": "2026-09-12", "name": "Orranäsasjön", "type": "aire", "vidange": true, "toilettes": true, "places_voiture": 9, "places_poids_lourd": 1, "tables": 8, "aire_de_jeu": false, "gestionnaire": "Trafikverket", "equipee": true}}, {"type": "Feature", "geometry": {"type": "Point", "coordinates": [16.48336, 57.97888]}, "properties": {"id": "trv-16137:712676-1000:24567-0.9072", "country": "se", "source": "TRV", "updated": "2026-09-12", "name": "Resmo", "type": "aire", "vidange": true, "toilettes": true, "places_voiture": 10, "places_poids_lourd": 0, "tables": 9, "aire_de_jeu": true, "gestionnaire": "Trafikverket", "equipee": true}}, {"type": "Feature", "geometry": {"type": "Point", "coordinates": [14.06819, 57.16435]}, "properties": {"id": "trv-16137:712204-11158:517779-0.6783", "country": "se", "source": "TRV", "updated": "2026-09-12", "name": "Risbro", "type": "aire", "vidange": true, "toilettes": true, "places_voiture": 20, "places_poids_lourd": 7, "tables": 18, "aire_de_jeu": false, "gestionnaire": "Trafikverket", "equipee": true}}, {"type": "Feature", "geometry": {"type": "Point", "coordinates": [16.76146, 56.92491]}, "properties": {"id": "trv-16137:712412-16666:35772-0.3045", "country": "se", "source": "TRV", "updated": "2026-09-12", "name": "Rosenfors", "type": "aire", "vidange": false, "toilettes": true, "places_voiture": 13, "places_poids_lourd": 2, "tables": 6, "aire_de_jeu": false, "gestionnaire": "Trafikverket", "equipee": true}}, {"type": "Feature", "geometry": {"type": "Point", "coordinates": [16.76373, 56.92619]}, "properties": {"id": "trv-12745:101583-1000:49704-0.4483", "country": "se", "source": "TRV", "updated": "2026-09-12", "name": "Rothult", "type": "aire", "vidange": true, "toilettes": true, "places_voiture": 28, "places_poids_lourd": 3, "tables": 3, "aire_de_jeu": false, "gestionnaire": "Trafikverket", "equipee": true}}, {"type": "Feature", "geometry": {"type": "Point", "coordinates": [15.05258, 57.44967]}, "properties": {"id": "trv-16179:37167-1000:59027-0.7585", "country": "se", "source": "TRV", "updated": "2026-09-12", "name": "Svartån", "type": "aire", "vidange": true, "toilettes": true, "places_voiture": 46, "places_poids_lourd": 5, "tables": 24, "aire_de_jeu": true, "gestionnaire": "Trafikverket", "equipee": true}}, {"type": "Feature", "geometry": {"type": "Point", "coordinates": [14.56936, 58.14787]}, "properties": {"id": "trv-12745:101563-16666:27897-0.2100", "country": "se", "source": "TRV", "updated": "2026-09-12", "name": "Tindered", "type": "aire", "vidange": false, "toilettes": true, "places_voiture": 15, "places_poids_lourd": 0, "tables": 10, "aire_de_jeu": false, "gestionnaire": "annan", "equipee": true}}, {"type": "Feature", "geometry": {"type": "Point", "coordinates": [14.26597, 57.85318]}, "properties": {"id": "trv-16179:37171-1000:28921-0.6331", "country": "se", "source": "TRV", "updated": "2026-09-12", "name": "Vandalorum", "type": "aire", "vidange": true, "toilettes": true, "places_voiture": 26, "places_poids_lourd": 5, "tables": 17, "aire_de_jeu": false, "gestionnaire": "Trafikverket", "equipee": true}}, {"type": "Feature", "geometry": {"type": "Point", "coordinates": [14.26691, 57.85276]}, "properties": {"id": "trv-16137:712664-1000:31756-0.7374", "country": "se", "source": "TRV", "updated": "2026-09-12", "name": "Vannborga V", "type": "aire", "vidange": false, "toilettes": true, "places_voiture": 11, "places_poids_lourd": 1, "tables": 6, "aire_de_jeu": false, "gestionnaire": "Trafikverket", "equipee": true}}, {"type": "Feature", "geometry": {"type": "Point", "coordinates": [16.11341, 56.58027]}, "properties": {"id": "trv-16137:712660-1000:31756-0.7624", "country": "se", "source": "TRV", "updated": "2026-09-12", "name": "Vannborga Ö", "type": "aire", "vidange": false, "toilettes": true, "places_voiture": 11, "places_poids_lourd": 1, "tables": 6, "aire_de_jeu": false, "gestionnaire": "Trafikverket", "equipee": true}}, {"type": "Feature", "geometry": {"type": "Point", "coordinates": [16.1149, 56.58001]}, "properties": {"id": "trv-16137:712244-1000:38063-0.1744", "country": "se", "source": "TRV", "updated": "2026-09-12", "name": "Vetlanda", "type": "aire", "vidange": false, "toilettes": true, "places_voiture": 9, "places_poids_lourd": 2, "tables": 8, "aire_de_jeu": false, "gestionnaire": "okänd", "equipee": true}}, {"type": "Feature", "geometry": {"type": "Point", "coordinates": [15.83572, 57.65099]}, "properties": {"id": "trv-16179:37175-1000:58539-0.9955", "country": "se", "source": "TRV", "updated": "2026-09-12", "name": "Vida Vättern", "type": "aire", "vidange": true, "toilettes": true, "places_voiture": 16, "places_poids_lourd": 0, "tables": 6, "aire_de_jeu": true, "gestionnaire": "Trafikverket", "equipee": true}}, {"type": "Feature", "geometry": {"type": "Point", "coordinates": [12.01493, 57.79459]}, "properties": {"id": "trv-12745:101567-1000:24490-0.5745", "country": "se", "source": "TRV", "updated": "2026-09-12", "name": "Väntorp V", "type": "aire", "vidange": true, "toilettes": true, "places_voiture": 10, "places_poids_lourd": 2, "tables": 7, "aire_de_jeu": false, "gestionnaire": "Trafikverket", "equipee": true}}, {"type": "Feature", "geometry": {"type": "Point", "coordinates": [13.31165, 58.35131]}, "properties": {"id": "trv-12745:101571-1000:24475-0.4960", "country": "se", "source": "TRV", "updated": "2026-09-12", "name": "Väntorp Ö", "type": "aire", "vidange": true, "toilettes": true, "places_voiture": 10, "places_poids_lourd": 3, "tables": 9, "aire_de_jeu": false, "gestionnaire": "Trafikverket", "equipee": true}}, {"type": "Feature", "geometry": {"type": "Point", "coordinates": [13.06245, 57.74426]}, "properties": {"id": "trv-16137:712292-1000:38574-0.9808", "country": "se", "source": "TRV", "updated": "2026-09-12", "name": "Åkebo", "type": "aire", "vidange": true, "toilettes": true, "places_voiture": 20, "places_poids_lourd": 3, "tables": 7, "aire_de_jeu": true, "gestionnaire": "Trafikverket", "equipee": true}}, {"type": "Feature", "geometry": {"type": "Point", "coordinates": [12.26928, 58.36752]}, "properties": {"id": "trv-16179:37143-1000:36779-0.6874", "country": "se", "source": "TRV", "updated": "2026-09-12", "name": "Krängsberg N", "type": "aire", "vidange": true, "toilettes": true, "places_voiture": 13, "places_poids_lourd": 8, "tables": 6, "aire_de_jeu": false, "gestionnaire": "Trafikverket", "equipee": true}}, {"type": "Feature", "geometry": {"type": "Point", "coordinates": [12.02712, 57.67674]}, "properties": {"id": "trv-16137:712296-1000:42878-0.8194", "country": "se", "source": "TRV", "updated": "2026-09-12", "name": "Agnesberg", "type": "aire", "vidange": true, "toilettes": true, "places_voiture": 20, "places_poids_lourd": 3, "tables": 4, "aire_de_jeu": false, "gestionnaire": "Trafikverket", "equipee": true}}, {"type": "Feature", "geometry": {"type": "Point", "coordinates": [11.23125, 59.00253]}, "properties": {"id": "trv-12745:101463-13226:58286-0.4634", "country": "se", "source": "TRV", "updated": "2026-09-12", "name": "Blombacka", "type": "aire", "vidange": true, "toilettes": true, "places_voiture": 51, "places_poids_lourd": 3, "tables": 16, "aire_de_jeu": false, "gestionnaire": "Trafikverket", "equipee": true}}, {"type": "Feature", "geometry": {"type": "Point", "coordinates": [12.44979, 59.05796]}, "properties": {"id": "trv-16137:712264-13985:2458-0.4916", "country": "se", "source": "TRV", "updated": "2026-09-12", "name": "Borås Sörbo", "type": "aire", "vidange": false, "toilettes": true, "places_voiture": 20, "places_poids_lourd": 6, "tables": 15, "aire_de_jeu": false, "gestionnaire": "Trafikverket", "equipee": true}}, {"type": "Feature", "geometry": {"type": "Point", "coordinates": [14.35225, 58.3584]}, "properties": {"id": "trv-16137:712268-1000:35080-0.8191", "country": "se", "source": "TRV", "updated": "2026-09-12", "name": "Boråstorpet", "type": "aire", "vidange": true, "toilettes": true, "places_voiture": 43, "places_poids_lourd": 4, "tables": 10, "aire_de_jeu": true, "gestionnaire": "Trafikverket", "equipee": true}}, {"type": "Feature", "geometry": {"type": "Point", "coordinates": [13.2304, 56.71507]}, "properties": {"id": "trv-16137:712304-13225:163-0.5492", "country": "se", "source": "TRV", "updated": "2026-09-12", "name": "Botered", "type": "aire", "vidange": true, "toilettes": true, "places_voiture": 15, "places_poids_lourd": 4, "tables": 8, "aire_de_jeu": false, "gestionnaire": "Trafikverket", "equipee": true}}, {"type": "Feature", "geometry": {"type": "Point", "coordinates": [11.26911, 58.88874]}, "properties": {"id": "trv-16137:712272-1000:42550-0.3671", "country": "se", "source": "TRV", "updated": "2026-09-12", "name": "Delsjön", "type": "aire", "vidange": false, "toilettes": true, "places_voiture": 11, "places_poids_lourd": 0, "tables": 5, "aire_de_jeu": false, "gestionnaire": "Trafikverket", "equipee": true}}, {"type": "Feature", "geometry": {"type": "Point", "coordinates": [12.49284, 57.67012]}, "properties": {"id": "trv-12750:193401-11154:29259-0.1861", "country": "se", "source": "TRV", "updated": "2026-09-12", "name": "Dynekilen", "type": "aire", "vidange": true, "toilettes": true, "places_voiture": 23, "places_poids_lourd": 4, "tables": 15, "aire_de_jeu": false, "gestionnaire": "Trafikverket", "equipee": true}}, {"type": "Feature", "geometry": {"type": "Point", "coordinates": [13.81008, 58.30913]}, "properties": {"id": "trv-16137:712724-1000:70551-0.8329", "country": "se", "source": "TRV", "updated": "2026-09-12", "name": "Edslan", "type": "aire", "vidange": false, "toilettes": true, "places_voiture": 15, "places_poids_lourd": 2, "tables": 6, "aire_de_jeu": false, "gestionnaire": "Trafikverket", "equipee": true}}, {"type": "Feature", "geometry": {"type": "Point", "coordinates": [12.41499, 58.60921]}, "properties": {"id": "trv-16137:712736-1000:58106-0.5259", "country": "se", "source": "TRV", "updated": "2026-09-12", "name": "Ekhammar", "type": "aire", "vidange": true, "toilettes": true, "places_voiture": 13, "places_poids_lourd": 2, "tables": 4, "aire_de_jeu": false, "gestionnaire": "Trafikverket", "equipee": true}}, {"type": "Feature", "geometry": {"type": "Point", "coordinates": [12.35233, 57.06391]}, "properties": {"id": "trv-12745:101611-1000:21304-0.8173", "country": "se", "source": "TRV", "updated": "2026-09-12", "name": "Esmared", "type": "aire", "vidange": true, "toilettes": true, "places_voiture": 11, "places_poids_lourd": 4, "tables": 4, "aire_de_jeu": false, "gestionnaire": "Trafikverket", "equipee": true}}, {"type": "Feature", "geometry": {"type": "Point", "coordinates": [12.95828, 57.40372]}, "properties": {"id": "trv-12750:193409-11154:80699-0.7635", "country": "se", "source": "TRV", "updated": "2026-09-12", "name": "Femstenaberg", "type": "aire", "vidange": false, "toilettes": true, "places_voiture": 15, "places_poids_lourd": 6, "tables": 11, "aire_de_jeu": true, "gestionnaire": "Trafikverket", "equipee": true}}, {"type": "Feature", "geometry": {"type": "Point", "coordinates": [12.68476, 57.48987]}, "properties": {"id": "trv-16137:712276-16593:102176-0.7319", "country": "se", "source": "TRV", "updated": "2026-09-12", "name": "Grandalen", "type": "aire", "vidange": true, "toilettes": true, "places_voiture": 42, "places_poids_lourd": 6, "tables": 15, "aire_de_jeu": true, "gestionnaire": "Trafikverket", "equipee": true}}, {"type": "Feature", "geometry": {"type": "Point", "coordinates": [12.26473, 58.36481]}, "properties": {"id": "trv-16137:712300-1000:64831-0.1541", "country": "se", "source": "TRV", "updated": "2026-09-12", "name": "Bergs Kullar", "type": "aire", "vidange": true, "toilettes": true, "places_voiture": 15, "places_poids_lourd": 4, "tables": 11, "aire_de_jeu": false, "gestionnaire": "Trafikverket", "equipee": true}}, {"type": "Feature", "geometry": {"type": "Point", "coordinates": [13.19262, 58.48539]}, "properties": {"id": "trv-12750:193425-1000:26368-0.3108", "country": "se", "source": "TRV", "updated": "2026-09-12", "name": "Himle", "type": "aire", "vidange": true, "toilettes": true, "places_voiture": 25, "places_poids_lourd": 0, "tables": 12, "aire_de_jeu": true, "gestionnaire": "Trafikverket", "equipee": true}}, {"type": "Feature", "geometry": {"type": "Point", "coordinates": [12.00618, 57.8064]}, "properties": {"id": "trv-16137:712704-1000:34648-0.8282", "country": "se", "source": "TRV", "updated": "2026-09-12", "name": "Holsljunga", "type": "aire", "vidange": true, "toilettes": true, "places_voiture": 8, "places_poids_lourd": 3, "tables": 5, "aire_de_jeu": false, "gestionnaire": "Trafikverket", "equipee": true}}, {"type": "Feature", "geometry": {"type": "Point", "coordinates": [13.26852, 56.52174]}, "properties": {"id": "trv-16137:712420-1000:35178-0.8326", "country": "se", "source": "TRV", "updated": "2026-09-12", "name": "Häggån V", "type": "aire", "vidange": true, "toilettes": true, "places_voiture": 21, "places_poids_lourd": 5, "tables": 6, "aire_de_jeu": false, "gestionnaire": "Trafikverket", "equipee": true}}, {"type": "Feature", "geometry": {"type": "Point", "coordinates": [13.26849, 56.52124]}, "properties": {"id": "trv-16137:712416-1000:35178-0.8258", "country": "se", "source": "TRV", "updated": "2026-09-12", "name": "Häggån Ö", "type": "aire", "vidange": true, "toilettes": true, "places_voiture": 28, "places_poids_lourd": 5, "tables": 9, "aire_de_jeu": true, "gestionnaire": "Trafikverket", "equipee": true}}, {"type": "Feature", "geometry": {"type": "Point", "coordinates": [13.37613, 57.4717]}, "properties": {"id": "trv-16137:712308-13225:161-0.3948", "country": "se", "source": "TRV", "updated": "2026-09-12", "name": "Karlsro", "type": "aire", "vidange": true, "toilettes": true, "places_voiture": 21, "places_poids_lourd": 8, "tables": 6, "aire_de_jeu": false, "gestionnaire": "Trafikverket", "equipee": true}}, {"type": "Feature", "geometry": {"type": "Point", "coordinates": [13.37612, 57.47258]}, "properties": {"id": "trv-16137:712444-12732:203058-0.9396", "country": "se", "source": "TRV", "updated": "2026-09-12", "name": "Kartåsen", "type": "aire", "vidange": true, "toilettes": true, "places_voiture": 6, "places_poids_lourd": 3, "tables": 8, "aire_de_jeu": false, "gestionnaire": "Trafikverket", "equipee": true}}, {"type": "Feature", "geometry": {"type": "Point", "coordinates": [13.6599, 57.78028]}, "properties": {"id": "trv-12750:193429-1000:41076-0.8237", "country": "se", "source": "TRV", "updated": "2026-09-12", "name": "Klareberg", "type": "aire", "vidange": true, "toilettes": true, "places_voiture": 18, "places_poids_lourd": 6, "tables": 6, "aire_de_jeu": false, "gestionnaire": "Trafikverket", "equipee": true}}, {"type": "Feature", "geometry": {"type": "Point", "coordinates": [13.26861, 58.34993]}, "properties": {"id": "trv-12750:193577-1000:20523-0.7060", "country": "se", "source": "TRV", "updated": "2026-09-12", "name": "Knäred N", "type": "aire", "vidange": true, "toilettes": true, "places_voiture": 10, "places_poids_lourd": 2, "tables": 6, "aire_de_jeu": false, "gestionnaire": "Trafikverket", "equipee": true}}, {"type": "Feature", "geometry": {"type": "Point", "coordinates": [13.13971, 58.49012]}, "properties": {"id": "trv-12750:193581-1000:20523-0.7036", "country": "se", "source": "TRV", "updated": "2026-09-12", "name": "Knäred S", "type": "aire", "vidange": true, "toilettes": true, "places_voiture": 10, "places_poids_lourd": 2, "tables": 5, "aire_de_jeu": false, "gestionnaire": "Trafikverket", "equipee": true}}, {"type": "Feature", "geometry": {"type": "Point", "coordinates": [12.47321, 58.73901]}, "properties": {"id": "trv-16137:712224-1000:35826-0.7366", "country": "se", "source": "TRV", "updated": "2026-09-12", "name": "Kroksjön V", "type": "aire", "vidange": true, "toilettes": true, "places_voiture": 8, "places_poids_lourd": 4, "tables": 1, "aire_de_jeu": false, "gestionnaire": "Trafikverket", "equipee": true}}, {"type": "Feature", "geometry": {"type": "Point", "coordinates": [11.91078, 58.23013]}, "properties": {"id": "trv-16137:712220-1000:35826-0.7471", "country": "se", "source": "TRV", "updated": "2026-09-12", "name": "Kroksjön Ö", "type": "aire", "vidange": true, "toilettes": true, "places_voiture": 8, "places_poids_lourd": 3, "tables": 3, "aire_de_jeu": false, "gestionnaire": "Trafikverket", "equipee": true}}, {"type": "Feature", "geometry": {"type": "Point", "coordinates": [11.82913, 58.87786]}, "properties": {"id": "trv-16137:712280-13797:109-0.0096", "country": "se", "source": "TRV", "updated": "2026-09-12", "name": "Kullen", "type": "aire", "vidange": true, "toilettes": true, "places_voiture": 26, "places_poids_lourd": 0, "tables": 8, "aire_de_jeu": false, "gestionnaire": "Trafikverket", "equipee": true}}, {"type": "Feature", "geometry": {"type": "Point", "coordinates": [12.13916, 57.74139]}, "properties": {"id": "trv-12745:101467-13226:58233-0.6909", "country": "se", "source": "TRV", "updated": "2026-09-12", "name": "Kålltorp", "type": "aire", "vidange": true, "toilettes": true, "places_voiture": 29, "places_poids_lourd": 2, "tables": 10, "aire_de_jeu": false, "gestionnaire": "Trafikverket", "equipee": true}}, {"type": "Feature", "geometry": {"type": "Point", "coordinates": [12.03575, 57.63117]}, "properties": {"id": "trv-16137:712440-1000:55319-0.8405", "country": "se", "source": "TRV", "updated": "2026-09-12", "name": "Lidan", "type": "aire", "vidange": true, "toilettes": true, "places_voiture": 14, "places_poids_lourd": 4, "tables": 4, "aire_de_jeu": false, "gestionnaire": "Trafikverket", "equipee": true}}, {"type": "Feature", "geometry": {"type": "Point", "coordinates": [11.69951, 58.44188]}, "properties": {"id": "trv-16137:712312-11154:89855-0.2135", "country": "se", "source": "TRV", "updated": "2026-09-12", "name": "Linderud", "type": "aire", "vidange": true, "toilettes": true, "places_voiture": 3, "places_poids_lourd": 2, "tables": 3, "aire_de_jeu": false, "gestionnaire": "Trafikverket", "equipee": true}}, {"type": "Feature", "geometry": {"type": "Point", "coordinates": [13.8469, 58.68646]}, "properties": {"id": "trv-12750:193437-1000:52423-0.3606", "country": "se", "source": "TRV", "updated": "2026-09-12", "name": "Ljungskile", "type": "aire", "vidange": true, "toilettes": true, "places_voiture": 53, "places_poids_lourd": 5, "tables": 24, "aire_de_jeu": true, "gestionnaire": "Trafikverket", "equipee": true}}, {"type": "Feature", "geometry": {"type": "Point", "coordinates": [12.0499, 57.55421]}, "properties": {"id": "trv-16137:712720-1000:64408-0.6020", "country": "se", "source": "TRV", "updated": "2026-09-12", "name": "Parsetjärn", "type": "aire", "vidange": true, "toilettes": true, "places_voiture": 15, "places_poids_lourd": 2, "tables": 4, "aire_de_jeu": false, "gestionnaire": "Trafikverket", "equipee": true}}, {"type": "Feature", "geometry": {"type": "Point", "coordinates": [12.05545, 57.54985]}, "properties": {"id": "trv-12745:101471-1000:43108-0.5044", "country": "se", "source": "TRV", "updated": "2026-09-12", "name": "Partille", "type": "aire", "vidange": true, "toilettes": true, "places_voiture": 17, "places_poids_lourd": 3, "tables": 5, "aire_de_jeu": false, "gestionnaire": "Trafikverket", "equipee": true}}, {"type": "Feature", "geometry": {"type": "Point", "coordinates": [12.57603, 56.90257]}, "properties": {"id": "trv-12750:193441-1000:33229-0.2409", "country": "se", "source": "TRV", "updated": "2026-09-12", "name": "Peppared", "type": "aire", "vidange": true, "toilettes": true, "places_voiture": 24, "places_poids_lourd": 3, "tables": 7, "aire_de_jeu": false, "gestionnaire": "Trafikverket", "equipee": true}}, {"type": "Feature", "geometry": {"type": "Point", "coordinates": [13.29241, 57.03673]}, "properties": {"id": "trv-12750:193445-10813:10320-0.0142", "country": "se", "source": "TRV", "updated": "2026-09-12", "name": "Saltkällan", "type": "aire", "vidange": true, "toilettes": true, "places_voiture": 39, "places_poids_lourd": 0, "tables": 10, "aire_de_jeu": false, "gestionnaire": "Trafikverket", "equipee": true}}, {"type": "Feature", "geometry": {"type": "Point", "coordinates": [11.70426, 58.09444]}, "properties": {"id": "trv-12745:101475-1000:65497-0.0416", "country": "se", "source": "TRV", "updated": "2026-09-12", "name": "Sandbäcken S", "type": "aire", "vidange": true, "toilettes": true, "places_voiture": 39, "places_poids_lourd": 0, "tables": 18, "aire_de_jeu": false, "gestionnaire": "Trafikverket", "equipee": true}}, {"type": "Feature", "geometry": {"type": "Point", "coordinates": [12.96893, 56.54268]}, "properties": {"id": "trv-12750:193449-1000:34083-0.6144", "country": "se", "source": "TRV", "updated": "2026-09-12", "name": "Sandsjöbacka V", "type": "aire", "vidange": true, "toilettes": true, "places_voiture": 21, "places_poids_lourd": 10, "tables": 11, "aire_de_jeu": false, "gestionnaire": "Trafikverket", "equipee": true}}, {"type": "Feature", "geometry": {"type": "Point", "coordinates": [12.97125, 56.54054]}, "properties": {"id": "trv-12750:193497-1000:34076-0.8478", "country": "se", "source": "TRV", "updated": "2026-09-12", "name": "Sandsjöbacka Ö", "type": "aire", "vidange": true, "toilettes": true, "places_voiture": 18, "places_poids_lourd": 6, "tables": 13, "aire_de_jeu": false, "gestionnaire": "Trafikverket", "equipee": true}}, {"type": "Feature", "geometry": {"type": "Point", "coordinates": [12.94205, 57.68776]}, "properties": {"id": "trv-12750:193453-1000:25830-0.9845", "country": "se", "source": "TRV", "updated": "2026-09-12", "name": "Skrea Backe", "type": "aire", "vidange": true, "toilettes": true, "places_voiture": 15, "places_poids_lourd": 7, "tables": 18, "aire_de_jeu": false, "gestionnaire": "Trafikverket", "equipee": true}}, {"type": "Feature", "geometry": {"type": "Point", "coordinates": [12.94386, 57.68982]}, "properties": {"id": "trv-16137:712200-1000:27774-0.3746", "country": "se", "source": "TRV", "updated": "2026-09-12", "name": "Skärshult", "type": "aire", "vidange": true, "toilettes": true, "places_voiture": 61, "places_poids_lourd": 4, "tables": 6, "aire_de_jeu": false, "gestionnaire": "Trafikverket", "equipee": true}}, {"type": "Feature", "geometry": {"type": "Point", "coordinates": [12.70644, 56.83561]}, "properties": {"id": "trv-16137:712712-1000:43787-0.7603", "country": "se", "source": "TRV", "updated": "2026-09-12", "name": "Skåpesund", "type": "aire", "vidange": false, "toilettes": true, "places_voiture": 19, "places_poids_lourd": 0, "tables": 4, "aire_de_jeu": false, "gestionnaire": "Trafikverket", "equipee": true}}, {"type": "Feature", "geometry": {"type": "Point", "coordinates": [12.71024, 56.83397]}, "properties": {"id": "trv-12750:193457-1000:20502-0.2803", "country": "se", "source": "TRV", "updated": "2026-09-12", "name": "Snapparp V", "type": "aire", "vidange": true, "toilettes": true, "places_voiture": 42, "places_poids_lourd": 0, "tables": 9, "aire_de_jeu": false, "gestionnaire": "Trafikverket", "equipee": true}}, {"type": "Feature", "geometry": {"type": "Point", "coordinates": [11.68006, 58.26267]}, "properties": {"id": "trv-12750:193461-1000:20494-0.4328", "country": "se", "source": "TRV", "updated": "2026-09-12", "name": "Snapparp Ö", "type": "aire", "vidange": true, "toilettes": true, "places_voiture": 18, "places_poids_lourd": 0, "tables": 18, "aire_de_jeu": false, "gestionnaire": "Trafikverket", "equipee": true}}, {"type": "Feature", "geometry": {"type": "Point", "coordinates": [11.45119, 58.58639]}, "properties": {"id": "trv-16137:712428-1000:35538-0.2046", "country": "se", "source": "TRV", "updated": "2026-09-12", "name": "Stora Transåssjön V", "type": "aire", "vidange": true, "toilettes": true, "places_voiture": 14, "places_poids_lourd": 2, "tables": 3, "aire_de_jeu": false, "gestionnaire": "Trafikverket", "equipee": true}}, {"type": "Feature", "geometry": {"type": "Point", "coordinates": [11.776, 58.05855]}, "properties": {"id": "trv-16137:712424-1000:35538-0.2909", "country": "se", "source": "TRV", "updated": "2026-09-12", "name": "Stora Transåssjön Ö", "type": "aire", "vidange": true, "toilettes": true, "places_voiture": 21, "places_poids_lourd": 2, "tables": 2, "aire_de_jeu": false, "gestionnaire": "Trafikverket", "equipee": true}}, {"type": "Feature", "geometry": {"type": "Point", "coordinates": [12.42243, 57.8232]}, "properties": {"id": "trv-12750:193465-1000:26957-0.5082", "country": "se", "source": "TRV", "updated": "2026-09-12", "name": "Susedalen V", "type": "aire", "vidange": false, "toilettes": true, "places_voiture": 60, "places_poids_lourd": 7, "tables": 16, "aire_de_jeu": false, "gestionnaire": "Trafikverket", "equipee": true}}, {"type": "Feature", "geometry": {"type": "Point", "coordinates": [12.19023, 57.38897]}, "properties": {"id": "trv-12750:193469-1000:26949-0.3803", "country": "se", "source": "TRV", "updated": "2026-09-12", "name": "Susedalen Ö", "type": "aire", "vidange": false, "toilettes": true, "places_voiture": 41, "places_poids_lourd": 9, "tables": 30, "aire_de_jeu": true, "gestionnaire": "Trafikverket", "equipee": true}}, {"type": "Feature", "geometry": {"type": "Point", "coordinates": [13.4873, 58.27629]}, "properties": {"id": "trv-16137:712716-1000:52286-0.5931", "country": "se", "source": "TRV", "updated": "2026-09-12", "name": "Såten", "type": "aire", "vidange": true, "toilettes": true, "places_voiture": 14, "places_poids_lourd": 4, "tables": 8, "aire_de_jeu": false, "gestionnaire": "Trafikverket", "equipee": true}}, {"type": "Feature", "geometry": {"type": "Point", "coordinates": [13.54864, 57.99327]}, "properties": {"id": "trv-12750:193473-1000:63606-0.5340", "country": "se", "source": "TRV", "updated": "2026-09-12", "name": "Tegen", "type": "aire", "vidange": true, "toilettes": true, "places_voiture": 11, "places_poids_lourd": 4, "tables": 9, "aire_de_jeu": true, "gestionnaire": "Trafikverket", "equipee": true}}, {"type": "Feature", "geometry": {"type": "Point", "coordinates": [12.52413, 58.82404]}, "properties": {"id": "trv-16137:712708-12725:93591-0.5554", "country": "se", "source": "TRV", "updated": "2026-09-12", "name": "Tjörnbron", "type": "aire", "vidange": false, "toilettes": true, "places_voiture": 52, "places_poids_lourd": 0, "tables": 7, "aire_de_jeu": false, "gestionnaire": "Trafikverket", "equipee": true}}, {"type": "Feature", "geometry": {"type": "Point", "coordinates": [12.52111, 58.30416]}, "properties": {"id": "trv-12745:101483-16503:88699-0.7272", "country": "se", "source": "TRV", "updated": "2026-09-12", "name": "Tollered", "type": "aire", "vidange": true, "toilettes": true, "places_voiture": 14, "places_poids_lourd": 2, "tables": 6, "aire_de_jeu": false, "gestionnaire": "Trafikverket", "equipee": true}}, {"type": "Feature", "geometry": {"type": "Point", "coordinates": [12.9413, 57.86169]}, "properties": {"id": "trv-12750:193477-1000:32664-0.5604", "country": "se", "source": "TRV", "updated": "2026-09-12", "name": "Torpasjön ", "type": "aire", "vidange": true, "toilettes": true, "places_voiture": 17, "places_poids_lourd": 8, "tables": 8, "aire_de_jeu": false, "gestionnaire": "Trafikverket", "equipee": true}}, {"type": "Feature", "geometry": {"type": "Point", "coordinates": [12.94047, 57.86282]}, "properties": {"id": "trv-16137:712732-1000:56019-0.1040", "country": "se", "source": "TRV", "updated": "2026-09-12", "name": "Trandansen", "type": "aire", "vidange": true, "toilettes": true, "places_voiture": 23, "places_poids_lourd": 0, "tables": 2, "aire_de_jeu": false, "gestionnaire": "Trafikverket", "equipee": true}}, {"type": "Feature", "geometry": {"type": "Point", "coordinates": [11.38899, 58.69712]}, "properties": {"id": "trv-16137:712456-1000:47736-0.3178", "country": "se", "source": "TRV", "updated": "2026-09-12", "name": "Trädet", "type": "aire", "vidange": false, "toilettes": true, "places_voiture": 9, "places_poids_lourd": 2, "tables": 5, "aire_de_jeu": false, "gestionnaire": "Trafikverket", "equipee": true}}, {"type": "Feature", "geometry": {"type": "Point", "coordinates": [13.80859, 58.38249]}, "properties": {"id": "trv-16137:712316-11154:90081-0.5468", "country": "se", "source": "TRV", "updated": "2026-09-12", "name": "Vassviken", "type": "aire", "vidange": false, "toilettes": true, "places_voiture": 15, "places_poids_lourd": 5, "tables": 3, "aire_de_jeu": false, "gestionnaire": "Trafikverket", "equipee": true}}, {"type": "Feature", "geometry": {"type": "Point", "coordinates": [12.81625, 58.05213]}, "properties": {"id": "trv-16137:712448-1000:54292-0.2537", "country": "se", "source": "TRV", "updated": "2026-09-12", "name": "Vittene", "type": "aire", "vidange": true, "toilettes": true, "places_voiture": 23, "places_poids_lourd": 4, "tables": 11, "aire_de_jeu": true, "gestionnaire": "Trafikverket", "equipee": true}}, {"type": "Feature", "geometry": {"type": "Point", "coordinates": [13.12615, 56.407]}, "properties": {"id": "trv-16137:712436-1000:45557-0.0879", "country": "se", "source": "TRV", "updated": "2026-09-12", "name": "Vänga V", "type": "aire", "vidange": false, "toilettes": true, "places_voiture": 5, "places_poids_lourd": 0, "tables": 3, "aire_de_jeu": false, "gestionnaire": "Trafikverket", "equipee": true}}, {"type": "Feature", "geometry": {"type": "Point", "coordinates": [12.67666, 59.05524]}, "properties": {"id": "trv-16137:712432-1000:45557-0.1229", "country": "se", "source": "TRV", "updated": "2026-09-12", "name": "Vänga Ö", "type": "aire", "vidange": false, "toilettes": true, "places_voiture": 5, "places_poids_lourd": 0, "tables": 3, "aire_de_jeu": false, "gestionnaire": "Trafikverket", "equipee": true}}, {"type": "Feature", "geometry": {"type": "Point", "coordinates": [13.54908, 58.02855]}, "properties": {"id": "trv-12750:193481-11160:280482-0.4070", "country": "se", "source": "TRV", "updated": "2026-09-12", "name": "Världsarvet Tanum", "type": "aire", "vidange": false, "toilettes": true, "places_voiture": 43, "places_poids_lourd": 0, "tables": 3, "aire_de_jeu": false, "gestionnaire": "Trafikverket", "equipee": true}}, {"type": "Feature", "geometry": {"type": "Point", "coordinates": [12.20111, 58.87203]}, "properties": {"id": "trv-16137:712460-1000:57688-0.6204", "country": "se", "source": "TRV", "updated": "2026-09-12", "name": "Våmb", "type": "aire", "vidange": false, "toilettes": true, "places_voiture": 15, "places_poids_lourd": 1, "tables": 4, "aire_de_jeu": false, "gestionnaire": "Trafikverket", "equipee": true}}, {"type": "Feature", "geometry": {"type": "Point", "coordinates": [11.88046, 58.11475]}, "properties": {"id": "trv-12745:101487-22573:1804-0.9562", "country": "se", "source": "TRV", "updated": "2026-09-12", "name": "Vårgårda", "type": "aire", "vidange": false, "toilettes": true, "places_voiture": 11, "places_poids_lourd": 2, "tables": 5, "aire_de_jeu": false, "gestionnaire": "Trafikverket", "equipee": true}}, {"type": "Feature", "geometry": {"type": "Point", "coordinates": [12.19315, 57.38142]}, "properties": {"id": "trv-12745:101603-1000:20345-0.1941", "country": "se", "source": "TRV", "updated": "2026-09-12", "name": "Våxtorp", "type": "aire", "vidange": true, "toilettes": true, "places_voiture": 7, "places_poids_lourd": 2, "tables": 5, "aire_de_jeu": false, "gestionnaire": "Trafikverket", "equipee": true}}, {"type": "Feature", "geometry": {"type": "Point", "coordinates": [12.92787, 57.11952]}, "properties": {"id": "trv-16137:712388-1000:70633-0.6668", "country": "se", "source": "TRV", "updated": "2026-09-12", "name": "Åmål", "type": "aire", "vidange": true, "toilettes": true, "places_voiture": 13, "places_poids_lourd": 2, "tables": 5, "aire_de_jeu": false, "gestionnaire": "Trafikverket", "equipee": true}}, {"type": "Feature", "geometry": {"type": "Point", "coordinates": [11.85206, 58.02504]}, "properties": {"id": "trv-16137:712452-1000:47807-0.0247", "country": "se", "source": "TRV", "updated": "2026-09-12", "name": "Åsarp", "type": "aire", "vidange": false, "toilettes": true, "places_voiture": 7, "places_poids_lourd": 0, "tables": 4, "aire_de_jeu": false, "gestionnaire": "Trafikverket", "equipee": true}}, {"type": "Feature", "geometry": {"type": "Point", "coordinates": [13.34287, 57.81709]}, "properties": {"id": "trv-16137:712728-1000:64604-0.1111", "country": "se", "source": "TRV", "updated": "2026-09-12", "name": "Ödskölt", "type": "aire", "vidange": true, "toilettes": true, "places_voiture": 10, "places_poids_lourd": 1, "tables": 5, "aire_de_jeu": false, "gestionnaire": "Trafikverket", "equipee": true}}, {"type": "Feature", "geometry": {"type": "Point", "coordinates": [18.295, 57.05854]}, "properties": {"id": "trv-12750:193485-1000:44424-0.3491", "country": "se", "source": "TRV", "updated": "2026-09-12", "name": "Ödsmålsbron", "type": "aire", "vidange": true, "toilettes": true, "places_voiture": 60, "places_poids_lourd": 6, "tables": 9, "aire_de_jeu": false, "gestionnaire": "Trafikverket", "equipee": true}}, {"type": "Feature", "geometry": {"type": "Point", "coordinates": [18.27466, 57.62289]}, "properties": {"id": "trv-12750:193489-1000:32579-0.4972", "country": "se", "source": "TRV", "updated": "2026-09-12", "name": "Ölmevallasjön", "type": "aire", "vidange": true, "toilettes": true, "places_voiture": 16, "places_poids_lourd": 4, "tables": 6, "aire_de_jeu": false, "gestionnaire": "Trafikverket", "equipee": true}}, {"type": "Feature", "geometry": {"type": "Point", "coordinates": [18.6921, 57.3407]}, "properties": {"id": "trv-16137:712700-1000:27579-0.9709", "country": "se", "source": "TRV", "updated": "2026-09-12", "name": "Övrarp", "type": "aire", "vidange": false, "toilettes": true, "places_voiture": 11, "places_poids_lourd": 1, "tables": 6, "aire_de_jeu": false, "gestionnaire": "Trafikverket", "equipee": true}}, {"type": "Feature", "geometry": {"type": "Point", "coordinates": [18.92591, 57.83418]}, "properties": {"id": "trv-12750:193493-1000:44306-0.1062", "country": "se", "source": "TRV", "updated": "2026-09-12", "name": "Spekeröd", "type": "aire", "vidange": true, "toilettes": true, "places_voiture": 27, "places_poids_lourd": 5, "tables": 14, "aire_de_jeu": false, "gestionnaire": "Trafikverket", "equipee": true}}, {"type": "Feature", "geometry": {"type": "Point", "coordinates": [19.1332, 57.91533]}, "properties": {"id": "trv-16137:712288-12735:164548-0.5003", "country": "se", "source": "TRV", "updated": "2026-09-12", "name": "Röstesjön", "type": "aire", "vidange": false, "toilettes": true, "places_voiture": 32, "places_poids_lourd": 7, "tables": 9, "aire_de_jeu": true, "gestionnaire": "Trafikverket", "equipee": true}}, {"type": "Feature", "geometry": {"type": "Point", "coordinates": [18.29549, 57.05847]}, "properties": {"id": "trv-16137:712684-1000:32081-0.4193", "country": "se", "source": "TRV", "updated": "2026-09-12", "name": "Käldhagen", "type": "aire", "vidange": false, "toilettes": true, "places_voiture": 16, "places_poids_lourd": 1, "tables": 3, "aire_de_jeu": false, "gestionnaire": "Trafikverket", "equipee": true}}, {"type": "Feature", "geometry": {"type": "Point", "coordinates": [16.13104, 59.13818]}, "properties": {"id": "trv-16137:712688-1000:39767-0.0713", "country": "se", "source": "TRV", "updated": "2026-09-12", "name": "Träffpunkt Gotland", "type": "aire", "vidange": false, "toilettes": true, "places_voiture": 16, "places_poids_lourd": 0, "tables": 6, "aire_de_jeu": false, "gestionnaire": "Trafikverket", "equipee": true}}, {"type": "Feature", "geometry": {"type": "Point", "coordinates": [17.4825, 60.3405]}, "properties": {"id": "trv-16137:712692-1000:40000-0.9892", "country": "se", "source": "TRV", "updated": "2026-09-12", "name": "Hallute Backe", "type": "aire", "vidange": false, "toilettes": true, "places_voiture": 11, "places_poids_lourd": 1, "tables": 3, "aire_de_jeu": false, "gestionnaire": "Trafikverket", "equipee": true}}, {"type": "Feature", "geometry": {"type": "Point", "coordinates": [15.13511, 59.45466]}, "properties": {"id": "trv-16137:712696-1000:51336-0.5279", "country": "se", "source": "TRV", "updated": "2026-09-12", "name": "Rute Ringkors", "type": "aire", "vidange": false, "toilettes": true, "places_voiture": 12, "places_poids_lourd": 1, "tables": 3, "aire_de_jeu": false, "gestionnaire": "Trafikverket", "equipee": true}}, {"type": "Feature", "geometry": {"type": "Point", "coordinates": [15.43672, 59.31528]}, "properties": {"id": "trv-16137:712756-1000:51352-0.0214", "country": "se", "source": "TRV", "updated": "2026-09-12", "name": "Kyrkviken Fårö", "type": "aire", "vidange": false, "toilettes": true, "places_voiture": 14, "places_poids_lourd": 0, "tables": 3, "aire_de_jeu": false, "gestionnaire": "Trafikverket", "equipee": true}}, {"type": "Feature", "geometry": {"type": "Point", "coordinates": [14.53959, 58.96967]}, "properties": {"id": "trv-16137:712512-12533:361191-0.4207", "country": "se", "source": "TRV", "updated": "2026-09-12", "name": "Aspen", "type": "aire", "vidange": false, "toilettes": true, "places_voiture": 12, "places_poids_lourd": 0, "tables": 4, "aire_de_jeu": false, "gestionnaire": "Trafikverket", "equipee": true}}, {"type": "Feature", "geometry": {"type": "Point", "coordinates": [15.78638, 59.97511]}, "properties": {"id": "trv-16179:37215-16565:29327-0.2665", "country": "se", "source": "TRV", "updated": "2026-09-12", "name": "Arvidsbo", "type": "aire", "vidange": true, "toilettes": true, "places_voiture": 28, "places_poids_lourd": 0, "tables": 11, "aire_de_jeu": false, "gestionnaire": "Trafikverket", "equipee": true}}, {"type": "Feature", "geometry": {"type": "Point", "coordinates": [16.56448, 59.88886]}, "properties": {"id": "trv-16137:712468-11159:364262-0.7400", "country": "se", "source": "TRV", "updated": "2026-09-12", "name": "Bergslagsporten", "type": "aire", "vidange": true, "toilettes": true, "places_voiture": 26, "places_poids_lourd": 3, "tables": 6, "aire_de_jeu": false, "gestionnaire": "Trafikverket", "equipee": true}}, {"type": "Feature", "geometry": {"type": "Point", "coordinates": [16.87457, 59.63839]}, "properties": {"id": "trv-12745:101403-1000:75446-0.4561", "country": "se", "source": "TRV", "updated": "2026-09-12", "name": "Björnfallet", "type": "aire", "vidange": true, "toilettes": true, "places_voiture": 60, "places_poids_lourd": 10, "tables": 12, "aire_de_jeu": true, "gestionnaire": "Trafikverket", "equipee": true}}, {"type": "Feature", "geometry": {"type": "Point", "coordinates": [16.87566, 59.63749]}, "properties": {"id": "trv-12745:101491-13835:305-0.8573", "country": "se", "source": "TRV", "updated": "2026-09-12", "name": "Borasjön V", "type": "aire", "vidange": true, "toilettes": true, "places_voiture": 15, "places_poids_lourd": 0, "tables": 10, "aire_de_jeu": true, "gestionnaire": "Trafikverket", "equipee": true}}, {"type": "Feature", "geometry": {"type": "Point", "coordinates": [14.93799, 58.81029]}, "properties": {"id": "trv-12745:101495-13835:300-0.1229", "country": "se", "source": "TRV", "updated": "2026-09-12", "name": "Borasjön Ö", "type": "aire", "vidange": true, "toilettes": true, "places_voiture": 11, "places_poids_lourd": 3, "tables": 8, "aire_de_jeu": true, "gestionnaire": "Trafikverket", "equipee": true}}, {"type": "Feature", "geometry": {"type": "Point", "coordinates": [15.71481, 59.39852]}, "properties": {"id": "trv-16137:712564-1000:94755-0.4849", "country": "se", "source": "TRV", "updated": "2026-09-12", "name": "Eskiln", "type": "aire", "vidange": false, "toilettes": true, "places_voiture": 44, "places_poids_lourd": 5, "tables": 8, "aire_de_jeu": true, "gestionnaire": "Trafikverket", "equipee": true}}, {"type": "Feature", "geometry": {"type": "Point", "coordinates": [16.19748, 58.96704]}, "properties": {"id": "trv-16137:712520-16408:3228-0.9680", "country": "se", "source": "TRV", "updated": "2026-09-12", "name": "Evelund", "type": "aire", "vidange": true, "toilettes": true, "places_voiture": 19, "places_poids_lourd": 5, "tables": 7, "aire_de_jeu": true, "gestionnaire": "Trafikverket", "equipee": true}}, {"type": "Feature", "geometry": {"type": "Point", "coordinates": [16.49356, 59.03935]}, "properties": {"id": "trv-12745:101435-11159:68791-0.7319", "country": "se", "source": "TRV", "updated": "2026-09-12", "name": "Frösvi V", "type": "aire", "vidange": true, "toilettes": true, "places_voiture": 19, "places_poids_lourd": 4, "tables": 4, "aire_de_jeu": false, "gestionnaire": "Trafikverket", "equipee": true}}, {"type": "Feature", "geometry": {"type": "Point", "coordinates": [14.75389, 58.71906]}, "properties": {"id": "trv-12745:101439-11159:68783-0.2652", "country": "se", "source": "TRV", "updated": "2026-09-12", "name": "Frösvi Ö", "type": "aire", "vidange": true, "toilettes": true, "places_voiture": 28, "places_poids_lourd": 4, "tables": 3, "aire_de_jeu": true, "gestionnaire": "Trafikverket", "equipee": true}}, {"type": "Feature", "geometry": {"type": "Point", "coordinates": [15.01931, 59.90181]}, "properties": {"id": "trv-16137:712476-12733:112560-0.0062", "country": "se", "source": "TRV", "updated": "2026-09-12", "name": "Hammarsundet S", "type": "aire", "vidange": true, "toilettes": true, "places_voiture": 17, "places_poids_lourd": 2, "tables": 6, "aire_de_jeu": false, "gestionnaire": "Trafikverket", "equipee": true}}, {"type": "Feature", "geometry": {"type": "Point", "coordinates": [16.06577, 61.82011]}, "properties": {"id": "trv-12745:101407-1000:75528-0.5157", "country": "se", "source": "TRV", "updated": "2026-09-12", "name": "Högsjön", "type": "aire", "vidange": true, "toilettes": true, "places_voiture": 86, "places_poids_lourd": 8, "tables": 8, "aire_de_jeu": true, "gestionnaire": "Trafikverket", "equipee": true}}, {"type": "Feature", "geometry": {"type": "Point", "coordinates": [13.07583, 61.69376]}, "properties": {"id": "trv-16137:712752-1000:68034-0.0503", "country": "se", "source": "TRV", "updated": "2026-09-12", "name": "Djulö", "type": "aire", "vidange": false, "toilettes": true, "places_voiture": 11, "places_poids_lourd": 0, "tables": 4, "aire_de_jeu": false, "gestionnaire": "okänd", "equipee": true}}, {"type": "Feature", "geometry": {"type": "Point", "coordinates": [16.49356, 59.0392]}, "properties": {"id": "trv-16137:712508-12731:189276-0.3709", "country": "se", "source": "TRV", "updated": "2026-09-12", "name": "Gnallen", "type": "aire", "vidange": false, "toilettes": true, "places_voiture": 0, "places_poids_lourd": 1, "tables": 8, "aire_de_jeu": false, "gestionnaire": "Trafikverket", "equipee": true}}, {"type": "Feature", "geometry": {"type": "Point", "coordinates": [17.77491, 59.79368]}, "properties": {"id": "trv-16137:712464-1000:65856-0.5068", "country": "se", "source": "TRV", "updated": "2026-09-12", "name": "Koviken", "type": "aire", "vidange": false, "toilettes": true, "places_voiture": 12, "places_poids_lourd": 1, "tables": 2, "aire_de_jeu": false, "gestionnaire": "Trafikverket", "equipee": true}}, {"type": "Feature", "geometry": {"type": "Point", "coordinates": [12.24141, 59.93025]}, "properties": {"id": "trv-16137:712480-1000:86127-0.0472", "country": "se", "source": "TRV", "updated": "2026-09-12", "name": "Laxbäcken", "type": "aire", "vidange": true, "toilettes": true, "places_voiture": 21, "places_poids_lourd": 2, "tables": 4, "aire_de_jeu": false, "gestionnaire": "Trafikverket", "equipee": true}}, {"type": "Feature", "geometry": {"type": "Point", "coordinates": [15.1079, 59.83302]}, "properties": {"id": "trv-16137:712604-1000:104191-0.7931", "country": "se", "source": "TRV", "updated": "2026-09-12", "name": "Ljusdal", "type": "aire", "vidange": true, "toilettes": true, "places_voiture": 7, "places_poids_lourd": 3, "tables": 9, "aire_de_jeu": true, "gestionnaire": "Trafikverket", "equipee": true}}, {"type": "Feature", "geometry": {"type": "Point", "coordinates": [13.25315, 59.50474]}, "properties": {"id": "trv-16137:712592-1000:102672-0.7777", "country": "se", "source": "TRV", "updated": "2026-09-12", "name": "Lomkällan", "type": "aire", "vidange": false, "toilettes": true, "places_voiture": 80, "places_poids_lourd": 3, "tables": 4, "aire_de_jeu": true, "gestionnaire": "Trafikverket", "equipee": true}}, {"type": "Feature", "geometry": {"type": "Point", "coordinates": [16.92002, 58.74768]}, "properties": {"id": "trv-16179:37271-1000:91477-0.4555", "country": "se", "source": "TRV", "updated": "2026-09-12", "name": "Mora Stenar", "type": "aire", "vidange": true, "toilettes": true, "places_voiture": 22, "places_poids_lourd": 10, "tables": 21, "aire_de_jeu": true, "gestionnaire": "Trafikverket", "equipee": true}}, {"type": "Feature", "geometry": {"type": "Point", "coordinates": [13.14228, 59.36754]}, "properties": {"id": "trv-16137:712532-1000:84687-0.9667@13.14228,59.36754", "country": "se", "source": "TRV", "updated": "2026-09-12", "occurrences": 2, "name": "Morokulien", "type": "aire", "vidange": false, "toilettes": true, "places_voiture": 9, "places_poids_lourd": 9, "tables": 13, "aire_de_jeu": false, "gestionnaire": "Trafikverket", "equipee": true}}, {"type": "Feature", "geometry": {"type": "Point", "coordinates": [12.24174, 59.93061]}, "properties": {"id": "trv-16137:712532-1000:84687-0.9667@12.24174,59.93061", "country": "se", "source": "TRV", "updated": "2026-09-12", "occurrences": 2, "name": "Morokulien", "type": "aire", "vidange": false, "toilettes": true, "places_voiture": 9, "places_poids_lourd": 9, "tables": 13, "aire_de_jeu": false, "gestionnaire": "Trafikverket", "equipee": true}}, {"type": "Feature", "geometry": {"type": "Point", "coordinates": [16.53868, 60.5821]}, "properties": {"id": "trv-16137:712492-1000:86070-0.6110", "country": "se", "source": "TRV", "updated": "2026-09-12", "name": "Norrsjön", "type": "aire", "vidange": true, "toilettes": true, "places_voiture": 26, "places_poids_lourd": 3, "tables": 4, "aire_de_jeu": false, "gestionnaire": "Trafikverket", "equipee": true}}, {"type": "Feature", "geometry": {"type": "Point", "coordinates": [14.26006, 59.62437]}, "properties": {"id": "trv-16137:712524-13798:2546-0.4919", "country": "se", "source": "TRV", "updated": "2026-09-12", "name": "Norsälven S", "type": "aire", "vidange": true, "toilettes": true, "places_voiture": 10, "places_poids_lourd": 1, "tables": 8, "aire_de_jeu": false, "gestionnaire": "Trafikverket", "equipee": true}}, {"type": "Feature", "geometry": {"type": "Point", "coordinates": [13.46078, 59.77912]}, "properties": {"id": "trv-16179:37343-1000:69004-0.1063", "country": "se", "source": "TRV", "updated": "2026-09-12", "name": "Nyköpingsbro N", "type": "aire", "vidange": false, "toilettes": false, "places_voiture": 50, "places_poids_lourd": 17, "tables": 11, "aire_de_jeu": false, "gestionnaire": "Trafikverket", "equipee": false}}, {"type": "Feature", "geometry": {"type": "Point", "coordinates": [15.45935, 60.12851]}, "properties": {"id": "trv-16179:37347-1000:68992-0.0998", "country": "se", "source": "TRV", "updated": "2026-09-12", "name": "Nyköpingsbro S", "type": "aire", "vidange": false, "toilettes": false, "places_voiture": 50, "places_poids_lourd": 20, "tables": 10, "aire_de_jeu": false, "gestionnaire": "Trafikverket", "equipee": false}}, {"type": "Feature", "geometry": {"type": "Point", "coordinates": [14.29069, 59.31119]}, "properties": {"id": "trv-12745:101411-13220:1024-0.0838", "country": "se", "source": "TRV", "updated": "2026-09-12", "name": "Nyängen", "type": "aire", "vidange": true, "toilettes": true, "places_voiture": 10, "places_poids_lourd": 20, "tables": 9, "aire_de_jeu": true, "gestionnaire": "Trafikverket", "equipee": true}}, {"type": "Feature", "geometry": {"type": "Point", "coordinates": [15.3166, 60.77304]}, "properties": {"id": "trv-12745:101395-13645:2473-0.8295", "country": "se", "source": "TRV", "updated": "2026-09-12", "name": "Näsbysjön V", "type": "aire", "vidange": true, "toilettes": true, "places_voiture": 10, "places_poids_lourd": 4, "tables": 3, "aire_de_jeu": true, "gestionnaire": "Trafikverket", "equipee": true}}, {"type": "Feature", "geometry": {"type": "Point", "coordinates": [16.40106, 59.58876]}, "properties": {"id": "trv-16137:712216-1000:85474-0.0061", "country": "se", "source": "TRV", "updated": "2026-09-12", "name": "Prästbäcken", "type": "aire", "vidange": true, "toilettes": true, "places_voiture": 4, "places_poids_lourd": 0, "tables": 5, "aire_de_jeu": false, "gestionnaire": "Trafikverket", "equipee": true}}, {"type": "Feature", "geometry": {"type": "Point", "coordinates": [16.30315, 59.40387]}, "properties": {"id": "trv-16137:712536-1000:85399-0.2122", "country": "se", "source": "TRV", "updated": "2026-09-12", "name": "Ransäter", "type": "aire", "vidange": true, "toilettes": true, "places_voiture": 8, "places_poids_lourd": 2, "tables": 6, "aire_de_jeu": false, "gestionnaire": "Trafikverket", "equipee": true}}, {"type": "Feature", "geometry": {"type": "Point", "coordinates": [16.28515, 59.40519]}, "properties": {"id": "trv-16137:712560-1000:93860-0.7052", "country": "se", "source": "TRV", "updated": "2026-09-12", "name": "Rastahyttan N", "type": "aire", "vidange": false, "toilettes": true, "places_voiture": 9, "places_poids_lourd": 2, "tables": 6, "aire_de_jeu": false, "gestionnaire": "Trafikverket", "equipee": true}}, {"type": "Feature", "geometry": {"type": "Point", "coordinates": [13.6055, 60.00425]}, "properties": {"id": "trv-12745:101415-13227:8-0.9083", "country": "se", "source": "TRV", "updated": "2026-09-12", "name": "Ristjärn", "type": "aire", "vidange": true, "toilettes": true, "places_voiture": 16, "places_poids_lourd": 2, "tables": 6, "aire_de_jeu": false, "gestionnaire": "okänd", "equipee": true}}, {"type": "Feature", "geometry": {"type": "Point", "coordinates": [14.66011, 59.2956]}, "properties": {"id": "trv-16137:712576-1000:98992-0.3264", "country": "se", "source": "TRV", "updated": "2026-09-12", "name": "Rällsjön", "type": "aire", "vidange": true, "toilettes": true, "places_voiture": 23, "places_poids_lourd": 3, "tables": 3, "aire_de_jeu": false, "gestionnaire": "Trafikverket", "equipee": true}}, {"type": "Feature", "geometry": {"type": "Point", "coordinates": [14.25822, 59.83519]}, "properties": {"id": "trv-12745:101419-16415:3801-0.4519", "country": "se", "source": "TRV", "updated": "2026-09-12", "name": "Råby", "type": "aire", "vidange": true, "toilettes": true, "places_voiture": 5, "places_poids_lourd": 2, "tables": 5, "aire_de_jeu": false, "gestionnaire": "Trafikverket", "equipee": true}}, {"type": "Feature", "geometry": {"type": "Point", "coordinates": [15.08182, 59.13928]}, "properties": {"id": "trv-12745:101503-10377:76-0.7056", "country": "se", "source": "TRV", "updated": "2026-09-12", "name": "Råbyhed N", "type": "aire", "vidange": true, "toilettes": true, "places_voiture": 35, "places_poids_lourd": 5, "tables": 11, "aire_de_jeu": false, "gestionnaire": "Trafikverket", "equipee": true}}, {"type": "Feature", "geometry": {"type": "Point", "coordinates": [15.08412, 59.13826]}, "properties": {"id": "trv-12745:101499-10377:71-0.1160", "country": "se", "source": "TRV", "updated": "2026-09-12", "name": "Råbyhed S", "type": "aire", "vidange": true, "toilettes": true, "places_voiture": 37, "places_poids_lourd": 6, "tables": 7, "aire_de_jeu": false, "gestionnaire": "Trafikverket", "equipee": true}}, {"type": "Feature", "geometry": {"type": "Point", "coordinates": [17.36686, 58.91736]}, "properties": {"id": "trv-12745:101423-19313:2125-0.2613", "country": "se", "source": "TRV", "updated": "2026-09-12", "name": "Sandbäcken N", "type": "aire", "vidange": true, "toilettes": true, "places_voiture": 16, "places_poids_lourd": 2, "tables": 6, "aire_de_jeu": false, "gestionnaire": "Trafikverket", "equipee": true}}, {"type": "Feature", "geometry": {"type": "Point", "coordinates": [17.36981, 58.91746]}, "properties": {"id": "trv-16137:712212-1000:85592-0.6931", "country": "se", "source": "TRV", "updated": "2026-09-12", "name": "Sandslandet", "type": "aire", "vidange": false, "toilettes": true, "places_voiture": 8, "places_poids_lourd": 2, "tables": 5, "aire_de_jeu": true, "gestionnaire": "Trafikverket", "equipee": true}}, {"type": "Feature", "geometry": {"type": "Point", "coordinates": [15.94416, 59.51076]}, "properties": {"id": "trv-12745:101507-1000:74365-0.5127", "country": "se", "source": "TRV", "updated": "2026-09-12", "name": "Sickelsta V", "type": "aire", "vidange": true, "toilettes": true, "places_voiture": 12, "places_poids_lourd": 2, "tables": 8, "aire_de_jeu": false, "gestionnaire": "Trafikverket", "equipee": true}}, {"type": "Feature", "geometry": {"type": "Point", "coordinates": [15.9459, 59.51315]}, "properties": {"id": "trv-12745:101511-1000:74359-0.4924", "country": "se", "source": "TRV", "updated": "2026-09-12", "name": "Sickelsta Ö", "type": "aire", "vidange": true, "toilettes": true, "places_voiture": 16, "places_poids_lourd": 11, "tables": 8, "aire_de_jeu": false, "gestionnaire": "Trafikverket", "equipee": true}}, {"type": "Feature", "geometry": {"type": "Point", "coordinates": [14.01036, 59.37018]}, "properties": {"id": "trv-16179:37279-1000:69720-0.8225", "country": "se", "source": "TRV", "updated": "2026-09-12", "name": "Sillekrog V", "type": "aire", "vidange": false, "toilettes": false, "places_voiture": 45, "places_poids_lourd": 7, "tables": 7, "aire_de_jeu": false, "gestionnaire": "Trafikverket", "equipee": false}}, {"type": "Feature", "geometry": {"type": "Point", "coordinates": [17.01776, 59.40144]}, "properties": {"id": "trv-16179:37283-1000:69683-0.2887", "country": "se", "source": "TRV", "updated": "2026-09-12", "name": "Sillekrog Ö", "type": "aire", "vidange": false, "toilettes": false, "places_voiture": 9, "places_poids_lourd": 6, "tables": 7, "aire_de_jeu": true, "gestionnaire": "Trafikverket", "equipee": false}}, {"type": "Feature", "geometry": {"type": "Point", "coordinates": [13.33627, 59.38348]}, "properties": {"id": "trv-12745:101447-1000:76252-0.3367", "country": "se", "source": "TRV", "updated": "2026-09-12", "name": "Skoftesta V", "type": "aire", "vidange": true, "toilettes": true, "places_voiture": 12, "places_poids_lourd": 3, "tables": 8, "aire_de_jeu": true, "gestionnaire": "Trafikverket", "equipee": true}}, {"type": "Feature", "geometry": {"type": "Point", "coordinates": [15.94637, 59.51289]}, "properties": {"id": "trv-12745:101443-1000:86497-0.5574", "country": "se", "source": "TRV", "updated": "2026-09-12", "name": "Skoftesta Ö", "type": "aire", "vidange": true, "toilettes": true, "places_voiture": 33, "places_poids_lourd": 6, "tables": 5, "aire_de_jeu": false, "gestionnaire": "Trafikverket", "equipee": true}}, {"type": "Feature", "geometry": {"type": "Point", "coordinates": [13.10166, 59.98422]}, "properties": {"id": "trv-16137:712504-12731:189272-0.8339", "country": "se", "source": "TRV", "updated": "2026-09-12", "name": "Stenshammar skans", "type": "aire", "vidange": false, "toilettes": true, "places_voiture": 15, "places_poids_lourd": 2, "tables": 5, "aire_de_jeu": false, "gestionnaire": "Trafikverket", "equipee": true}}, {"type": "Feature", "geometry": {"type": "Point", "coordinates": [17.63792, 59.9892]}, "properties": {"id": "trv-12745:101427-13222:38186-0.9516", "country": "se", "source": "TRV", "updated": "2026-09-12", "name": "Stolpen", "type": "aire", "vidange": true, "toilettes": true, "places_voiture": 14, "places_poids_lourd": 0, "tables": 7, "aire_de_jeu": false, "gestionnaire": "Trafikverket", "equipee": true}}, {"type": "Feature", "geometry": {"type": "Point", "coordinates": [16.9454, 60.15264]}, "properties": {"id": "trv-16137:712500-1000:78077-0.8414", "country": "se", "source": "TRV", "updated": "2026-09-12", "name": "Strängnäsbron", "type": "aire", "vidange": true, "toilettes": true, "places_voiture": 14, "places_poids_lourd": 2, "tables": 5, "aire_de_jeu": false, "gestionnaire": "Trafikverket", "equipee": true}}, {"type": "Feature", "geometry": {"type": "Point", "coordinates": [15.95298, 60.32325]}, "properties": {"id": "trv-12745:101431-11154:415777-0.5706", "country": "se", "source": "TRV", "updated": "2026-09-12", "name": "Sörmon", "type": "aire", "vidange": true, "toilettes": true, "places_voiture": 33, "places_poids_lourd": 1, "tables": 5, "aire_de_jeu": false, "gestionnaire": "Trafikverket", "equipee": true}}, {"type": "Feature", "geometry": {"type": "Point", "coordinates": [17.64628, 59.97035]}, "properties": {"id": "trv-16137:712372-1000:84723-0.8041", "country": "se", "source": "TRV", "updated": "2026-09-12", "name": "Tossebergsklätten", "type": "aire", "vidange": true, "toilettes": true, "places_voiture": 16, "places_poids_lourd": 2, "tables": 8, "aire_de_jeu": false, "gestionnaire": "Trafikverket", "equipee": true}}, {"type": "Feature", "geometry": {"type": "Point", "coordinates": [17.63751, 59.98919]}, "properties": {"id": "trv-16179:37307-16434:276-0.8854", "country": "se", "source": "TRV", "updated": "2026-09-12", "name": "Tre Ängar", "type": "aire", "vidange": true, "toilettes": true, "places_voiture": 63, "places_poids_lourd": 11, "tables": 9, "aire_de_jeu": true, "gestionnaire": "Trafikverket", "equipee": true}}, {"type": "Feature", "geometry": {"type": "Point", "coordinates": [16.42853, 58.725]}, "properties": {"id": "trv-16137:712516-19306:974-0.8223", "country": "se", "source": "TRV", "updated": "2026-09-12", "name": "Tärnsjö", "type": "aire", "vidange": true, "toilettes": true, "places_voiture": 16, "places_poids_lourd": 3, "tables": 6, "aire_de_jeu": true, "gestionnaire": "Trafikverket", "equipee": true}}, {"type": "Feature", "geometry": {"type": "Point", "coordinates": [15.95307, 60.32327]}, "properties": {"id": "trv-16137:712572-1000:95361-0.3844", "country": "se", "source": "TRV", "updated": "2026-09-12", "name": "Viggen", "type": "aire", "vidange": true, "toilettes": true, "places_voiture": 7, "places_poids_lourd": 1, "tables": 4, "aire_de_jeu": false, "gestionnaire": "Trafikverket", "equipee": true}}, {"type": "Feature", "geometry": {"type": "Point", "coordinates": [14.70896, 59.27854]}, "properties": {"id": "trv-12745:101451-19313:2131-0.4890", "country": "se", "source": "TRV", "updated": "2026-09-12", "name": "Villingen", "type": "aire", "vidange": true, "toilettes": true, "places_voiture": 13, "places_poids_lourd": 3, "tables": 6, "aire_de_jeu": false, "gestionnaire": "Trafikverket", "equipee": true}}, {"type": "Feature", "geometry": {"type": "Point", "coordinates": [17.64694, 59.9704]}, "properties": {"id": "trv-16179:37303-16434:271-0.2024", "country": "se", "source": "TRV", "updated": "2026-09-12", "name": "Torsberget", "type": "aire", "vidange": true, "toilettes": true, "places_voiture": 8, "places_poids_lourd": 11, "tables": 13, "aire_de_jeu": true, "gestionnaire": "Trafikverket", "equipee": true}}, {"type": "Feature", "geometry": {"type": "Point", "coordinates": [16.42809, 58.72491]}, "properties": {"id": "trv-16137:712748-1000:67554-0.0258", "country": "se", "source": "TRV", "updated": "2026-09-12", "name": "Tintomara", "type": "aire", "vidange": false, "toilettes": false, "places_voiture": 10, "places_poids_lourd": 1, "tables": 5, "aire_de_jeu": false, "gestionnaire": "Trafikverket", "equipee": false}}, {"type": "Feature", "geometry": {"type": "Point", "coordinates": [14.94283, 62.17373]}, "properties": {"id": "trv-16137:712380-1000:104130-0.9975", "country": "se", "source": "TRV", "updated": "2026-09-12", "name": "Ytterhogdal", "type": "aire", "vidange": false, "toilettes": true, "places_voiture": 14, "places_poids_lourd": 3, "tables": 3, "aire_de_jeu": false, "gestionnaire": "Trafikverket", "equipee": true}}, {"type": "Feature", "geometry": {"type": "Point", "coordinates": [14.82283, 61.60056]}, "properties": {"id": "trv-16137:712352-1000:102677-0.8161", "country": "se", "source": "TRV", "updated": "2026-09-12", "name": "Sandsjön N", "type": "aire", "vidange": false, "toilettes": true, "places_voiture": 12, "places_poids_lourd": 4, "tables": 6, "aire_de_jeu": false, "gestionnaire": "Trafikverket", "equipee": true}}, {"type": "Feature", "geometry": {"type": "Point", "coordinates": [15.28285, 60.30092]}, "properties": {"id": "trv-16137:712228-1000:22855-0.1395", "country": "se", "source": "TRV", "updated": "2026-09-12", "name": "Kungastenarna", "type": "aire", "vidange": false, "toilettes": true, "places_voiture": 7, "places_poids_lourd": 4, "tables": 12, "aire_de_jeu": false, "gestionnaire": "Trafikverket", "equipee": true}}, {"type": "Feature", "geometry": {"type": "Point", "coordinates": [16.96737, 61.07212]}, "properties": {"id": "trv-16137:712284-1000:39223-0.9730", "country": "se", "source": "TRV", "updated": "2026-09-12", "name": "Långsjön N", "type": "aire", "vidange": false, "toilettes": true, "places_voiture": 10, "places_poids_lourd": 1, "tables": 0, "aire_de_jeu": false, "gestionnaire": "kommunen", "equipee": true}}, {"type": "Feature", "geometry": {"type": "Point", "coordinates": [14.26656, 57.85278]}, "properties": {"id": "trv-16179:37183-1000:48737-0.3035", "country": "se", "source": "TRV", "updated": "2026-09-12", "name": "Vista Kulle Ö", "type": "aire", "vidange": true, "toilettes": true, "places_voiture": 19, "places_poids_lourd": 4, "tables": 9, "aire_de_jeu": false, "gestionnaire": "Trafikverket", "equipee": true}}, {"type": "Feature", "geometry": {"type": "Point", "coordinates": [15.28251, 60.30118]}, "properties": {"id": "trv-13622:676510-13648:6923-0.0109", "country": "se", "source": "TRV", "updated": "2026-09-12", "name": "Långsjön", "type": "aire", "vidange": false, "toilettes": true, "places_voiture": 20, "places_poids_lourd": 9, "tables": 8, "aire_de_jeu": false, "gestionnaire": "Trafikverket", "equipee": true}}, {"type": "Feature", "geometry": {"type": "Point", "coordinates": [16.9643, 61.0723]}, "properties": {"id": "trv-16179:37315-13657:463-0.0557", "country": "se", "source": "TRV", "updated": "2026-09-12", "name": "Tönnebro", "type": "aire", "vidange": false, "toilettes": true, "places_voiture": 30, "places_poids_lourd": 15, "tables": 11, "aire_de_jeu": true, "gestionnaire": "Trafikverket", "equipee": true}}, {"type": "Feature", "geometry": {"type": "Point", "coordinates": [14.6078, 57.1373]}, "properties": {"id": "trv-16137:712236-1000:30640-0.1319", "country": "se", "source": "TRV", "updated": "2026-09-12", "name": "Fräjen", "type": "aire", "vidange": true, "toilettes": true, "places_voiture": 17, "places_poids_lourd": 4, "tables": 7, "aire_de_jeu": false, "gestionnaire": "Trafikverket", "equipee": true}}, {"type": "Feature", "geometry": {"type": "Point", "coordinates": [14.98193, 56.97814]}, "properties": {"id": "trv-12745:101591-12724:107884-0.4498", "country": "se", "source": "TRV", "updated": "2026-09-12", "name": "Innaren", "type": "aire", "vidange": true, "toilettes": true, "places_voiture": 14, "places_poids_lourd": 3, "tables": 10, "aire_de_jeu": false, "gestionnaire": "Trafikverket", "equipee": true}}, {"type": "Feature", "geometry": {"type": "Point", "coordinates": [17.95188, 62.80671]}, "properties": {"id": "trv-16179:37339-11654:1080-0.5805", "country": "se", "source": "TRV", "updated": "2026-09-12", "name": "Hornöberget V", "type": "aire", "vidange": true, "toilettes": true, "places_voiture": 9, "places_poids_lourd": 2, "tables": 3, "aire_de_jeu": false, "gestionnaire": "Trafikverket", "equipee": true}}, {"type": "Feature", "geometry": {"type": "Point", "coordinates": [14.1314, 55.71921]}, "properties": {"id": "trv-16137:712484-1000:85860-0.0807", "country": "se", "source": "TRV", "updated": "2026-09-12", "name": "Lindesberg", "type": "aire", "vidange": true, "toilettes": false, "places_voiture": 13, "places_poids_lourd": 8, "tables": 8, "aire_de_jeu": false, "gestionnaire": "Trafikverket", "equipee": true}}, {"type": "Feature", "geometry": {"type": "Point", "coordinates": [21.0016, 64.19219]}, "properties": {"id": "trv-16179:37335-16141:141013-0.2534", "country": "se", "source": "TRV", "updated": "2026-09-12", "name": "Granberget", "type": "aire", "vidange": true, "toilettes": true, "places_voiture": 12, "places_poids_lourd": 6, "tables": 7, "aire_de_jeu": true, "gestionnaire": "Trafikverket", "equipee": true}}, {"type": "Feature", "geometry": {"type": "Point", "coordinates": [13.60432, 60.00416]}, "properties": {"id": "trv-16137:712540-17171:31-0.8892", "country": "se", "source": "TRV", "updated": "2026-09-12", "name": "Råda", "type": "aire", "vidange": false, "toilettes": true, "places_voiture": 27, "places_poids_lourd": 3, "tables": 8, "aire_de_jeu": true, "gestionnaire": "Trafikverket", "equipee": true}}, {"type": "Feature", "geometry": {"type": "Point", "coordinates": [14.13173, 55.71952]}, "properties": {"id": "trv-16137:712392-1000:9325-0.3567", "country": "se", "source": "TRV", "updated": "2026-09-12", "name": "Brösarps Backar", "type": "aire", "vidange": true, "toilettes": true, "places_voiture": 29, "places_poids_lourd": 0, "tables": 19, "aire_de_jeu": false, "gestionnaire": "Trafikverket", "equipee": true}}, {"type": "Feature", "geometry": {"type": "Point", "coordinates": [15.35527, 62.81444]}, "properties": {"id": "trv-12750:193557-1000:107540-0.0941", "country": "se", "source": "TRV", "updated": "2026-09-12", "name": "Gimån", "type": "aire", "vidange": true, "toilettes": true, "places_voiture": 15, "places_poids_lourd": 2, "tables": 5, "aire_de_jeu": false, "gestionnaire": "Trafikverket", "equipee": true}}, {"type": "Feature", "geometry": {"type": "Point", "coordinates": [14.26642, 57.85315]}, "properties": {"id": "trv-16179:37179-1000:48482-0.7022", "country": "se", "source": "TRV", "updated": "2026-09-12", "name": "Vista Kulle V", "type": "aire", "vidange": true, "toilettes": true, "places_voiture": 12, "places_poids_lourd": 2, "tables": 5, "aire_de_jeu": false, "gestionnaire": "Trafikverket", "equipee": true}}, {"type": "Feature", "geometry": {"type": "Point", "coordinates": [15.68068, 58.16237]}, "properties": {"id": "trv-12745:101587-11154:511090-0.1461", "country": "se", "source": "TRV", "updated": "2026-09-12", "name": "Hackelboö", "type": "aire", "vidange": true, "toilettes": true, "places_voiture": 19, "places_poids_lourd": 0, "tables": 4, "aire_de_jeu": false, "gestionnaire": "Trafikverket", "equipee": true}}, {"type": "Feature", "geometry": {"type": "Point", "coordinates": [18.03354, 64.82943]}, "properties": {"id": "trv-12750:193521-1000:116596-0.0891", "country": "se", "source": "TRV", "updated": "2026-09-12", "name": "Blåvikssjön", "type": "aire", "vidange": true, "toilettes": true, "places_voiture": 11, "places_poids_lourd": 4, "tables": 14, "aire_de_jeu": true, "gestionnaire": "Trafikverket", "equipee": true}}, {"type": "Feature", "geometry": {"type": "Point", "coordinates": [16.1746, 64.10691]}, "properties": {"id": "trv-16137:712320-1000:114666-0.1571", "country": "se", "source": "TRV", "updated": "2026-09-12", "name": "Hoting", "type": "aire", "vidange": false, "toilettes": true, "places_voiture": 9, "places_poids_lourd": 21, "tables": 4, "aire_de_jeu": false, "gestionnaire": "Trafikverket", "equipee": true}}, {"type": "Feature", "geometry": {"type": "Point", "coordinates": [13.80925, 58.30921]}, "properties": {"id": "trv-16137:712196-15819:18-0.0834", "country": "se", "source": "TRV", "updated": "2026-09-12", "name": "Grevagården", "type": "aire", "vidange": false, "toilettes": true, "places_voiture": 22, "places_poids_lourd": 2, "tables": 11, "aire_de_jeu": false, "gestionnaire": "Trafikverket", "equipee": true}}, {"type": "Feature", "geometry": {"type": "Point", "coordinates": [14.44338, 57.99568]}, "properties": {"id": "trv-16179:37119-1000:49132-0.1527", "country": "se", "source": "TRV", "updated": "2026-09-12", "name": "Gyllene Uttern", "type": "aire", "vidange": true, "toilettes": true, "places_voiture": 20, "places_poids_lourd": 0, "tables": 23, "aire_de_jeu": true, "gestionnaire": "Trafikverket", "equipee": true}}, {"type": "Feature", "geometry": {"type": "Point", "coordinates": [14.67041, 58.2287]}, "properties": {"id": "trv-16179:37187-1000:58523-0.5333", "country": "se", "source": "TRV", "updated": "2026-09-12", "name": "Östgötaporten", "type": "aire", "vidange": true, "toilettes": true, "places_voiture": 33, "places_poids_lourd": 0, "tables": 16, "aire_de_jeu": true, "gestionnaire": "Trafikverket", "equipee": true}}, {"type": "Feature", "geometry": {"type": "Point", "coordinates": [14.37496, 60.88918]}, "properties": {"id": "trv-16137:712356-1000:97557-0.6987", "country": "se", "source": "TRV", "updated": "2026-09-12", "name": "Siljansfors", "type": "aire", "vidange": false, "toilettes": false, "places_voiture": 34, "places_poids_lourd": 9, "tables": 0, "aire_de_jeu": false, "gestionnaire": "Trafikverket", "equipee": false}}, {"type": "Feature", "geometry": {"type": "Point", "coordinates": [15.14491, 57.23671]}, "properties": {"id": "trv-16137:712252-1000:31084-0.0558", "country": "se", "source": "TRV", "updated": "2026-09-12", "name": "Boskvarnasjön V", "type": "aire", "vidange": true, "toilettes": true, "places_voiture": 10, "places_poids_lourd": 2, "tables": 2, "aire_de_jeu": false, "gestionnaire": "Trafikverket", "equipee": true}}, {"type": "Feature", "geometry": {"type": "Point", "coordinates": [15.14496, 57.23668]}, "properties": {"id": "trv-16137:712248-1000:31084-0.0552", "country": "se", "source": "TRV", "updated": "2026-09-12", "name": "Boskvarnasjön Ö", "type": "aire", "vidange": true, "toilettes": true, "places_voiture": 10, "places_poids_lourd": 0, "tables": 5, "aire_de_jeu": false, "gestionnaire": "Trafikverket", "equipee": true}}, {"type": "Feature", "geometry": {"type": "Point", "coordinates": [16.58257, 56.78943]}, "properties": {"id": "trv-16137:712656-12725:192826-0.3157", "country": "se", "source": "TRV", "updated": "2026-09-12", "name": "Ekerum ", "type": "aire", "vidange": false, "toilettes": true, "places_voiture": 14, "places_poids_lourd": 0, "tables": 10, "aire_de_jeu": false, "gestionnaire": "Trafikverket", "equipee": true}}, {"type": "Feature", "geometry": {"type": "Point", "coordinates": [13.16361, 56.12019]}, "properties": {"id": "trv-12750:193545-1000:11544-0.6906", "country": "se", "source": "TRV", "updated": "2026-09-12", "name": "Forsmöllan N", "type": "aire", "vidange": true, "toilettes": true, "places_voiture": 0, "places_poids_lourd": 2, "tables": 2, "aire_de_jeu": false, "gestionnaire": "Trafikverket", "equipee": true}}, {"type": "Feature", "geometry": {"type": "Point", "coordinates": [13.16533, 56.12076]}, "properties": {"id": "trv-12750:193549-1000:11544-0.7897", "country": "se", "source": "TRV", "updated": "2026-09-12", "name": "Forsmöllan S", "type": "aire", "vidange": true, "toilettes": true, "places_voiture": 0, "places_poids_lourd": 0, "tables": 2, "aire_de_jeu": false, "gestionnaire": "Trafikverket", "equipee": true}}, {"type": "Feature", "geometry": {"type": "Point", "coordinates": [16.48876, 57.37374]}, "properties": {"id": "trv-12745:101531-12874:3362-0.3633", "country": "se", "source": "TRV", "updated": "2026-09-12", "name": "Fårbo", "type": "aire", "vidange": true, "toilettes": true, "places_voiture": 20, "places_poids_lourd": 4, "tables": 5, "aire_de_jeu": true, "gestionnaire": "kommunen", "equipee": true}}, {"type": "Feature", "geometry": {"type": "Point", "coordinates": [12.80509, 56.43799]}, "properties": {"id": "trv-16137:712632-1000:19646-0.3852", "country": "se", "source": "TRV", "updated": "2026-09-12", "name": "Italienska vägen", "type": "aire", "vidange": true, "toilettes": true, "places_voiture": 18, "places_poids_lourd": 2, "tables": 10, "aire_de_jeu": false, "gestionnaire": "Trafikverket", "equipee": true}}, {"type": "Feature", "geometry": {"type": "Point", "coordinates": [21.50529, 65.14312]}, "properties": {"id": "trv-16179:37247-12843:679-0.1801", "country": "se", "source": "TRV", "updated": "2026-09-12", "name": "Jävre N", "type": "aire", "vidange": true, "toilettes": true, "places_voiture": 5, "places_poids_lourd": 2, "tables": 8, "aire_de_jeu": false, "gestionnaire": "Trafikverket", "equipee": true}}, {"type": "Feature", "geometry": {"type": "Point", "coordinates": [20.20445, 67.87307]}, "properties": {"id": "trv-12750:193517-12727:372053-0.9405", "country": "se", "source": "TRV", "updated": "2026-09-12", "name": "Luossavaara", "type": "aire", "vidange": true, "toilettes": true, "places_voiture": 12, "places_poids_lourd": 6, "tables": 0, "aire_de_jeu": true, "gestionnaire": "Trafikverket", "equipee": true}}, {"type": "Feature", "geometry": {"type": "Point", "coordinates": [13.1072, 56.20777]}, "properties": {"id": "trv-16179:37151-1000:13274-0.4395", "country": "se", "source": "TRV", "updated": "2026-09-12", "name": "Mölletofta", "type": "aire", "vidange": true, "toilettes": true, "places_voiture": 11, "places_poids_lourd": 0, "tables": 18, "aire_de_jeu": true, "gestionnaire": "Trafikverket", "equipee": true}}, {"type": "Feature", "geometry": {"type": "Point", "coordinates": [13.33987, 56.28327]}, "properties": {"id": "trv-16179:37163-14425:187-0.5696", "country": "se", "source": "TRV", "updated": "2026-09-12", "name": "Skåneporten", "type": "aire", "vidange": true, "toilettes": true, "places_voiture": 20, "places_poids_lourd": 0, "tables": 8, "aire_de_jeu": false, "gestionnaire": "Trafikverket", "equipee": true}}]}