{"type": "FeatureCollection", "features": [{"type": "Feature", "geometry": {"type": "LineString", "coordinates": [[14.45589, 58.02889], [14.4534, 58.02962], [14.45171, 58.03028]]}, "properties": {"id": "trv-12781:37243-12781:37234-0.0000_1.0000", "country": "se", "source": "TRV", "updated": "2026-09-12", "name": "Visingsöleden", "type": "liaison", "exploitation": "Trafikverket"}}, {"type": "Feature", "geometry": {"type": "LineString", "coordinates": [[11.34488, 58.36297], [11.34409, 58.36232], [11.34331, 58.36167], [11.34259, 58.36107], [11.34177, 58.3604], [11.34098, 58.35974], [11.34024, 58.35913], [11.33948, 58.3585], [11.33869, 58.35784]]}, "properties": {"id": "trv-12794:66281-16593:102969-0.0000_1.0000", "country": "se", "source": "TRV", "updated": "2026-09-12", "name": "Bohus-Malmönleden", "type": "liaison", "exploitation": "Trafikverket"}}, {"type": "Feature", "geometry": {"type": "LineString", "coordinates": [[11.26889, 58.55244], [11.26636, 58.55246]]}, "properties": {"id": "trv-12794:66283-1000:63443-0.0000_1.0000", "country": "se", "source": "TRV", "updated": "2026-09-12", "name": "Hamburgsundsleden", "type": "liaison", "exploitation": "Trafikverket"}}, {"type": "Feature", "geometry": {"type": "LineString", "coordinates": [[11.50401, 58.30257], [11.50437, 58.30257], [11.50521, 58.30253], [11.51536, 58.3026], [11.51954, 58.30262], [11.52331, 58.30257], [11.52602, 58.3024], [11.52865, 58.30209], [11.53088, 58.30161], [11.53163, 58.30146], [11.53242, 58.30127], [11.53326, 58.30106], [11.5339, 58.30079], [11.53446, 58.30048], [11.53484, 58.30026], [11.53507, 58.30005]]}, "properties": {"id": "trv-12794:66285-1000:51523-0.0000_1.0000", "country": "se", "source": "TRV", "updated": "2026-09-12", "name": "Gullmarsleden", "type": "liaison", "exploitation": "Trafikverket"}}, {"type": "Feature", "geometry": {"type": "LineString", "coordinates": [[11.48898, 58.19515], [11.48536, 58.1959]]}, "properties": {"id": "trv-12794:66291-1000:51447-0.0000_1.0000", "country": "se", "source": "TRV", "updated": "2026-09-12", "name": "Malöleden", "type": "liaison", "exploitation": "Trafikverket"}}, {"type": "Feature", "geometry": {"type": "LineString", "coordinates": [[17.68989, 59.04969], [17.6904, 59.05009], [17.69096, 59.05053], [17.69158, 59.05102], [17.69325, 59.05235]]}, "properties": {"id": "trv-12793:119731-1000:69833-0.0000_1.0000", "country": "se", "source": "TRV", "updated": "2026-09-12", "name": "Skanssundsleden", "type": "liaison", "exploitation": "Trafikverket"}}, {"type": "Feature", "geometry": {"type": "LineString", "coordinates": [[11.68619, 57.69486], [11.68737, 57.69508], [11.68792, 57.6991], [11.68838, 57.70238], [11.68875, 57.7053], [11.68689, 57.70732]]}, "properties": {"id": "trv-12752:312-12752:305-0.0000_0.9520", "country": "se", "source": "TRV", "updated": "2026-09-12", "occurrences": 6, "name": "Kalvsund-Grötö leden", "type": "liaison", "exploitation": "Trafikverket"}}, {"type": "Feature", "geometry": {"type": "LineString", "coordinates": [[11.68648, 57.70774], [11.6845, 57.71059]]}, "properties": {"id": "trv-12752:312-12752:308-0.0280_0.1885", "country": "se", "source": "TRV", "updated": "2026-09-12", "occurrences": 6, "name": "Kalvsund-Grötö leden", "type": "liaison", "exploitation": "Trafikverket"}}, {"type": "Feature", "geometry": {"type": "LineString", "coordinates": [[11.68334, 57.71145], [11.68208, 57.7122], [11.67927, 57.71318], [11.67661, 57.71411], [11.67063, 57.71288], [11.66429, 57.71158], [11.65949, 57.71061]]}, "properties": {"id": "trv-12752:312-12752:308-0.2359_1.0000", "country": "se", "source": "TRV", "updated": "2026-09-12", "occurrences": 6, "name": "Kalvsund-Grötö leden", "type": "liaison", "exploitation": "Trafikverket"}}, {"type": "Feature", "geometry": {"type": "LineString", "coordinates": [[11.68648, 57.70774], [11.68689, 57.70732]]}, "properties": {"id": "trv-12752:312-13800:2127-0.0000_1.0000", "country": "se", "source": "TRV", "updated": "2026-09-12", "occurrences": 6, "name": "Kalvsund-Grötö leden", "type": "liaison", "exploitation": "Trafikverket"}}, {"type": "Feature", "geometry": {"type": "LineString", "coordinates": [[11.68334, 57.71145], [11.68328, 57.7107]]}, "properties": {"id": "trv-12752:312-13800:2132-0.0000_1.0000", "country": "se", "source": "TRV", "updated": "2026-09-12", "occurrences": 6, "name": "Kalvsund-Grötö leden", "type": "liaison", "exploitation": "Trafikverket"}}, {"type": "Feature", "geometry": {"type": "LineString", "coordinates": [[11.68328, 57.7107], [11.6845, 57.71059]]}, "properties": {"id": "trv-12752:312-13800:2136-0.0000_1.0000", "country": "se", "source": "TRV", "updated": "2026-09-12", "occurrences": 6, "name": "Kalvsund-Grötö leden", "type": "liaison", "exploitation": "Trafikverket"}}, {"type": "Feature", "geometry": {"type": "LineString", "coordinates": [[11.96575, 57.71154], [11.9644, 57.71222], [11.96377, 57.71222], [11.96311, 57.71204], [11.96252, 57.71178], [11.96176, 57.71138], [11.96076, 57.71078], [11.95919, 57.70972], [11.95742, 57.70844], [11.95556, 57.70695], [11.95547, 57.70667], [11.95557, 57.70646], [11.95578, 57.70626], [11.95612, 57.70608], [11.95657, 57.70591]]}, "properties": {"id": "trv-12589:16769-12589:16552-0.0000_1.0000", "country": "se", "source": "TRV", "updated": "2026-09-12", "occurrences": 3, "name": "Älvsnabben", "type": "liaison", "exploitation": "Trafikverket"}}, {"type": "Feature", "geometry": {"type": "LineString", "coordinates": [[11.93983, 57.70551], [11.94082, 57.70426], [11.95081, 57.70478], [11.95657, 57.70591]]}, "properties": {"id": "trv-12589:16769-20531:4679-0.0000_1.0000", "country": "se", "source": "TRV", "updated": "2026-09-12", "occurrences": 3, "name": "Älvsnabben", "type": "liaison", "exploitation": "Trafikverket"}}, {"type": "Feature", "geometry": {"type": "LineString", "coordinates": [[16.59458, 58.6287], [16.59442, 58.62884], [16.59398, 58.62993], [16.59376, 58.63163], [16.5944, 58.63437], [16.59533, 58.6367], [16.59594, 58.63763], [16.59623, 58.63783]]}, "properties": {"id": "trv-12796:36871-1000:67613-0.0000_1.0000", "country": "se", "source": "TRV", "updated": "2026-09-12", "name": "Skenäsleden", "type": "liaison", "exploitation": "Trafikverket"}}, {"type": "Feature", "geometry": {"type": "LineString", "coordinates": [[11.65493, 57.74848], [11.65544, 57.74827], [11.6562, 57.74777], [11.65612, 57.74712], [11.65537, 57.74662], [11.65433, 57.74628], [11.65254, 57.74613], [11.65101, 57.74611], [11.64783, 57.74609], [11.64509, 57.74598], [11.64298, 57.74564], [11.64195, 57.74504], [11.64187, 57.74443], [11.64182, 57.74411]]}, "properties": {"id": "trv-11162:146246-11162:146232-0.0000_1.0000", "country": "se", "source": "TRV", "updated": "2026-09-12", "occurrences": 5, "name": "Nordöleden", "type": "liaison", "exploitation": "Trafikverket"}}, {"type": "Feature", "geometry": {"type": "LineString", "coordinates": [[11.64182, 57.74411], [11.64159, 57.7444], [11.64039, 57.74658], [11.63946, 57.74725], [11.63656, 57.74801], [11.63366, 57.74835], [11.62934, 57.74858], [11.62458, 57.74911], [11.62307, 57.74941], [11.62183, 57.74998], [11.6211, 57.75067], [11.62021, 57.75232], [11.61916, 57.75498], [11.61878, 57.7563], [11.6181, 57.7577], [11.61762, 57.75808], [11.61728, 57.75821], [11.6167, 57.75826], [11.61618, 57.75829]]}, "properties": {"id": "trv-11162:146246-11162:146235-0.0000_1.0000", "country": "se", "source": "TRV", "updated": "2026-09-12", "occurrences": 5, "name": "Nordöleden", "type": "liaison", "exploitation": "Trafikverket"}}, {"type": "Feature", "geometry": {"type": "LineString", "coordinates": [[11.64182, 57.74411], [11.64092, 57.74646], [11.63956, 57.74815], [11.63741, 57.75042], [11.63549, 57.75238], [11.63237, 57.75519], [11.62917, 57.75768], [11.62827, 57.75822], [11.62739, 57.75857], [11.62678, 57.75875], [11.62561, 57.75896], [11.62418, 57.75912], [11.6229, 57.75913], [11.62108, 57.75888], [11.61891, 57.75841], [11.61775, 57.75822], [11.6167, 57.75826]]}, "properties": {"id": "trv-11162:146246-11162:146239-0.0000_1.0000", "country": "se", "source": "TRV", "updated": "2026-09-12", "occurrences": 5, "name": "Nordöleden", "type": "liaison", "exploitation": "Trafikverket"}}, {"type": "Feature", "geometry": {"type": "LineString", "coordinates": [[11.64182, 57.74411], [11.6414, 57.74609], [11.63968, 57.75287], [11.63893, 57.75597], [11.63859, 57.75739], [11.63717, 57.76065], [11.63556, 57.76305], [11.63305, 57.7651], [11.63089, 57.76661], [11.62756, 57.76788], [11.62523, 57.76864], [11.62371, 57.76928], [11.62259, 57.76998], [11.62125, 57.7713], [11.62088, 57.7715]]}, "properties": {"id": "trv-11162:146246-11162:146242-0.0000_1.0000", "country": "se", "source": "TRV", "updated": "2026-09-12", "occurrences": 5, "name": "Nordöleden", "type": "liaison", "exploitation": "Trafikverket"}}, {"type": "Feature", "geometry": {"type": "LineString", "coordinates": [[11.6167, 57.75826], [11.61753, 57.75825], [11.61824, 57.75832], [11.6192, 57.75863], [11.61962, 57.75886], [11.62006, 57.75934], [11.62012, 57.76021], [11.61992, 57.76121], [11.62003, 57.76248], [11.62053, 57.7638], [11.62147, 57.7648], [11.62235, 57.7655], [11.6239, 57.76659], [11.62486, 57.76738], [11.62523, 57.76817], [11.62434, 57.76883], [11.62359, 57.76919], [11.62248, 57.7699], [11.62088, 57.7715]]}, "properties": {"id": "trv-11162:146246-11162:146244-0.0000_1.0000", "country": "se", "source": "TRV", "updated": "2026-09-12", "occurrences": 5, "name": "Nordöleden", "type": "liaison", "exploitation": "Trafikverket"}}, {"type": "Feature", "geometry": {"type": "LineString", "coordinates": [[16.67586, 57.74944], [16.67608, 57.74968], [16.67634, 57.74982], [16.67664, 57.74994], [16.67705, 57.75], [16.67752, 57.74997], [16.67794, 57.7499], [16.6783, 57.74984], [16.67864, 57.74969], [16.67905, 57.74942], [16.67935, 57.74922], [16.67965, 57.74896], [16.67976, 57.74867], [16.67991, 57.74837], [16.68002, 57.74815], [16.68014, 57.74781], [16.68025, 57.74752], [16.68041, 57.74713], [16.68059, 57.74664], [16.68076, 57.74621], [16.68098, 57.74562], [16.68119, 57.74527], [16.68139, 57.74497], [16.6816, 57.74458], [16.68177, 57.74426], [16.68202, 57.74387], [16.68225, 57.74349], [16.68252, 57.74313], [16.6828, 57.74276], [16.68314, 57.7424], [16.68342, 57.74206], [16.6837, 57.74173], [16.68396, 57.74145], [16.68424, 57.74116], [16.68443, 57.7409], [16.68471, 57.74059], [16.68494, 57.74028], [16.68524, 57.73993], [16.68554, 57.73958], [16.68584, 57.73927], [16.68614, 57.73892], [16.68642, 57.73856], [16.68671, 57.73823], [16.68693, 57.73792], [16.68726, 57.73756], [16.68757, 57.73725], [16.68781, 57.73694], [16.68807, 57.7366], [16.68838, 57.73629], [16.68868, 57.73592], [16.68901, 57.73555], [16.68931, 57.73518], [16.6896, 57.73481], [16.68992, 57.73445], [16.69023, 57.73407], [16.69052, 57.73371], [16.69081, 57.73335], [16.69113, 57.73298], [16.69142, 57.73261], [16.69176, 57.73224], [16.69207, 57.73194], [16.69235, 57.73169], [16.69262, 57.73157], [16.69307, 57.73137], [16.69351, 57.7312], [16.69388, 57.7311], [16.69451, 57.73093], [16.69516, 57.73075], [16.69578, 57.7307], [16.69637, 57.73065], [16.69695, 57.7306], [16.69771, 57.73054], [16.69849, 57.73047], [16.69921, 57.73041], [16.70003, 57.73035], [16.70072, 57.73027], [16.70149, 57.73021], [16.70205, 57.73017], [16.70272, 57.73012], [16.70345, 57.73004], [16.70407, 57.72999], [16.70481, 57.72988], [16.70559, 57.72984], [16.70639, 57.72978], [16.7072, 57.7297], [16.70791, 57.72964], [16.7086, 57.72957], [16.70938, 57.72953], [16.71016, 57.72946], [16.71096, 57.72941], [16.71172, 57.72932], [16.71244, 57.72927], [16.71324, 57.7292], [16.71402, 57.72913], [16.71478, 57.72906], [16.71556, 57.72899], [16.71637, 57.72891], [16.71704, 57.72884], [16.71774, 57.72882], [16.71848, 57.72876], [16.71926, 57.72869], [16.72002, 57.72862], [16.72074, 57.72855], [16.72145, 57.72851], [16.72216, 57.72848], [16.723, 57.72849], [16.72362, 57.72852], [16.72427, 57.72859], [16.72491, 57.72868], [16.72571, 57.7288], [16.72626, 57.72896], [16.72681, 57.72908], [16.72741, 57.72931], [16.72799, 57.72958], [16.72852, 57.72988], [16.72903, 57.73014], [16.72951, 57.73045], [16.72997, 57.73077], [16.73043, 57.73109], [16.73085, 57.7314], [16.73133, 57.73174], [16.73172, 57.73201], [16.732, 57.73229], [16.73226, 57.73256], [16.73261, 57.73297], [16.73291, 57.73328], [16.73318, 57.7336], [16.73348, 57.73392], [16.73387, 57.73431], [16.73421, 57.73465], [16.73456, 57.735], [16.73486, 57.73535], [16.73516, 57.73569], [16.73546, 57.73605], [16.73582, 57.73637], [16.73614, 57.73676], [16.73649, 57.73714], [16.73683, 57.73753], [16.73724, 57.7379], [16.73763, 57.73828], [16.73796, 57.73862], [16.73825, 57.73893], [16.73851, 57.73923], [16.73876, 57.73948], [16.73911, 57.73986], [16.73936, 57.74015], [16.73969, 57.74049], [16.74004, 57.74083], [16.7404, 57.74116], [16.74074, 57.74157], [16.7411, 57.74193], [16.74145, 57.74233], [16.74183, 57.74269], [16.74218, 57.74307], [16.74253, 57.74337], [16.74284, 57.74371], [16.74318, 57.74409], [16.74353, 57.74445], [16.74395, 57.7448], [16.74436, 57.74511], [16.74475, 57.74542], [16.74519, 57.74576], [16.74573, 57.74603], [16.74633, 57.7463], [16.7469, 57.74652], [16.74758, 57.74674], [16.74826, 57.74693], [16.7489, 57.74712], [16.74964, 57.74726], [16.75014, 57.74738], [16.75053, 57.74743], [16.75109, 57.74744], [16.75158, 57.74744], [16.7522, 57.74744], [16.7528, 57.74745], [16.7534, 57.74746], [16.75422, 57.74747], [16.75482, 57.74746], [16.75561, 57.74747], [16.75618, 57.74748], [16.75685, 57.74749], [16.75753, 57.74746], [16.75828, 57.74749], [16.75888, 57.7475], [16.75959, 57.74749], [16.76038, 57.74752], [16.76119, 57.74751], [16.76198, 57.74751], [16.76262, 57.74752], [16.7634, 57.74751], [16.76408, 57.74752], [16.76482, 57.74753], [16.76564, 57.74754], [16.76639, 57.74755], [16.76706, 57.74754], [16.76778, 57.74757], [16.76859, 57.74757], [16.76941, 57.74758], [16.7702, 57.74759], [16.77094, 57.74758], [16.77173, 57.74761], [16.77247, 57.74763], [16.77322, 57.74762], [16.77404, 57.74761], [16.77486, 57.7476], [16.77564, 57.74761], [16.77642, 57.74764], [16.77721, 57.74764], [16.77777, 57.74765], [16.77856, 57.74764], [16.7793, 57.74763], [16.78005, 57.74762], [16.78087, 57.74765], [16.78165, 57.74764], [16.78247, 57.74763], [16.78329, 57.74767], [16.78403, 57.74766], [16.78485, 57.74769], [16.78557, 57.7477], [16.78638, 57.7477], [16.78713, 57.74771], [16.78795, 57.74772], [16.78873, 57.74775], [16.78952, 57.74774], [16.7903, 57.74776], [16.79111, 57.74777], [16.79191, 57.74778], [16.79272, 57.74778], [16.79353, 57.74779], [16.79433, 57.74779], [16.79514, 57.7478], [16.79594, 57.74781], [16.79675, 57.74781], [16.79756, 57.74782], [16.79836, 57.74782], [16.79917, 57.74783], [16.79998, 57.74783], [16.80078, 57.74784], [16.80159, 57.74785], [16.80239, 57.74786], [16.8032, 57.74787], [16.80401, 57.74788], [16.80481, 57.74789], [16.80562, 57.7479], [16.80642, 57.7479], [16.80723, 57.74791], [16.80804, 57.74792], [16.80884, 57.74793], [16.80965, 57.74794], [16.81046, 57.74795], [16.81126, 57.74796], [16.81207, 57.74797], [16.81287, 57.74798], [16.81368, 57.74798], [16.81449, 57.74798], [16.81529, 57.74799], [16.8161, 57.74799], [16.8169, 57.74799], [16.81771, 57.74799], [16.81852, 57.74799], [16.81932, 57.748], [16.82013, 57.74801], [16.82094, 57.74802], [16.82174, 57.74804], [16.82255, 57.74805], [16.82335, 57.74806], [16.82416, 57.74808], [16.82497, 57.74809], [16.82577, 57.7481], [16.82658, 57.74812], [16.82738, 57.74812], [16.82819, 57.74811], [16.82899, 57.7481], [16.8298, 57.74808], [16.83061, 57.74807], [16.83141, 57.74806], [16.83222, 57.74805], [16.83302, 57.74804], [16.83383, 57.74803], [16.83464, 57.74803], [16.83544, 57.74804], [16.83625, 57.74805], [16.83705, 57.74807], [16.83786, 57.74808], [16.83867, 57.74809], [16.83947, 57.7481], [16.84028, 57.74812], [16.84108, 57.74814], [16.84189, 57.74816], [16.84269, 57.74817], [16.8435, 57.74819], [16.84431, 57.74821], [16.84511, 57.74823], [16.84592, 57.74825], [16.84672, 57.74827], [16.84753, 57.74829], [16.84833, 57.7483], [16.84914, 57.74832], [16.84994, 57.74833], [16.85075, 57.74834], [16.85156, 57.74834], [16.85236, 57.74834], [16.85317, 57.74834], [16.85398, 57.74834], [16.85478, 57.74835], [16.85559, 57.74835], [16.8564, 57.74835], [16.8572, 57.74835], [16.85801, 57.74835], [16.85881, 57.74836], [16.85962, 57.74836], [16.86043, 57.74836], [16.86123, 57.74837], [16.86204, 57.74838], [16.86284, 57.74838], [16.86365, 57.74839], [16.86446, 57.74839], [16.86526, 57.7484], [16.86607, 57.74841], [16.86688, 57.74841], [16.86768, 57.74842], [16.86849, 57.74842], [16.86929, 57.74843], [16.8701, 57.74844], [16.87091, 57.74844], [16.87171, 57.74844], [16.87252, 57.74845], [16.87333, 57.74845], [16.87413, 57.74845], [16.87494, 57.74846], [16.87574, 57.74846], [16.87655, 57.74846], [16.87736, 57.74847], [16.87816, 57.74847], [16.87897, 57.74847], [16.87978, 57.74848], [16.88058, 57.74848], [16.88139, 57.74849], [16.88219, 57.74849], [16.883, 57.7485], [16.88381, 57.7485], [16.88461, 57.74851], [16.88542, 57.74851], [16.88623, 57.74852], [16.88703, 57.74853], [16.88784, 57.74853], [16.88864, 57.74854], [16.88945, 57.74854], [16.89026, 57.74855], [16.89106, 57.74855], [16.89187, 57.74855], [16.89268, 57.74856], [16.89348, 57.74856], [16.89429, 57.74856], [16.89509, 57.74857], [16.8959, 57.74857], [16.89671, 57.74857], [16.89751, 57.74857], [16.89832, 57.74858], [16.89913, 57.74858], [16.89993, 57.74858], [16.90074, 57.74858], [16.90154, 57.74859], [16.90235, 57.7486], [16.90316, 57.7486], [16.90396, 57.74861], [16.90477, 57.74862], [16.90558, 57.74862], [16.90638, 57.74863], [16.90719, 57.74864], [16.90799, 57.74864], [16.9088, 57.74865], [16.90961, 57.74866], [16.91041, 57.74867], [16.91122, 57.74867], [16.91202, 57.74868], [16.91283, 57.74869], [16.91364, 57.7487], [16.91444, 57.7487], [16.91525, 57.74871], [16.91606, 57.74872], [16.91686, 57.74873], [16.91767, 57.74873], [16.91847, 57.74874], [16.91928, 57.74875], [16.92009, 57.74875], [16.92089, 57.74876], [16.9217, 57.74877], [16.92251, 57.74877], [16.92331, 57.74878], [16.92412, 57.74879], [16.92492, 57.7488], [16.92573, 57.7488], [16.92654, 57.74881], [16.92734, 57.74882], [16.92815, 57.74882], [16.92895, 57.74883], [16.92976, 57.74884], [16.93057, 57.74884], [16.93137, 57.74885], [16.93218, 57.74886], [16.93299, 57.74886], [16.93379, 57.74887], [16.9346, 57.74888], [16.9354, 57.74888], [16.93621, 57.74889], [16.93701, 57.74886], [16.93781, 57.74879], [16.93861, 57.74873], [16.9394, 57.74866], [16.9402, 57.74859], [16.941, 57.74853], [16.94179, 57.74846], [16.94259, 57.7484], [16.94339, 57.74833], [16.94418, 57.74827], [16.94498, 57.7482], [16.94578, 57.74813], [16.94657, 57.74807], [16.94737, 57.748], [16.94817, 57.74794], [16.94896, 57.74787], [16.94976, 57.74781], [16.95056, 57.74774], [16.95135, 57.74767], [16.95215, 57.74761], [16.95295, 57.74754], [16.95375, 57.74748], [16.95454, 57.74741], [16.95534, 57.74735], [16.95614, 57.74728], [16.95693, 57.74721], [16.95773, 57.74715], [16.95853, 57.74708], [16.95932, 57.74702], [16.96012, 57.74695], [16.96092, 57.74689], [16.96171, 57.74682], [16.96251, 57.74675], [16.96331, 57.74669], [16.9641, 57.74662], [16.9649, 57.74656], [16.9657, 57.74649], [16.96649, 57.74642], [16.96729, 57.74636], [16.96809, 57.74629], [16.96888, 57.74623], [16.96968, 57.74616], [16.97048, 57.7461], [16.97127, 57.74603], [16.97207, 57.74596], [16.97287, 57.7459], [16.97366, 57.74583], [16.97446, 57.74577], [16.97526, 57.7457], [16.97606, 57.74563], [16.97685, 57.74557], [16.97765, 57.7455], [16.97845, 57.74544], [16.97924, 57.74537], [16.98004, 57.7453], [16.98084, 57.74524], [16.98163, 57.74517], [16.98243, 57.74511], [16.98323, 57.74504], [16.98402, 57.74498], [16.98482, 57.74491], [16.98562, 57.74484], [16.98641, 57.74478], [16.98721, 57.74471], [16.98801, 57.74465], [16.9888, 57.74458], [16.9896, 57.74451], [16.9904, 57.74445], [16.99119, 57.74438], [16.99199, 57.74432], [16.99279, 57.74425], [16.99358, 57.74418], [16.99438, 57.74412], [16.99518, 57.74405], [16.99597, 57.74399], [16.99677, 57.74392], [16.99757, 57.74385], [16.99836, 57.74379], [16.99916, 57.74372], [16.99996, 57.74366], [17.00075, 57.74359], [17.00155, 57.74352], [17.00235, 57.74346], [17.00314, 57.74339], [17.00394, 57.74333], [17.00474, 57.74326], [17.00553, 57.74319], [17.00633, 57.74313], [17.00713, 57.74306], [17.00792, 57.74299], [17.00872, 57.74293], [17.00952, 57.74286], [17.01031, 57.7428], [17.01111, 57.74273], [17.01191, 57.74266], [17.0127, 57.7426], [17.0135, 57.74253], [17.0143, 57.74247], [17.01509, 57.7424], [17.01589, 57.74233], [17.01668, 57.74227], [17.01748, 57.7422], [17.01828, 57.74214], [17.01907, 57.74207], [17.01987, 57.742], [17.02067, 57.74194], [17.02146, 57.74187], [17.02226, 57.7418], [17.02306, 57.74174], [17.02385, 57.74167], [17.02465, 57.74161], [17.02545, 57.74154], [17.02624, 57.74147], [17.02704, 57.74141], [17.02784, 57.74134], [17.02863, 57.74127], [17.02943, 57.74121], [17.03023, 57.74114], [17.03102, 57.74108], [17.03182, 57.74101], [17.03262, 57.74094], [17.03341, 57.74088], [17.03421, 57.74081], [17.03501, 57.74075], [17.0358, 57.74068], [17.0366, 57.74061], [17.0374, 57.74055], [17.03819, 57.74048], [17.03899, 57.74041], [17.03978, 57.74035], [17.04058, 57.74028], [17.04138, 57.74021], [17.04217, 57.74015], [17.04297, 57.74008], [17.04377, 57.74002], [17.04456, 57.73995], [17.04536, 57.73988], [17.04616, 57.73982], [17.04695, 57.73975], [17.04775, 57.73968], [17.04855, 57.73962], [17.04934, 57.73955], [17.05014, 57.73949], [17.05094, 57.73942], [17.05173, 57.73935], [17.05253, 57.73929], [17.05332, 57.73922], [17.05412, 57.73915], [17.05492, 57.73909], [17.05571, 57.73902], [17.05651, 57.73895], [17.05731, 57.73889], [17.0581, 57.73882], [17.0589, 57.73876], [17.0597, 57.73869], [17.06049, 57.73862], [17.06129, 57.73856], [17.06209, 57.73849], [17.06288, 57.73842], [17.06368, 57.73836], [17.06447, 57.73829], [17.06527, 57.73822], [17.06607, 57.73816], [17.06686, 57.73809], [17.06766, 57.73802], [17.06846, 57.73796], [17.06925, 57.73789], [17.07005, 57.73782], [17.07085, 57.73776], [17.07164, 57.73769], [17.07244, 57.73763], [17.07323, 57.73756], [17.07403, 57.73749], [17.07483, 57.73743], [17.07562, 57.73736], [17.07642, 57.73729], [17.07722, 57.73723], [17.07801, 57.73716], [17.07881, 57.73709], [17.07961, 57.73703], [17.0804, 57.73696], [17.0812, 57.73689], [17.08199, 57.73683], [17.08279, 57.73676], [17.08359, 57.73669], [17.08438, 57.73663], [17.08518, 57.73656], [17.08598, 57.73649], [17.08677, 57.73643], [17.08757, 57.73636], [17.08837, 57.73629], [17.08916, 57.73623], [17.08996, 57.73616], [17.09075, 57.73609], [17.09155, 57.73603], [17.09235, 57.73596], [17.09314, 57.7359], [17.09394, 57.73583], [17.09474, 57.73576], [17.09553, 57.7357], [17.09633, 57.73563], [17.09712, 57.73556], [17.09792, 57.7355], [17.09872, 57.73543], [17.09951, 57.73536], [17.10031, 57.7353], [17.10111, 57.73523], [17.1019, 57.73516], [17.1027, 57.7351], [17.10349, 57.73503], [17.10429, 57.73496], [17.10509, 57.7349], [17.10588, 57.73483], [17.10668, 57.73476], [17.10748, 57.7347], [17.10827, 57.73463], [17.10907, 57.73456], [17.10986, 57.73449], [17.11066, 57.73443], [17.11146, 57.73436], [17.11225, 57.73429], [17.11305, 57.73423], [17.11385, 57.73416], [17.11464, 57.73409], [17.11544, 57.73403], [17.11623, 57.73396], [17.11703, 57.73389], [17.11783, 57.73383], [17.11862, 57.73376], [17.11942, 57.73369], [17.12022, 57.73363], [17.12101, 57.73356], [17.12181, 57.73349], [17.1226, 57.73343], [17.1234, 57.73336], [17.1242, 57.73329], [17.12499, 57.73323], [17.12579, 57.73316], [17.12658, 57.73309], [17.12738, 57.73303], [17.12818, 57.73296], [17.12897, 57.73289], [17.12977, 57.73283], [17.13057, 57.73276], [17.13136, 57.73269], [17.13216, 57.73262], [17.13295, 57.73256], [17.13375, 57.73249], [17.13455, 57.73242], [17.13534, 57.73236], [17.13614, 57.73229], [17.13693, 57.73222], [17.13773, 57.73216], [17.13853, 57.73209], [17.13932, 57.73202], [17.14012, 57.73196], [17.14092, 57.73189], [17.14171, 57.73182], [17.14251, 57.73176], [17.1433, 57.73169], [17.1441, 57.73162], [17.1449, 57.73155], [17.14569, 57.73149], [17.14649, 57.73142], [17.14728, 57.73135], [17.14808, 57.73129], [17.14888, 57.73122], [17.14967, 57.73115], [17.15047, 57.73109], [17.15126, 57.73102], [17.15206, 57.73095], [17.15286, 57.73088], [17.15365, 57.73082], [17.15445, 57.73075], [17.15524, 57.73068], [17.15604, 57.73062], [17.15684, 57.73055], [17.15763, 57.73048], [17.15843, 57.73042], [17.15922, 57.73035], [17.16002, 57.73028], [17.16082, 57.73021], [17.16161, 57.73015], [17.16241, 57.73008], [17.1632, 57.73001], [17.164, 57.72995], [17.1648, 57.72988], [17.16559, 57.72981], [17.16639, 57.72974], [17.16719, 57.72968], [17.16798, 57.72961], [17.16878, 57.72954], [17.16957, 57.72948], [17.17037, 57.72941], [17.17117, 57.72934], [17.17196, 57.72928], [17.17276, 57.72921], [17.17355, 57.72914], [17.17435, 57.72907], [17.17514, 57.72901], [17.17594, 57.72894], [17.17674, 57.72887], [17.17753, 57.72881], [17.17833, 57.72874], [17.17912, 57.72867], [17.17992, 57.7286], [17.18072, 57.72854], [17.18151, 57.72847], [17.18231, 57.7284], [17.1831, 57.72834], [17.1839, 57.72827], [17.1847, 57.7282], [17.18549, 57.72813], [17.18629, 57.72807], [17.18708, 57.728], [17.18788, 57.72793], [17.18868, 57.72786], [17.18947, 57.7278], [17.19027, 57.72773], [17.19106, 57.72766], [17.19186, 57.7276], [17.19266, 57.72753], [17.19345, 57.72746], [17.19425, 57.72739], [17.19504, 57.72733], [17.19584, 57.72726], [17.19664, 57.72719], [17.19743, 57.72713], [17.19823, 57.72706], [17.19902, 57.72699], [17.19982, 57.72692], [17.20061, 57.72686], [17.20141, 57.72679], [17.20221, 57.72672], [17.203, 57.72665], [17.2038, 57.72659], [17.20459, 57.72652], [17.20539, 57.72645], [17.20619, 57.72638], [17.20698, 57.72632], [17.20778, 57.72625], [17.20857, 57.72618], [17.20937, 57.72612], [17.21017, 57.72605], [17.21096, 57.72598], [17.21176, 57.72591], [17.21255, 57.72585], [17.21335, 57.72578], [17.21414, 57.72571], [17.21494, 57.72564], [17.21574, 57.72558], [17.21653, 57.72551], [17.21733, 57.72544], [17.21812, 57.72537], [17.21892, 57.72531], [17.21971, 57.72524], [17.22051, 57.72517], [17.22131, 57.7251], [17.2221, 57.72504], [17.2229, 57.72497], [17.22369, 57.7249], [17.22449, 57.72483], [17.22529, 57.72477], [17.22608, 57.7247], [17.22688, 57.72463], [17.22767, 57.72457], [17.22847, 57.7245], [17.22926, 57.72443], [17.23006, 57.72436], [17.23086, 57.7243], [17.23165, 57.72423], [17.23245, 57.72416], [17.23324, 57.72409], [17.23404, 57.72403], [17.23483, 57.72396], [17.23563, 57.72389], [17.23643, 57.72382], [17.23722, 57.72376], [17.23802, 57.72369], [17.23881, 57.72362], [17.23961, 57.72355], [17.2404, 57.72349], [17.2412, 57.72342], [17.242, 57.72335], [17.24279, 57.72328], [17.24359, 57.72321], [17.24438, 57.72315], [17.24518, 57.72308], [17.24597, 57.72301], [17.24677, 57.72294], [17.24757, 57.72288], [17.24836, 57.72281], [17.24916, 57.72274], [17.24995, 57.72267], [17.25075, 57.72261], [17.25154, 57.72254], [17.25234, 57.72247], [17.25314, 57.7224], [17.25393, 57.72234], [17.25473, 57.72227], [17.25552, 57.7222], [17.25632, 57.72213], [17.25711, 57.72207], [17.25791, 57.722], [17.25871, 57.72193], [17.2595, 57.72186], [17.2603, 57.72179], [17.26109, 57.72173], [17.26189, 57.72166], [17.26268, 57.72159], [17.26348, 57.72152], [17.26428, 57.72146], [17.26507, 57.72139], [17.26587, 57.72132], [17.26666, 57.72125], [17.26746, 57.72119], [17.26825, 57.72112], [17.26905, 57.72105], [17.26984, 57.72098], [17.27064, 57.72091], [17.27144, 57.72085], [17.27223, 57.72078], [17.27303, 57.72071], [17.27382, 57.72064], [17.27462, 57.72058], [17.27541, 57.72051], [17.27621, 57.72044], [17.277, 57.72037], [17.2778, 57.72031], [17.2786, 57.72024], [17.27939, 57.72017], [17.28019, 57.7201], [17.28098, 57.72003], [17.28178, 57.71997], [17.28257, 57.7199], [17.28337, 57.71983], [17.28417, 57.71976], [17.28496, 57.71969], [17.28576, 57.71963], [17.28655, 57.71956], [17.28735, 57.71949], [17.28814, 57.71942], [17.28894, 57.71936], [17.28973, 57.71929], [17.29053, 57.71922], [17.29132, 57.71915], [17.29212, 57.71908], [17.29292, 57.71902], [17.29371, 57.71895], [17.29451, 57.71888], [17.2953, 57.71881], [17.2961, 57.71874], [17.29689, 57.71868], [17.29769, 57.71861], [17.29848, 57.71854], [17.29928, 57.71847], [17.30008, 57.71841], [17.30087, 57.71834], [17.30167, 57.71827], [17.30246, 57.7182], [17.30326, 57.71813], [17.30405, 57.71807], [17.30485, 57.718], [17.30564, 57.71793], [17.30644, 57.71786], [17.30723, 57.71779], [17.30803, 57.71773], [17.30883, 57.71766], [17.30962, 57.71759], [17.31042, 57.71752], [17.31121, 57.71745], [17.31201, 57.71739], [17.3128, 57.71732], [17.3136, 57.71725], [17.31439, 57.71718], [17.31519, 57.71711], [17.31598, 57.71705], [17.31678, 57.71698], [17.31758, 57.71691], [17.31837, 57.71684], [17.31917, 57.71677], [17.31996, 57.71671], [17.32076, 57.71664], [17.32155, 57.71657], [17.32235, 57.7165], [17.32314, 57.71643], [17.32394, 57.71637], [17.32473, 57.7163], [17.32553, 57.71623], [17.32633, 57.71616], [17.32712, 57.71609], [17.32792, 57.71603], [17.32871, 57.71596], [17.32951, 57.71589], [17.3303, 57.71582], [17.3311, 57.71575], [17.33189, 57.71568], [17.33269, 57.71562], [17.33348, 57.71555], [17.33428, 57.71548], [17.33507, 57.71541], [17.33587, 57.71534], [17.33667, 57.71528], [17.33746, 57.71521], [17.33826, 57.71514], [17.33905, 57.71507], [17.33985, 57.715], [17.34064, 57.71494], [17.34144, 57.71487], [17.34223, 57.7148], [17.34303, 57.71473], [17.34382, 57.71466], [17.34462, 57.71459], [17.34541, 57.71453], [17.34621, 57.71446], [17.347, 57.71439], [17.3478, 57.71432], [17.34859, 57.71425], [17.34939, 57.71419], [17.35019, 57.71412], [17.35098, 57.71405], [17.35178, 57.71398], [17.35257, 57.71391], [17.35337, 57.71384], [17.35416, 57.71378], [17.35496, 57.71371], [17.35575, 57.71364], [17.35655, 57.71357], [17.35734, 57.7135], [17.35814, 57.71343], [17.35893, 57.71337], [17.35973, 57.7133], [17.36052, 57.71323], [17.36132, 57.71316], [17.36211, 57.71309], [17.36291, 57.71302], [17.36371, 57.71296], [17.3645, 57.71289], [17.3653, 57.71282], [17.36609, 57.71275], [17.36689, 57.71268], [17.36768, 57.71261], [17.36848, 57.71255], [17.36927, 57.71248], [17.37007, 57.71241], [17.37086, 57.71234], [17.37166, 57.71227], [17.37245, 57.7122], [17.37325, 57.71214], [17.37404, 57.71207], [17.37484, 57.712], [17.37563, 57.71193], [17.37643, 57.71186], [17.37722, 57.71179], [17.37802, 57.71173], [17.37881, 57.71166], [17.37961, 57.71159], [17.3804, 57.71152], [17.3812, 57.71145], [17.38199, 57.71138], [17.38279, 57.71132], [17.38359, 57.71125], [17.38438, 57.71118], [17.38518, 57.71111], [17.38597, 57.71104], [17.38677, 57.71097], [17.38756, 57.7109], [17.38836, 57.71084], [17.38915, 57.71077], [17.38995, 57.7107], [17.39074, 57.71063], [17.39154, 57.71056], [17.39233, 57.71049], [17.39313, 57.71043], [17.39392, 57.71036], [17.39472, 57.71029], [17.39551, 57.71022], [17.39631, 57.71015], [17.3971, 57.71008], [17.3979, 57.71001], [17.39869, 57.70995], [17.39949, 57.70988], [17.40028, 57.70981], [17.40108, 57.70974], [17.40187, 57.70967], [17.40267, 57.7096], [17.40346, 57.70953], [17.40426, 57.70947], [17.40505, 57.7094], [17.40585, 57.70933], [17.40664, 57.70926], [17.40744, 57.70919], [17.40823, 57.70912], [17.40903, 57.70905], [17.40982, 57.70899], [17.41062, 57.70892], [17.41141, 57.70885], [17.41221, 57.70878], [17.413, 57.70871], [17.4138, 57.70864], [17.41459, 57.70857], [17.41539, 57.70851], [17.41618, 57.70844], [17.41698, 57.70837], [17.41777, 57.7083], [17.41857, 57.70823], [17.41936, 57.70816], [17.42016, 57.70809], [17.42095, 57.70802], [17.42175, 57.70796], [17.42254, 57.70789], [17.42334, 57.70782], [17.42413, 57.70775], [17.42493, 57.70768], [17.42572, 57.70761], [17.42652, 57.70754], [17.42731, 57.70748], [17.42811, 57.70741], [17.4289, 57.70734], [17.4297, 57.70727], [17.43049, 57.7072], [17.43129, 57.70713], [17.43208, 57.70706], [17.43288, 57.70699], [17.43367, 57.70693], [17.43447, 57.70686], [17.43526, 57.70679], [17.43606, 57.70672], [17.43685, 57.70665], [17.43765, 57.70658], [17.43844, 57.70651], [17.43924, 57.70644], [17.44003, 57.70638], [17.44083, 57.70631], [17.44162, 57.70624], [17.44242, 57.70617], [17.44321, 57.7061], [17.44401, 57.70603], [17.4448, 57.70596], [17.4456, 57.70589], [17.44639, 57.70582], [17.44719, 57.70576], [17.44798, 57.70569], [17.44878, 57.70562], [17.44957, 57.70555], [17.45037, 57.70548], [17.45116, 57.70541], [17.45196, 57.70534], [17.45275, 57.70527], [17.45355, 57.70521], [17.45434, 57.70514], [17.45514, 57.70507], [17.45593, 57.705], [17.45673, 57.70493], [17.45752, 57.70486], [17.45832, 57.70479], [17.45911, 57.70472], [17.45991, 57.70465], [17.4607, 57.70458], [17.4615, 57.70452], [17.46229, 57.70445], [17.46309, 57.70438], [17.46388, 57.70431], [17.46468, 57.70424], [17.46547, 57.70417], [17.46627, 57.7041], [17.46706, 57.70403], [17.46786, 57.70396], [17.46865, 57.7039], [17.46945, 57.70383], [17.47024, 57.70376], [17.47103, 57.70369], [17.47183, 57.70362], [17.47262, 57.70355], [17.47342, 57.70348], [17.47421, 57.70341], [17.47501, 57.70334], [17.4758, 57.70327], [17.4766, 57.70321], [17.47739, 57.70314], [17.47819, 57.70307], [17.47898, 57.703], [17.47978, 57.70293], [17.48057, 57.70286], [17.48137, 57.70279], [17.48216, 57.70272], [17.48296, 57.70265], [17.48375, 57.70258], [17.48455, 57.70252], [17.48534, 57.70245], [17.48614, 57.70238], [17.48693, 57.70231], [17.48773, 57.70224], [17.48852, 57.70217], [17.48931, 57.7021], [17.49011, 57.70203], [17.4909, 57.70196], [17.4917, 57.70189], [17.49249, 57.70182], [17.49329, 57.70176], [17.49408, 57.70169], [17.49488, 57.70162], [17.49567, 57.70155], [17.49647, 57.70148], [17.49726, 57.70141], [17.49806, 57.70134], [17.49885, 57.70127], [17.49965, 57.7012], [17.50044, 57.70113], [17.50124, 57.70106], [17.50203, 57.70099], [17.50282, 57.70093], [17.50362, 57.70086], [17.50441, 57.70079], [17.50521, 57.70072], [17.506, 57.70065], [17.5068, 57.70058], [17.50759, 57.70051], [17.50839, 57.70044], [17.50918, 57.70037], [17.50998, 57.7003], [17.51077, 57.70023], [17.51157, 57.70016], [17.51236, 57.70009], [17.51316, 57.70003], [17.51395, 57.69996], [17.51475, 57.69989], [17.51554, 57.69982], [17.51633, 57.69975], [17.51713, 57.69968], [17.51792, 57.69961], [17.51872, 57.69954], [17.51951, 57.69947], [17.52031, 57.6994], [17.5211, 57.69933], [17.5219, 57.69926], [17.52269, 57.69919], [17.52349, 57.69912], [17.52428, 57.69906], [17.52508, 57.69899], [17.52587, 57.69892], [17.52666, 57.69885], [17.52746, 57.69878], [17.52825, 57.69871], [17.52905, 57.69864], [17.52984, 57.69857], [17.53064, 57.6985], [17.53143, 57.69843], [17.53223, 57.69836], [17.53302, 57.69829], [17.53382, 57.69822], [17.53461, 57.69815], [17.5354, 57.69808], [17.5362, 57.69802], [17.53699, 57.69795], [17.53779, 57.69788], [17.53858, 57.69781], [17.53938, 57.69774], [17.54017, 57.69767], [17.54097, 57.6976], [17.54176, 57.69753], [17.54256, 57.69746], [17.54335, 57.69739], [17.54414, 57.69732], [17.54494, 57.69725], [17.54573, 57.69718], [17.54653, 57.69711], [17.54732, 57.69704], [17.54812, 57.69697], [17.54891, 57.6969], [17.54971, 57.69683], [17.5505, 57.69677], [17.5513, 57.6967], [17.55209, 57.69663], [17.55288, 57.69656], [17.55368, 57.69649], [17.55447, 57.69642], [17.55527, 57.69635], [17.55606, 57.69628], [17.55686, 57.69621], [17.55765, 57.69614], [17.55845, 57.69607], [17.55924, 57.696], [17.56003, 57.69593], [17.56083, 57.69586], [17.56162, 57.69579], [17.56242, 57.69572], [17.56321, 57.69565], [17.56401, 57.69558], [17.5648, 57.69551], [17.5656, 57.69544], [17.56639, 57.69537], [17.56718, 57.6953], [17.56798, 57.69524], [17.56877, 57.69517], [17.56957, 57.6951], [17.57036, 57.69503], [17.57116, 57.69496], [17.57195, 57.69489], [17.57275, 57.69482], [17.57354, 57.69475], [17.57433, 57.69468], [17.57513, 57.69461], [17.57592, 57.69454], [17.57672, 57.69447], [17.57751, 57.6944], [17.57831, 57.69433], [17.5791, 57.69426], [17.5799, 57.69419], [17.58069, 57.69412], [17.58148, 57.69405], [17.58228, 57.69398], [17.58307, 57.69391], [17.58387, 57.69384], [17.58466, 57.69377], [17.58546, 57.6937], [17.58625, 57.69363], [17.58704, 57.69356], [17.58784, 57.69349], [17.58863, 57.69342], [17.58943, 57.69335], [17.59022, 57.69328], [17.59102, 57.69322], [17.59181, 57.69315], [17.59261, 57.69308], [17.5934, 57.69301], [17.59419, 57.69294], [17.59499, 57.69287], [17.59578, 57.6928], [17.59658, 57.69273], [17.59737, 57.69266], [17.59817, 57.69259], [17.59896, 57.69252], [17.59975, 57.69245], [17.60055, 57.69238], [17.60134, 57.69231], [17.60214, 57.69224], [17.60293, 57.69217], [17.60373, 57.6921], [17.60452, 57.69203], [17.60531, 57.69196], [17.60611, 57.69189], [17.6069, 57.69182], [17.6077, 57.69175], [17.60849, 57.69168], [17.60929, 57.69161], [17.61008, 57.69154], [17.61087, 57.69147], [17.61167, 57.6914], [17.61246, 57.69133], [17.61326, 57.69126], [17.61405, 57.69119], [17.61485, 57.69112], [17.61564, 57.69105], [17.61643, 57.69098], [17.61723, 57.69091], [17.61802, 57.69084], [17.61882, 57.69077], [17.61961, 57.6907], [17.6204, 57.69063], [17.6212, 57.69056], [17.62199, 57.69049], [17.62279, 57.69042], [17.62358, 57.69035], [17.62438, 57.69028], [17.62517, 57.69021], [17.62596, 57.69014], [17.62676, 57.69007], [17.62755, 57.69], [17.62835, 57.68993], [17.62914, 57.68986], [17.62994, 57.68979], [17.63073, 57.68972], [17.63152, 57.68965], [17.63232, 57.68958], [17.63311, 57.68951], [17.63391, 57.68944], [17.6347, 57.68937], [17.63549, 57.6893], [17.63629, 57.68923], [17.63708, 57.68916], [17.63788, 57.68909], [17.63867, 57.68902], [17.63947, 57.68895], [17.64026, 57.68888], [17.64105, 57.68881], [17.64185, 57.68874], [17.64264, 57.68867], [17.64344, 57.6886], [17.64423, 57.68853], [17.64502, 57.68846], [17.64582, 57.68839], [17.64661, 57.68832], [17.64741, 57.68825], [17.6482, 57.68818], [17.64899, 57.68811], [17.64979, 57.68804], [17.65058, 57.68797], [17.65138, 57.6879], [17.65217, 57.68783], [17.65297, 57.68776], [17.65376, 57.68769], [17.65455, 57.68762], [17.65535, 57.68755], [17.65614, 57.68748], [17.65694, 57.68741], [17.65773, 57.68734], [17.65852, 57.68727], [17.65932, 57.6872], [17.66011, 57.68713], [17.66091, 57.68706], [17.6617, 57.68699], [17.66249, 57.68692], [17.66329, 57.68685], [17.66408, 57.68678], [17.66488, 57.68671], [17.66567, 57.68664], [17.66646, 57.68657], [17.66726, 57.6865], [17.66805, 57.68643], [17.66885, 57.68636], [17.66964, 57.68629], [17.67043, 57.68622], [17.67123, 57.68615], [17.67202, 57.68608], [17.67282, 57.68601], [17.67361, 57.68594], [17.6744, 57.68587], [17.6752, 57.6858], [17.67599, 57.68573], [17.67679, 57.68565], [17.67758, 57.68558], [17.67837, 57.68551], [17.67917, 57.68544], [17.67996, 57.68537], [17.68076, 57.6853], [17.68155, 57.68523], [17.68234, 57.68516], [17.68314, 57.68509], [17.68393, 57.68502], [17.68473, 57.68495], [17.68552, 57.68488], [17.68631, 57.68481], [17.68711, 57.68474], [17.6879, 57.68467], [17.6887, 57.6846], [17.68949, 57.68453], [17.69028, 57.68446], [17.69108, 57.68439], [17.69187, 57.68432], [17.69267, 57.68425], [17.69346, 57.68418], [17.69425, 57.68411], [17.69505, 57.68404], [17.69584, 57.68397], [17.69664, 57.6839], [17.69743, 57.68383], [17.69822, 57.68376], [17.69902, 57.68369], [17.69981, 57.68361], [17.70061, 57.68354], [17.7014, 57.68347], [17.70219, 57.6834], [17.70299, 57.68333], [17.70378, 57.68326], [17.70457, 57.68319], [17.70537, 57.68312], [17.70616, 57.68305], [17.70696, 57.68298], [17.70775, 57.68291], [17.70854, 57.68284], [17.70934, 57.68277], [17.71013, 57.6827], [17.71093, 57.68263], [17.71172, 57.68256], [17.71251, 57.68249], [17.71331, 57.68242], [17.7141, 57.68235], [17.71489, 57.68228], [17.71569, 57.68221], [17.71648, 57.68214], [17.71728, 57.68206], [17.71807, 57.68199], [17.71886, 57.68192], [17.71966, 57.68185], [17.72045, 57.68178], [17.72125, 57.68171], [17.72204, 57.68164], [17.72283, 57.68157], [17.72363, 57.6815], [17.72442, 57.68143], [17.72521, 57.68136], [17.72601, 57.68129], [17.7268, 57.68122], [17.7276, 57.68115], [17.72839, 57.68108], [17.72918, 57.68101], [17.72998, 57.68094], [17.73077, 57.68087], [17.73156, 57.68079], [17.73236, 57.68072], [17.73315, 57.68065], [17.73395, 57.68058], [17.73474, 57.68051], [17.73553, 57.68044], [17.73633, 57.68037], [17.73712, 57.6803], [17.73791, 57.68023], [17.73871, 57.68016], [17.7395, 57.68009], [17.7403, 57.68002], [17.74109, 57.67995], [17.74188, 57.67988], [17.74268, 57.67981], [17.74347, 57.67973], [17.74426, 57.67966], [17.74506, 57.67959], [17.74585, 57.67952], [17.74665, 57.67945], [17.74744, 57.67938], [17.74823, 57.67931], [17.74903, 57.67924], [17.74982, 57.67917], [17.75061, 57.6791], [17.75141, 57.67903], [17.7522, 57.67896], [17.753, 57.67889], [17.75379, 57.67882], [17.75458, 57.67874], [17.75538, 57.67867], [17.75617, 57.6786], [17.75696, 57.67853], [17.75776, 57.67846], [17.75855, 57.67839], [17.75934, 57.67832], [17.76014, 57.67825], [17.76093, 57.67818], [17.76173, 57.67811], [17.76252, 57.67804], [17.76331, 57.67797], [17.76411, 57.6779], [17.7649, 57.67782], [17.76569, 57.67775], [17.76649, 57.67768], [17.76728, 57.67761], [17.76807, 57.67754], [17.76887, 57.67747], [17.76966, 57.6774], [17.77046, 57.67733], [17.77125, 57.67726], [17.77204, 57.67719], [17.77284, 57.67712], [17.77363, 57.67704], [17.77442, 57.67697], [17.77522, 57.6769], [17.77601, 57.67683], [17.7768, 57.67676], [17.7776, 57.67669], [17.77839, 57.67662], [17.77919, 57.67655], [17.77998, 57.67648], [17.78077, 57.67641], [17.78157, 57.67634], [17.78236, 57.67627], [17.78315, 57.67619], [17.78395, 57.67612], [17.78474, 57.67605], [17.78553, 57.67598], [17.78633, 57.67591], [17.78712, 57.67584], [17.78791, 57.67577], [17.78871, 57.6757], [17.7895, 57.67563], [17.7903, 57.67556], [17.79109, 57.67548], [17.79188, 57.67541], [17.79268, 57.67534], [17.79347, 57.67527], [17.79426, 57.6752], [17.79506, 57.67513], [17.79585, 57.67506], [17.79664, 57.67499], [17.79744, 57.67492], [17.79823, 57.67485], [17.79902, 57.67477], [17.79982, 57.6747], [17.80061, 57.67463], [17.8014, 57.67456], [17.8022, 57.67449], [17.80299, 57.67442], [17.80378, 57.67435], [17.80458, 57.67428], [17.80537, 57.67421], [17.80617, 57.67413], [17.80696, 57.67406], [17.80775, 57.67399], [17.80855, 57.67392], [17.80934, 57.67385], [17.81013, 57.67378], [17.81093, 57.67371], [17.81172, 57.67364], [17.81251, 57.67357], [17.81331, 57.6735], [17.8141, 57.67342], [17.81489, 57.67335], [17.81569, 57.67328], [17.81648, 57.67321], [17.81727, 57.67314], [17.81807, 57.67307], [17.81886, 57.673], [17.81965, 57.67293], [17.82045, 57.67285], [17.82124, 57.67278], [17.82203, 57.67271], [17.82283, 57.67264], [17.82362, 57.67257], [17.82441, 57.6725], [17.82521, 57.67243], [17.826, 57.67236], [17.82679, 57.67229], [17.82759, 57.67221], [17.82838, 57.67214], [17.82917, 57.67207], [17.82997, 57.672], [17.83076, 57.67193], [17.83155, 57.67186], [17.83235, 57.67179], [17.83314, 57.67172], [17.83393, 57.67164], [17.83473, 57.67157], [17.83552, 57.6715], [17.83631, 57.67143], [17.83711, 57.67136], [17.8379, 57.67129], [17.83869, 57.67122], [17.83949, 57.67115], [17.84028, 57.67107], [17.84107, 57.671], [17.84187, 57.67093], [17.84266, 57.67086], [17.84345, 57.67079], [17.84425, 57.67072], [17.84504, 57.67065], [17.84583, 57.67057], [17.84663, 57.6705], [17.84742, 57.67043], [17.84821, 57.67036], [17.84901, 57.67029], [17.8498, 57.67022], [17.85059, 57.67015], [17.85139, 57.67008], [17.85218, 57.67], [17.85297, 57.66993], [17.85377, 57.66986], [17.85456, 57.66979], [17.85535, 57.66972], [17.85615, 57.66965], [17.85694, 57.66958], [17.85773, 57.6695], [17.85853, 57.66943], [17.85932, 57.66936], [17.86011, 57.66929], [17.86091, 57.66922], [17.8617, 57.66915], [17.86249, 57.66908], [17.86329, 57.669], [17.86408, 57.66893], [17.86487, 57.66886], [17.86567, 57.66879], [17.86646, 57.66872], [17.86725, 57.66865], [17.86805, 57.66858], [17.86884, 57.6685], [17.86963, 57.66843], [17.87043, 57.66836], [17.87122, 57.66829], [17.87201, 57.66822], [17.8728, 57.66815], [17.8736, 57.66808], [17.87439, 57.668], [17.87518, 57.66793], [17.87598, 57.66786], [17.87677, 57.66779], [17.87756, 57.66772], [17.87836, 57.66765], [17.87915, 57.66757], [17.87994, 57.6675], [17.88074, 57.66743], [17.88153, 57.66736], [17.88232, 57.66729], [17.88312, 57.66722], [17.88391, 57.66715], [17.8847, 57.66707], [17.8855, 57.667], [17.88629, 57.66693], [17.88708, 57.66686], [17.88787, 57.66679], [17.88867, 57.66672], [17.88946, 57.66664], [17.89025, 57.66657], [17.89105, 57.6665], [17.89184, 57.66643], [17.89263, 57.66636], [17.89343, 57.66629], [17.89422, 57.66621], [17.89501, 57.66614], [17.89581, 57.66607], [17.8966, 57.666], [17.89739, 57.66593], [17.89819, 57.66586], [17.89898, 57.66578], [17.89977, 57.66571], [17.90056, 57.66564], [17.90136, 57.66557], [17.90215, 57.6655], [17.90294, 57.66543], [17.90374, 57.66535], [17.90453, 57.66528], [17.90532, 57.66521], [17.90612, 57.66514], [17.90691, 57.66507], [17.9077, 57.665], [17.9085, 57.66492], [17.90929, 57.66485], [17.91008, 57.66478], [17.91087, 57.66471], [17.91167, 57.66464], [17.91246, 57.66457], [17.91325, 57.66449], [17.91405, 57.66442], [17.91484, 57.66435], [17.91563, 57.66428], [17.91643, 57.66421], [17.91722, 57.66414], [17.91801, 57.66406], [17.9188, 57.66399], [17.9196, 57.66392], [17.92039, 57.66385], [17.92118, 57.66378], [17.92198, 57.6637], [17.92277, 57.66363], [17.92356, 57.66356], [17.92436, 57.66349], [17.92515, 57.66342], [17.92594, 57.66335], [17.92673, 57.66327], [17.92753, 57.6632], [17.92832, 57.66313], [17.92911, 57.66306], [17.92991, 57.66299], [17.9307, 57.66291], [17.93149, 57.66284], [17.93229, 57.66277], [17.93308, 57.6627], [17.93387, 57.66263], [17.93466, 57.66256], [17.93546, 57.66248], [17.93625, 57.66241], [17.93704, 57.66234], [17.93784, 57.66227], [17.93863, 57.6622], [17.93942, 57.66212], [17.94021, 57.66205], [17.94101, 57.66198], [17.9418, 57.66191], [17.94259, 57.66184], [17.94339, 57.66176], [17.94418, 57.66169], [17.94497, 57.66162], [17.94576, 57.66155], [17.94656, 57.66148], [17.94735, 57.6614], [17.94814, 57.66133], [17.94894, 57.66126], [17.94973, 57.66119], [17.95052, 57.66112], [17.95131, 57.66104], [17.95211, 57.66097], [17.9529, 57.6609], [17.95369, 57.66083], [17.95449, 57.66076], [17.95528, 57.66068], [17.95607, 57.66061], [17.95686, 57.66054], [17.95766, 57.66047], [17.95845, 57.6604], [17.95924, 57.66032], [17.96004, 57.66025], [17.96083, 57.66018], [17.96162, 57.66011], [17.96241, 57.66004], [17.96321, 57.65996], [17.964, 57.65989], [17.96479, 57.65982], [17.96559, 57.65975], [17.96638, 57.65968], [17.96717, 57.6596], [17.96796, 57.65953], [17.96876, 57.65946], [17.96955, 57.65939], [17.97034, 57.65932], [17.97114, 57.65924], [17.97193, 57.65917], [17.97272, 57.6591], [17.97351, 57.65903], [17.97431, 57.65896], [17.9751, 57.65888], [17.97589, 57.65881], [17.97668, 57.65874], [17.97748, 57.65867], [17.97827, 57.65859], [17.97906, 57.65852], [17.97986, 57.65845], [17.98065, 57.65838], [17.98144, 57.65831], [17.98223, 57.65823], [17.98303, 57.65816], [17.98382, 57.65809], [17.98461, 57.65802], [17.98541, 57.65794], [17.9862, 57.65787], [17.98699, 57.6578], [17.98778, 57.65773], [17.98858, 57.65766], [17.98937, 57.65758], [17.99016, 57.65751], [17.99095, 57.65744], [17.99175, 57.65737], [17.99254, 57.65729], [17.99333, 57.65722], [17.99412, 57.65715], [17.99492, 57.65708], [17.99571, 57.65701], [17.9965, 57.65693], [17.9973, 57.65686], [17.99809, 57.65679], [17.99888, 57.65672], [17.99967, 57.65664], [18.00047, 57.65657], [18.00126, 57.6565], [18.00205, 57.65643], [18.00284, 57.65636], [18.00364, 57.65628], [18.00443, 57.65621], [18.00522, 57.65614], [18.00601, 57.65607], [18.00681, 57.65599], [18.0076, 57.65592], [18.00839, 57.65585], [18.00919, 57.65578], [18.00998, 57.6557], [18.01077, 57.65563], [18.01156, 57.65556], [18.01236, 57.65549], [18.01315, 57.65542], [18.01394, 57.65534], [18.01473, 57.65527], [18.01553, 57.6552], [18.01632, 57.65513], [18.01711, 57.65505], [18.0179, 57.65498], [18.0187, 57.65491], [18.01949, 57.65484], [18.02028, 57.65476], [18.02107, 57.65469], [18.02187, 57.65462], [18.02266, 57.65455], [18.02345, 57.65447], [18.02424, 57.6544], [18.02504, 57.65433], [18.02583, 57.65426], [18.02662, 57.65418], [18.02741, 57.65411], [18.02821, 57.65404], [18.029, 57.65397], [18.02979, 57.65389], [18.03059, 57.65382], [18.03138, 57.65375], [18.03217, 57.65368], [18.03296, 57.6536], [18.03376, 57.65353], [18.03455, 57.65346], [18.03534, 57.65339], [18.03613, 57.65331], [18.03693, 57.65324], [18.03772, 57.65317], [18.03851, 57.6531], [18.0393, 57.65302], [18.0401, 57.65295], [18.04089, 57.65288], [18.04168, 57.65281], [18.04247, 57.65273], [18.04327, 57.65266], [18.04406, 57.65259], [18.04485, 57.65252], [18.04564, 57.65244], [18.04644, 57.65237], [18.04723, 57.6523], [18.04802, 57.65223], [18.04881, 57.65215], [18.04961, 57.65208], [18.0504, 57.65201], [18.05119, 57.65194], [18.05198, 57.65186], [18.05277, 57.65179], [18.05357, 57.65172], [18.05436, 57.65165], [18.05515, 57.65157], [18.05594, 57.6515], [18.05674, 57.65143], [18.05753, 57.65135], [18.05832, 57.65128], [18.05911, 57.65121], [18.05991, 57.65114], [18.0607, 57.65106], [18.06149, 57.65099], [18.06228, 57.65092], [18.06308, 57.65085], [18.06387, 57.65077], [18.06466, 57.6507], [18.06545, 57.65063], [18.06625, 57.65056], [18.06704, 57.65048], [18.06783, 57.65041], [18.06862, 57.65034], [18.06942, 57.65026], [18.07021, 57.65019], [18.071, 57.65012], [18.07179, 57.65005], [18.07258, 57.64997], [18.07338, 57.6499], [18.07417, 57.64983], [18.07496, 57.64976], [18.07575, 57.64968], [18.07655, 57.64961], [18.07734, 57.64954], [18.07813, 57.64946], [18.07892, 57.64939], [18.07972, 57.64932], [18.08051, 57.64925], [18.0813, 57.64917], [18.08209, 57.6491], [18.08289, 57.64903], [18.08368, 57.64895], [18.08447, 57.64888], [18.08526, 57.64881], [18.08605, 57.64874], [18.08685, 57.64866], [18.08764, 57.64859], [18.08843, 57.64852], [18.08922, 57.64844], [18.09002, 57.64837], [18.09081, 57.6483], [18.0916, 57.64823], [18.09239, 57.64815], [18.09319, 57.64808], [18.09398, 57.64801], [18.09477, 57.64793], [18.09556, 57.64786], [18.09635, 57.64779], [18.09715, 57.64772], [18.09794, 57.64764], [18.09873, 57.64757], [18.09952, 57.6475], [18.10032, 57.64742], [18.10111, 57.64735], [18.1019, 57.64728], [18.10269, 57.64721], [18.10348, 57.64713], [18.10428, 57.64706], [18.10507, 57.64699], [18.10586, 57.64691], [18.10665, 57.64684], [18.10745, 57.64677], [18.10824, 57.6467], [18.10903, 57.64662], [18.10982, 57.64655], [18.11061, 57.64648], [18.11141, 57.6464], [18.1122, 57.64633], [18.11299, 57.64626], [18.11378, 57.64618], [18.11458, 57.64611], [18.11537, 57.64604], [18.11616, 57.64597], [18.11695, 57.64589], [18.11774, 57.64582], [18.11854, 57.64575], [18.11933, 57.64567], [18.12012, 57.6456], [18.12091, 57.64553], [18.1217, 57.64545], [18.1225, 57.64538], [18.12329, 57.64531], [18.12408, 57.64523], [18.12487, 57.64516], [18.12567, 57.64509], [18.12646, 57.64502], [18.12725, 57.64494], [18.12804, 57.64487], [18.12883, 57.6448], [18.12963, 57.64472], [18.13042, 57.64465], [18.13121, 57.64458], [18.132, 57.6445], [18.13279, 57.64443], [18.13359, 57.64436], [18.13438, 57.64428], [18.13517, 57.64421], [18.13596, 57.64414], [18.13676, 57.64407], [18.13755, 57.64399], [18.13834, 57.64392], [18.13913, 57.64385], [18.13992, 57.64377], [18.14072, 57.6437], [18.14151, 57.64363], [18.1423, 57.64355], [18.14309, 57.64348], [18.14388, 57.64341], [18.14468, 57.64333], [18.14547, 57.64326], [18.14626, 57.64319], [18.14705, 57.64311], [18.14784, 57.64304], [18.14864, 57.64297], [18.14943, 57.64289], [18.15022, 57.64282], [18.15101, 57.64275], [18.1518, 57.64267], [18.1526, 57.6426], [18.15339, 57.64253], [18.15418, 57.64246], [18.15497, 57.64238], [18.15576, 57.64231], [18.15656, 57.64224], [18.15735, 57.64216], [18.15814, 57.64209], [18.15893, 57.64202], [18.15972, 57.64194], [18.16052, 57.64187], [18.16131, 57.6418], [18.1621, 57.64172], [18.16289, 57.64165], [18.16368, 57.64158], [18.16448, 57.6415], [18.16527, 57.64143], [18.16606, 57.64136], [18.16685, 57.64128], [18.16764, 57.64121], [18.16844, 57.64114], [18.16923, 57.64106], [18.17002, 57.64099], [18.17081, 57.64092], [18.1716, 57.64084], [18.1724, 57.64077], [18.17319, 57.6407], [18.17398, 57.64062], [18.17477, 57.64055], [18.17556, 57.64048], [18.17636, 57.6404], [18.17715, 57.64033], [18.17794, 57.64026], [18.17873, 57.64018], [18.17952, 57.64011], [18.18031, 57.64004], [18.18111, 57.63996], [18.1819, 57.63989], [18.18269, 57.63982], [18.18348, 57.63974], [18.18427, 57.63967], [18.18507, 57.63959], [18.18586, 57.63952], [18.18665, 57.63945], [18.18744, 57.63937], [18.18823, 57.6393], [18.18903, 57.63923], [18.18982, 57.63915], [18.19061, 57.63908], [18.1914, 57.63901], [18.19219, 57.63893], [18.19298, 57.63886], [18.19378, 57.63879], [18.19457, 57.63871], [18.19536, 57.63864], [18.19615, 57.63857], [18.19694, 57.63849], [18.19774, 57.63842], [18.19853, 57.63835], [18.19932, 57.63827], [18.20011, 57.6382], [18.2009, 57.63812], [18.2017, 57.63805], [18.20249, 57.63798], [18.20328, 57.6379], [18.20407, 57.63783], [18.20486, 57.63776], [18.20565, 57.63768], [18.20645, 57.63761], [18.20724, 57.63754], [18.20803, 57.63746], [18.20882, 57.63739], [18.20961, 57.63732], [18.2104, 57.63724], [18.2112, 57.63717], [18.21199, 57.63709], [18.21278, 57.63702], [18.21357, 57.63695], [18.21436, 57.63687], [18.21516, 57.6368], [18.21595, 57.63673], [18.21674, 57.63665], [18.21753, 57.63658], [18.21832, 57.63651], [18.21911, 57.63643], [18.21991, 57.63636], [18.2207, 57.63628], [18.22149, 57.63621], [18.22228, 57.63614], [18.22307, 57.63606], [18.22386, 57.63599], [18.22466, 57.63592], [18.22545, 57.63584], [18.22624, 57.63577], [18.22703, 57.6357], [18.22782, 57.63562], [18.22861, 57.63555], [18.22941, 57.63547], [18.2302, 57.6354], [18.23099, 57.63533], [18.23178, 57.63525], [18.23257, 57.63518], [18.23336, 57.63511], [18.23416, 57.63503], [18.23495, 57.63496], [18.23574, 57.63488], [18.23653, 57.63481], [18.23732, 57.63474], [18.23811, 57.63466], [18.23891, 57.63459], [18.2397, 57.63452], [18.24049, 57.63444], [18.24128, 57.63437], [18.24207, 57.63429], [18.24286, 57.63422], [18.24366, 57.63415], [18.24445, 57.63407], [18.24524, 57.634], [18.24603, 57.63393], [18.24682, 57.63385], [18.24761, 57.63378], [18.24841, 57.6337], [18.2492, 57.63363], [18.24999, 57.63356], [18.25078, 57.63348], [18.25157, 57.63341], [18.25236, 57.63333], [18.25316, 57.63326], [18.25395, 57.63319], [18.25421, 57.63316], [18.25495, 57.63307], [18.2555, 57.63301], [18.2563, 57.63294], [18.25703, 57.63288], [18.25779, 57.63283], [18.2585, 57.63277], [18.25916, 57.63272], [18.25989, 57.63268], [18.26057, 57.63268], [18.26139, 57.63269], [18.26221, 57.63271], [18.263, 57.63278], [18.26368, 57.63288], [18.26445, 57.63297], [18.26502, 57.63304], [18.26583, 57.63314], [18.2666, 57.63327], [18.26738, 57.63339], [18.26815, 57.63352], [18.26888, 57.6337], [18.26959, 57.6339], [18.27026, 57.63412], [18.27094, 57.63433], [18.27162, 57.63456], [18.2722, 57.63479], [18.27288, 57.63504], [18.27352, 57.63526], [18.2742, 57.63549], [18.27487, 57.63568], [18.2756, 57.63586], [18.27638, 57.636], [18.27696, 57.63604], [18.2774, 57.63604], [18.27775, 57.63599], [18.27819, 57.63592], [18.27853, 57.63583], [18.27887, 57.63572], [18.27914, 57.63557], [18.27926, 57.63535], [18.27931, 57.63502], [18.27941, 57.63467]]}, "properties": {"id": "trv-11161:344270-11161:344252-0.0000_1.0000", "country": "se", "source": "TRV", "updated": "2026-09-12", "name": "Gotlands linje", "type": "liaison", "exploitation": "Trafikverket"}}, {"type": "Feature", "geometry": {"type": "LineString", "coordinates": [[13.70043, 57.00953], [13.71755, 57.00677]]}, "properties": {"id": "trv-12797:6203-1000:27925-0.0000_1.0000", "country": "se", "source": "TRV", "updated": "2026-09-12", "name": "Bolmsöleden", "type": "liaison", "exploitation": "Trafikverket"}}, {"type": "Feature", "geometry": {"type": "LineString", "coordinates": [[16.45811, 57.2639], [16.46103, 57.26387], [16.46457, 57.26373], [16.4706, 57.26307], [16.4756, 57.26326], [16.47849, 57.26361], [16.48148, 57.26433], [16.48555, 57.26598], [16.49094, 57.26832], [16.49493, 57.26976], [16.50019, 57.27075], [16.50602, 57.27097], [16.51309, 57.27091], [16.52999, 57.27105], [16.54574, 57.27519], [16.55104, 57.27605], [16.55768, 57.27552], [16.62827, 57.26164], [16.65872, 57.25602], [16.66902, 57.25483], [16.67934, 57.25413], [16.70684, 57.25863], [16.73285, 57.26519], [16.76974, 57.27543], [16.78837, 57.28446], [16.81527, 57.3016], [16.84896, 57.32674], [16.91459, 57.36093], [17.02528, 57.41567], [17.14608, 57.44889], [17.24924, 57.46979], [17.3221, 57.48441], [17.43871, 57.50709], [17.50334, 57.51811], [17.65796, 57.54269], [18.00363, 57.59228], [18.16875, 57.61634], [18.21454, 57.624], [18.26789, 57.6332], [18.26857, 57.63334], [18.26916, 57.63349], [18.26985, 57.63369], [18.27051, 57.63391], [18.27117, 57.63413], [18.27174, 57.63433], [18.27234, 57.63456], [18.27303, 57.63479], [18.27371, 57.63501], [18.27422, 57.63519], [18.27482, 57.63541], [18.27499, 57.63546], [18.27655, 57.63576], [18.27774, 57.63563], [18.27883, 57.63526], [18.27941, 57.63467]]}, "properties": {"id": "trv-11154:260557-11154:260683-0.0000_1.0000", "country": "se", "source": "TRV", "updated": "2026-09-12", "occurrences": 2, "name": "Gotlands linje", "type": "liaison", "exploitation": "Trafikverket"}}, {"type": "Feature", "geometry": {"type": "LineString", "coordinates": [[11.78183, 57.59127], [11.7859, 57.58966], [11.79452, 57.588], [11.79583, 57.58294], [11.79587, 57.58049], [11.7968, 57.57871], [11.79568, 57.57165], [11.79162, 57.57035]]}, "properties": {"id": "trv-10133:202650-20531:77664-0.0000_1.0000", "country": "se", "source": "TRV", "updated": "2026-09-12", "occurrences": 2, "name": "Beställmningstrafik Styrsöbolaget", "type": "liaison", "exploitation": "Trafikverket"}}, {"type": "Feature", "geometry": {"type": "LineString", "coordinates": [[11.79335, 57.60379], [11.79068, 57.60392]]}, "properties": {"id": "trv-10133:202650-20531:77699-0.0000_1.0000", "country": "se", "source": "TRV", "updated": "2026-09-12", "occurrences": 2, "name": "Beställmningstrafik Styrsöbolaget", "type": "liaison", "exploitation": "Trafikverket"}}, {"type": "Feature", "geometry": {"type": "LineString", "coordinates": [[11.84252, 57.66122], [11.84263, 57.6613], [11.84242, 57.66153], [11.8421, 57.66177], [11.8409, 57.66205], [11.83953, 57.66279], [11.83845, 57.66282], [11.83499, 57.66126]]}, "properties": {"id": "trv-10042:668116-10042:667130-0.0000_1.0000", "country": "se", "source": "TRV", "updated": "2026-09-12", "name": "Beställningstrafik Styrsöbolaget", "type": "liaison", "exploitation": "Trafikverket"}}, {"type": "Feature", "geometry": {"type": "LineString", "coordinates": [[11.5288, 58.09186], [11.52772, 58.09042]]}, "properties": {"id": "trv-12794:66293-1000:40701-0.0000_1.0000", "country": "se", "source": "TRV", "updated": "2026-09-12", "name": "Lyrleden", "type": "liaison", "exploitation": "Trafikverket"}}, {"type": "Feature", "geometry": {"type": "LineString", "coordinates": [[20.86761, 63.8053], [20.86775, 63.80527], [20.86791, 63.80526], [20.86812, 63.80529], [20.86833, 63.80532], [20.86855, 63.80537], [20.86876, 63.80542], [20.8691, 63.80558]]}, "properties": {"id": "trv-12844:10950-12844:10936-0.0000_1.0000", "country": "se", "source": "TRV", "updated": "2026-09-12", "name": "Holmöleden", "type": "liaison", "exploitation": "Trafikverket"}}, {"type": "Feature", "geometry": {"type": "LineString", "coordinates": [[14.45171, 58.03028], [14.45013, 58.03032], [14.44846, 58.03035], [14.44682, 58.03039], [14.44527, 58.03042], [14.44389, 58.03045], [14.44232, 58.03049], [14.44096, 58.03052], [14.43951, 58.03055], [14.43815, 58.03058], [14.43647, 58.03062], [14.43496, 58.03065], [14.43418, 58.03067], [14.43327, 58.03069], [14.43168, 58.03072], [14.43009, 58.03076], [14.42849, 58.03079], [14.42756, 58.03081], [14.42656, 58.03083], [14.42509, 58.03087], [14.42356, 58.0309], [14.42193, 58.03093], [14.42036, 58.03097], [14.4188, 58.031], [14.41734, 58.03103], [14.41569, 58.03107], [14.41414, 58.0311], [14.41258, 58.03114], [14.41177, 58.03115], [14.41084, 58.03117], [14.40931, 58.03121], [14.40777, 58.03124], [14.40637, 58.03127], [14.40481, 58.03131], [14.40327, 58.03134], [14.40245, 58.03136], [14.40153, 58.03138], [14.40007, 58.03141], [14.39926, 58.03143], [14.39838, 58.03144], [14.39679, 58.03148], [14.39512, 58.03151], [14.39378, 58.03154], [14.39234, 58.03157], [14.39083, 58.03161], [14.38919, 58.03164], [14.38755, 58.03168], [14.38594, 58.03171], [14.38442, 58.03174], [14.38278, 58.03178], [14.38124, 58.03181], [14.37961, 58.03185], [14.37797, 58.03188], [14.37713, 58.0319], [14.37624, 58.03192], [14.37481, 58.03195], [14.37327, 58.03198], [14.37194, 58.03201], [14.37069, 58.03204], [14.36902, 58.03207], [14.3674, 58.03211], [14.36584, 58.03214], [14.36502, 58.03216], [14.36416, 58.03218], [14.36285, 58.03221], [14.36147, 58.03223], [14.36001, 58.03227], [14.3585, 58.0323], [14.35695, 58.03233], [14.35538, 58.03236], [14.35399, 58.03239], [14.35244, 58.03243], [14.35143, 58.03254]]}, "properties": {"id": "trv-12879:5323-11155:172298-0.0000_1.0000", "country": "se", "source": "TRV", "updated": "2026-09-12", "name": "Visingsöleden", "type": "liaison", "exploitation": "Trafikverket"}}, {"type": "Feature", "geometry": {"type": "LineString", "coordinates": [[22.91413, 66.30629], [22.89778, 66.30587]]}, "properties": {"id": "trv-13150:5457-1000:121939-0.0000_1.0000", "country": "se", "source": "TRV", "updated": "2026-09-12", "name": "Bohedenleden", "type": "liaison", "exploitation": "Trafikverket"}}, {"type": "Feature", "geometry": {"type": "LineString", "coordinates": [[11.88007, 57.81796], [11.87701, 57.81888]]}, "properties": {"id": "trv-12794:66297-1000:40906-0.0000_1.0000", "country": "se", "source": "TRV", "updated": "2026-09-12", "name": "Kornhallsleden", "type": "liaison", "exploitation": "Trafikverket"}}, {"type": "Feature", "geometry": {"type": "LineString", "coordinates": [[11.70163, 57.7081], [11.69802, 57.70711], [11.69412, 57.70606], [11.69213, 57.70521], [11.6899, 57.70425], [11.68876, 57.70391], [11.68812, 57.70371], [11.68739, 57.70353], [11.68678, 57.70344], [11.68614, 57.70333], [11.68559, 57.70323], [11.68498, 57.70313], [11.68441, 57.70306], [11.6839, 57.70301], [11.68348, 57.70299], [11.68297, 57.70295], [11.68232, 57.70287], [11.68086, 57.70263], [11.67989, 57.70247], [11.67961, 57.70242], [11.67794, 57.70212], [11.67549, 57.70134], [11.67119, 57.69998], [11.66676, 57.69857]]}, "properties": {"id": "trv-12794:66299-1000:41199-0.0413_1.0000", "country": "se", "source": "TRV", "updated": "2026-09-12", "occurrences": 2, "name": "Hönöleden", "type": "liaison", "exploitation": "Trafikverket"}}, {"type": "Feature", "geometry": {"type": "LineString", "coordinates": [[11.70299, 57.70854], [11.70263, 57.70842], [11.70219, 57.70828], [11.70163, 57.7081]]}, "properties": {"id": "trv-12794:66299-12736:137134-0.0000_1.0000", "country": "se", "source": "TRV", "updated": "2026-09-12", "occurrences": 2, "name": "Hönöleden", "type": "liaison", "exploitation": "Trafikverket"}}, {"type": "Feature", "geometry": {"type": "LineString", "coordinates": [[11.69692, 57.7112], [11.69668, 57.71131], [11.69659, 57.71136], [11.69653, 57.7114], [11.69627, 57.71153], [11.696, 57.71168], [11.69583, 57.71174], [11.69576, 57.71177], [11.6955, 57.71187], [11.69475, 57.71217], [11.69398, 57.71238], [11.69339, 57.71252], [11.69158, 57.71285], [11.69139, 57.71288], [11.69117, 57.71291], [11.69098, 57.71292], [11.69077, 57.71293], [11.6905, 57.71294], [11.69032, 57.71293], [11.69005, 57.71292], [11.68951, 57.71291]]}, "properties": {"id": "trv-12794:66301-1000:41195-0.5079_1.0000", "country": "se", "source": "TRV", "updated": "2026-09-12", "occurrences": 2, "name": "Björköleden", "type": "liaison", "exploitation": "Trafikverket"}}, {"type": "Feature", "geometry": {"type": "LineString", "coordinates": [[11.70279, 57.70883], [11.70218, 57.70884], [11.70204, 57.70884], [11.70181, 57.70886], [11.70158, 57.70888], [11.70145, 57.7089], [11.70133, 57.70893], [11.7012, 57.70895], [11.70108, 57.70898], [11.70096, 57.70902], [11.70085, 57.70905], [11.70073, 57.70909], [11.70063, 57.70913], [11.70049, 57.70919], [11.70036, 57.70926], [11.69911, 57.70996], [11.69789, 57.71065], [11.69692, 57.7112]]}, "properties": {"id": "trv-12794:66301-12736:137126-0.0000_1.0000", "country": "se", "source": "TRV", "updated": "2026-09-12", "occurrences": 2, "name": "Björköleden", "type": "liaison", "exploitation": "Trafikverket"}}, {"type": "Feature", "geometry": {"type": "LineString", "coordinates": [[17.9857, 62.69112], [17.98671, 62.69105], [17.98774, 62.69098], [17.98893, 62.6909], [17.99017, 62.69081], [17.99142, 62.69073], [17.99253, 62.69065], [17.99379, 62.69057], [17.99505, 62.69048], [17.99638, 62.69039]]}, "properties": {"id": "trv-12733:185370-12733:185345-0.0000_1.0000", "country": "se", "source": "TRV", "updated": "2026-09-12", "name": "Hemsöleden", "type": "liaison", "exploitation": "Trafikverket"}}, {"type": "Feature", "geometry": {"type": "LineString", "coordinates": [[11.68491, 57.71178], [11.68328, 57.7107]]}, "properties": {"id": "trv-12730:309411-12730:309409-0.0000_1.0000", "country": "se", "source": "TRV", "updated": "2026-09-12", "name": "Kalvsund- Grötö leden", "type": "liaison", "exploitation": "Trafikverket"}}, {"type": "Feature", "geometry": {"type": "LineString", "coordinates": [[19.83198, 63.56355], [19.83386, 63.56314], [19.83843, 63.56216], [19.84341, 63.56112], [19.84739, 63.5603], [19.8542, 63.55893], [19.85748, 63.55837], [19.85805, 63.55827], [19.86104, 63.5579], [19.86403, 63.55752], [19.86907, 63.55692], [19.86962, 63.5569], [19.87006, 63.55687]]}, "properties": {"id": "trv-12728:11934-3:1005621-0.0000_0.9761", "country": "se", "source": "TRV", "updated": "2026-09-12", "occurrences": 2, "name": "Norrbyskär - Norrbyn", "type": "liaison", "exploitation": "Trafikverket"}}, {"type": "Feature", "geometry": {"type": "LineString", "coordinates": [[19.82999, 63.56409], [19.83198, 63.56355]]}, "properties": {"id": "trv-12728:11934-12728:11926-0.0000_1.0000", "country": "se", "source": "TRV", "updated": "2026-09-12", "occurrences": 2, "name": "Norrbyskär - Norrbyn", "type": "liaison", "exploitation": "Trafikverket"}}, {"type": "Feature", "geometry": {"type": "LineString", "coordinates": [[14.37235, 56.11303], [14.38314, 56.11226]]}, "properties": {"id": "trv-12796:33678-1000:15986-0.0000_1.0000", "country": "se", "source": "TRV", "updated": "2026-09-12", "name": "Ivöleden", "type": "liaison", "exploitation": "Trafikverket"}}, {"type": "Feature", "geometry": {"type": "LineString", "coordinates": [[18.93227, 59.65194], [18.933, 59.6517], [18.93472, 59.65064], [18.93625, 59.64948], [18.93819, 59.64873], [18.93896, 59.64876]]}, "properties": {"id": "trv-12725:120833-12725:120829-0.0000_1.0000", "country": "se", "source": "TRV", "updated": "2026-09-12", "name": "Blidöleden", "type": "liaison", "exploitation": "Trafikverket"}}, {"type": "Feature", "geometry": {"type": "LineString", "coordinates": [[11.93983, 57.70551], [11.94082, 57.70426], [11.95081, 57.70478], [11.95657, 57.70591]]}, "properties": {"id": "trv-12723:300499-20531:4679-0.0000_1.0000", "country": "se", "source": "TRV", "updated": "2026-09-12", "name": "Älvsnabbaren", "type": "liaison", "exploitation": "Trafikverket"}}, {"type": "Feature", "geometry": {"type": "LineString", "coordinates": [[16.5993, 58.442], [16.59752, 58.44383]]}, "properties": {"id": "trv-12796:36869-1000:62970-0.0000_1.0000", "country": "se", "source": "TRV", "updated": "2026-09-12", "name": "Stegeborgsleden", "type": "liaison", "exploitation": "Trafikverket"}}, {"type": "Feature", "geometry": {"type": "LineString", "coordinates": [[14.30467, 63.12885], [14.3409, 63.1442]]}, "properties": {"id": "trv-12801:103092-1000:109565-0.0000_1.0000", "country": "se", "source": "TRV", "updated": "2026-09-12", "name": "Håkanstaleden", "type": "liaison", "exploitation": "Trafikverket"}}, {"type": "Feature", "geometry": {"type": "LineString", "coordinates": [[17.1467, 59.49977], [17.15914, 59.49827]]}, "properties": {"id": "trv-12797:5069-1000:78287-0.0000_1.0000", "country": "se", "source": "TRV", "updated": "2026-09-12", "name": "Arnöleden", "type": "liaison", "exploitation": "Trafikverket"}}, {"type": "Feature", "geometry": {"type": "LineString", "coordinates": [[18.44658, 60.34073], [18.45439, 60.34363], [18.46178, 60.34625]]}, "properties": {"id": "trv-12797:6213-1000:96890-0.0000_1.0000", "country": "se", "source": "TRV", "updated": "2026-09-12", "name": "Gräsöleden", "type": "liaison", "exploitation": "Trafikverket"}}, {"type": "Feature", "geometry": {"type": "LineString", "coordinates": [[15.67288, 59.14434], [15.67706, 59.14782], [15.67946, 59.14993], [15.68115, 59.15201], [15.68367, 59.15499], [15.68644, 59.15856], [15.68847, 59.16119], [15.69304, 59.16697], [15.70449, 59.18343], [15.70585, 59.18419]]}, "properties": {"id": "trv-12799:10192-1000:74687-0.0000_1.0000", "country": "se", "source": "TRV", "updated": "2026-09-12", "name": "Vinöleden", "type": "liaison", "exploitation": "Trafikverket"}}, {"type": "Feature", "geometry": {"type": "LineString", "coordinates": [[14.37886, 63.13886], [14.40709, 63.13659]]}, "properties": {"id": "trv-12801:103094-1000:109747-0.0000_1.0000", "country": "se", "source": "TRV", "updated": "2026-09-12", "name": "Isöleden", "type": "liaison", "exploitation": "Trafikverket"}}, {"type": "Feature", "geometry": {"type": "LineString", "coordinates": [[15.30218, 62.82901], [15.29279, 62.82802]]}, "properties": {"id": "trv-12801:103096-1000:107498-0.0000_1.0000", "country": "se", "source": "TRV", "updated": "2026-09-12", "name": "Ammeröleden", "type": "liaison", "exploitation": "Trafikverket"}}, {"type": "Feature", "geometry": {"type": "LineString", "coordinates": [[11.59044, 57.92463], [11.59105, 57.92512], [11.59148, 57.92549], [11.59146, 57.92589], [11.5912, 57.92622], [11.5907, 57.92668], [11.58982, 57.9274], [11.58902, 57.92806], [11.58829, 57.92858], [11.58737, 57.92924], [11.5864, 57.92994], [11.58567, 57.9304], [11.58401, 57.93146]]}, "properties": {"id": "trv-13663:6671-13795:729-0.0000_1.0000", "country": "se", "source": "TRV", "updated": "2026-09-12", "name": "Rönnäng-Åstol", "type": "liaison", "exploitation": "Trafikverket"}}, {"type": "Feature", "geometry": {"type": "LineString", "coordinates": [[11.90013, 59.13779], [11.88476, 59.1377]]}, "properties": {"id": "trv-13854:1225-1000:70227-0.0000_1.0000", "country": "se", "source": "TRV", "updated": "2026-09-12", "name": "Sund-Jarenleden", "type": "liaison", "exploitation": "Trafikverket"}}, {"type": "Feature", "geometry": {"type": "LineString", "coordinates": [[22.77611, 66.48473], [22.7795, 66.48653]]}, "properties": {"id": "trv-13150:5459-1000:122051-0.0000_1.0000", "country": "se", "source": "TRV", "updated": "2026-09-12", "name": "Röduppleden", "type": "liaison", "exploitation": "Trafikverket"}}, {"type": "Feature", "geometry": {"type": "LineString", "coordinates": [[21.81638, 65.67957], [21.82978, 65.68041]]}, "properties": {"id": "trv-13150:5461-1000:118979-0.0000_1.0000", "country": "se", "source": "TRV", "updated": "2026-09-12", "name": "Avanleden", "type": "liaison", "exploitation": "Trafikverket"}}, {"type": "Feature", "geometry": {"type": "LineString", "coordinates": [[19.05839, 57.86532], [19.08029, 57.8686]]}, "properties": {"id": "trv-13154:91803-1000:51174-0.0000_1.0000", "country": "se", "source": "TRV", "updated": "2026-09-12", "name": "Fårösundsleden", "type": "liaison", "exploitation": "Trafikverket"}}, {"type": "Feature", "geometry": {"type": "LineString", "coordinates": [[12.80921, 59.34938], [12.81061, 59.34879]]}, "properties": {"id": "trv-13157:1436-1000:71011-0.0000_1.0000", "country": "se", "source": "TRV", "updated": "2026-09-12", "name": "Högsäterleden", "type": "liaison", "exploitation": "Trafikverket"}}, {"type": "Feature", "geometry": {"type": "LineString", "coordinates": [[11.79439, 57.61613], [11.79423, 57.61585]]}, "properties": {"id": "trv-13227:1998-13227:1772-0.0000_1.0000", "country": "se", "source": "TRV", "updated": "2026-09-12", "occurrences": 2, "name": "Beställningstrafik Stysöbolaget", "type": "liaison", "exploitation": "Trafikverket"}}, {"type": "Feature", "geometry": {"type": "LineString", "coordinates": [[11.79423, 57.61585], [11.79473, 57.61578]]}, "properties": {"id": "trv-13227:1998-13227:1780-0.0000_1.0000", "country": "se", "source": "TRV", "updated": "2026-09-12", "occurrences": 2, "name": "Beställningstrafik Stysöbolaget", "type": "liaison", "exploitation": "Trafikverket"}}, {"type": "Feature", "geometry": {"type": "LineString", "coordinates": [[15.76791, 59.25065], [15.77208, 59.25544], [15.77552, 59.26046], [15.77981, 59.26627], [15.78261, 59.27163]]}, "properties": {"id": "trv-13553:1110-13553:1108-0.0000_1.0000", "country": "se", "source": "TRV", "updated": "2026-09-12", "name": "Valen", "type": "liaison", "exploitation": "Trafikverket"}}, {"type": "Feature", "geometry": {"type": "LineString", "coordinates": [[15.59712, 56.16314], [15.59825, 56.16355], [15.59877, 56.16364], [15.59943, 56.1636], [15.60014, 56.16347], [15.60119, 56.16328], [15.60164, 56.16306], [15.60198, 56.16283], [15.60257, 56.1623], [15.60331, 56.16163], [15.60367, 56.16106], [15.60385, 56.16053], [15.60413, 56.15957], [15.60431, 56.15867], [15.6043, 56.15798], [15.60412, 56.15742], [15.6039, 56.15694], [15.60339, 56.15556], [15.60312, 56.15479], [15.60291, 56.15443], [15.60266, 56.15406], [15.60215, 56.15358], [15.6015, 56.15314], [15.60118, 56.15293], [15.60044, 56.15239], [15.60007, 56.15213], [15.59955, 56.1518], [15.5992, 56.15155], [15.59906, 56.15136], [15.59883, 56.15109], [15.59864, 56.15057], [15.59837, 56.15004], [15.59752, 56.14898], [15.59684, 56.14852], [15.59364, 56.14635], [15.5927, 56.14567], [15.59111, 56.14459], [15.58989, 56.14367], [15.588, 56.1425], [15.58558, 56.14102], [15.5844, 56.14026], [15.58242, 56.13898], [15.58012, 56.1381], [15.57729, 56.1377], [15.57455, 56.1375], [15.5732, 56.13743], [15.57203, 56.13731], [15.56961, 56.13708], [15.56596, 56.13648], [15.56399, 56.13595], [15.56312, 56.13571], [15.55983, 56.13458], [15.55718, 56.1333], [15.55597, 56.13263], [15.55412, 56.13161], [15.55337, 56.13105], [15.55213, 56.12968], [15.55097, 56.12826], [15.55015, 56.12639], [15.55047, 56.12424]]}, "properties": {"id": "trv-14440:125245-3:358903-0.0000_1.0000", "country": "se", "source": "TRV", "updated": "2026-09-12", "name": "Aspöleden", "type": "liaison", "exploitation": "Trafikverket"}}, {"type": "Feature", "geometry": {"type": "LineString", "coordinates": [[16.62475, 60.18288], [16.6249, 60.18485]]}, "properties": {"id": "trv-14441:28728-3:1072-0.0000_1.0000", "country": "se", "source": "TRV", "updated": "2026-09-12", "name": "Hovnäsfärjan", "type": "liaison", "exploitation": "Trafikverket"}}, {"type": "Feature", "geometry": {"type": "LineString", "coordinates": [[15.92743, 58.9393], [15.92719, 58.94175]]}, "properties": {"id": "trv-14400:214988-12426:227-0.0000_1.0000", "country": "se", "source": "TRV", "updated": "2026-09-12", "name": "Tisenö", "type": "liaison", "exploitation": "Trafikverket"}}, {"type": "Feature", "geometry": {"type": "LineString", "coordinates": [[13.70533, 58.8116], [13.70541, 58.81158], [13.70564, 58.81155], [13.71184, 58.81156], [13.71184, 58.81156]]}, "properties": {"id": "trv-14070:883-3:1404501-0.0000_0.8406", "country": "se", "source": "TRV", "updated": "2026-09-12", "name": "Laxhall-Brommögård", "type": "liaison", "exploitation": "Trafikverket"}}, {"type": "Feature", "geometry": {"type": "LineString", "coordinates": [[15.09167, 58.03118], [15.09068, 58.02956]]}, "properties": {"id": "trv-14133:52514-3:540969-0.0000_1.0000", "country": "se", "source": "TRV", "updated": "2026-09-12", "name": "Blåvik-Torpönleden", "type": "liaison", "exploitation": "Trafikverket"}}, {"type": "Feature", "geometry": {"type": "LineString", "coordinates": [[11.83499, 57.66126], [11.82658, 57.65946], [11.79984, 57.65294], [11.79703, 57.65292], [11.79552, 57.65126], [11.79378, 57.65091], [11.79143, 57.65129], [11.7897, 57.6495], [11.78874, 57.6491], [11.78543, 57.64853]]}, "properties": {"id": "trv-14436:51285-14436:51209-0.1319_1.0000", "country": "se", "source": "TRV", "updated": "2026-09-12", "occurrences": 14, "name": "Beställningstrafik Styrsöbolaget", "type": "liaison", "exploitation": "Trafikverket"}}, {"type": "Feature", "geometry": {"type": "LineString", "coordinates": [[11.82658, 57.65946], [11.82442, 57.65818], [11.82174, 57.65367], [11.81783, 57.64659], [11.81772, 57.64607], [11.81649, 57.64058], [11.8173, 57.63523], [11.81633, 57.62982], [11.81357, 57.62663], [11.81261, 57.62552], [11.80672, 57.61864], [11.80621, 57.6181], [11.80615, 57.61557], [11.80613, 57.61359], [11.80411, 57.61111], [11.79639, 57.60732], [11.79511, 57.60612], [11.79335, 57.60379], [11.79224, 57.60232], [11.79364, 57.59991]]}, "properties": {"id": "trv-14436:51285-14436:51219-0.0000_1.0000", "country": "se", "source": "TRV", "updated": "2026-09-12", "occurrences": 14, "name": "Beställningstrafik Styrsöbolaget", "type": "liaison", "exploitation": "Trafikverket"}}, {"type": "Feature", "geometry": {"type": "LineString", "coordinates": [[11.79439, 57.61613], [11.79486, 57.61735], [11.79414, 57.61846], [11.79017, 57.62034], [11.78708, 57.62108], [11.77965, 57.62185], [11.77447, 57.62234], [11.77098, 57.62245], [11.76823, 57.62217], [11.76438, 57.62113], [11.76305, 57.61765], [11.7622, 57.61722], [11.76211, 57.61705]]}, "properties": {"id": "trv-14436:51285-14436:51225-0.0108_1.0000", "country": "se", "source": "TRV", "updated": "2026-09-12", "occurrences": 14, "name": "Beställningstrafik Styrsöbolaget", "type": "liaison", "exploitation": "Trafikverket"}}, {"type": "Feature", "geometry": {"type": "LineString", "coordinates": [[11.82953, 57.6274], [11.83457, 57.63046], [11.83804, 57.63128], [11.85233, 57.63334]]}, "properties": {"id": "trv-14436:51285-14436:51243-0.0000_1.0000", "country": "se", "source": "TRV", "updated": "2026-09-12", "occurrences": 14, "name": "Beställningstrafik Styrsöbolaget", "type": "liaison", "exploitation": "Trafikverket"}}, {"type": "Feature", "geometry": {"type": "LineString", "coordinates": [[11.81261, 57.62552], [11.80952, 57.62519]]}, "properties": {"id": "trv-14436:51285-14436:51257-0.0000_1.0000", "country": "se", "source": "TRV", "updated": "2026-09-12", "occurrences": 14, "name": "Beställningstrafik Styrsöbolaget", "type": "liaison", "exploitation": "Trafikverket"}}, {"type": "Feature", "geometry": {"type": "LineString", "coordinates": [[11.79473, 57.61578], [11.79595, 57.61583], [11.79713, 57.61588], [11.79846, 57.61593], [11.80013, 57.6164], [11.80187, 57.61688]]}, "properties": {"id": "trv-14436:51285-14436:51263-0.0716_0.7817", "country": "se", "source": "TRV", "updated": "2026-09-12", "occurrences": 14, "name": "Beställningstrafik Styrsöbolaget", "type": "liaison", "exploitation": "Trafikverket"}}, {"type": "Feature", "geometry": {"type": "LineString", "coordinates": [[11.80187, 57.61688], [11.80621, 57.6181]]}, "properties": {"id": "trv-14436:51285-14436:51269-0.0000_1.0000", "country": "se", "source": "TRV", "updated": "2026-09-12", "occurrences": 14, "name": "Beställningstrafik Styrsöbolaget", "type": "liaison", "exploitation": "Trafikverket"}}, {"type": "Feature", "geometry": {"type": "LineString", "coordinates": [[11.79364, 57.59991], [11.79413, 57.59993]]}, "properties": {"id": "trv-14436:51285-14436:51271-0.0000_1.0000", "country": "se", "source": "TRV", "updated": "2026-09-12", "occurrences": 14, "name": "Beställningstrafik Styrsöbolaget", "type": "liaison", "exploitation": "Trafikverket"}}, {"type": "Feature", "geometry": {"type": "LineString", "coordinates": [[11.79364, 57.59991], [11.78992, 57.5999], [11.78434, 57.59635], [11.76817, 57.59375], [11.76805, 57.59373]]}, "properties": {"id": "trv-14436:51285-14436:51275-0.0000_1.0000", "country": "se", "source": "TRV", "updated": "2026-09-12", "occurrences": 14, "name": "Beställningstrafik Styrsöbolaget", "type": "liaison", "exploitation": "Trafikverket"}}, {"type": "Feature", "geometry": {"type": "LineString", "coordinates": [[11.78434, 57.59635], [11.7838, 57.59216], [11.78183, 57.59127]]}, "properties": {"id": "trv-14436:51285-14436:51281-0.0000_1.0000", "country": "se", "source": "TRV", "updated": "2026-09-12", "occurrences": 14, "name": "Beställningstrafik Styrsöbolaget", "type": "liaison", "exploitation": "Trafikverket"}}, {"type": "Feature", "geometry": {"type": "LineString", "coordinates": [[11.54356, 58.23734], [11.54497, 58.23874]]}, "properties": {"id": "trv-16665:14725-16665:14713-0.0000_1.0000", "country": "se", "source": "TRV", "updated": "2026-09-12", "name": "Ängöleden", "type": "liaison", "exploitation": "Trafikverket"}}, {"type": "Feature", "geometry": {"type": "LineString", "coordinates": [[12.82582, 55.86532], [12.82237, 55.86651], [12.8202, 55.86706]]}, "properties": {"id": "trv-16667:12408-16667:12401-0.0000_1.0000", "country": "se", "source": "TRV", "updated": "2026-09-12", "name": "Landskrona - Ven", "type": "liaison", "exploitation": "Trafikverket"}}, {"type": "Feature", "geometry": {"type": "LineString", "coordinates": [[17.53551, 59.39124], [17.5352, 59.3911], [17.52622, 59.38478]]}, "properties": {"id": "trv-16667:40282-16667:40218-0.0000_1.0000", "country": "se", "source": "TRV", "updated": "2026-09-12", "name": "Adelsöleden", "type": "liaison", "exploitation": "Trafikverket"}}, {"type": "Feature", "geometry": {"type": "LineString", "coordinates": [[11.58825, 57.88671], [11.58491, 57.88573]]}, "properties": {"id": "trv-17171:3197-17171:3185-0.0000_0.9252", "country": "se", "source": "TRV", "updated": "2026-09-12", "name": "Koön-Marstrand", "type": "liaison", "exploitation": "Trafikverket"}}, {"type": "Feature", "geometry": {"type": "LineString", "coordinates": [[18.09749, 59.30804], [18.10127, 59.30921]]}, "properties": {"id": "trv-19194:1162696-19194:1086457-0.0000_1.0000", "country": "se", "source": "TRV", "updated": "2026-09-12", "name": "Barnängsbryggan-Henriksdal", "type": "liaison", "exploitation": "Trafikverket"}}, {"type": "Feature", "geometry": {"type": "LineString", "coordinates": [[18.09749, 59.30804], [18.09933, 59.30582], [18.09933, 59.30582]]}, "properties": {"id": "trv-19194:1162700-19194:1086455-0.0000_0.4048", "country": "se", "source": "TRV", "updated": "2026-09-12", "name": "Barnängsbryggan-Lumabryggan", "type": "liaison", "exploitation": "Trafikverket"}}, {"type": "Feature", "geometry": {"type": "LineString", "coordinates": [[18.09933, 59.30582], [18.10069, 59.30855], [18.10127, 59.30921]]}, "properties": {"id": "trv-19194:1162704-19194:1086455-0.4048_1.0000", "country": "se", "source": "TRV", "updated": "2026-09-12", "name": "Lumabryggan-Henriksdal", "type": "liaison", "exploitation": "Trafikverket"}}, {"type": "Feature", "geometry": {"type": "LineString", "coordinates": [[11.58901, 57.92422], [11.58897, 57.9242], [11.58896, 57.92418], [11.58896, 57.92415], [11.58897, 57.92404]]}, "properties": {"id": "trv-16156:242-12726:308002-0.0000_1.0000", "country": "se", "source": "TRV", "updated": "2026-09-12", "occurrences": 5, "name": "Rönnäng-Stora Dyrön-Åstol", "type": "liaison", "exploitation": "Trafikverket"}}, {"type": "Feature", "geometry": {"type": "LineString", "coordinates": [[11.59125, 57.9302], [11.59233, 57.93014], [11.59327, 57.93015], [11.59418, 57.93017], [11.59515, 57.93018], [11.59612, 57.93019], [11.59697, 57.9302], [11.59773, 57.93021], [11.59867, 57.93023], [11.59946, 57.93024], [11.60038, 57.93014], [11.6011, 57.93006], [11.60168, 57.92994], [11.60191, 57.92981], [11.60197, 57.92968], [11.60199, 57.92942]]}, "properties": {"id": "trv-16156:242-12726:308015-0.0000_1.0000", "country": "se", "source": "TRV", "updated": "2026-09-12", "occurrences": 5, "name": "Rönnäng-Stora Dyrön-Åstol", "type": "liaison", "exploitation": "Trafikverket"}}, {"type": "Feature", "geometry": {"type": "LineString", "coordinates": [[11.6011, 57.93006], [11.59958, 57.92983], [11.59856, 57.92954], [11.59761, 57.92901], [11.59712, 57.9286], [11.59663, 57.92819], [11.59609, 57.92774], [11.59547, 57.92724], [11.59501, 57.92685], [11.59438, 57.92633], [11.59394, 57.92596], [11.59327, 57.92541]]}, "properties": {"id": "trv-16156:242-12726:308021-0.0000_1.0000", "country": "se", "source": "TRV", "updated": "2026-09-12", "occurrences": 5, "name": "Rönnäng-Stora Dyrön-Åstol", "type": "liaison", "exploitation": "Trafikverket"}}, {"type": "Feature", "geometry": {"type": "LineString", "coordinates": [[11.57577, 57.9356], [11.57551, 57.93525], [11.58065, 57.93239], [11.58401, 57.93146], [11.58896, 57.93055], [11.59125, 57.9302]]}, "properties": {"id": "trv-16156:242-16156:230-0.0000_0.6660", "country": "se", "source": "TRV", "updated": "2026-09-12", "occurrences": 5, "name": "Rönnäng-Stora Dyrön-Åstol", "type": "liaison", "exploitation": "Trafikverket"}}, {"type": "Feature", "geometry": {"type": "LineString", "coordinates": [[11.59327, 57.92541], [11.59044, 57.92463], [11.58901, 57.92422]]}, "properties": {"id": "trv-16156:242-16156:236-0.5771_0.8624", "country": "se", "source": "TRV", "updated": "2026-09-12", "occurrences": 5, "name": "Rönnäng-Stora Dyrön-Åstol", "type": "liaison", "exploitation": "Trafikverket"}}, {"type": "Feature", "geometry": {"type": "LineString", "coordinates": [[20.84685, 63.82935], [20.83894, 63.83174], [20.8324, 63.83371], [20.8235, 63.83642], [20.81557, 63.83883], [20.80652, 63.84154], [20.80191, 63.84287], [20.79634, 63.84455], [20.79106, 63.84616], [20.78589, 63.84763], [20.78005, 63.84945], [20.77629, 63.85061], [20.77016, 63.85244], [20.7629, 63.85457], [20.75578, 63.85667]]}, "properties": {"id": "trv-15590:15224-15590:15218-0.0000_1.0000", "country": "se", "source": "TRV", "updated": "2026-09-12", "name": "Holmöleden", "type": "liaison", "exploitation": "Trafikverket"}}, {"type": "Feature", "geometry": {"type": "LineString", "coordinates": [[20.75578, 63.85667], [20.75533, 63.85673], [20.75462, 63.85679], [20.7543, 63.85684], [20.75371, 63.8569], [20.75284, 63.85694], [20.75222, 63.85704], [20.75155, 63.85716], [20.75036, 63.85757], [20.74987, 63.85776], [20.74926, 63.85787], [20.74881, 63.85806], [20.74821, 63.85827], [20.7476, 63.85852], [20.74691, 63.85878], [20.74642, 63.85899], [20.74596, 63.85914], [20.74552, 63.85933], [20.7452, 63.85947], [20.74468, 63.85966], [20.74416, 63.85984], [20.74375, 63.85995], [20.74344, 63.86011], [20.74316, 63.86025], [20.74261, 63.86046], [20.74241, 63.86059], [20.74195, 63.86075], [20.74162, 63.86093], [20.74126, 63.8611], [20.74091, 63.86125], [20.74065, 63.86139], [20.74036, 63.8615], [20.74015, 63.86162], [20.73994, 63.86177], [20.73983, 63.86192], [20.73981, 63.86209], [20.73971, 63.86227], [20.73975, 63.86246], [20.73976, 63.86258], [20.73977, 63.86269], [20.7398, 63.86279], [20.7398, 63.86286], [20.73947, 63.8628]]}, "properties": {"id": "trv-15590:15268-3:993150-0.6086_1.0000", "country": "se", "source": "TRV", "updated": "2026-09-12", "name": "Holmöleden", "type": "liaison", "exploitation": "Trafikverket"}}, {"type": "Feature", "geometry": {"type": "LineString", "coordinates": [[20.8691, 63.80558], [20.86951, 63.80605], [20.86971, 63.80632], [20.87021, 63.80763], [20.8704, 63.80923], [20.87044, 63.81017], [20.87015, 63.81086], [20.86978, 63.81144], [20.86552, 63.81614], [20.86418, 63.81737], [20.86164, 63.81928], [20.85369, 63.82471], [20.84685, 63.82935]]}, "properties": {"id": "trv-15590:15272-3:996111-0.0217_1.0000", "country": "se", "source": "TRV", "updated": "2026-09-12", "name": "Holmöleden", "type": "liaison", "exploitation": "Trafikverket"}}, {"type": "Feature", "geometry": {"type": "LineString", "coordinates": [[11.51487, 58.01518], [11.51452, 58.01511], [11.51429, 58.01508], [11.51422, 58.01519], [11.51409, 58.01523], [11.5137, 58.01553], [11.51325, 58.01587], [11.51306, 58.01593]]}, "properties": {"id": "trv-16156:286-16156:284-0.0000_1.0000", "country": "se", "source": "TRV", "updated": "2026-09-12", "name": "Kyrkesund", "type": "liaison", "exploitation": "Trafikverket"}}, {"type": "Feature", "geometry": {"type": "LineString", "coordinates": [[18.34987, 59.40013], [18.35201, 59.39996], [18.35354, 59.39988], [18.35529, 59.39994], [18.35721, 59.40015], [18.35911, 59.40054], [18.36088, 59.40102], [18.3623, 59.40152], [18.36327, 59.40201], [18.3641, 59.40261], [18.36462, 59.40353]]}, "properties": {"id": "trv-16405:100-16988:2981-0.0000_1.0000", "country": "se", "source": "TRV", "updated": "2026-09-12", "name": "Vaxholmsleden", "type": "liaison", "exploitation": "Trafikverket"}}, {"type": "Feature", "geometry": {"type": "LineString", "coordinates": [[11.57577, 57.9356], [11.57214, 57.93546]]}, "properties": {"id": "trv-16156:238-16156:227-0.0000_1.0000", "country": "se", "source": "TRV", "updated": "2026-09-12", "name": "Rönnäng-Tjörnekalv", "type": "liaison", "exploitation": "Trafikverket"}}, {"type": "Feature", "geometry": {"type": "LineString", "coordinates": [[11.1678, 58.94342], [11.16705, 58.94387]]}, "properties": {"id": "trv-12735:254971-12735:254934-0.0000_1.0000", "country": "se", "source": "TRV", "updated": "2026-09-12", "name": "Bojan", "type": "liaison", "exploitation": "Trafikverket"}}, {"type": "Feature", "geometry": {"type": "LineString", "coordinates": [[17.84628, 59.27119], [17.85366, 59.26779], [17.86106, 59.26414], [17.8668, 59.26091], [17.86917, 59.25931], [17.86993, 59.25762]]}, "properties": {"id": "trv-14845:123597-14845:123593-0.0000_1.0000", "country": "se", "source": "TRV", "updated": "2026-09-12", "name": "Ekeröleden", "type": "liaison", "exploitation": "Trafikverket"}}, {"type": "Feature", "geometry": {"type": "LineString", "coordinates": [[11.93983, 57.70551], [11.93939, 57.70542], [11.94089, 57.7035], [11.93823, 57.70288], [11.93613, 57.70253], [11.93355, 57.70229], [11.93059, 57.70216], [11.92861, 57.70214], [11.92799, 57.70229], [11.92753, 57.70253], [11.92749, 57.70314], [11.92079, 57.70043], [11.91733, 57.69911], [11.91631, 57.69883], [11.91578, 57.69884], [11.91523, 57.69908], [11.91504, 57.69934], [11.91499, 57.69963], [11.91502, 57.69987], [11.91516, 57.70049], [11.91303, 57.69849], [11.91092, 57.69634], [11.91035, 57.69552], [11.91008, 57.69513], [11.90999, 57.6946], [11.91002, 57.69447], [11.91012, 57.69411], [11.91044, 57.69366], [11.91097, 57.69323], [11.91171, 57.69269]]}, "properties": {"id": "trv-12589:16769-12589:16561-0.0000_1.0000", "country": "se", "source": "TRV", "updated": "2026-09-12", "occurrences": 3, "name": "Älvsnabben", "type": "liaison", "exploitation": "Trafikverket"}}, {"type": "Feature", "geometry": {"type": "LineString", "coordinates": [[11.93396, 57.70177], [11.9292, 57.70144], [11.925, 57.70106], [11.92198, 57.70048], [11.92065, 57.70006], [11.91922, 57.69952], [11.91743, 57.69889], [11.9159, 57.69825], [11.91408, 57.69754], [11.9096, 57.69524], [11.90486, 57.69276], [11.90314, 57.69202], [11.90175, 57.69143], [11.89949, 57.69065], [11.89772, 57.69028], [11.8946, 57.68978], [11.87746, 57.68749], [11.84644, 57.68332], [11.8391, 57.68235], [11.8183, 57.68001], [11.80132, 57.6759], [11.77779, 57.67039], [11.75912, 57.66583], [11.73866, 57.65981], [11.71171, 57.65174], [11.66184, 57.64183], [11.64006, 57.63738], [11.58664, 57.63821], [11.56489, 57.63656], [11.41504, 57.60085], [11.33758, 57.58079]]}, "properties": {"id": "trv-13668:24017-13668:24005-0.0046_1.0000", "country": "se", "source": "TRV", "updated": "2026-09-12", "name": "Göteborg-Fredrikshamn", "type": "liaison", "exploitation": "Trafikverket"}}, {"type": "Feature", "geometry": {"type": "LineString", "coordinates": [[11.91454, 57.69593], [11.91438, 57.69588], [11.91293, 57.6953], [11.91097, 57.69451], [11.90948, 57.69392], [11.90384, 57.69166], [11.90221, 57.69101], [11.90127, 57.69064], [11.89944, 57.69001], [11.89743, 57.68959], [11.8943, 57.68891], [11.88543, 57.68703], [11.878, 57.6861], [11.85644, 57.68333], [11.84525, 57.68221], [11.81963, 57.67946], [11.80535, 57.67595], [11.79018, 57.67228], [11.7724, 57.66804], [11.75966, 57.66491], [11.73194, 57.65614], [11.71438, 57.65063], [11.70719, 57.64803], [11.70108, 57.64566], [11.682, 57.63283], [11.6741, 57.62744], [11.65428, 57.61096], [11.62605, 57.59771], [11.59251, 57.5816], [11.57209, 57.57216], [11.54101, 57.557], [11.50204, 57.52993], [11.48926, 57.51567], [11.47687, 57.49556], [11.47429, 57.48512]]}, "properties": {"id": "trv-13668:24025-13668:24023-0.0000_1.0000", "country": "se", "source": "TRV", "updated": "2026-09-12", "name": "Göteborg-Kiel", "type": "liaison", "exploitation": "Trafikverket"}}, {"type": "Feature", "geometry": {"type": "LineString", "coordinates": [[13.15448, 55.37158], [13.15433, 55.37157], [13.15377, 55.37049], [13.15326, 55.37004], [13.15206, 55.36898]]}, "properties": {"id": "trv-15916:3349-11154:260464-0.0000_1.0000", "country": "se", "source": "TRV", "updated": "2026-09-12", "occurrences": 2, "name": "Trelleborg - Travemünde", "type": "liaison", "exploitation": "Trafikverket"}}, {"type": "Feature", "geometry": {"type": "LineString", "coordinates": [[13.15206, 55.36898], [13.15174, 55.3687], [13.15148, 55.3684], [13.15111, 55.3661], [13.15085, 55.36484], [13.15004, 55.36322], [13.14794, 55.35988], [13.14404, 55.35557], [13.13543, 55.34572], [13.12986, 55.33941], [13.12414, 55.33117], [13.1227, 55.32895], [13.11435, 55.31526], [13.10611, 55.30167], [13.10509, 55.3], [13.0889, 55.27353], [13.08459, 55.26611], [13.08059, 55.26019], [13.06819, 55.23903], [13.06043, 55.22623], [13.05131, 55.21087], [13.04166, 55.19506], [13.03771, 55.1884], [13.03342, 55.18098], [13.0286, 55.17313], [13.02379, 55.16518]]}, "properties": {"id": "trv-15916:3349-15916:3321-0.0101_1.0000", "country": "se", "source": "TRV", "updated": "2026-09-12", "occurrences": 2, "name": "Trelleborg - Travemünde", "type": "liaison", "exploitation": "Trafikverket"}}, {"type": "Feature", "geometry": {"type": "LineString", "coordinates": [[13.14832, 55.37085], [13.14936, 55.3703], [13.15128, 55.36929], [13.15169, 55.36875], [13.15174, 55.3687], [13.15198, 55.36838], [13.15183, 55.36742]]}, "properties": {"id": "trv-15916:3353-11154:260391-0.0957_1.0000", "country": "se", "source": "TRV", "updated": "2026-09-12", "occurrences": 2, "name": "Trelleborg - Rostock", "type": "liaison", "exploitation": "Trafikverket"}}, {"type": "Feature", "geometry": {"type": "LineString", "coordinates": [[13.15183, 55.36742], [13.15175, 55.36681], [13.15158, 55.36569], [13.15121, 55.36447], [13.14926, 55.3609], [13.14816, 55.359], [13.14639, 55.35581], [13.14007, 55.34575], [13.12817, 55.329], [13.11799, 55.31242], [13.11077, 55.30037], [13.10177, 55.28512], [13.09608, 55.27534], [13.08657, 55.25976], [13.07845, 55.24653], [13.07037, 55.23246], [13.05592, 55.20806], [13.05126, 55.20043], [13.04765, 55.19441], [13.02995, 55.16464]]}, "properties": {"id": "trv-15916:3353-15916:3325-0.0217_1.0000", "country": "se", "source": "TRV", "updated": "2026-09-12", "occurrences": 2, "name": "Trelleborg - Rostock", "type": "liaison", "exploitation": "Trafikverket"}}, {"type": "Feature", "geometry": {"type": "LineString", "coordinates": [[13.31185, 55.13863], [13.29929, 55.15364], [13.28203, 55.1739], [13.25406, 55.2066], [13.24038, 55.22295], [13.22785, 55.23759], [13.21648, 55.25097], [13.20926, 55.25961], [13.17839, 55.29589], [13.17241, 55.30279], [13.1642, 55.31209], [13.15223, 55.32604], [13.15141, 55.33279], [13.15075, 55.34036], [13.14983, 55.34918], [13.149, 55.35713], [13.14893, 55.35855], [13.14995, 55.36114], [13.15088, 55.36279], [13.15145, 55.36376], [13.152, 55.36569], [13.15235, 55.3679], [13.15325, 55.36885], [13.15399, 55.36909], [13.15602, 55.36966], [13.15637, 55.36974]]}, "properties": {"id": "trv-15916:3357-15916:3330-0.0000_0.9989", "country": "se", "source": "TRV", "updated": "2026-09-12", "name": "Trelleborg - Sassnitz", "type": "liaison", "exploitation": "Trafikverket"}}, {"type": "Feature", "geometry": {"type": "LineString", "coordinates": [[13.15508, 55.37149], [13.15526, 55.37143], [13.15489, 55.37054], [13.15457, 55.36971], [13.15399, 55.36909], [13.15362, 55.3687], [13.15279, 55.36776], [13.1524, 55.36544]]}, "properties": {"id": "trv-15916:3361-11154:260473-0.0000_1.0000", "country": "se", "source": "TRV", "updated": "2026-09-12", "occurrences": 2, "name": "Trelleborg - Swinoujscie fraktfärja", "type": "liaison", "exploitation": "Trafikverket"}}, {"type": "Feature", "geometry": {"type": "LineString", "coordinates": [[13.1524, 55.36544], [13.15194, 55.36394], [13.14981, 55.35925], [13.1505, 55.35543], [13.15192, 55.35066], [13.15411, 55.34369], [13.15635, 55.33646], [13.15658, 55.33514], [13.16166, 55.33168], [13.16572, 55.32892], [13.18694, 55.32332], [13.24262, 55.30851], [13.2938, 55.29917], [13.32114, 55.29403], [13.33313, 55.292], [13.35723, 55.28735], [13.39077, 55.28142], [13.41732, 55.27654], [13.47357, 55.26591], [13.51584, 55.25827], [13.54433, 55.25285], [13.58377, 55.24557], [13.6569, 55.23216], [13.70076, 55.22369], [13.76406, 55.212]]}, "properties": {"id": "trv-15916:3361-15916:3335-0.0089_1.0000", "country": "se", "source": "TRV", "updated": "2026-09-12", "occurrences": 2, "name": "Trelleborg - Swinoujscie fraktfärja", "type": "liaison", "exploitation": "Trafikverket"}}, {"type": "Feature", "geometry": {"type": "LineString", "coordinates": [[20.34393, 63.68102], [20.34474, 63.68091], [20.34661, 63.67503], [20.35248, 63.66941]]}, "properties": {"id": "trv-16536:1342-3:1002759-0.0000_1.0000", "country": "se", "source": "TRV", "updated": "2026-09-12", "occurrences": 3, "name": "Umeå-Vasa", "type": "liaison", "exploitation": "Trafikverket"}}, {"type": "Feature", "geometry": {"type": "LineString", "coordinates": [[20.34097, 63.68143], [20.34393, 63.68102]]}, "properties": {"id": "trv-16536:1342-12728:11914-0.0000_1.0000", "country": "se", "source": "TRV", "updated": "2026-09-12", "occurrences": 3, "name": "Umeå-Vasa", "type": "liaison", "exploitation": "Trafikverket"}}, {"type": "Feature", "geometry": {"type": "LineString", "coordinates": [[20.35248, 63.66941], [20.35347, 63.66836], [20.35632, 63.66401], [20.35968, 63.65917], [20.36491, 63.65425], [20.3688, 63.65032], [20.37305, 63.64621], [20.37697, 63.64211], [20.38242, 63.63659], [20.3873, 63.63177], [20.39211, 63.62661], [20.39669, 63.62256], [20.40157, 63.61749], [20.40641, 63.6125], [20.41121, 63.60734], [20.41643, 63.60264], [20.42122, 63.59833], [20.42632, 63.59355], [20.43085, 63.58967], [20.43535, 63.58577], [20.44035, 63.58101], [20.44511, 63.57686], [20.44907, 63.57329], [20.45429, 63.56853], [20.4625, 63.56109], [20.47237, 63.55229], [20.49107, 63.53503], [20.51329, 63.51706], [20.5353, 63.49904], [20.54963, 63.48439], [20.5623, 63.47058], [20.57821, 63.45374], [20.59188, 63.43968], [20.60654, 63.42205], [20.61822, 63.40814], [20.63384, 63.38937], [20.64404, 63.3768]]}, "properties": {"id": "trv-16536:1342-16536:1324-0.0000_1.0000", "country": "se", "source": "TRV", "updated": "2026-09-12", "occurrences": 3, "name": "Umeå-Vasa", "type": "liaison", "exploitation": "Trafikverket"}}, {"type": "Feature", "geometry": {"type": "LineString", "coordinates": [[11.94516, 57.7017], [11.93939, 57.70235], [11.93627, 57.702], [11.93396, 57.70177]]}, "properties": {"id": "trv-16668:7889-16668:7880-0.0000_1.0000", "country": "se", "source": "TRV", "updated": "2026-09-12", "name": "Göteborg-Fredrikshamn", "type": "liaison", "exploitation": "Trafikverket"}}, {"type": "Feature", "geometry": {"type": "LineString", "coordinates": [[13.82594, 55.42655], [13.82459, 55.42593], [13.82387, 55.42515], [13.82373, 55.42372], [13.82308, 55.42248], [13.82117, 55.4208], [13.81902, 55.41899], [13.81517, 55.4157], [13.81483, 55.41397], [13.81663, 55.40984], [13.81898, 55.40475], [13.822, 55.39816], [13.82425, 55.39334], [13.83288, 55.37449], [13.83918, 55.34822], [13.84646, 55.31608], [13.85198, 55.29061], [13.85957, 55.25908], [13.86614, 55.23363], [13.87204, 55.2111]]}, "properties": {"id": "trv-14422:49508-14422:49488-0.0000_1.0000", "country": "se", "source": "TRV", "updated": "2026-09-12", "name": "Ystad - Swinoujscie", "type": "liaison", "exploitation": "Trafikverket"}}, {"type": "Feature", "geometry": {"type": "LineString", "coordinates": [[12.68782, 56.04204], [12.68692, 56.04158], [12.68484, 56.04091], [12.68101, 56.04041], [12.67895, 56.04013], [12.67438, 56.03951], [12.67091, 56.03905], [12.66748, 56.03873], [12.65589, 56.03646]]}, "properties": {"id": "trv-14433:33599-11784:28323-0.1034_1.0000", "country": "se", "source": "TRV", "updated": "2026-09-12", "occurrences": 2, "name": "Helsingborg - Helsingör", "type": "liaison", "exploitation": "Trafikverket"}}, {"type": "Feature", "geometry": {"type": "LineString", "coordinates": [[12.69152, 56.04331], [12.6891, 56.0427], [12.68782, 56.04204]]}, "properties": {"id": "trv-14433:33599-12727:364413-0.0000_1.0000", "country": "se", "source": "TRV", "updated": "2026-09-12", "occurrences": 2, "name": "Helsingborg - Helsingör", "type": "liaison", "exploitation": "Trafikverket"}}, {"type": "Feature", "geometry": {"type": "LineString", "coordinates": [[13.82459, 55.42401], [13.82458, 55.42359], [13.82383, 55.42228], [13.81923, 55.41841], [13.816, 55.41546], [13.81601, 55.4141], [13.81824, 55.40989], [13.82081, 55.40499], [13.8243, 55.39833], [13.82782, 55.39171], [13.83212, 55.38197], [13.83487, 55.38017], [13.84609, 55.37542], [13.86369, 55.36834], [13.90714, 55.35408], [13.92866, 55.34725], [13.98389, 55.33355], [14.0329, 55.32158], [14.05431, 55.31616], [14.10374, 55.30492], [14.15658, 55.29057], [14.20071, 55.27253], [14.24929, 55.24041]]}, "properties": {"id": "trv-14422:49512-14422:49492-0.0066_1.0000", "country": "se", "source": "TRV", "updated": "2026-09-12", "occurrences": 2, "name": "Ystad - Rönne", "type": "liaison", "exploitation": "Trafikverket"}}, {"type": "Feature", "geometry": {"type": "LineString", "coordinates": [[13.8287, 55.42487], [13.82531, 55.42456], [13.82485, 55.42439], [13.82459, 55.42401]]}, "properties": {"id": "trv-14422:49512-16173:41666-0.0000_1.0000", "country": "se", "source": "TRV", "updated": "2026-09-12", "occurrences": 2, "name": "Ystad - Rönne", "type": "liaison", "exploitation": "Trafikverket"}}, {"type": "Feature", "geometry": {"type": "LineString", "coordinates": [[12.85034, 56.65171], [12.85039, 56.65173], [12.8514, 56.65232], [12.85147, 56.65245], [12.85139, 56.65261], [12.85121, 56.65274], [12.85103, 56.6528], [12.85067, 56.65286], [12.84254, 56.65267], [12.84048, 56.65254], [12.83859, 56.65231], [12.83569, 56.65169], [12.82251, 56.6468], [12.80283, 56.6378], [12.78547, 56.63359], [12.72929, 56.62371], [12.61902, 56.60396], [12.46927, 56.57716], [12.37122, 56.55949], [12.22337, 56.53276]]}, "properties": {"id": "trv-12724:511274-12724:511252-0.0000_1.0000", "country": "se", "source": "TRV", "updated": "2026-09-12", "name": "Halmstad - Grenå", "type": "liaison", "exploitation": "Trafikverket"}}, {"type": "Feature", "geometry": {"type": "LineString", "coordinates": [[12.99056, 55.62708], [12.98791, 55.6254], [12.98662, 55.62458], [12.98496, 55.6243], [12.98339, 55.62443], [12.98204, 55.62484], [12.97775, 55.62633], [12.97226, 55.62781], [12.96378, 55.62807], [12.95488, 55.62812], [12.94753, 55.62703], [12.93898, 55.6258], [12.93205, 55.62389]]}, "properties": {"id": "trv-14422:49437-12734:223578-0.0000_1.0000", "country": "se", "source": "TRV", "updated": "2026-09-12", "occurrences": 2, "name": "Malmö - Travemünde", "type": "liaison", "exploitation": "Trafikverket"}}, {"type": "Feature", "geometry": {"type": "LineString", "coordinates": [[12.93205, 55.62389], [12.91338, 55.6188], [12.8998, 55.61315], [12.89266, 55.61006], [12.88405, 55.6063], [12.86665, 55.59868], [12.84467, 55.58949], [12.82124, 55.57941], [12.81124, 55.575], [12.77383, 55.55638], [12.75655, 55.54758], [12.72662, 55.53418]]}, "properties": {"id": "trv-14422:49437-14422:49427-0.1423_1.0000", "country": "se", "source": "TRV", "updated": "2026-09-12", "occurrences": 2, "name": "Malmö - Travemünde", "type": "liaison", "exploitation": "Trafikverket"}}, {"type": "Feature", "geometry": {"type": "LineString", "coordinates": [[11.81772, 57.64607], [11.81842, 57.64414], [11.81902, 57.6425], [11.81968, 57.6407], [11.82027, 57.63908], [11.82111, 57.63765], [11.82187, 57.63634], [11.82268, 57.63496], [11.82349, 57.63357], [11.82444, 57.63148], [11.82474, 57.63043], [11.82531, 57.62961], [11.82656, 57.62886], [11.82766, 57.62821], [11.82953, 57.6274], [11.82846, 57.62564], [11.82792, 57.62562]]}, "properties": {"id": "trv-14436:51285-14436:51237-0.0000_1.0000", "country": "se", "source": "TRV", "updated": "2026-09-12", "occurrences": 14, "name": "Beställningstrafik Styrsöbolaget", "type": "liaison", "exploitation": "Trafikverket"}}, {"type": "Feature", "geometry": {"type": "LineString", "coordinates": [[18.81512, 60.09859], [18.82604, 60.09595], [18.85376, 60.09451], [18.90675, 60.09303], [19.09323, 60.13831], [19.10659, 60.13773], [19.14895, 60.14648]]}, "properties": {"id": "trv-13622:78345-13622:78309-0.0000_1.0000", "country": "se", "source": "TRV", "updated": "2026-09-12", "name": "Grisslehamn - Eckerö", "type": "liaison", "exploitation": "Trafikverket"}}, {"type": "Feature", "geometry": {"type": "LineString", "coordinates": [[17.95565, 58.90324], [17.95991, 58.90446], [17.96648, 58.91], [17.97091, 58.91193], [17.97477, 58.91378], [17.97823, 58.91496], [17.98112, 58.9158], [17.986, 58.91683], [17.99188, 58.91658], [17.99835, 58.91466], [18.00455, 58.90987], [18.01107, 58.90188], [18.01654, 58.89641], [18.01822, 58.89473], [18.04414, 58.86559], [18.06117, 58.83488], [18.08229, 58.78685], [18.08994, 58.77645], [18.09447, 58.77027], [18.10793, 58.65439], [18.12126, 58.52784], [18.14685, 58.32623], [18.17894, 58.09943], [18.21016, 57.90949], [18.22488, 57.75965], [18.22684, 57.72927], [18.23305, 57.66955], [18.23867, 57.65295], [18.24394, 57.64032], [18.24851, 57.636], [18.25542, 57.63383], [18.25861, 57.63331], [18.26184, 57.63313], [18.2624, 57.63314], [18.26292, 57.63317], [18.26344, 57.63319], [18.26402, 57.63322], [18.26467, 57.63327], [18.26544, 57.63336], [18.26615, 57.63347], [18.2669, 57.6336], [18.26767, 57.63372], [18.26842, 57.63387], [18.26908, 57.63403], [18.26969, 57.63419], [18.27038, 57.6344], [18.27106, 57.63465], [18.27166, 57.63487], [18.27229, 57.63514], [18.27287, 57.6354], [18.27344, 57.63563], [18.27404, 57.63585], [18.27463, 57.63604], [18.2752, 57.63618], [18.27583, 57.63631], [18.27642, 57.6364], [18.27722, 57.63643], [18.27797, 57.63643], [18.27859, 57.63636], [18.27886, 57.63628], [18.27914, 57.63617], [18.27943, 57.63603], [18.27949, 57.63588], [18.27951, 57.63574], [18.27941, 57.63467]]}, "properties": {"id": "trv-11154:260557-11154:260555-0.0000_1.0000", "country": "se", "source": "TRV", "updated": "2026-09-12", "occurrences": 2, "name": "Gotlands linje", "type": "liaison", "exploitation": "Trafikverket"}}, {"type": "Feature", "geometry": {"type": "LineString", "coordinates": [[17.95565, 58.90324], [17.95899, 58.90495], [17.96026, 58.90604], [17.96136, 58.90703], [17.96449, 58.90977], [17.96546, 58.91061], [17.9724, 58.91372], [17.97422, 58.91453], [17.9767, 58.91535], [17.98025, 58.91652], [17.98523, 58.9176], [17.98793, 58.91753], [17.99198, 58.91742], [17.99947, 58.91579], [18.00216, 58.91365], [18.00673, 58.91001], [18.01136, 58.90508], [18.01632, 58.8998], [18.01914, 58.8969], [18.02318, 58.89261], [18.02836, 58.88701], [18.03431, 58.88082], [18.04137, 58.87336], [18.04743, 58.86689], [18.05807, 58.86048], [18.0727, 58.85143], [18.08916, 58.84168], [18.11352, 58.82913], [18.1254, 58.82302], [18.15392, 58.80797], [18.22255, 58.77216], [18.25958, 58.75295], [18.44897, 58.65331]]}, "properties": {"id": "trv-11154:260636-11154:260608-0.0000_1.0000", "country": "se", "source": "TRV", "updated": "2026-09-12", "name": "Lettlandfärjan", "type": "liaison", "exploitation": "Trafikverket"}}, {"type": "Feature", "geometry": {"type": "LineString", "coordinates": [[17.95565, 58.90324], [17.95828, 58.90424], [17.95956, 58.90465], [17.96094, 58.90586], [17.96399, 58.90852], [17.96592, 58.91017], [17.97152, 58.91276], [17.97442, 58.91408], [17.97694, 58.91494], [17.9809, 58.91623], [17.98536, 58.91718], [17.99194, 58.917], [17.99907, 58.9152], [18.0051, 58.91037], [18.00608, 58.90937], [18.01094, 58.90408], [18.013, 58.90184], [18.01646, 58.89809], [18.01802, 58.89643], [18.01932, 58.89504], [18.02168, 58.89248], [18.02572, 58.8881], [18.03088, 58.88243], [18.03389, 58.87935], [18.03692, 58.87601], [18.04122, 58.87131], [18.04608, 58.86616], [18.04955, 58.86102], [18.0541, 58.85418], [18.06538, 58.83932], [18.07374, 58.82808], [18.07365, 58.82393], [18.07355, 58.81669], [18.07295, 58.79991], [18.07255, 58.79141], [18.07252, 58.78727], [18.07226, 58.78113], [18.07226, 58.7767], [18.07207, 58.76976], [18.07096, 58.7476], [18.06903, 58.70708], [18.0643, 58.63356], [18.06113, 58.5829], [18.0574, 58.5305], [18.05631, 58.51318]]}, "properties": {"id": "trv-11154:260667-11154:260653-0.0000_1.0000", "country": "se", "source": "TRV", "updated": "2026-09-12", "name": "Polenfärjan", "type": "liaison", "exploitation": "Trafikverket"}}, {"type": "Feature", "geometry": {"type": "LineString", "coordinates": [[11.16973, 58.93343], [11.16797, 58.93287], [11.16752, 58.93273], [11.1665, 58.93252], [11.16498, 58.93221], [11.16252, 58.93171], [11.16072, 58.93134], [11.15979, 58.93115], [11.15651, 58.93048], [11.15583, 58.93034], [11.15292, 58.92974], [11.15182, 58.92952], [11.14893, 58.92893], [11.14765, 58.92912], [11.14488, 58.92954], [11.14334, 58.92979], [11.14018, 58.93029], [11.13476, 58.93112], [11.12989, 58.93185], [11.12589, 58.93248], [11.12084, 58.93326], [11.12024, 58.93335], [11.11656, 58.9341], [11.11201, 58.93502], [11.10951, 58.93553], [11.10793, 58.93584], [11.10414, 58.93675], [11.09964, 58.93785], [11.09522, 58.93891], [11.09082, 58.94001], [11.08331, 58.94181], [11.07776, 58.94313], [11.07033, 58.94244], [11.05167, 58.94072], [11.04549, 58.94023], [11.03278, 58.93904], [11.00305, 58.93143], [10.97898, 58.92513], [10.93948, 58.90773], [10.8988, 58.8934], [10.86715, 58.88347], [10.83099, 58.87933], [10.78014, 58.87683], [10.70971, 58.87564], [10.65151, 58.87737], [10.63334, 58.88044]]}, "properties": {"id": "trv-13849:395-13849:393-0.0000_1.0000", "country": "se", "source": "TRV", "updated": "2026-09-12", "name": "Strömstad-Sandefjord", "type": "liaison", "exploitation": "Trafikverket"}}, {"type": "Feature", "geometry": {"type": "LineString", "coordinates": [[17.95565, 58.90324], [17.95844, 58.90518], [17.96281, 58.90903], [17.965, 58.91096], [17.97404, 58.91506], [17.97985, 58.91685], [17.98528, 58.91799], [17.99216, 58.91778], [18.0001, 58.91615], [18.00769, 58.91036], [18.04944, 58.86777], [18.08768, 58.84556], [18.09425, 58.84312], [18.10634, 58.84083], [18.12221, 58.83978], [18.15496, 58.84262], [19.37632, 59.10998]]}, "properties": {"id": "trv-16493:329948-16493:329931-0.0000_1.0000", "country": "se", "source": "TRV", "updated": "2026-09-12", "name": "Nynäshamn-Hanko", "type": "liaison", "exploitation": "Trafikverket"}}, {"type": "Feature", "geometry": {"type": "LineString", "coordinates": [[15.62976, 56.16603], [15.62721, 56.16455], [15.60829, 56.14299], [15.60114, 56.13427], [15.58984, 56.12128], [15.57932, 56.10821], [15.57373, 56.10032], [15.57453, 56.08426], [15.57558, 56.08367], [15.59571, 56.05087], [15.87896, 55.95361], [15.92472, 55.93556], [16.08104, 55.87362]]}, "properties": {"id": "trv-12780:222144-12780:222104-0.0000_1.0000", "country": "se", "source": "TRV", "updated": "2026-09-12", "name": "Karlskrona-Gdynia", "type": "liaison", "exploitation": "Trafikverket"}}, {"type": "Feature", "geometry": {"type": "LineString", "coordinates": [[16.28408, 55.93314], [16.01645, 55.93462], [16.01331, 55.93465], [16.01055, 55.93468], [15.92472, 55.93556], [15.69169, 55.93764], [15.22139, 56.02582], [15.08372, 56.05743], [14.97053, 56.08518], [14.8461, 56.12307], [14.82703, 56.13086], [14.81772, 56.14125], [14.81533, 56.15338], [14.81538, 56.15702], [14.81687, 56.16003]]}, "properties": {"id": "trv-16512:54463-16512:54422-0.0000_1.0000", "country": "se", "source": "TRV", "updated": "2026-09-12", "name": "Karlshamn-Klaipeda", "type": "liaison", "exploitation": "Trafikverket"}}, {"type": "Feature", "geometry": {"type": "LineString", "coordinates": [[18.44078, 59.39564], [18.44135, 59.39527], [18.4425, 59.39514], [18.44321, 59.39505], [18.44396, 59.39507], [18.44498, 59.39508], [18.44516, 59.39513], [18.44619, 59.39536], [18.44624, 59.39538], [18.44722, 59.39574], [18.44866, 59.39648], [18.44887, 59.39673]]}, "properties": {"id": "trv-12793:119735-1000:83615-0.0000_1.0000", "country": "se", "source": "TRV", "updated": "2026-09-12", "name": "Oxdjupsleden", "type": "liaison", "exploitation": "Trafikverket"}}, {"type": "Feature", "geometry": {"type": "LineString", "coordinates": [[18.57545, 59.54817], [18.5829, 59.54513], [18.58293, 59.54512], [18.58386, 59.54475], [18.58496, 59.5443], [18.5855, 59.54408], [18.59124, 59.54174]]}, "properties": {"id": "trv-12793:119737-1000:92208-0.0000_1.0000", "country": "se", "source": "TRV", "updated": "2026-09-12", "name": "Ljusteröleden", "type": "liaison", "exploitation": "Trafikverket"}}, {"type": "Feature", "geometry": {"type": "LineString", "coordinates": [[18.92517, 59.6633], [18.92561, 59.66278], [18.92686, 59.66171], [18.92702, 59.66157], [18.92744, 59.66145], [18.92828, 59.66121], [18.92888, 59.66104], [18.9296, 59.66083], [18.93177, 59.66012], [18.93217, 59.65999]]}, "properties": {"id": "trv-12793:119741-1000:92338-0.0000_1.0000", "country": "se", "source": "TRV", "updated": "2026-09-12", "name": "Furusundsleden", "type": "liaison", "exploitation": "Trafikverket"}}, {"type": "Feature", "geometry": {"type": "LineString", "coordinates": [[18.4205, 59.36319], [18.42016, 59.36309], [18.41871, 59.3624], [18.41707, 59.36154], [18.41643, 59.36109], [18.41589, 59.3607], [18.41569, 59.36056], [18.41488, 59.35985], [18.41437, 59.35939], [18.41357, 59.35868], [18.41161, 59.35551], [18.41153, 59.3553]]}, "properties": {"id": "trv-14444:147771-12767:224-0.0000_1.0000", "country": "se", "source": "TRV", "updated": "2026-09-12", "name": "Tynningöleden", "type": "liaison", "exploitation": "Trafikverket"}}, {"type": "Feature", "geometry": {"type": "LineString", "coordinates": [[18.09911, 59.31611], [18.09891, 59.31617], [18.09905, 59.31626], [18.10429, 59.31736], [18.15491, 59.31992], [18.16881, 59.32357], [18.18039, 59.3264], [18.19621, 59.33332], [18.20369, 59.33588]]}, "properties": {"id": "trv-16135:45027-16135:44988-0.0000_1.0000", "country": "se", "source": "TRV", "updated": "2026-09-12", "occurrences": 4, "name": "Stockholm-Helsingfors", "type": "liaison", "exploitation": "Trafikverket"}}, {"type": "Feature", "geometry": {"type": "LineString", "coordinates": [[18.20369, 59.33588], [18.2045, 59.33615], [18.21571, 59.33995], [18.22679, 59.34533], [18.23738, 59.35036], [18.24989, 59.35524], [18.262, 59.36141], [18.29653, 59.36694]]}, "properties": {"id": "trv-16135:45027-16135:45076-0.0000_1.0000", "country": "se", "source": "TRV", "updated": "2026-09-12", "occurrences": 4, "name": "Stockholm-Helsingfors", "type": "liaison", "exploitation": "Trafikverket"}}, {"type": "Feature", "geometry": {"type": "LineString", "coordinates": [[18.29653, 59.36694], [18.29852, 59.36726], [18.30761, 59.36858], [18.31499, 59.36903], [18.32313, 59.36868], [18.33225, 59.36759], [18.33954, 59.3666], [18.36671, 59.36354], [18.37667, 59.36393], [18.38478, 59.36388], [18.39503, 59.36301], [18.4119, 59.3605], [18.41488, 59.35985], [18.42017, 59.35868], [18.42768, 59.35763], [18.43327, 59.35766], [18.43672, 59.35792], [18.44425, 59.3619], [18.44692, 59.36371], [18.45066, 59.36729], [18.45022, 59.37652], [18.4473, 59.39318], [18.44516, 59.39513], [18.4442, 59.39611], [18.43522, 59.40152], [18.41555, 59.41308], [18.39504, 59.42742], [18.39303, 59.42989], [18.39198, 59.43475], [18.3942, 59.43946], [18.40113, 59.44072], [18.41761, 59.44229], [18.43101, 59.45374], [18.43864, 59.47163], [18.45117, 59.48508], [18.46216, 59.49318], [18.47818, 59.50372], [18.50547, 59.51416], [18.55007, 59.53388], [18.5713, 59.53858], [18.58496, 59.5443], [18.58618, 59.54481], [18.60805, 59.55459], [18.64425, 59.56383], [18.67005, 59.5742]]}, "properties": {"id": "trv-16135:45027-16135:45160-0.0000_1.0000", "country": "se", "source": "TRV", "updated": "2026-09-12", "occurrences": 4, "name": "Stockholm-Helsingfors", "type": "liaison", "exploitation": "Trafikverket"}}, {"type": "Feature", "geometry": {"type": "LineString", "coordinates": [[18.67005, 59.5742], [18.67445, 59.57597], [18.68622, 59.57788], [18.72572, 59.58267], [18.77086, 59.59983], [18.80905, 59.61224], [18.83167, 59.62128], [18.85291, 59.63122], [18.88182, 59.64321], [18.90607, 59.65215], [18.91921, 59.65707], [18.92828, 59.66121], [18.92949, 59.66178], [18.93701, 59.66507], [18.96894, 59.67345], [19.00136, 59.68582], [19.05347, 59.70274], [19.13099, 59.71921], [19.14061, 59.72147], [19.14461, 59.72246], [19.18673, 59.72837], [19.23193, 59.73932], [19.33773, 59.75739], [19.39115, 59.77121], [19.46595, 59.79996], [19.56845, 59.85486]]}, "properties": {"id": "trv-16135:45027-16507:39990-0.0000_1.0000", "country": "se", "source": "TRV", "updated": "2026-09-12", "occurrences": 4, "name": "Stockholm-Helsingfors", "type": "liaison", "exploitation": "Trafikverket"}}, {"type": "Feature", "geometry": {"type": "LineString", "coordinates": [[18.09911, 59.31611], [18.09907, 59.31617], [18.09914, 59.31621], [18.10487, 59.31692], [18.15475, 59.31919], [18.18115, 59.32588], [18.19703, 59.33276], [18.20459, 59.33533]]}, "properties": {"id": "trv-16135:45029-16135:44992-0.0000_1.0000", "country": "se", "source": "TRV", "updated": "2026-09-12", "occurrences": 4, "name": "Stockholm-Åbo", "type": "liaison", "exploitation": "Trafikverket"}}, {"type": "Feature", "geometry": {"type": "LineString", "coordinates": [[18.20459, 59.33533], [18.20544, 59.33561], [18.21621, 59.33918], [18.22727, 59.34438], [18.23788, 59.34913], [18.25086, 59.35467], [18.26285, 59.36095], [18.29628, 59.36655]]}, "properties": {"id": "trv-16135:45029-16135:45081-0.0000_1.0000", "country": "se", "source": "TRV", "updated": "2026-09-12", "occurrences": 4, "name": "Stockholm-Åbo", "type": "liaison", "exploitation": "Trafikverket"}}, {"type": "Feature", "geometry": {"type": "LineString", "coordinates": [[18.29628, 59.36655], [18.29762, 59.36677], [18.29804, 59.36678], [18.30798, 59.36807], [18.31543, 59.36856], [18.3226, 59.36823], [18.3351, 59.36674], [18.34601, 59.36522], [18.36638, 59.36308], [18.37585, 59.36337], [18.38487, 59.36335], [18.39485, 59.36255], [18.41116, 59.36006], [18.41437, 59.35939], [18.41759, 59.35871], [18.42762, 59.35699], [18.4335, 59.35712], [18.43731, 59.35748], [18.44527, 59.36162], [18.4488, 59.36402], [18.452, 59.36726], [18.45223, 59.36826], [18.452, 59.37638], [18.44956, 59.38488], [18.44989, 59.38712], [18.44882, 59.39257], [18.44619, 59.39536], [18.44535, 59.39626], [18.436, 59.40177], [18.41736, 59.41311], [18.39613, 59.42763], [18.39424, 59.4301], [18.3935, 59.43453], [18.39596, 59.439], [18.40189, 59.44006], [18.41806, 59.44157], [18.43259, 59.45376], [18.4401, 59.47158], [18.45276, 59.48497], [18.46307, 59.49267], [18.47924, 59.50343], [18.5062, 59.51368], [18.5506, 59.5334], [18.5718, 59.53816], [18.5855, 59.54408], [18.60897, 59.5542], [18.64511, 59.56332], [18.67092, 59.57371]]}, "properties": {"id": "trv-16135:45029-16135:45165-0.0000_1.0000", "country": "se", "source": "TRV", "updated": "2026-09-12", "occurrences": 4, "name": "Stockholm-Åbo", "type": "liaison", "exploitation": "Trafikverket"}}, {"type": "Feature", "geometry": {"type": "LineString", "coordinates": [[18.67092, 59.57371], [18.67521, 59.57544], [18.72636, 59.58205], [18.77164, 59.59929], [18.80975, 59.61174], [18.83077, 59.61993], [18.85418, 59.6308], [18.88309, 59.64284], [18.91953, 59.65636], [18.92386, 59.65882], [18.92888, 59.66104], [18.93737, 59.66479], [18.96995, 59.6729], [19.00257, 59.68527], [19.05427, 59.70203], [19.13434, 59.71907], [19.13439, 59.71908], [19.14557, 59.72192], [19.18726, 59.72759], [19.23231, 59.73866], [19.33899, 59.75666], [19.39276, 59.77087], [19.4685, 59.79931], [19.57139, 59.85281]]}, "properties": {"id": "trv-16135:45029-16507:39962-0.0000_1.0000", "country": "se", "source": "TRV", "updated": "2026-09-12", "occurrences": 4, "name": "Stockholm-Åbo", "type": "liaison", "exploitation": "Trafikverket"}}, {"type": "Feature", "geometry": {"type": "LineString", "coordinates": [[18.11456, 59.3507], [18.13241, 59.34838], [18.15925, 59.3367], [18.18621, 59.33519], [18.2015, 59.33644]]}, "properties": {"id": "trv-16135:45031-16135:44998-0.0000_1.0000", "country": "se", "source": "TRV", "updated": "2026-09-12", "occurrences": 4, "name": "Stockholm-Tallinn", "type": "liaison", "exploitation": "Trafikverket"}}, {"type": "Feature", "geometry": {"type": "LineString", "coordinates": [[18.2015, 59.33644], [18.21125, 59.33972], [18.2146, 59.34079], [18.22505, 59.3461], [18.23495, 59.35069], [18.24801, 59.3567], [18.25096, 59.35805], [18.27371, 59.37059], [18.28403, 59.37528]]}, "properties": {"id": "trv-16135:45031-16135:45066-0.0000_1.0000", "country": "se", "source": "TRV", "updated": "2026-09-12", "occurrences": 4, "name": "Stockholm-Tallinn", "type": "liaison", "exploitation": "Trafikverket"}}, {"type": "Feature", "geometry": {"type": "LineString", "coordinates": [[18.28403, 59.37528], [18.28809, 59.37713], [18.29392, 59.37959], [18.30167, 59.38023], [18.31212, 59.37985], [18.37678, 59.37391], [18.38817, 59.37135], [18.39942, 59.36737], [18.41176, 59.36265], [18.41643, 59.36109], [18.421, 59.35956], [18.42884, 59.35876], [18.43514, 59.35895], [18.44403, 59.36305], [18.44684, 59.366], [18.44815, 59.36745], [18.44757, 59.37608], [18.44534, 59.39125], [18.4425, 59.39514], [18.44086, 59.39692], [18.43727, 59.39927], [18.43447, 59.40066], [18.43161, 59.4015], [18.41302, 59.41246], [18.39229, 59.42719], [18.39039, 59.42954], [18.38891, 59.43489], [18.39259, 59.44047], [18.40101, 59.44196], [18.41611, 59.44403], [18.4288, 59.45481], [18.43611, 59.47182], [18.44891, 59.48569], [18.46107, 59.49449], [18.47616, 59.50405], [18.50717, 59.51618], [18.53626, 59.52963], [18.54907, 59.53495], [18.56733, 59.5391], [18.58072, 59.5442], [18.58293, 59.54512], [18.59216, 59.54917], [18.60633, 59.55545], [18.64253, 59.56508], [18.66823, 59.57529]]}, "properties": {"id": "trv-16135:45031-16135:45150-0.0000_1.0000", "country": "se", "source": "TRV", "updated": "2026-09-12", "occurrences": 4, "name": "Stockholm-Tallinn", "type": "liaison", "exploitation": "Trafikverket"}}, {"type": "Feature", "geometry": {"type": "LineString", "coordinates": [[18.66823, 59.57529], [18.67151, 59.5766], [18.68531, 59.57912], [18.72504, 59.58416], [18.76845, 59.6009], [18.80515, 59.61264], [18.82282, 59.6194], [18.85044, 59.63262], [18.87905, 59.64443], [18.9045, 59.65319], [18.91746, 59.65753], [18.92686, 59.66171], [18.92686, 59.66171], [18.92856, 59.66249], [18.93596, 59.66569], [18.94155, 59.66704], [18.96737, 59.67461], [18.99949, 59.68711], [19.05239, 59.70425], [19.11669, 59.71979], [19.119, 59.72038], [19.11996, 59.72062], [19.13221, 59.72313], [19.14025, 59.72478], [19.184, 59.73079], [19.18439, 59.73087], [19.21454, 59.73755], [19.22978, 59.74093], [19.33664, 59.75948], [19.38546, 59.77241], [19.38704, 59.77208], [19.38941, 59.77158], [19.39115, 59.77121], [19.39252, 59.77092], [19.39276, 59.77087], [19.8152, 59.68071], [19.81864, 59.68043]]}, "properties": {"id": "trv-16135:45031-16507:39967-0.0000_1.0000", "country": "se", "source": "TRV", "updated": "2026-09-12", "occurrences": 4, "name": "Stockholm-Tallinn", "type": "liaison", "exploitation": "Trafikverket"}}, {"type": "Feature", "geometry": {"type": "LineString", "coordinates": [[18.11456, 59.3507], [18.13192, 59.34768], [18.15855, 59.33608], [18.18621, 59.3345], [18.20199, 59.33595], [18.20272, 59.3362]]}, "properties": {"id": "trv-16135:45033-16135:45002-0.0000_1.0000", "country": "se", "source": "TRV", "updated": "2026-09-12", "occurrences": 4, "name": "Stockholm-Åbo", "type": "liaison", "exploitation": "Trafikverket"}}, {"type": "Feature", "geometry": {"type": "LineString", "coordinates": [[18.20272, 59.3362], [18.21531, 59.34046], [18.23582, 59.35055], [18.24874, 59.35609], [18.25379, 59.35847], [18.27502, 59.37032], [18.28557, 59.37511]]}, "properties": {"id": "trv-16135:45033-16135:45071-0.0000_1.0000", "country": "se", "source": "TRV", "updated": "2026-09-12", "occurrences": 4, "name": "Stockholm-Åbo", "type": "liaison", "exploitation": "Trafikverket"}}, {"type": "Feature", "geometry": {"type": "LineString", "coordinates": [[18.28557, 59.37511], [18.29432, 59.37908], [18.3021, 59.37979], [18.31235, 59.37936], [18.3763, 59.3735], [18.38811, 59.37074], [18.41184, 59.36207], [18.41589, 59.3607], [18.42103, 59.35897], [18.42889, 59.3582], [18.43573, 59.35847], [18.44448, 59.36278], [18.4452, 59.36348], [18.44642, 59.36447], [18.44889, 59.36702], [18.44901, 59.36756], [18.44901, 59.3764], [18.44579, 59.3927], [18.44396, 59.39507], [18.44312, 59.39596], [18.43437, 59.40121], [18.43332, 59.40169], [18.41478, 59.41273], [18.39383, 59.42721], [18.39171, 59.42968], [18.39045, 59.43485], [18.39347, 59.43992], [18.40074, 59.44124], [18.41725, 59.44304], [18.42999, 59.45466], [18.43766, 59.47217], [18.45031, 59.48568], [18.46142, 59.49353], [18.47776, 59.50407], [18.50414, 59.51433], [18.53698, 59.52893], [18.5498, 59.53432], [18.56825, 59.53875], [18.58386, 59.54475], [18.5929, 59.54865], [18.60719, 59.555], [18.64343, 59.56464], [18.66918, 59.57473]]}, "properties": {"id": "trv-16135:45033-16135:45155-0.0000_1.0000", "country": "se", "source": "TRV", "updated": "2026-09-12", "occurrences": 4, "name": "Stockholm-Åbo", "type": "liaison", "exploitation": "Trafikverket"}}, {"type": "Feature", "geometry": {"type": "LineString", "coordinates": [[18.66918, 59.57473], [18.67352, 59.57643], [18.6857, 59.57849], [18.72533, 59.58338], [18.76941, 59.6003], [18.80701, 59.61249], [18.82952, 59.62135], [18.85195, 59.63187], [18.88037, 59.64373], [18.90421, 59.6523], [18.91811, 59.65707], [18.92744, 59.66145], [18.93651, 59.66531], [18.94375, 59.66711], [18.96821, 59.67407], [19.0012, 59.68683], [19.05256, 59.70342], [19.12619, 59.7194], [19.13505, 59.72144], [19.14168, 59.72297], [19.18242, 59.72859], [19.23162, 59.7399], [19.33845, 59.75832], [19.38941, 59.77158], [19.46545, 59.80188], [19.56474, 59.85734]]}, "properties": {"id": "trv-16135:45033-16507:39981-0.0000_1.0000", "country": "se", "source": "TRV", "updated": "2026-09-12", "occurrences": 4, "name": "Stockholm-Åbo", "type": "liaison", "exploitation": "Trafikverket"}}, {"type": "Feature", "geometry": {"type": "LineString", "coordinates": [[18.59377, 63.17035], [18.59598, 63.1706], [18.60452, 63.16911], [18.62144, 63.16565], [18.64893, 63.15968], [18.69706, 63.14788], [18.72022, 63.14195], [18.74743, 63.13499], [18.75823, 63.13316], [18.76695, 63.13343], [18.775, 63.13496], [18.7808, 63.13737], [18.78366, 63.13852], [18.7843, 63.13871], [18.78573, 63.13883], [18.7882, 63.13852]]}, "properties": {"id": "trv-12723:228420-12723:228408-0.0000_1.0000", "country": "se", "source": "TRV", "updated": "2026-09-12", "occurrences": 4, "name": "Köpmanholmen-Trysunda-Ulvön", "type": "liaison", "exploitation": "Trafikverket"}}, {"type": "Feature", "geometry": {"type": "LineString", "coordinates": [[11.82658, 57.65946], [11.82641, 57.65859], [11.82675, 57.65562], [11.83055, 57.65282], [11.83671, 57.64521], [11.84066, 57.64033], [11.84546, 57.6344], [11.85233, 57.63334], [11.85583, 57.63319], [11.85722, 57.63125], [11.85668, 57.63049], [11.85447, 57.63029], [11.85397, 57.63006], [11.85377, 57.6298]]}, "properties": {"id": "trv-14436:51285-14436:51213-0.0000_1.0000", "country": "se", "source": "TRV", "updated": "2026-09-12", "occurrences": 14, "name": "Beställningstrafik Styrsöbolaget", "type": "liaison", "exploitation": "Trafikverket"}}, {"type": "Feature", "geometry": {"type": "LineString", "coordinates": [[11.76438, 57.62113], [11.76514, 57.62364], [11.76614, 57.62564], [11.76827, 57.62818], [11.77162, 57.62955], [11.77209, 57.63039], [11.77132, 57.63134], [11.77018, 57.63238], [11.76694, 57.63371], [11.76691, 57.63483], [11.76679, 57.63524], [11.76682, 57.63533]]}, "properties": {"id": "trv-14436:51285-14436:51231-0.0000_1.0000", "country": "se", "source": "TRV", "updated": "2026-09-12", "occurrences": 14, "name": "Beställningstrafik Styrsöbolaget", "type": "liaison", "exploitation": "Trafikverket"}}, {"type": "Feature", "geometry": {"type": "LineString", "coordinates": [[11.82174, 57.65367], [11.81962, 57.65347], [11.81626, 57.6526], [11.80726, 57.64923]]}, "properties": {"id": "trv-14436:51285-14436:51249-0.0000_1.0000", "country": "se", "source": "TRV", "updated": "2026-09-12", "occurrences": 14, "name": "Beställningstrafik Styrsöbolaget", "type": "liaison", "exploitation": "Trafikverket"}}, {"type": "Feature", "geometry": {"type": "LineString", "coordinates": [[18.63841, 63.04906], [18.6381, 63.04927], [18.63785, 63.04928], [18.63723, 63.0492], [18.63511, 63.04879], [18.6322, 63.04798], [18.62945, 63.04637], [18.62638, 63.0443], [18.62145, 63.04005], [18.6174, 63.03574], [18.61173, 63.02992], [18.61013, 63.02608], [18.60978, 63.02291], [18.61175, 63.01921], [18.61544, 63.01486], [18.61768, 63.01271], [18.62061, 63.011], [18.62345, 63.00918], [18.62538, 63.00865], [18.62705, 63.00863], [18.62973, 63.00926], [18.63208, 63.01002], [18.63346, 63.01069], [18.63475, 63.01197], [18.63515, 63.01346], [18.63611, 63.01448], [18.63841, 63.01543], [18.64204, 63.01635], [18.64513, 63.01733], [18.6468, 63.0184], [18.64746, 63.0195], [18.64672, 63.02029]]}, "properties": {"id": "trv-12723:228420-12723:228402-0.0000_1.0000", "country": "se", "source": "TRV", "updated": "2026-09-12", "occurrences": 4, "name": "Köpmanholmen-Trysunda-Ulvön", "type": "liaison", "exploitation": "Trafikverket"}}, {"type": "Feature", "geometry": {"type": "LineString", "coordinates": [[18.63841, 63.04906], [18.63819, 63.04928], [18.63266, 63.05471], [18.63186, 63.05712], [18.63335, 63.06029], [18.64241, 63.07044], [18.64584, 63.07506], [18.64723, 63.08383], [18.64654, 63.08838], [18.64223, 63.09355], [18.63157, 63.10146], [18.62364, 63.10689], [18.62128, 63.10982], [18.62124, 63.11206], [18.62559, 63.11631], [18.62698, 63.11859], [18.62789, 63.12339], [18.62726, 63.1265], [18.62565, 63.12824], [18.62515, 63.12918], [18.62539, 63.13046], [18.62571, 63.13316], [18.62337, 63.14207], [18.6184, 63.15443], [18.61657, 63.1572], [18.61247, 63.16338], [18.6093, 63.16614], [18.60593, 63.16782], [18.6012, 63.16933], [18.59623, 63.17043], [18.59377, 63.17035]]}, "properties": {"id": "trv-12723:228420-12723:228404-0.0000_1.0000", "country": "se", "source": "TRV", "updated": "2026-09-12", "occurrences": 4, "name": "Köpmanholmen-Trysunda-Ulvön", "type": "liaison", "exploitation": "Trafikverket"}}, {"type": "Feature", "geometry": {"type": "LineString", "coordinates": [[18.7882, 63.13852], [18.78677, 63.13863], [18.78495, 63.13868], [18.78379, 63.13845], [18.77955, 63.13622], [18.77291, 63.13386], [18.76702, 63.13309], [18.76379, 63.1331], [18.75323, 63.13169], [18.74688, 63.12936], [18.73588, 63.12375], [18.72277, 63.11736], [18.70635, 63.10905], [18.68921, 63.10058], [18.68032, 63.09626], [18.64814, 63.07427], [18.64146, 63.06778], [18.63399, 63.06008], [18.63323, 63.05888], [18.63236, 63.05712], [18.63305, 63.05478], [18.63424, 63.0534], [18.63841, 63.04906]]}, "properties": {"id": "trv-12723:228420-12723:228413-0.0000_1.0000", "country": "se", "source": "TRV", "updated": "2026-09-12", "occurrences": 4, "name": "Köpmanholmen-Trysunda-Ulvön", "type": "liaison", "exploitation": "Trafikverket"}}, {"type": "Feature", "geometry": {"type": "LineString", "coordinates": [[12.8202, 55.86706], [12.81876, 55.86725], [12.8173, 55.86726], [12.81441, 55.86726], [12.81117, 55.86736], [12.8026, 55.86792], [12.7941, 55.86919], [12.78478, 55.87175], [12.77342, 55.87717], [12.76566, 55.88313], [12.75736, 55.89067], [12.74906, 55.8957], [12.74038, 55.90038], [12.73464, 55.90171], [12.72926, 55.90277], [12.72705, 55.9032], [12.72504, 55.90355], [12.7236, 55.90362], [12.72276, 55.90369], [12.72248, 55.90378]]}, "properties": {"id": "trv-14225:6202-14225:6125-0.0467_1.0000", "country": "se", "source": "TRV", "updated": "2026-09-12", "occurrences": 3, "name": "Landskrona - Ven", "type": "liaison", "exploitation": "Trafikverket"}}, {"type": "Feature", "geometry": {"type": "LineString", "coordinates": [[12.72239, 55.90382], [12.72248, 55.90378]]}, "properties": {"id": "trv-14225:6202-14225:6123-0.0000_1.0000", "country": "se", "source": "TRV", "updated": "2026-09-12", "occurrences": 3, "name": "Landskrona - Ven", "type": "liaison", "exploitation": "Trafikverket"}}, {"type": "Feature", "geometry": {"type": "LineString", "coordinates": [[12.72234, 55.90383], [12.72239, 55.90382]]}, "properties": {"id": "trv-14225:6202-3:1542252-0.9292_1.0000", "country": "se", "source": "TRV", "updated": "2026-09-12", "occurrences": 3, "name": "Landskrona - Ven", "type": "liaison", "exploitation": "Trafikverket"}}, {"type": "Feature", "geometry": {"type": "LineString", "coordinates": [[18.08951, 59.32499], [18.09094, 59.32381], [18.09183, 59.32269], [18.09178, 59.32189], [18.09131, 59.32134], [18.08975, 59.32108], [18.08808, 59.32123], [18.07607, 59.32282], [18.0761, 59.32298], [18.07605, 59.32298], [18.07599, 59.32282], [18.07588, 59.3227], [18.07583, 59.32272]]}, "properties": {"id": "trv-22975:1947-22975:1683-0.8840_0.9934", "country": "se", "source": "TRV", "updated": "2026-09-12", "name": "Slussen - Skeppsholmen", "type": "liaison", "exploitation": "Trafikverket"}}, {"type": "Feature", "geometry": {"type": "LineString", "coordinates": [[18.08915, 59.32502], [18.08951, 59.32499]]}, "properties": {"id": "trv-22975:1949-22975:1687-0.0000_1.0000", "country": "se", "source": "TRV", "updated": "2026-09-12", "name": "Skeppsholmen - Allmäna gränd", "type": "liaison", "exploitation": "Trafikverket"}}, {"type": "Feature", "geometry": {"type": "LineString", "coordinates": [[18.09429, 59.32419], [18.09137, 59.32495], [18.08951, 59.32499]]}, "properties": {"id": "trv-22975:1953-22975:1683-0.8599_0.8840", "country": "se", "source": "TRV", "updated": "2026-09-12", "name": "Skeppsholmen - Allmäna gränd", "type": "liaison", "exploitation": "Trafikverket"}}, {"type": "Feature", "geometry": {"type": "LineString", "coordinates": [[18.09429, 59.32419], [18.09134, 59.32629], [18.08556, 59.32973], [18.07644, 59.33208]]}, "properties": {"id": "trv-22975:1957-22975:1873-0.0000_0.5548", "country": "se", "source": "TRV", "updated": "2026-09-12", "name": "Allmäna gränd - Nybroplan", "type": "liaison", "exploitation": "Trafikverket"}}, {"type": "Feature", "geometry": {"type": "LineString", "coordinates": [[18.07644, 59.33208], [18.07946, 59.33065], [18.08458, 59.32835], [18.08856, 59.32643], [18.08951, 59.32499]]}, "properties": {"id": "trv-22975:1961-22975:1873-0.5548_1.0000", "country": "se", "source": "TRV", "updated": "2026-09-12", "name": "Nybroplan - Skeppsholmen", "type": "liaison", "exploitation": "Trafikverket"}}, {"type": "Feature", "geometry": {"type": "LineString", "coordinates": [[18.11029, 59.31518], [18.10881, 59.31631], [18.10717, 59.31678], [18.10317, 59.31738], [18.09784, 59.31865], [18.09587, 59.31979], [18.09398, 59.32157], [18.09362, 59.3229], [18.09378, 59.32361], [18.09429, 59.32419]]}, "properties": {"id": "trv-22975:1965-22975:1683-0.7415_0.8599", "country": "se", "source": "TRV", "updated": "2026-09-12", "name": "Allmäna Gränd - Saltsjöqvarn", "type": "liaison", "exploitation": "Trafikverket"}}, {"type": "Feature", "geometry": {"type": "LineString", "coordinates": [[18.12429, 59.3161], [18.12419, 59.31668], [18.12398, 59.31722], [18.12362, 59.31741], [18.12305, 59.31745], [18.12189, 59.31741], [18.11738, 59.31717], [18.11312, 59.31662], [18.11148, 59.3162], [18.11029, 59.31518]]}, "properties": {"id": "trv-22975:1969-22975:1683-0.6639_0.7415", "country": "se", "source": "TRV", "updated": "2026-09-12", "name": "Saltsjöqvarn - Finnboda hamn", "type": "liaison", "exploitation": "Trafikverket"}}, {"type": "Feature", "geometry": {"type": "LineString", "coordinates": [[18.1365, 59.31764], [18.13387, 59.31805], [18.13045, 59.31778], [18.12633, 59.31715], [18.12486, 59.31681], [18.12456, 59.31659], [18.12429, 59.3161]]}, "properties": {"id": "trv-22975:1981-22975:1683-0.6035_0.6639", "country": "se", "source": "TRV", "updated": "2026-09-12", "name": "Finnboda hamn - Kvarnholmen", "type": "liaison", "exploitation": "Trafikverket"}}, {"type": "Feature", "geometry": {"type": "LineString", "coordinates": [[18.15187, 59.32077], [18.14857, 59.31975], [18.14437, 59.31913], [18.1373, 59.31869], [18.1365, 59.31764]]}, "properties": {"id": "trv-22975:1985-22975:1683-0.5259_0.6035", "country": "se", "source": "TRV", "updated": "2026-09-12", "name": "Kvarnholmen - Blockhusudden", "type": "liaison", "exploitation": "Trafikverket"}}, {"type": "Feature", "geometry": {"type": "LineString", "coordinates": [[18.15976, 59.31808], [18.15947, 59.31837], [18.15851, 59.31868], [18.15494, 59.31965], [18.15205, 59.32062], [18.15187, 59.32077]]}, "properties": {"id": "trv-22975:1989-22975:1683-0.4834_0.5259", "country": "se", "source": "TRV", "updated": "2026-09-12", "name": "Blockhusudden - Nacka Strand", "type": "liaison", "exploitation": "Trafikverket"}}, {"type": "Feature", "geometry": {"type": "LineString", "coordinates": [[18.15204, 59.34309], [18.15773, 59.33716], [18.15937, 59.33254], [18.16085, 59.32531], [18.1594, 59.31882], [18.15957, 59.31852], [18.15976, 59.31808]]}, "properties": {"id": "trv-22975:1993-22975:1683-0.2597_0.4834", "country": "se", "source": "TRV", "updated": "2026-09-12", "name": "Nacka Strand - Dalénum", "type": "liaison", "exploitation": "Trafikverket"}}, {"type": "Feature", "geometry": {"type": "LineString", "coordinates": [[18.13153, 59.34583], [18.14014, 59.34406], [18.15058, 59.34293], [18.15204, 59.34309]]}, "properties": {"id": "trv-22975:1997-22975:1683-0.1649_0.2597", "country": "se", "source": "TRV", "updated": "2026-09-12", "name": "Dalénum - Frihamnen", "type": "liaison", "exploitation": "Trafikverket"}}, {"type": "Feature", "geometry": {"type": "LineString", "coordinates": [[18.10638, 59.35827], [18.10638, 59.35827], [18.11803, 59.35563], [18.13098, 59.34788], [18.13167, 59.34622], [18.13153, 59.34583]]}, "properties": {"id": "trv-22975:2001-22975:1683-0.0024_0.1649", "country": "se", "source": "TRV", "updated": "2026-09-12", "name": "Frihamnen - Ropsten", "type": "liaison", "exploitation": "Trafikverket"}}, {"type": "Feature", "geometry": {"type": "LineString", "coordinates": [[11.66558, 57.89015], [11.67488, 57.89691], [11.70033, 57.91483], [11.70357, 57.91999], [11.70927, 57.91766], [11.72357, 57.92117], [11.72566, 57.92117], [11.72463, 57.92185], [11.7256, 57.9226], [11.72709, 57.93201], [11.72689, 57.93342], [11.72462, 57.93507], [11.72308, 57.93705], [11.725, 57.93498], [11.73652, 57.93045], [11.74163, 57.92777], [11.74439, 57.92458], [11.74375, 57.92574], [11.74403, 57.92638], [11.74479, 57.9268], [11.74588, 57.92698], [11.74706, 57.9269], [11.74809, 57.92662], [11.75157, 57.92271], [11.75246, 57.92219], [11.75287, 57.92213]]}, "properties": {"id": "trv-12783:631157-12783:631155-0.0000_1.0000", "country": "se", "source": "TRV", "updated": "2026-09-12", "name": "linje 6326", "type": "liaison", "exploitation": "Trafikverket"}}, {"type": "Feature", "geometry": {"type": "LineString", "coordinates": [[11.66558, 57.89015], [11.66756, 57.89801], [11.6698, 57.90389], [11.66926, 57.90469], [11.66077, 57.90546], [11.62918, 57.92299], [11.61966, 57.92582], [11.61854, 57.92603], [11.61786, 57.92588]]}, "properties": {"id": "trv-12783:631221-12783:631149-0.0000_1.0000", "country": "se", "source": "TRV", "updated": "2026-09-12", "name": "linje 6326", "type": "liaison", "exploitation": "Trafikverket"}}, {"type": "Feature", "geometry": {"type": "LineString", "coordinates": [[11.46405, 58.24952], [11.46388, 58.24963]]}, "properties": {"id": "trv-10016:593307-10016:593275-0.0000_0.0397", "country": "se", "source": "TRV", "updated": "2026-09-12", "name": "Lysekil-Skaftö", "type": "liaison", "exploitation": "Trafikverket"}}, {"type": "Feature", "geometry": {"type": "LineString", "coordinates": [[11.46388, 58.24963], [11.46108, 58.25042], [11.45783, 58.25026]]}, "properties": {"id": "trv-10016:593311-10016:593275-0.0397_1.0000", "country": "se", "source": "TRV", "updated": "2026-09-12", "name": "Lysekil-Skaftö", "type": "liaison", "exploitation": "Trafikverket"}}, {"type": "Feature", "geometry": {"type": "LineString", "coordinates": [[11.46388, 58.24963], [11.46336, 58.24985], [11.46304, 58.25014], [11.43809, 58.27224], [11.4367, 58.27223]]}, "properties": {"id": "trv-10016:593315-10016:593281-0.0000_1.0000", "country": "se", "source": "TRV", "updated": "2026-09-12", "name": "Lysekil-Skaftö", "type": "liaison", "exploitation": "Trafikverket"}}, {"type": "Feature", "geometry": {"type": "LineString", "coordinates": [[18.4154, 59.08915], [18.41614, 59.09181], [18.41753, 59.09431], [18.42124, 59.10067], [18.42173, 59.10261], [18.42183, 59.10472], [18.42105, 59.10713], [18.42088, 59.10788], [18.42117, 59.10857], [18.42137, 59.10978], [18.42121, 59.11114], [18.42069, 59.11298], [18.42053, 59.11476], [18.42062, 59.11598], [18.42136, 59.1179], [18.42275, 59.1207], [18.42372, 59.12299], [18.42354, 59.12406], [18.42299, 59.12459], [18.42057, 59.12532], [18.41862, 59.12571], [18.41618, 59.12634], [18.414, 59.12676], [18.41125, 59.12747], [18.40807, 59.12847], [18.40494, 59.12942], [18.40491, 59.12954]]}, "properties": {"id": "trv-11159:90377-11159:90375-0.0000_1.0000", "country": "se", "source": "TRV", "updated": "2026-09-12", "name": "Ornöfärjan", "type": "liaison", "exploitation": "Trafikverket"}}, {"type": "Feature", "geometry": {"type": "LineString", "coordinates": [[15.78546, 56.09907], [15.78293, 56.09801]]}, "properties": {"id": "trv-14409:23464-14409:23457-0.0000_1.0000", "country": "se", "source": "TRV", "updated": "2026-09-12", "name": "Ytteröfärjan", "type": "liaison", "exploitation": "Trafikverket"}}, {"type": "Feature", "geometry": {"type": "LineString", "coordinates": [[17.70311, 58.97054], [17.71172, 58.97158]]}, "properties": {"id": "trv-14411:63281-14411:63275-0.0000_1.0000", "country": "se", "source": "TRV", "updated": "2026-09-12", "name": "Oaxenfärjan", "type": "liaison", "exploitation": "Trafikverket"}}, {"type": "Feature", "geometry": {"type": "LineString", "coordinates": [[18.86012, 59.66159], [18.85436, 59.65486]]}, "properties": {"id": "trv-14414:129845-14414:129830-0.0000_1.0000", "country": "se", "source": "TRV", "updated": "2026-09-12", "name": "Högmarsöfärjan", "type": "liaison", "exploitation": "Trafikverket"}}, {"type": "Feature", "geometry": {"type": "LineString", "coordinates": [[13.66363, 59.39583], [13.66266, 59.3904]]}, "properties": {"id": "trv-14442:210020-14442:210016-0.0000_1.0000", "country": "se", "source": "TRV", "updated": "2026-09-12", "name": "Jäveröfärjan", "type": "liaison", "exploitation": "Trafikverket"}}, {"type": "Feature", "geometry": {"type": "LineString", "coordinates": [[19.0664, 59.72287], [19.07038, 59.72194], [19.11467, 59.72045], [19.11647, 59.72042], [19.119, 59.72038], [19.12466, 59.72033], [19.14115, 59.724], [19.18455, 59.7301], [19.23066, 59.74035], [19.33729, 59.7589], [19.38704, 59.77208], [19.46293, 59.80243], [19.56086, 59.86025]]}, "properties": {"id": "trv-16507:40071-16507:39996-0.0000_1.0000", "country": "se", "source": "TRV", "updated": "2026-09-12", "name": "Kapellskär-Naantali", "type": "liaison", "exploitation": "Trafikverket"}}, {"type": "Feature", "geometry": {"type": "LineString", "coordinates": [[19.90396, 59.62089], [19.90348, 59.62093], [19.39153, 59.76902], [19.34027, 59.7563], [19.23282, 59.73802], [19.18785, 59.72697], [19.14663, 59.72136], [19.13692, 59.71899], [19.13439, 59.71908], [19.13099, 59.71921], [19.12907, 59.71928], [19.12619, 59.7194], [19.12105, 59.71961], [19.11936, 59.71967], [19.11669, 59.71979], [19.11047, 59.72004], [19.07011, 59.72153], [19.0664, 59.72287]]}, "properties": {"id": "trv-16507:40075-16507:39974-0.0000_1.0000", "country": "se", "source": "TRV", "updated": "2026-09-12", "name": "Kapellskär-Paldiski", "type": "liaison", "exploitation": "Trafikverket"}}, {"type": "Feature", "geometry": {"type": "LineString", "coordinates": [[11.84308, 58.13438], [11.84253, 58.13454], [11.83981, 58.13528], [11.83618, 58.13616], [11.83404, 58.13689], [11.83305, 58.13749], [11.83253, 58.13826], [11.83261, 58.1386]]}, "properties": {"id": "trv-12794:66289-1000:52241-0.0000_1.0000", "country": "se", "source": "TRV", "updated": "2026-09-12", "name": "Svanesundsleden", "type": "liaison", "exploitation": "Trafikverket"}}]}