{"type": "FeatureCollection", "features": [{"type": "Feature", "geometry": {"type": "LineString", "coordinates": [[16.85089, 68.72647], [16.85265, 68.72617], [16.85269, 68.72585], [16.85158, 68.72528], [16.84418, 68.72036], [16.81547, 68.72058], [16.77969, 68.73103], [16.72701, 68.74584], [16.67926, 68.75976], [16.63604, 68.76294], [16.61914, 68.76489], [16.60269, 68.76991], [16.5911, 68.77629], [16.59093, 68.77709]]}, "properties": {"id": "no-ferry-762935973", "country": "no", "name": "Sørrollnes - Stangnes", "type": "liaison", "source": "NVDB", "updated": "2026-09-10", "route": "F848", "exploitation": "Helårssamband", "categorie": "Fylkesferjesamband", "autopass": null, "saison_du": null, "saison_au": null, "lien": null}}, {"type": "Feature", "geometry": {"type": "LineString", "coordinates": [[16.49071, 68.8523], [16.49249, 68.85146], [16.49372, 68.85137], [16.49522, 68.85183], [16.49558, 68.85256], [16.49549, 68.85342], [16.49637, 68.85709], [16.50388, 68.88122], [16.50392, 68.88176], [16.50337, 68.8822]]}, "properties": {"id": "no-ferry-762982731", "country": "no", "name": "Stornes - Bjørnerå", "type": "liaison", "source": "NVDB", "updated": "2026-09-10", "route": "F8670", "exploitation": "Helårssamband", "categorie": "Fylkesferjesamband", "autopass": null, "saison_du": null, "saison_au": null, "lien": null}}, {"type": "Feature", "geometry": {"type": "LineString", "coordinates": [[16.04683, 68.67869], [16.04725, 68.67791], [16.04634, 68.67733], [16.04413, 68.67708], [16.02591, 68.67684], [15.99863, 68.67709], [15.92487, 68.67383], [15.92049, 68.67346], [15.91589, 68.67363]]}, "properties": {"id": "no-ferry-762982732", "country": "no", "name": "Revsnes - Flesnes", "type": "liaison", "source": "NVDB", "updated": "2026-09-10", "route": "F850", "exploitation": "Helårssamband", "categorie": "Fylkesferjesamband", "autopass": null, "saison_du": null, "saison_au": null, "lien": null}}, {"type": "Feature", "geometry": {"type": "LineString", "coordinates": [[20.61717, 69.78475], [20.61491, 69.78476], [20.61451, 69.78531], [20.615, 69.78597], [20.61661, 69.78721], [20.61936, 69.78872], [20.65125, 69.79513], [20.69287, 69.80563], [20.72168, 69.81328], [20.73126, 69.81743], [20.73755, 69.82093], [20.74482, 69.82973], [20.74667, 69.83543], [20.74514, 69.8379], [20.7284, 69.84554], [20.72405, 69.84733], [20.69998, 69.85466], [20.69525, 69.85576], [20.69939, 69.85472], [20.72231, 69.84732], [20.72714, 69.84521], [20.74438, 69.83716], [20.74491, 69.83458], [20.74398, 69.83151], [20.73982, 69.82578], [20.73507, 69.82093], [20.72219, 69.81444], [20.70512, 69.80928], [20.68007, 69.80329], [20.63151, 69.79506], [20.59957, 69.79078], [20.59534, 69.79038], [20.59117, 69.79066], [20.59465, 69.79015], [20.61472, 69.78473], [20.61717, 69.78475]]}, "properties": {"id": "no-ferry-763016777", "country": "no", "name": "Rotsund - Havnnes - Uløybukt", "type": "liaison", "source": "NVDB", "updated": "2026-09-10", "route": "F7938", "exploitation": "Helårssamband", "categorie": "Fylkesferjesamband", "autopass": null, "saison_du": null, "saison_au": null, "lien": null}}, {"type": "Feature", "geometry": {"type": "LineString", "coordinates": [[19.6297, 69.9661], [19.63052, 69.96522], [19.65716, 69.96735], [19.68483, 69.97429], [19.71353, 69.99207], [19.73963, 70.01093], [19.76677, 70.02009], [19.78623, 70.01966], [19.82003, 70.01322], [19.84634, 70.00525], [19.85818, 70.00283], [19.86852, 70.0012], [19.87832, 70.00052], [19.88603, 70.00101], [19.88722, 70.00133], [19.88799, 70.00188], [19.88635, 70.00127], [19.87802, 70.00079], [19.86705, 70.00169], [19.85802, 70.00317], [19.84978, 70.00594], [19.8299, 70.01533], [19.83176, 70.02576], [19.8504, 70.04438], [19.85485, 70.05046], [19.85522, 70.05321], [19.85275, 70.05358], [19.85486, 70.05316], [19.85355, 70.05203], [19.73931, 70.01126], [19.71164, 69.99159], [19.68357, 69.97434], [19.65635, 69.9676], [19.63062, 69.96536], [19.6297, 69.9661]]}, "properties": {"id": "no-ferry-763016780", "country": "no", "name": "Hansnes - Karlsøy - Vannøy", "type": "liaison", "source": "NVDB", "updated": "2026-09-10", "route": "F863", "exploitation": "Helårssamband", "categorie": "Fylkesferjesamband", "autopass": null, "saison_du": null, "saison_au": null, "lien": null}}, {"type": "Feature", "geometry": {"type": "LineString", "coordinates": [[19.0325, 70.05648], [19.0279, 70.05738], [19.02447, 70.05847], [19.01605, 70.06278], [19.00739, 70.06763], [19.00026, 70.0714], [18.98864, 70.07687], [18.98571, 70.07755], [18.98315, 70.07741]]}, "properties": {"id": "no-ferry-763016783", "country": "no", "name": "Mikkelvik - Bromnes", "type": "liaison", "source": "NVDB", "updated": "2026-09-10", "route": "F7910", "exploitation": "Helårssamband", "categorie": "Fylkesferjesamband", "autopass": null, "saison_du": null, "saison_au": null, "lien": null}}, {"type": "Feature", "geometry": {"type": "LineString", "coordinates": [[19.59915, 69.93478], [19.6012, 69.93527], [19.63099, 69.95934], [19.63066, 69.96488], [19.6297, 69.9661]]}, "properties": {"id": "no-ferry-763016784", "country": "no", "name": "Hansnes - Reinøy", "type": "liaison", "source": "NVDB", "updated": "2026-09-10", "route": "F7908", "exploitation": "Helårssamband", "categorie": "Fylkesferjesamband", "autopass": null, "saison_du": null, "saison_au": null, "lien": null}}, {"type": "Feature", "geometry": {"type": "LineString", "coordinates": [[20.22354, 69.57722], [20.22618, 69.57661], [20.2385, 69.57604], [20.25429, 69.57564], [20.35365, 69.58167], [20.37614, 69.58895], [20.41924, 69.59622], [20.5098, 69.60262], [20.52925, 69.6022], [20.53272, 69.60157]]}, "properties": {"id": "no-ferry-763016788", "country": "no", "name": "Lyngseidet - Olderdalen", "type": "liaison", "source": "NVDB", "updated": "2026-09-10", "route": "F91", "exploitation": "Helårssamband", "categorie": "Fylkesferjesamband", "autopass": null, "saison_du": null, "saison_au": null, "lien": null}}, {"type": "Feature", "geometry": {"type": "LineString", "coordinates": [[19.65068, 69.66993], [19.74041, 69.66853], [19.80932, 69.66339]]}, "properties": {"id": "no-ferry-763016789", "country": "no", "name": "Breivikeidet - Svensby", "type": "liaison", "source": "NVDB", "updated": "2026-09-10", "route": "F91", "exploitation": "Helårssamband", "categorie": "Fylkesferjesamband", "autopass": null, "saison_du": null, "saison_au": null, "lien": null}}, {"type": "Feature", "geometry": {"type": "LineString", "coordinates": [[18.76292, 69.78658], [18.76313, 69.78769], [18.6078, 69.82016], [18.60112, 69.82682], [18.60037, 69.83185], [18.59275, 69.83572], [18.58709, 69.83708]]}, "properties": {"id": "no-ferry-763016790", "country": "no", "name": "Bellvik - Vengsøy", "type": "liaison", "source": "NVDB", "updated": "2026-09-10", "route": "F7770", "exploitation": "Helårssamband", "categorie": "Fylkesferjesamband", "autopass": null, "saison_du": null, "saison_au": null, "lien": null}}, {"type": "Feature", "geometry": {"type": "LineString", "coordinates": [[23.38069, 70.22652], [23.38161, 70.22933], [23.38351, 70.23349], [23.38564, 70.23491], [23.38986, 70.23672], [23.39355, 70.2379], [23.39857, 70.23922], [23.40263, 70.24128], [23.40447, 70.24284], [23.40544, 70.24404], [23.40494, 70.24507], [23.40307, 70.24598], [23.40008, 70.24647], [23.39353, 70.24638]]}, "properties": {"id": "no-ferry-763016794", "country": "no", "name": "Korsfjorden - Nyvoll", "type": "liaison", "source": "NVDB", "updated": "2026-09-10", "route": "F8830", "exploitation": "Helårssamband", "categorie": "Fylkesferjesamband", "autopass": null, "saison_du": null, "saison_au": null, "lien": null}}, {"type": "Feature", "geometry": {"type": "LineString", "coordinates": [[22.35812, 70.23316], [22.35319, 70.23366], [22.33971, 70.23734], [22.33576, 70.23867], [22.33245, 70.24007], [22.33055, 70.24102], [22.32954, 70.24206], [22.32814, 70.24676], [22.32629, 70.25853], [22.32324, 70.27233], [22.32189, 70.28183], [22.31727, 70.29226], [22.31156, 70.30654], [22.30793, 70.31396], [22.30817, 70.31731], [22.29955, 70.33152], [22.29356, 70.33768], [22.28399, 70.34808], [22.28057, 70.35109], [22.27424, 70.3587], [22.26803, 70.36509], [22.24503, 70.39415], [22.22565, 70.41541], [22.21997, 70.42205], [22.21412, 70.4302], [22.20045, 70.44756], [22.19653, 70.45276], [22.18986, 70.46083], [22.18321, 70.46944], [22.17753, 70.47643], [22.17473, 70.47787], [22.17063, 70.47958], [22.16584, 70.48136], [22.16189, 70.4826], [22.16151, 70.48286], [22.16143, 70.48313], [22.16174, 70.48384]]}, "properties": {"id": "no-ferry-763016796", "country": "no", "name": "Øksfjord - Hasvik", "type": "liaison", "source": "NVDB", "updated": "2026-09-10", "route": "F882", "exploitation": "Helårssamband", "categorie": "Fylkesferjesamband", "autopass": null, "saison_du": null, "saison_au": null, "lien": null}}, {"type": "Feature", "geometry": {"type": "LineString", "coordinates": [[21.7169, 70.21901], [21.71949, 70.21893], [21.72182, 70.21921], [21.7244, 70.21975], [21.72791, 70.22075], [21.73102, 70.22188], [21.73493, 70.22388], [21.73723, 70.22615], [21.73985, 70.22951], [21.74299, 70.23312], [21.74819, 70.23865], [21.754, 70.24662], [21.75556, 70.24813], [21.76168, 70.25139], [21.76395, 70.25214], [21.76697, 70.25279], [21.77023, 70.2532], [21.77397, 70.25327], [21.77742, 70.25257], [21.78238, 70.25196], [21.78497, 70.25184], [21.77985, 70.25234], [21.77595, 70.25402], [21.77451, 70.25491], [21.77302, 70.25703], [21.77261, 70.25824], [21.77197, 70.26267], [21.7725, 70.26447], [21.77336, 70.26584], [21.77561, 70.26798], [21.78026, 70.27325], [21.78961, 70.28153], [21.81153, 70.29732], [21.83028, 70.31047], [21.8357, 70.31451], [21.85614, 70.32908], [21.87142, 70.33878], [21.88422, 70.34537], [21.89158, 70.34708], [21.90416, 70.34876], [21.91773, 70.34973], [21.9427, 70.34959], [21.98322, 70.3483], [22.02264, 70.34595], [22.05474, 70.3433], [22.0931, 70.34094], [22.13557, 70.33785], [22.17798, 70.33405], [22.20173, 70.33143], [22.22853, 70.32773], [22.26037, 70.32189], [22.29305, 70.31476], [22.30146, 70.31254], [22.30332, 70.31175], [22.30629, 70.30962], [22.30899, 70.30365], [22.31158, 70.29592], [22.31519, 70.28819], [22.31784, 70.28151], [22.31747, 70.27626], [22.32014, 70.26993], [22.32178, 70.26361], [22.32242, 70.258], [22.32314, 70.25344], [22.32487, 70.24853], [22.32648, 70.24186], [22.32696, 70.24134], [22.32981, 70.23987], [22.33468, 70.23811], [22.33798, 70.23715], [22.35226, 70.23361], [22.35812, 70.23316]]}, "properties": {"id": "no-ferry-763016797", "country": "no", "name": "Øksfjord - Bergsfjord - Sør-Tverrfjord", "type": "liaison", "source": "NVDB", "updated": "2026-09-10", "route": "F8012", "exploitation": "Helårssamband", "categorie": "Fylkesferjesamband", "autopass": null, "saison_du": null, "saison_au": null, "lien": null}}, {"type": "Feature", "geometry": {"type": "LineString", "coordinates": [[22.35812, 70.23316], [22.35135, 70.23333], [22.33873, 70.23634], [22.33328, 70.23704], [22.32585, 70.23716], [22.31781, 70.23626], [22.29017, 70.23114], [22.27735, 70.22935], [22.27302, 70.22918], [22.26914, 70.22927], [22.26753, 70.22962], [22.2674, 70.22978], [22.26855, 70.23026]]}, "properties": {"id": "no-ferry-763016799", "country": "no", "name": "Øksfjord - Tverrfjord", "type": "liaison", "source": "NVDB", "updated": "2026-09-10", "route": "F8018", "exploitation": "Helårssamband", "categorie": "Fylkesferjesamband", "autopass": null, "saison_du": null, "saison_au": null, "lien": null}}, {"type": "Feature", "geometry": {"type": "LineString", "coordinates": [[16.07571, 68.2248], [16.0769, 68.22591], [16.0844, 68.22697], [16.0943, 68.22878], [16.10709, 68.23059], [16.13272, 68.23312], [16.16576, 68.23611], [16.18, 68.23759], [16.19312, 68.23841], [16.20765, 68.23989], [16.21907, 68.24016], [16.22864, 68.23957], [16.23329, 68.2389], [16.23899, 68.23767], [16.24026, 68.23646], [16.23572, 68.23356], [16.23482, 68.23239]]}, "properties": {"id": "no-ferry-763022114", "country": "no", "name": "Bognes-Skarberget", "type": "liaison", "source": "NVDB", "updated": "2026-09-10", "route": "E6", "exploitation": "Helårssamband", "categorie": "Riksvegferjesamband", "autopass": null, "saison_du": null, "saison_au": null, "lien": null}}, {"type": "Feature", "geometry": {"type": "LineString", "coordinates": [[13.47645, 66.72001], [13.47621, 66.72026], [13.51407, 66.73865]]}, "properties": {"id": "no-ferry-763022115", "country": "no", "name": "Forøy-Ågskardet", "type": "liaison", "source": "NVDB", "updated": "2026-09-10", "route": "F17", "exploitation": "Helårssamband", "categorie": "Fylkesferjesamband", "autopass": null, "saison_du": null, "saison_au": null, "lien": null}}, {"type": "Feature", "geometry": {"type": "LineString", "coordinates": [[13.30254, 66.50654], [13.29848, 66.50674], [13.28538, 66.50532], [13.27393, 66.50352], [13.26161, 66.50095], [13.24271, 66.49638], [13.23577, 66.49395], [13.23057, 66.49155], [13.22897, 66.49002], [13.22741, 66.48902], [13.23037, 66.49159], [13.23144, 66.49326], [13.23233, 66.49613], [13.23317, 66.50389], [13.23276, 66.50844], [13.23191, 66.51367], [13.22897, 66.51873], [13.21801, 66.53138], [13.20238, 66.54279], [13.1756, 66.55644], [13.16854, 66.56242], [13.16686, 66.56739], [13.16908, 66.57296], [13.17847, 66.58644], [13.19656, 66.60293], [13.22209, 66.61701], [13.23349, 66.62132], [13.24558, 66.62423], [13.25389, 66.6259], [13.26167, 66.62627], [13.26987, 66.62591], [13.27588, 66.6254], [13.28345, 66.62406], [13.28556, 66.62432]]}, "properties": {"id": "no-ferry-763022116", "country": "no", "name": "Jektvik-Kilboghamn", "type": "liaison", "source": "NVDB", "updated": "2026-09-10", "route": "F17", "exploitation": "Helårssamband", "categorie": "Fylkesferjesamband", "autopass": null, "saison_du": null, "saison_au": null, "lien": null}}, {"type": "Feature", "geometry": {"type": "LineString", "coordinates": [[13.07897, 66.15322], [13.07791, 66.15302], [13.07719, 66.15312], [13.07617, 66.15371], [13.07663, 66.15673], [13.07566, 66.15821], [13.07217, 66.15896], [13.05985, 66.16028], [13.02527, 66.16024], [13.01579, 66.16194], [13.0121, 66.16403], [13.00378, 66.17357], [12.99919, 66.1791], [12.99714, 66.18186], [12.99535, 66.18462], [12.99381, 66.18728], [12.99278, 66.18943], [12.99276, 66.1922], [12.994, 66.19496], [12.996, 66.19742], [12.99826, 66.19896], [13.00203, 66.2004], [13.00506, 66.20092], [13.00772, 66.20108], [13.01027, 66.20092], [13.01164, 66.20064]]}, "properties": {"id": "no-ferry-763022117", "country": "no", "name": "Nesna-Levang", "type": "liaison", "source": "NVDB", "updated": "2026-09-10", "route": "F17", "exploitation": "Helårssamband", "categorie": "Fylkesferjesamband", "autopass": null, "saison_du": null, "saison_au": null, "lien": null}}, {"type": "Feature", "geometry": {"type": "LineString", "coordinates": [[12.48497, 66.10894], [12.4843, 66.10933], [12.48125, 66.11244], [12.47089, 66.11258], [12.45189, 66.10957], [12.44372, 66.11065], [12.43478, 66.11599], [12.42713, 66.12228], [12.4204, 66.12783], [12.41857, 66.12997], [12.41707, 66.13269], [12.41592, 66.13569], [12.41509, 66.1397], [12.41308, 66.14742], [12.40417, 66.17555], [12.39141, 66.17979], [12.37581, 66.18118], [12.36695, 66.17994], [12.3601, 66.17775], [12.35619, 66.17073], [12.35054, 66.16457], [12.34894, 66.16366]]}, "properties": {"id": "no-ferry-763022124", "country": "no", "name": "Solfjellsjøen - Vandve", "type": "liaison", "source": "NVDB", "updated": "2026-09-10", "route": "F7298", "exploitation": "Helårssamband", "categorie": "Fylkesferjesamband", "autopass": null, "saison_du": null, "saison_au": null, "lien": null}}, {"type": "Feature", "geometry": {"type": "LineString", "coordinates": [[12.45911, 65.7127], [12.45929, 65.71314], [12.45788, 65.71379], [12.45741, 65.71435], [12.45763, 65.71646], [12.45768, 65.71922], [12.45709, 65.72091], [12.45652, 65.72164], [12.45582, 65.72215], [12.45499, 65.72259], [12.45362, 65.72287], [12.4525, 65.72282], [12.45182, 65.72255], [12.45145, 65.72211], [12.45138, 65.72152], [12.45126, 65.72209], [12.45158, 65.72265], [12.45602, 65.7243], [12.46206, 65.72613], [12.47125, 65.72918], [12.47756, 65.73155], [12.48506, 65.73501], [12.48874, 65.73704], [12.4932, 65.73896], [12.49749, 65.74157], [12.50018, 65.74294], [12.50313, 65.74487], [12.51067, 65.74873], [12.52146, 65.75351], [12.53336, 65.75796], [12.54041, 65.75991], [12.54693, 65.76118], [12.55021, 65.7613], [12.55294, 65.7612], [12.55624, 65.76065], [12.55725, 65.76011], [12.55672, 65.75959], [12.55695, 65.75864], [12.5569, 65.7596], [12.5574, 65.76013], [12.55635, 65.7607], [12.54619, 65.76313], [12.53925, 65.76506], [12.52322, 65.76901], [12.5191, 65.771], [12.51244, 65.77476], [12.50732, 65.77917], [12.50594, 65.78176], [12.50471, 65.78525], [12.5064, 65.79055], [12.50741, 65.79173], [12.51105, 65.79321], [12.51379, 65.79398], [12.52135, 65.79588], [12.52665, 65.7967], [12.52354, 65.7965], [12.5198, 65.79577], [12.51701, 65.79561], [12.51451, 65.79639], [12.5111, 65.79832], [12.50807, 65.80103], [12.50757, 65.80269], [12.50692, 65.80407], [12.50508, 65.80555], [12.50203, 65.80693], [12.49536, 65.80723], [12.4949, 65.80703], [12.49537, 65.8074], [12.49494, 65.80791], [12.49347, 65.80828], [12.49044, 65.80852], [12.46384, 65.80972], [12.44428, 65.81028], [12.43752, 65.81235], [12.43475, 65.81802], [12.43232, 65.82067], [12.4299, 65.82186], [12.43246, 65.82071], [12.43543, 65.81798], [12.43802, 65.81249], [12.44435, 65.81058], [12.46426, 65.8099], [12.49351, 65.8084], [12.49539, 65.80795], [12.49712, 65.80721], [12.50055, 65.80712], [12.50271, 65.8061], [12.5044, 65.80408], [12.50491, 65.79562], [12.49649, 65.77159], [12.48531, 65.75781], [12.46925, 65.74709], [12.45443, 65.72645], [12.45778, 65.72098], [12.45793, 65.71827], [12.45763, 65.71436], [12.45802, 65.71388], [12.45935, 65.71313], [12.45911, 65.7127]]}, "properties": {"id": "no-ferry-763022132", "country": "no", "name": "Tjøtta - Forvik", "type": "liaison", "source": "NVDB", "updated": "2026-09-10", "route": "F17", "exploitation": "Helårssamband", "categorie": "Fylkesferjesamband", "autopass": null, "saison_du": null, "saison_au": null, "lien": null}}, {"type": "Feature", "geometry": {"type": "LineString", "coordinates": [[12.30185, 65.58314], [12.30402, 65.58364], [12.30667, 65.58489], [12.31055, 65.58558], [12.32227, 65.58584], [12.33119, 65.5855], [12.3399, 65.58439], [12.34654, 65.58324], [12.35211, 65.58187], [12.35723, 65.58084], [12.36197, 65.58011], [12.37148, 65.57821], [12.389, 65.57529], [12.39227, 65.57515], [12.39481, 65.57532], [12.39624, 65.57608], [12.39658, 65.57684], [12.39619, 65.57759], [12.39436, 65.57803], [12.39158, 65.5782]]}, "properties": {"id": "no-ferry-763022133", "country": "no", "name": "Horn-Andalsvåg", "type": "liaison", "source": "NVDB", "updated": "2026-09-10", "route": "F17", "exploitation": "Helårssamband", "categorie": "Fylkesferjesamband", "autopass": null, "saison_du": null, "saison_au": null, "lien": null}}, {"type": "Feature", "geometry": {"type": "LineString", "coordinates": [[12.1132, 65.18266], [12.11321, 65.18203], [12.11255, 65.18111], [12.10584, 65.18168], [12.10155, 65.18264], [12.09339, 65.18499], [12.08549, 65.18758], [12.07569, 65.19184], [12.0708, 65.19483], [12.06187, 65.20074], [12.05673, 65.20391], [12.0508, 65.20719], [12.04295, 65.21222], [12.04109, 65.21417], [12.04082, 65.21473], [12.0407, 65.21615]]}, "properties": {"id": "no-ferry-763022134", "country": "no", "name": "Vennesund-Holm", "type": "liaison", "source": "NVDB", "updated": "2026-09-10", "route": "F17", "exploitation": "Helårssamband", "categorie": "Fylkesferjesamband", "autopass": null, "saison_du": null, "saison_au": null, "lien": null}}, {"type": "Feature", "geometry": {"type": "LineString", "coordinates": [[15.28033, 68.52224], [15.27801, 68.52272], [15.26267, 68.52332], [15.25831, 68.52322], [15.25598, 68.52296], [15.25466, 68.52192], [15.25356, 68.51966], [15.2546, 68.51931], [15.25334, 68.51961], [15.25347, 68.52088], [15.2539, 68.52184], [15.25379, 68.52231], [15.25329, 68.52273], [15.24971, 68.5226], [15.24777, 68.52227], [15.23124, 68.51657], [15.20954, 68.50427], [15.19667, 68.49423], [15.19594, 68.49344], [15.19602, 68.49271], [15.19666, 68.49224], [15.20633, 68.48797], [15.21814, 68.48571], [15.21589, 68.48345], [15.20719, 68.47787], [15.18385, 68.47789], [15.17502, 68.47774], [15.15877, 68.47701], [15.15632, 68.47757], [15.15872, 68.47698], [15.17469, 68.47766], [15.184, 68.47782], [15.20693, 68.47753], [15.20327, 68.47171], [15.19945, 68.47062], [15.19395, 68.47017], [15.19044, 68.47029], [15.18596, 68.47104]]}, "properties": {"id": "no-ferry-763022166", "country": "no", "name": "Kaljord-Lonkan-Brottøy-Hanøy", "type": "liaison", "source": "NVDB", "updated": "2026-09-10", "route": "F7640", "exploitation": "Helårssamband", "categorie": "Fylkesferjesamband", "autopass": null, "saison_du": null, "saison_au": null, "lien": null}}, {"type": "Feature", "geometry": {"type": "LineString", "coordinates": [[14.39415, 67.28835], [14.38961, 67.2887], [14.38564, 67.2885], [14.38043, 67.28785], [14.3725, 67.28619], [14.36868, 67.28562], [14.36408, 67.28574], [14.36228, 67.28641], [14.36201, 67.28701], [14.36343, 67.28807], [14.37028, 67.2908], [14.37371, 67.29287], [14.37555, 67.29446], [14.37652, 67.29623], [14.37597, 67.29802], [14.37491, 67.29995], [14.37094, 67.3037], [14.3635, 67.30888], [14.36095, 67.31027], [14.3576, 67.31154], [14.22545, 67.34317], [14.17466, 67.35509], [14.16729, 67.35663], [14.15806, 67.35778], [14.14465, 67.35895], [13.95568, 67.37135], [13.78482, 67.38403], [13.77909, 67.38461], [13.77409, 67.38567], [13.76947, 67.38708], [13.61102, 67.49985], [13.54361, 67.54867], [13.43353, 67.62791], [13.29291, 67.72764], [13.21796, 67.78023], [13.20982, 67.78587], [13.20112, 67.79148], [13.19201, 67.7979], [13.17395, 67.80929], [13.16535, 67.81432], [13.15336, 67.82268], [13.14479, 67.82892], [13.13079, 67.83778], [13.11505, 67.84906], [13.11064, 67.85187], [13.09777, 67.85937], [13.09263, 67.86173], [13.08545, 67.86596], [13.07794, 67.87081], [13.07533, 67.87312], [13.06377, 67.88487], [13.06069, 67.8874], [13.05708, 67.88984], [13.0524, 67.89223], [13.04734, 67.8942], [13.04298, 67.89543], [13.04023, 67.89639], [13.03915, 67.89701], [13.03856, 67.89783], [13.03839, 67.89852], [13.0387, 67.89901], [13.04004, 67.8994], [13.04421, 67.89985], [13.03994, 67.89948], [13.03849, 67.89907], [13.03815, 67.89853], [13.03832, 67.89781], [13.03893, 67.89697], [13.04004, 67.89633], [13.04283, 67.89536], [13.04718, 67.89413], [13.05222, 67.89218], [13.05466, 67.89097], [13.05688, 67.88979], [13.06047, 67.88736], [13.06355, 67.88484], [13.07511, 67.87309], [13.07996, 67.86459], [13.0814, 67.85993], [13.08048, 67.84661], [13.07718, 67.8379], [13.07446, 67.83419], [13.06029, 67.82071], [13.04874, 67.81335], [12.99621, 67.78315], [12.90985, 67.72987], [12.81495, 67.67098], [12.80838, 67.66655], [12.80239, 67.66299], [12.79273, 67.65794], [12.78284, 67.65409], [12.77669, 67.6522], [12.7661, 67.64959], [12.75621, 67.64782], [12.74925, 67.64686], [12.74368, 67.64639], [12.7394, 67.64619], [12.73408, 67.64617], [12.72672, 67.64678], [12.72437, 67.64749], [12.7186, 67.65091], [12.71691, 67.65185], [12.71587, 67.65224], [12.71397, 67.65277], [12.71203, 67.6529], [12.71063, 67.65256], [12.71203, 67.65288], [12.71389, 67.65268], [12.71571, 67.65217], [12.71672, 67.65179], [12.7184, 67.65086], [12.72416, 67.64715], [12.73308, 67.64488], [12.81496, 67.62578], [13.04124, 67.56987], [13.32134, 67.49984], [13.76932, 67.38701], [13.77396, 67.38559], [13.779, 67.38453], [13.78477, 67.38394], [13.90786, 67.37478], [13.95564, 67.37126], [14.14461, 67.35887], [14.15799, 67.3577], [14.16719, 67.35655], [14.17454, 67.35501], [14.22532, 67.34309], [14.35745, 67.31147], [14.36078, 67.31021], [14.3633, 67.30883], [14.37074, 67.30366], [14.37469, 67.29992], [14.37574, 67.29801], [14.37629, 67.29623], [14.37533, 67.29449], [14.37351, 67.29291], [14.3701, 67.29086], [14.36324, 67.28812], [14.36177, 67.28702], [14.36206, 67.28637], [14.36399, 67.28566], [14.36873, 67.28553], [14.37259, 67.28611], [14.38052, 67.28776], [14.3857, 67.28842], [14.38961, 67.28861], [14.39415, 67.28835], [14.3896, 67.28852], [14.38575, 67.28833], [14.38061, 67.28768], [14.37268, 67.28603], [14.36878, 67.28544], [14.3639, 67.28557], [14.36184, 67.28633], [14.36153, 67.28703], [14.36305, 67.28817], [14.36991, 67.29091], [14.3733, 67.29296], [14.37511, 67.29451], [14.37605, 67.29624], [14.37551, 67.298], [14.37447, 67.2999], [14.37053, 67.30362], [14.3631, 67.30878], [14.3606, 67.31016], [14.35731, 67.3114], [14.2252, 67.34302], [14.17443, 67.35493], [14.1671, 67.35646], [14.15793, 67.35761], [14.14456, 67.35878], [13.9556, 67.37117], [13.78471, 67.38385], [13.77891, 67.38444], [13.77383, 67.38552], [13.76918, 67.38694], [13.21797, 67.4154], [13.00079, 67.43468], [12.67064, 67.45193], [12.43887, 67.46342], [12.24831, 67.4726], [12.2224, 67.47426], [12.10493, 67.48198], [12.08141, 67.48411], [12.06897, 67.48577], [12.06483, 67.48692], [12.0595, 67.48887], [12.056, 67.49073], [12.05198, 67.49386], [12.05116, 67.49554], [12.05082, 67.49779], [12.05279, 67.50003], [12.05524, 67.50126], [12.06018, 67.503], [12.06959, 67.5047], [12.07167, 67.50493], [12.06031, 67.50292], [12.05541, 67.5012], [12.053, 67.49999], [12.05106, 67.49778], [12.0514, 67.49556], [12.0522, 67.49389], [12.0562, 67.49078], [12.05968, 67.48893], [12.06498, 67.48699], [12.06908, 67.48585], [12.08148, 67.4842], [12.10498, 67.48207], [12.11732, 67.48316], [12.13146, 67.48592], [12.14425, 67.48883], [12.41966, 67.56026], [12.58774, 67.60196], [12.7043, 67.63164], [12.71297, 67.63461], [12.71927, 67.63746], [12.72106, 67.63853], [12.72252, 67.63974], [12.72322, 67.64072], [12.72342, 67.64246], [12.72332, 67.64346], [12.72352, 67.64602], [12.72263, 67.6478], [12.72166, 67.64868], [12.72052, 67.64942], [12.71654, 67.65173], [12.71381, 67.65259], [12.71203, 67.65285], [12.71063, 67.65256]]}, "properties": {"id": "no-ferry-763022171", "country": "no", "name": "Bodø-Værøy-Røst-Moskenes", "type": "liaison", "source": "NVDB", "updated": "2026-09-10", "route": "R80", "exploitation": "Helårssamband", "categorie": "Riksvegferjesamband", "autopass": null, "saison_du": null, "saison_au": null, "lien": null}}, {"type": "Feature", "geometry": {"type": "LineString", "coordinates": [[15.33591, 68.01507], [15.33906, 68.01541], [15.34, 68.01526], [15.34094, 68.01486], [15.34177, 68.01273], [15.34348, 68.01091], [15.34373, 68.01016], [15.34263, 68.00939], [15.34008, 68.0086], [15.33739, 68.00809], [15.33267, 68.00791], [15.3268, 68.00809], [15.29265, 68.01387], [15.28056, 68.01681], [15.26954, 68.02491], [15.23859, 68.05053], [15.13573, 68.07627], [15.00485, 68.10822], [14.94552, 68.12321], [14.86381, 68.14255], [14.74657, 68.17108], [14.72442, 68.17618], [14.69101, 68.18104], [14.66685, 68.18279], [14.65519, 68.18201], [14.64702, 68.17948], [14.6438, 68.17599], [14.64414, 68.16973], [14.64429, 68.16245], [14.64481, 68.16194], [14.6489, 68.16019], [14.65055, 68.16014], [14.6535, 68.16043], [14.65608, 68.16129], [14.65769, 68.16211], [14.65983, 68.16358], [14.66164, 68.16565], [14.66227, 68.16674], [14.66294, 68.16721], [14.6624, 68.16674], [14.66193, 68.1658], [14.6601, 68.16363], [14.65806, 68.16213], [14.65615, 68.16124], [14.65353, 68.16035], [14.64906, 68.16004], [14.64456, 68.16181], [14.64408, 68.16223], [14.64389, 68.16302], [14.64372, 68.16991], [14.64112, 68.17373], [14.6145, 68.18537], [14.58742, 68.19676], [14.55601, 68.21045], [14.54591, 68.21547], [14.5405, 68.21851], [14.53967, 68.22059], [14.54349, 68.2248], [14.54586, 68.22778], [14.54728, 68.23061], [14.54893, 68.23258], [14.55203, 68.23473], [14.55127, 68.23403], [14.54996, 68.23327], [14.54806, 68.23139], [14.54637, 68.22809], [14.53999, 68.22061], [14.54082, 68.21857], [14.54605, 68.21557], [14.55367, 68.21304], [14.63819, 68.19219], [14.69398, 68.18131], [14.70714, 68.17959], [14.72595, 68.17633], [14.76871, 68.16674], [14.91793, 68.13091], [15.00766, 68.10888], [15.13745, 68.07685], [15.23891, 68.05101], [15.26894, 68.02625], [15.28031, 68.01708], [15.29426, 68.01388], [15.3265, 68.00833], [15.3327, 68.00813], [15.3368, 68.00827], [15.33957, 68.00865], [15.34256, 68.00957], [15.3433, 68.01033], [15.3432, 68.01084], [15.34171, 68.01239], [15.34064, 68.01462], [15.33926, 68.01525], [15.33812, 68.01537], [15.33591, 68.01507]]}, "properties": {"id": "no-ferry-763022174", "country": "no", "name": "Svolvær-Skrova-Skutvik", "type": "liaison", "source": "NVDB", "updated": "2026-09-10", "route": "F81", "exploitation": "Helårs med sambandsutvidelse sommersesong", "categorie": "Fylkesferjesamband", "autopass": null, "saison_du": null, "saison_au": null, "lien": null}}, {"type": "Feature", "geometry": {"type": "LineString", "coordinates": [[14.82426, 68.43088], [14.83084, 68.43238], [14.83565, 68.43458], [14.83912, 68.43711], [14.84307, 68.4407], [14.84423, 68.44392], [14.84494, 68.44676], [14.8444, 68.45039], [14.84274, 68.45341], [14.81131, 68.49318], [14.81032, 68.49411], [14.81032, 68.49517], [14.81016, 68.4956], [14.80428, 68.49822], [14.80096, 68.49866]]}, "properties": {"id": "no-ferry-763022175", "country": "no", "name": "Melbu-Fiskebøl", "type": "liaison", "source": "NVDB", "updated": "2026-09-10", "route": "F82", "exploitation": "Helårssamband", "categorie": "Fylkesferjesamband", "autopass": null, "saison_du": null, "saison_au": null, "lien": null}}, {"type": "Feature", "geometry": {"type": "LineString", "coordinates": [[14.98929, 68.31605], [14.98946, 68.31655], [14.98917, 68.31678], [14.98853, 68.3169], [14.98372, 68.31708], [14.98082, 68.31702], [14.97724, 68.31643], [14.96951, 68.31476], [14.938, 68.30904], [14.93691, 68.30868], [14.93686, 68.30823]]}, "properties": {"id": "no-ferry-763022176", "country": "no", "name": "Digermulen-Finnvik", "type": "liaison", "source": "NVDB", "updated": "2026-09-10", "route": "F7630", "exploitation": "Helårssamband", "categorie": "Fylkesferjesamband", "autopass": null, "saison_du": null, "saison_au": null, "lien": null}}, {"type": "Feature", "geometry": {"type": "LineString", "coordinates": [[16.07271, 68.22379], [16.07322, 68.2251], [16.0764, 68.22783], [16.08147, 68.23254], [16.08571, 68.23865], [16.0868, 68.24377], [16.08271, 68.25153], [16.0741, 68.26098], [16.06234, 68.2692], [16.04931, 68.27717], [16.03951, 68.28393], [16.03133, 68.29146], [16.02068, 68.3032], [16.01006, 68.31742], [16.00374, 68.33167], [16.00099, 68.34675], [15.9989, 68.35669], [15.99915, 68.35735], [15.99915, 68.35796], [16.00009, 68.36021], [16.00046, 68.36252], [16.0008, 68.36363], [16.00245, 68.36817], [16.00364, 68.37066], [16.00568, 68.37378], [16.00655, 68.37571], [16.00769, 68.37909], [16.00784, 68.38008], [16.01153, 68.389], [16.01248, 68.39171], [16.01313, 68.39425], [16.01375, 68.39522], [16.0141, 68.39617], [16.01434, 68.39768], [16.01434, 68.39957], [16.01567, 68.40484], [16.01592, 68.40956], [16.01612, 68.41006], [16.01586, 68.41302], [16.01566, 68.41396], [16.01474, 68.41569], [16.01339, 68.41729], [16.01223, 68.41828], [16.01049, 68.41924], [16.00657, 68.41996], [16.00241, 68.42032], [15.99968, 68.42078], [15.99785, 68.42079], [15.99397, 68.42009]]}, "properties": {"id": "no-ferry-763022177", "country": "no", "name": "Bognes-Lødingen", "type": "liaison", "source": "NVDB", "updated": "2026-09-10", "route": "R85", "exploitation": "Helårssamband", "categorie": "Riksvegferjesamband", "autopass": null, "saison_du": null, "saison_au": null, "lien": null}}, {"type": "Feature", "geometry": {"type": "LineString", "coordinates": [[16.07985, 68.04785], [16.07978, 68.04901], [16.11353, 68.06099], [16.15983, 68.07795], [16.18632, 68.08516], [16.21358, 68.09074], [16.23227, 68.09382], [16.24495, 68.09612], [16.25354, 68.09714], [16.26291, 68.09766], [16.2791, 68.09738], [16.3308, 68.0908], [16.3381, 68.09054], [16.35755, 68.09265], [16.35802, 68.09299]]}, "properties": {"id": "no-ferry-763022178", "country": "no", "name": "Drag-Kjøpsvik", "type": "liaison", "source": "NVDB", "updated": "2026-09-10", "route": "R827", "exploitation": "Helårssamband", "categorie": "Riksvegferjesamband", "autopass": null, "saison_du": null, "saison_au": null, "lien": null}}, {"type": "Feature", "geometry": {"type": "LineString", "coordinates": [[14.76186, 67.43862], [14.76331, 67.43925], [14.76278, 67.4399], [14.73588, 67.45004], [14.72952, 67.45279]]}, "properties": {"id": "no-ferry-763022179", "country": "no", "name": "Festvåg-Misten", "type": "liaison", "source": "NVDB", "updated": "2026-09-10", "route": "F834", "exploitation": "Helårssamband", "categorie": "Fylkesferjesamband", "autopass": null, "saison_du": null, "saison_au": null, "lien": null}}, {"type": "Feature", "geometry": {"type": "LineString", "coordinates": [[14.0645, 67.07274], [14.06788, 67.07265], [14.06987, 67.07303], [14.07066, 67.07382], [14.06996, 67.07561], [14.06713, 67.07796], [14.06391, 67.08054], [14.06052, 67.08275], [14.05291, 67.08867], [14.04882, 67.09135], [14.04946, 67.09057], [14.04968, 67.08983], [14.04901, 67.08911], [14.04685, 67.08807], [14.04129, 67.08663], [14.03805, 67.0861], [14.03202, 67.08562], [14.02685, 67.08561], [14.01908, 67.08618], [14.01089, 67.08724], [14.00618, 67.08896], [14.00192, 67.09118], [13.99729, 67.09509], [13.99519, 67.0973], [13.98894, 67.10495], [13.98394, 67.1114], [13.98072, 67.11921], [13.97618, 67.12667], [13.9741, 67.12939], [13.97244, 67.1321], [13.97871, 67.13632], [13.97904, 67.13695]]}, "properties": {"id": "no-ferry-763022181", "country": "no", "name": "Sund-Horsdal-Sørarnøy", "type": "liaison", "source": "NVDB", "updated": "2026-09-10", "route": "F838", "exploitation": "Helårssamband", "categorie": "Fylkesferjesamband", "autopass": null, "saison_du": null, "saison_au": null, "lien": null}}, {"type": "Feature", "geometry": {"type": "LineString", "coordinates": [[12.96719, 66.20378], [12.96706, 66.20436], [12.96733, 66.20462], [12.97027, 66.20639], [12.97859, 66.20704], [12.98586, 66.20736], [12.99236, 66.20721], [12.99952, 66.20624], [13.00541, 66.20384], [13.01099, 66.20083], [13.01164, 66.20064], [13.01098, 66.20085], [13.00554, 66.20389], [12.99119, 66.20985], [12.98313, 66.21232], [12.97737, 66.21432], [12.97047, 66.21617], [12.96088, 66.21817], [12.94976, 66.21955], [12.93213, 66.22107], [12.92255, 66.22213], [12.91948, 66.22337], [12.91808, 66.22599], [12.91816, 66.22747], [12.91874, 66.2283], [12.91895, 66.22898], [12.91874, 66.22855], [12.91835, 66.22846], [12.91771, 66.2286], [12.91657, 66.22954], [12.91489, 66.2303], [12.91102, 66.23127], [12.89252, 66.23261], [12.88292, 66.23297], [12.8653, 66.23401], [12.86138, 66.23467], [12.8582, 66.23495], [12.85682, 66.23464]]}, "properties": {"id": "no-ferry-763022195", "country": "no", "name": "Nesna-Nesnaøyene", "type": "liaison", "source": "NVDB", "updated": "2026-09-10", "route": "F7382", "exploitation": "Helårssamband", "categorie": "Fylkesferjesamband", "autopass": null, "saison_du": null, "saison_au": null, "lien": null}}, {"type": "Feature", "geometry": {"type": "LineString", "coordinates": [[13.00262, 66.33925], [13.00169, 66.33972], [12.99672, 66.34146], [12.98929, 66.34375], [12.97713, 66.3456], [12.96515, 66.34611], [12.95002, 66.34539], [12.91671, 66.34449], [12.90086, 66.34548], [12.88983, 66.34723], [12.85002, 66.35923], [12.82285, 66.36945], [12.80933, 66.37515], [12.80233, 66.3793], [12.79706, 66.38346], [12.79572, 66.38589], [12.79735, 66.38829], [12.80127, 66.39052], [12.80467, 66.39157], [12.81381, 66.39289], [12.82114, 66.39363], [12.8236, 66.39369], [12.82535, 66.39351], [12.8257, 66.39331], [12.82442, 66.393], [12.82615, 66.39331], [12.826, 66.39347], [12.8239, 66.39378], [12.82171, 66.39389], [12.81469, 66.39329], [12.7931, 66.39032], [12.78431, 66.38963], [12.76187, 66.38798], [12.7122, 66.38536], [12.69197, 66.38482], [12.62447, 66.38522], [12.61768, 66.38233], [12.61624, 66.37729], [12.62007, 66.36907], [12.62024, 66.36665], [12.61693, 66.36319], [12.61123, 66.35963], [12.61011, 66.35917], [12.60888, 66.35903], [12.60814, 66.35913], [12.60744, 66.35979], [12.60788, 66.36065], [12.60766, 66.35989], [12.6083, 66.35937], [12.60961, 66.35931], [12.61058, 66.3595], [12.61239, 66.36052], [12.61643, 66.36323], [12.61992, 66.3668], [12.61943, 66.369], [12.61437, 66.37992], [12.60585, 66.39123], [12.59914, 66.40171], [12.59076, 66.40664], [12.57897, 66.40925], [12.56116, 66.41036], [12.5399, 66.40868], [12.51868, 66.40596], [12.49261, 66.40125], [12.46504, 66.39226], [12.43631, 66.38153], [12.40959, 66.37555], [12.39917, 66.37237], [12.38709, 66.37064], [12.38352, 66.37073], [12.37535, 66.3716], [12.37307, 66.37116], [12.37203, 66.36962], [12.37017, 66.36877]]}, "properties": {"id": "no-ferry-763022200", "country": "no", "name": "Stokkvågen-Onøy-Sleneset-Lovund", "type": "liaison", "source": "NVDB", "updated": "2026-09-10", "route": "F836", "exploitation": "Helårssamband", "categorie": "Fylkesferjesamband", "autopass": null, "saison_du": null, "saison_au": null, "lien": null}}, {"type": "Feature", "geometry": {"type": "MultiLineString", "coordinates": [[[12.82442, 66.393], [12.8257, 66.39331], [12.82535, 66.39351], [12.8236, 66.39369], [12.81795, 66.39337], [12.80467, 66.39157], [12.80127, 66.39052], [12.79735, 66.38829], [12.79572, 66.38589], [12.79706, 66.38346], [12.80233, 66.3793], [12.80933, 66.37515], [12.82285, 66.36945], [12.85002, 66.35923], [12.88983, 66.34723], [12.90086, 66.34548], [12.91671, 66.34449], [12.95002, 66.34539], [12.96515, 66.34611], [12.97713, 66.3456], [12.98929, 66.34375], [12.99672, 66.34146], [13.00169, 66.33972], [13.00262, 66.33925], [13.00167, 66.33971], [12.99668, 66.34143], [12.98926, 66.34371], [12.97709, 66.34555], [12.96515, 66.34602], [12.95007, 66.34532], [12.91675, 66.34439], [12.9009, 66.34534], [12.88967, 66.34704], [12.79108, 66.37261], [12.74056, 66.38056], [12.6909, 66.38439], [12.66283, 66.38438], [12.57914, 66.41038], [12.47078, 66.43117], [12.37862, 66.45219], [12.30163, 66.47096], [12.14269, 66.50545], [12.12802, 66.50764], [12.11916, 66.50698], [12.10994, 66.50318], [12.10676, 66.50228], [12.10215, 66.50159]], [[12.10215, 66.50159], [12.10746, 66.50251], [12.11883, 66.50715], [12.12791, 66.50777], [12.14278, 66.50557], [12.41782, 66.45921], [12.64676, 66.4201], [12.76171, 66.40031], [12.77197, 66.39778], [12.77904, 66.39625], [12.79063, 66.39433], [12.80101, 66.39277], [12.82176, 66.39395], [12.82539, 66.39368], [12.82613, 66.3935], [12.82625, 66.39333], [12.82614, 66.39318], [12.82443, 66.393]], [[12.10215, 66.50159], [12.107, 66.50243], [12.11369, 66.50544], [12.11843, 66.50896], [12.1263, 66.51231], [12.1627, 66.51791], [12.1674, 66.51937], [12.1802, 66.53186], [12.18886, 66.54815], [12.19391, 66.55682], [12.19782, 66.56419], [12.20606, 66.57874], [12.20761, 66.58091], [12.21017, 66.582], [12.2137, 66.58286], [12.22114, 66.58414]]]}, "properties": {"id": "no-ferry-763022201", "country": "no", "name": "Stokkvågen-Træna", "type": "liaison", "source": "NVDB", "updated": "2026-09-10", "route": "F836", "exploitation": "Helårssamband", "categorie": "Fylkesferjesamband", "autopass": null, "saison_du": null, "saison_au": null, "lien": null}}, {"type": "Feature", "geometry": {"type": "LineString", "coordinates": [[12.64204, 66.02428], [12.64367, 66.02475], [12.64384, 66.02512], [12.63908, 66.03325], [12.6377, 66.0466], [12.63867, 66.05998], [12.64588, 66.07457], [12.66873, 66.09717], [12.68639, 66.12546], [12.69445, 66.14022], [12.69485, 66.14149], [12.69504, 66.14175], [12.69556, 66.14188], [12.69782, 66.14192], [12.69585, 66.14197], [12.6946, 66.14163], [12.6807, 66.12073], [12.67136, 66.10317], [12.66719, 66.09895], [12.65364, 66.09274], [12.64075, 66.08953], [12.61318, 66.08647], [12.59792, 66.0858], [12.59251, 66.08526], [12.58702, 66.08341], [12.58578, 66.08221], [12.58695, 66.08313], [12.58788, 66.08356], [12.58994, 66.08427], [12.59262, 66.08493], [12.59587, 66.0854], [12.60059, 66.08573], [12.60548, 66.08561], [12.61155, 66.08255], [12.61444, 66.08026], [12.61743, 66.07538], [12.62183, 66.05161], [12.632, 66.03878], [12.64239, 66.02746], [12.64383, 66.02499], [12.64365, 66.02476], [12.64204, 66.02428]]}, "properties": {"id": "no-ferry-763022202", "country": "no", "name": "Sandnessjøen-Dønna-Løkta", "type": "liaison", "source": "NVDB", "updated": "2026-09-10", "route": "F809", "exploitation": "Helårssamband", "categorie": "Fylkesferjesamband", "autopass": null, "saison_du": null, "saison_au": null, "lien": null}}, {"type": "Feature", "geometry": {"type": "LineString", "coordinates": [[12.28658, 65.96867], [12.28686, 65.9694], [12.28751, 65.96955], [12.28832, 65.96947], [12.29608, 65.96552], [12.30108, 65.96345], [12.31148, 65.9596], [12.31678, 65.95791], [12.34995, 65.94969], [12.41144, 65.93574], [12.42809, 65.92966], [12.43297, 65.92752], [12.4354, 65.92678], [12.43217, 65.92771], [12.41997, 65.93209], [12.36545, 65.94106], [12.35849, 65.94164], [12.35133, 65.94107], [12.34594, 65.94002], [12.32496, 65.93505], [12.3224, 65.93311], [12.3221, 65.93242], [12.32219, 65.93178], [12.32287, 65.93149], [12.32365, 65.93154], [12.32482, 65.93198], [12.32368, 65.93147], [12.32274, 65.93132], [12.32197, 65.93136], [12.3217, 65.93165], [12.32167, 65.93222], [12.32207, 65.93314], [12.32307, 65.9339], [12.32294, 65.93455], [12.3223, 65.93502], [12.3198, 65.93547], [12.3159, 65.93574], [12.30372, 65.93503], [12.28712, 65.93242], [12.24178, 65.92192], [12.21236, 65.91607], [12.20519, 65.91497], [12.18853, 65.91365], [12.18598, 65.91356], [12.18448, 65.91372], [12.18257, 65.91429], [12.18449, 65.91379], [12.18746, 65.91369], [12.20449, 65.91496], [12.22103, 65.91821], [12.24169, 65.92441], [12.26336, 65.92999], [12.29476, 65.9372], [12.31019, 65.94266], [12.31352, 65.94836], [12.31222, 65.95481], [12.30864, 65.96038], [12.29777, 65.96455], [12.2881, 65.96924], [12.28756, 65.96936], [12.28709, 65.96921], [12.28658, 65.96867], [12.28712, 65.96935], [12.28751, 65.96944], [12.28824, 65.96933], [12.2976, 65.96472], [12.30938, 65.96023], [12.31058, 65.95912], [12.31287, 65.95602], [12.31487, 65.94814], [12.31896, 65.94255], [12.32294, 65.93574], [12.32324, 65.93396], [12.32226, 65.93319], [12.32186, 65.9322], [12.32196, 65.93169], [12.32222, 65.9315], [12.32358, 65.93146], [12.32482, 65.93198]]}, "properties": {"id": "no-ferry-763022203", "country": "no", "name": "Søvik -Herøy", "type": "liaison", "source": "NVDB", "updated": "2026-09-10", "route": "F7270", "exploitation": "Helårssamband", "categorie": "Fylkesferjesamband", "autopass": null, "saison_du": null, "saison_au": null, "lien": null}}, {"type": "Feature", "geometry": {"type": "LineString", "coordinates": [[12.13111, 65.67739], [12.1364, 65.67834], [12.14195, 65.67981], [12.15143, 65.68255], [12.17326, 65.68922], [12.19141, 65.69381], [12.20633, 65.69923], [12.22632, 65.70776], [12.24872, 65.71765], [12.27991, 65.73229], [12.3079, 65.74657], [12.33839, 65.75985], [12.36647, 65.77312], [12.38436, 65.78411], [12.40432, 65.79864], [12.41766, 65.80753], [12.42567, 65.8119], [12.43187, 65.81566], [12.43321, 65.81787], [12.43277, 65.82114], [12.43022, 65.82202]]}, "properties": {"id": "no-ferry-763022204", "country": "no", "name": "Igerøy -Tjøtta", "type": "liaison", "source": "NVDB", "updated": "2026-09-10", "route": "F839", "exploitation": "Helårssamband", "categorie": "Fylkesferjesamband", "autopass": null, "saison_du": null, "saison_au": null, "lien": null}}, {"type": "Feature", "geometry": {"type": "LineString", "coordinates": [[12.30211, 65.58351], [12.30391, 65.58427], [12.30399, 65.58507], [12.2971, 65.58822], [12.28707, 65.59228], [12.26726, 65.60227], [12.25554, 65.60891], [12.24281, 65.61652], [12.22629, 65.62588], [12.20393, 65.63719], [12.19592, 65.6422], [12.19101, 65.64495], [12.18842, 65.64601], [12.18523, 65.64706], [12.18042, 65.64718], [12.17652, 65.64638], [12.17385, 65.64509], [12.17369, 65.64439], [12.17359, 65.64493], [12.17432, 65.64657], [12.1741, 65.64768], [12.17319, 65.64909], [12.16968, 65.65136], [12.16794, 65.65223], [12.16121, 65.65445], [12.15768, 65.65587], [12.15565, 65.65695], [12.15166, 65.65944], [12.14836, 65.66198], [12.14524, 65.66522], [12.14075, 65.67057], [12.1381, 65.67285], [12.13609, 65.67495], [12.13451, 65.67706], [12.13352, 65.67743], [12.13111, 65.67739], [12.13943, 65.6777], [12.14455, 65.67698], [12.14834, 65.67356], [12.15023, 65.66952], [12.14953, 65.66602], [12.15074, 65.66284], [12.1539, 65.65969], [12.15871, 65.6569], [12.16513, 65.65442], [12.18461, 65.64843], [12.19035, 65.64646], [12.19528, 65.644], [12.20678, 65.63739], [12.22125, 65.62978], [12.22702, 65.62629], [12.23297, 65.62222], [12.2676, 65.60225], [12.28724, 65.59233], [12.29726, 65.58838], [12.30427, 65.58532], [12.30419, 65.58432], [12.30211, 65.58351]]}, "properties": {"id": "no-ferry-763022207", "country": "no", "name": "Horn - Igerøy", "type": "liaison", "source": "NVDB", "updated": "2026-09-10", "route": "F839", "exploitation": "Helårssamband", "categorie": "Fylkesferjesamband", "autopass": null, "saison_du": null, "saison_au": null, "lien": null}}, {"type": "Feature", "geometry": {"type": "LineString", "coordinates": [[12.19757, 65.47228], [12.20036, 65.47268], [12.20186, 65.47314], [12.20734, 65.4755], [12.2114, 65.47792], [12.21151, 65.47912], [12.21019, 65.48037], [12.20686, 65.48115], [12.20226, 65.48149], [12.17699, 65.48101], [12.17124, 65.48111], [12.16068, 65.4819], [12.15637, 65.48193], [12.15288, 65.48151], [12.15021, 65.48036], [12.14756, 65.47888], [12.14395, 65.47739], [12.14042, 65.47682], [12.13526, 65.47666], [12.1344, 65.47701]]}, "properties": {"id": "no-ferry-763175362", "country": "no", "name": "Brønnøysund - Sauren", "type": "liaison", "source": "NVDB", "updated": "2026-09-10", "route": "F7235", "exploitation": "Helårssamband", "categorie": "Fylkesferjesamband", "autopass": null, "saison_du": null, "saison_au": null, "lien": null}}, {"type": "Feature", "geometry": {"type": "LineString", "coordinates": [[5.33365, 59.96842], [5.33433, 59.97042], [5.33575, 59.97849], [5.33439, 59.98228], [5.33204, 59.98772], [5.32964, 59.99653], [5.32701, 60.03137], [5.32935, 60.04827], [5.33337, 60.06515], [5.34458, 60.07736], [5.35454, 60.085], [5.36956, 60.09368], [5.39757, 60.10864], [5.40979, 60.11561], [5.41984, 60.12239], [5.42531, 60.12878], [5.42858, 60.13326], [5.4265, 60.14004], [5.42646, 60.14559]]}, "properties": {"id": "no-ferry-1013460951", "country": "no", "name": "Halhjem - Sandvikvåg", "type": "liaison", "source": "NVDB", "updated": "2026-09-10", "route": "E39", "exploitation": "Helårssamband", "categorie": "Riksvegferjesamband", "autopass": null, "saison_du": null, "saison_au": null, "lien": null}}, {"type": "Feature", "geometry": {"type": "LineString", "coordinates": [[6.02002, 60.05425], [6.0189, 60.05579], [5.99861, 60.05764], [5.93379, 60.06304], [5.92469, 60.06421], [5.92314, 60.06484], [5.92172, 60.06465], [5.92041, 60.06252], [5.92023, 60.06174], [5.9202, 60.06247], [5.92043, 60.06367], [5.92099, 60.06495], [5.9221, 60.06543], [5.92865, 60.06728], [5.95232, 60.07666], [5.97043, 60.08612], [5.9723, 60.08686], [5.97303, 60.08693], [5.97229, 60.08682], [5.96946, 60.08544], [5.96485, 60.08221], [5.96044, 60.07756], [5.95973, 60.07542], [5.96087, 60.07228], [5.9622, 60.0696], [5.96722, 60.06665], [5.99402, 60.0618], [6.01603, 60.05805], [6.01887, 60.05628], [6.01995, 60.05436]]}, "properties": {"id": "no-ferry-1013497168", "country": "no", "name": "Gjermundshamn - Varaldsøy - Årsnes", "type": "liaison", "source": "NVDB", "updated": "2026-09-10", "route": "F5114", "exploitation": "Helårssamband", "categorie": "Fylkesferjesamband", "autopass": null, "saison_du": null, "saison_au": null, "lien": null}}, {"type": "Feature", "geometry": {"type": "LineString", "coordinates": [[5.6557, 59.81331], [5.65762, 59.81369], [5.65844, 59.81495], [5.65753, 59.81667], [5.655, 59.81766], [5.64619, 59.81778], [5.63992, 59.81733], [5.63083, 59.81464], [5.62332, 59.81117], [5.55933, 59.77746], [5.51883, 59.75761], [5.50533, 59.75219], [5.49143, 59.74855], [5.47883, 59.74876], [5.46729, 59.74991], [5.46578, 59.74983]]}, "properties": {"id": "no-ferry-1013497169", "country": "no", "name": "Skjersholmane - Ranavik", "type": "liaison", "source": "NVDB", "updated": "2026-09-10", "route": "F500", "exploitation": "Helårssamband", "categorie": "Fylkesferjesamband", "autopass": null, "saison_du": null, "saison_au": null, "lien": null}}, {"type": "Feature", "geometry": {"type": "LineString", "coordinates": [[5.93265, 59.73342], [5.9323, 59.73366], [5.93264, 59.73497], [5.93151, 59.73991], [5.92703, 59.74877], [5.92318, 59.75781], [5.91996, 59.76209], [5.91456, 59.77014], [5.91342, 59.77275], [5.91182, 59.77472], [5.90808, 59.78189], [5.90658, 59.78274], [5.90574, 59.78345], [5.90439, 59.78329], [5.90621, 59.78361], [5.9114, 59.784], [5.91463, 59.784], [5.92523, 59.7865], [5.93171, 59.78763], [5.93851, 59.78923], [5.9431, 59.79052], [5.95116, 59.79213], [5.95594, 59.79347], [5.96183, 59.7956], [5.96295, 59.79531], [5.9618, 59.79549], [5.96076, 59.79509], [5.95905, 59.79386], [5.95119, 59.79081], [5.94311, 59.78628], [5.93652, 59.78173], [5.92779, 59.77015], [5.93324, 59.74074], [5.93265, 59.73342]]}, "properties": {"id": "no-ferry-1013497173", "country": "no", "name": "Skånevik-Matre-Utåker", "type": "liaison", "source": "NVDB", "updated": "2026-09-10", "route": "F548", "exploitation": "Helårssamband", "categorie": "Fylkesferjesamband", "autopass": null, "saison_du": null, "saison_au": null, "lien": null}}, {"type": "Feature", "geometry": {"type": "LineString", "coordinates": [[5.1578, 60.22332], [5.15732, 60.22311], [5.15702, 60.22378], [5.1574, 60.22437], [5.16243, 60.2268], [5.16626, 60.23006], [5.16779, 60.23227], [5.16812, 60.23251], [5.16902, 60.23274], [5.1699, 60.23259], [5.16904, 60.23268], [5.16837, 60.23255], [5.16796, 60.23227], [5.16805, 60.23165], [5.16875, 60.23052], [5.17005, 60.22962], [5.17366, 60.2292], [5.18499, 60.2257], [5.18657, 60.22545], [5.19204, 60.2257], [5.19942, 60.2269], [5.21033, 60.23088], [5.22122, 60.2353], [5.22403, 60.23813], [5.22397, 60.24085], [5.22242, 60.24161], [5.22193, 60.24173], [5.22145, 60.2416], [5.22649, 60.24502], [5.22802, 60.25033], [5.23056, 60.25236], [5.24026, 60.25615]]}, "properties": {"id": "no-ferry-1013497312", "country": "no", "name": "Klokkarvik-Lerøy-Bjelkarøy-Hjellestad", "type": "liaison", "source": "NVDB", "updated": "2026-09-10", "route": "F5218", "exploitation": "Helårssamband", "categorie": "Fylkesferjesamband", "autopass": null, "saison_du": null, "saison_au": null, "lien": null}}, {"type": "Feature", "geometry": {"type": "LineString", "coordinates": [[5.29107, 60.22401], [5.29201, 60.22346], [5.29892, 60.21161], [5.29549, 60.19808], [5.29014, 60.18832], [5.28136, 60.17695], [5.2718, 60.16621], [5.25171, 60.14502], [5.22366, 60.13322], [5.2106, 60.12858], [5.20471, 60.12599], [5.20115, 60.12402], [5.20064, 60.12294]]}, "properties": {"id": "no-ferry-1013497313", "country": "no", "name": "Krokeide-Hufthamar", "type": "liaison", "source": "NVDB", "updated": "2026-09-10", "route": "F546", "exploitation": "Helårssamband", "categorie": "Fylkesferjesamband", "autopass": null, "saison_du": null, "saison_au": null, "lien": null}}, {"type": "Feature", "geometry": {"type": "LineString", "coordinates": [[6.25128, 60.27573], [6.25037, 60.2758], [6.24724, 60.27699], [6.22242, 60.28438], [6.21659, 60.28594], [6.17168, 60.30082]]}, "properties": {"id": "no-ferry-1013497314", "country": "no", "name": "Jondal-Tørvikbygd", "type": "liaison", "source": "NVDB", "updated": "2026-09-10", "route": "F49", "exploitation": "Helårssamband", "categorie": "Fylkesferjesamband", "autopass": null, "saison_du": null, "saison_au": null, "lien": null}}, {"type": "Feature", "geometry": {"type": "LineString", "coordinates": [[5.53704, 60.20846], [5.54277, 60.21021], [5.54487, 60.21043], [5.55222, 60.21058], [5.56247, 60.21016], [5.57544, 60.20882], [5.58239, 60.20897], [5.59217, 60.20786], [5.59296, 60.20758], [5.594, 60.20673], [5.59391, 60.20604], [5.59337, 60.20547]]}, "properties": {"id": "no-ferry-1013497315", "country": "no", "name": "Hatvik-Venjaneset", "type": "liaison", "source": "NVDB", "updated": "2026-09-10", "route": "F552", "exploitation": "Helårssamband", "categorie": "Fylkesferjesamband", "autopass": null, "saison_du": null, "saison_au": null, "lien": null}}, {"type": "Feature", "geometry": {"type": "LineString", "coordinates": [[5.52412, 60.04665], [5.52495, 60.04802], [5.52521, 60.05049], [5.51999, 60.0562], [5.5078, 60.06648], [5.46951, 60.09965], [5.45584, 60.10941], [5.44604, 60.11796], [5.43475, 60.12834], [5.43196, 60.13134], [5.43082, 60.13424], [5.42967, 60.13801], [5.42753, 60.14267], [5.42695, 60.14558]]}, "properties": {"id": "no-ferry-1013497316", "country": "no", "name": "Halhjem-Våge", "type": "liaison", "source": "NVDB", "updated": "2026-09-10", "route": "F549", "exploitation": "Helårssamband", "categorie": "Fylkesferjesamband", "autopass": null, "saison_du": null, "saison_au": null, "lien": null}}, {"type": "Feature", "geometry": {"type": "LineString", "coordinates": [[5.2794, 60.01713], [5.27985, 60.01665], [5.28399, 60.01696], [5.28584, 60.01642], [5.28732, 60.01569], [5.29408, 60.01477], [5.2962, 60.01205], [5.31323, 60.00478], [5.31769, 60.00222], [5.32177, 60.00022], [5.32405, 59.99845], [5.3267, 59.99476], [5.33081, 59.98562], [5.33444, 59.9801], [5.33505, 59.97768], [5.33463, 59.97094], [5.33468, 59.96912], [5.3345, 59.96829]]}, "properties": {"id": "no-ferry-1013497317", "country": "no", "name": "Husavik - Sandvikvåg", "type": "liaison", "source": "NVDB", "updated": "2026-09-10", "route": "F546", "exploitation": "Helårssamband", "categorie": "Fylkesferjesamband", "autopass": null, "saison_du": null, "saison_au": null, "lien": null}}, {"type": "Feature", "geometry": {"type": "LineString", "coordinates": [[6.71915, 60.37607], [6.71686, 60.37717], [6.71471, 60.37848], [6.70552, 60.38446], [6.69679, 60.39108], [6.68941, 60.39702], [6.67931, 60.40364], [6.67021, 60.40908], [6.66379, 60.41248], [6.65771, 60.41538], [6.65026, 60.41861], [6.63976, 60.42254], [6.63092, 60.42426], [6.62283, 60.42466], [6.62175, 60.42409]]}, "properties": {"id": "no-ferry-1013497319", "country": "no", "name": "Kinsarvik-Utne", "type": "liaison", "source": "NVDB", "updated": "2026-09-10", "route": "F550", "exploitation": "Helårssamband", "categorie": "Fylkesferjesamband", "autopass": null, "saison_du": null, "saison_au": null, "lien": null}}, {"type": "Feature", "geometry": {"type": "LineString", "coordinates": [[5.31841, 59.59801], [5.31643, 59.59971], [5.31521, 59.60127], [5.31276, 59.60274], [5.30698, 59.60592], [5.30425, 59.60698], [5.2997, 59.60909], [5.29516, 59.61014], [5.28436, 59.61133], [5.27799, 59.61233], [5.2732, 59.61282], [5.26476, 59.61435], [5.26127, 59.61535], [5.25607, 59.61627], [5.24965, 59.61556], [5.24254, 59.6127], [5.24, 59.61144], [5.23737, 59.60911], [5.23642, 59.60797]]}, "properties": {"id": "no-ferry-1013497323", "country": "no", "name": "Langevåg - Buavåg", "type": "liaison", "source": "NVDB", "updated": "2026-09-10", "route": "F541", "exploitation": "Helårssamband", "categorie": "Fylkesferjesamband", "autopass": null, "saison_du": null, "saison_au": null, "lien": null}}, {"type": "Feature", "geometry": {"type": "LineString", "coordinates": [[4.83044, 60.78855], [4.82384, 60.78706], [4.82115, 60.78758], [4.81566, 60.7899], [4.81342, 60.79046], [4.80936, 60.79015], [4.80161, 60.78852], [4.7865, 60.78908], [4.75915, 60.78811], [4.73835, 60.78915], [4.72051, 60.78974], [4.71623, 60.79008], [4.71004, 60.78982], [4.70688, 60.78904], [4.70585, 60.78858], [4.70551, 60.78798], [4.70583, 60.78731], [4.7064, 60.78692], [4.71015, 60.78594], [4.71091, 60.78544], [4.71433, 60.78225]]}, "properties": {"id": "no-ferry-1013497794", "country": "no", "name": "Fedje-Sævrøy", "type": "liaison", "source": "NVDB", "updated": "2026-09-10", "route": "F568", "exploitation": "Helårssamband", "categorie": "Fylkesferjesamband", "autopass": null, "saison_du": null, "saison_au": null, "lien": null}}, {"type": "Feature", "geometry": {"type": "LineString", "coordinates": [[5.39976, 60.49033], [5.40192, 60.49134], [5.40299, 60.49266], [5.40357, 60.49411], [5.40581, 60.49569], [5.40834, 60.49692], [5.42267, 60.50275], [5.42565, 60.50415], [5.42678, 60.50497], [5.42721, 60.50508]]}, "properties": {"id": "no-ferry-1013497795", "country": "no", "name": "Breistein-Valestrand", "type": "liaison", "source": "NVDB", "updated": "2026-09-10", "route": "F567", "exploitation": "Helårssamband", "categorie": "Fylkesferjesamband", "autopass": null, "saison_du": null, "saison_au": null, "lien": null}}, {"type": "Feature", "geometry": {"type": "LineString", "coordinates": [[5.00486, 60.81467], [5.00492, 60.81513], [5.00516, 60.81547], [5.0065, 60.81666], [5.01357, 60.82169], [5.01913, 60.82516], [5.02355, 60.82691], [5.0261, 60.82764], [5.04165, 60.82963], [5.04413, 60.83303], [5.0657, 60.85371], [5.06593, 60.85458], [5.06544, 60.8557], [5.06482, 60.85637], [5.06386, 60.85682]]}, "properties": {"id": "no-ferry-1013497796", "country": "no", "name": "Leirvåg-Sløvåg", "type": "liaison", "source": "NVDB", "updated": "2026-09-10", "route": "F57", "exploitation": "Helårssamband", "categorie": "Fylkesferjesamband", "autopass": null, "saison_du": null, "saison_au": null, "lien": null}}, {"type": "Feature", "geometry": {"type": "LineString", "coordinates": [[7.24871, 61.30135], [7.2533, 61.30078], [7.26002, 61.30029], [7.29714, 61.29808], [7.30149, 61.29794], [7.30669, 61.29816], [7.31021, 61.29857], [7.31165, 61.2989], [7.3126, 61.29938]]}, "properties": {"id": "no-ferry-1013497806", "country": "no", "name": "Solvorn-Urnes", "type": "liaison", "source": "NVDB", "updated": "2026-09-10", "route": "K18", "exploitation": "Helårssamband", "categorie": "Kommuneferjesamband", "autopass": null, "saison_du": null, "saison_au": null, "lien": null}}, {"type": "Feature", "geometry": {"type": "LineString", "coordinates": [[7.38346, 61.14871], [7.37391, 61.14841], [7.36419, 61.14865], [7.35708, 61.14996], [7.35548, 61.15039], [7.3528, 61.15158], [7.34776, 61.15335], [7.34184, 61.15577], [7.33782, 61.15795], [7.33681, 61.15867], [7.33691, 61.16033]]}, "properties": {"id": "no-ferry-1013497807", "country": "no", "name": "Mannheller - Fodnes", "type": "liaison", "source": "NVDB", "updated": "2026-09-10", "route": "R5", "exploitation": "Helårssamband", "categorie": "Riksvegferjesamband", "autopass": null, "saison_du": null, "saison_au": null, "lien": null}}, {"type": "Feature", "geometry": {"type": "LineString", "coordinates": [[7.0797, 61.10773], [7.07922, 61.10794], [7.07917, 61.10829], [7.08128, 61.10853], [7.08217, 61.10897], [7.08293, 61.10982], [7.08611, 61.11192], [7.10183, 61.11734], [7.10976, 61.11951], [7.12175, 61.12223], [7.13715, 61.12517], [7.18751, 61.12813], [7.19587, 61.12898], [7.19822, 61.12938], [7.20162, 61.13035], [7.20389, 61.13201], [7.22131, 61.15091], [7.22712, 61.15436], [7.2309, 61.15638], [7.2488, 61.16418], [7.25014, 61.16499], [7.25049, 61.16538], [7.25346, 61.1757], [7.25347, 61.17821], [7.25278, 61.17985], [7.25107, 61.18233], [7.25026, 61.18296]]}, "properties": {"id": "no-ferry-1013497809", "country": "no", "name": "Kaupanger kai-Frønningen", "type": "liaison", "source": "NVDB", "updated": "2026-09-10", "route": "K95000", "exploitation": "Helårssamband", "categorie": "Fylkesferjesamband", "autopass": null, "saison_du": null, "saison_au": null, "lien": null}}, {"type": "Feature", "geometry": {"type": "MultiLineString", "coordinates": [[[6.59769, 61.20735], [6.59617, 61.20737], [6.59556, 61.20687], [6.61735, 61.19123], [6.63761, 61.17591], [6.63778, 61.17516], [6.63738, 61.17505], [6.63764, 61.17523], [6.63744, 61.1759], [6.63585, 61.17689], [6.58634, 61.20379], [6.56848, 61.21395], [6.56665, 61.2146]], [[6.56665, 61.2146], [6.56855, 61.21369], [6.56915, 61.21181], [6.56804, 61.20985], [6.54896, 61.20926], [6.53873, 61.20988], [6.53777, 61.21021], [6.53949, 61.20955], [6.59769, 61.20735]], [[6.56665, 61.2146], [6.59651, 61.20746], [6.59769, 61.20735]]]}, "properties": {"id": "no-ferry-1013497811", "country": "no", "name": "Vangsnes - Hella - Dragsvik", "type": "liaison", "source": "NVDB", "updated": "2026-09-10", "route": "R13", "exploitation": "Helårssamband", "categorie": "Riksvegferjesamband", "autopass": null, "saison_du": null, "saison_au": null, "lien": null}}, {"type": "Feature", "geometry": {"type": "LineString", "coordinates": [[5.98644, 61.1733], [5.98773, 61.17365], [5.98846, 61.17349], [5.98895, 61.17303], [5.98898, 61.17214], [5.98854, 61.17122], [5.98868, 61.1703], [5.99385, 61.16398], [6.00264, 61.1561], [6.00767, 61.15341], [6.01603, 61.14944], [6.02383, 61.14608], [6.0322, 61.14372], [6.03902, 61.14258], [6.04793, 61.14163], [6.05699, 61.1417], [6.06326, 61.14231], [6.06841, 61.14419], [6.07162, 61.14588], [6.0737, 61.14763], [6.07501, 61.14913], [6.07537, 61.14533], [6.0801, 61.1415], [6.08957, 61.13644], [6.09611, 61.13355], [6.10321, 61.13092], [6.10766, 61.12897], [6.11642, 61.12593], [6.12394, 61.12384], [6.13354, 61.12195], [6.13701, 61.12107], [6.13827, 61.12027], [6.1391, 61.11939], [6.13909, 61.11791], [6.13797, 61.11475], [6.13658, 61.11353], [6.13491, 61.11306], [6.13263, 61.11311]]}, "properties": {"id": "no-ferry-1013497812", "country": "no", "name": "Ortnevik-Måren-Nordeide", "type": "liaison", "source": "NVDB", "updated": "2026-09-10", "route": "K48", "exploitation": "Helårssamband", "categorie": "Fylkesferjesamband", "autopass": null, "saison_du": null, "saison_au": null, "lien": null}}, {"type": "Feature", "geometry": {"type": "LineString", "coordinates": [[5.18933, 61.07435], [5.18907, 61.07892], [5.19017, 61.08289], [5.19074, 61.08659], [5.18958, 61.0889], [5.18646, 61.09132], [5.17485, 61.09525], [5.13363, 61.10625], [5.11521, 61.10748], [5.0812, 61.11083], [5.05679, 61.11225], [5.0405, 61.11501], [5.03737, 61.11572], [5.03511, 61.11648], [5.03136, 61.11884], [5.02806, 61.1221], [5.02715, 61.12325], [5.02555, 61.12649], [5.02475, 61.12756], [5.02375, 61.12837], [5.02172, 61.12883], [5.01977, 61.12893], [5.01884, 61.12919], [5.01981, 61.12895], [5.02173, 61.12886], [5.02377, 61.12839], [5.02459, 61.12781], [5.02584, 61.12626], [5.0277, 61.12268], [5.03084, 61.11947], [5.03241, 61.11823], [5.03528, 61.11654], [5.03737, 61.11585], [5.03993, 61.11525], [5.05714, 61.11239], [5.06215, 61.11203], [5.07819, 61.1121], [5.08304, 61.11236], [5.09063, 61.114], [5.0931, 61.11484], [5.0943, 61.11577], [5.09414, 61.11638], [5.0929, 61.11744], [5.09372, 61.1179], [5.122, 61.10998], [5.13373, 61.10631], [5.16131, 61.09964], [5.17333, 61.09604], [5.18694, 61.09132], [5.18892, 61.08996], [5.19, 61.0889], [5.19105, 61.087], [5.19104, 61.08544], [5.18938, 61.07891], [5.18959, 61.07561], [5.18933, 61.07435], [5.18998, 61.07637], [5.1904, 61.07703], [5.19261, 61.07828], [5.22066, 61.08935], [5.23103, 61.09287], [5.25314, 61.09988], [5.26679, 61.10548], [5.27489, 61.10929], [5.27643, 61.1103], [5.27702, 61.11146], [5.27803, 61.11257], [5.27988, 61.11308], [5.28082, 61.11314], [5.28248, 61.11371]]}, "properties": {"id": "no-ferry-1013497813", "country": "no", "name": "Rysjedalsvika-Rutledal-Krakhella", "type": "liaison", "source": "NVDB", "updated": "2026-09-10", "route": "F57", "exploitation": "Helårssamband", "categorie": "Fylkesferjesamband", "autopass": null, "saison_du": null, "saison_au": null, "lien": null}}, {"type": "Feature", "geometry": {"type": "LineString", "coordinates": [[5.50743, 61.10471], [5.50624, 61.10411], [5.50278, 61.09129], [5.50036, 61.08406], [5.49976, 61.05986], [5.49962, 61.05913], [5.50061, 61.05678], [5.50211, 61.05559], [5.50433, 61.0547]]}, "properties": {"id": "no-ferry-1013497814", "country": "no", "name": "Lavik-Oppedal", "type": "liaison", "source": "NVDB", "updated": "2026-09-10", "route": "E39", "exploitation": "Helårssamband", "categorie": "Riksvegferjesamband", "autopass": null, "saison_du": null, "saison_au": null, "lien": null}}, {"type": "Feature", "geometry": {"type": "LineString", "coordinates": [[5.30439, 60.80083], [5.30842, 60.80754]]}, "properties": {"id": "no-ferry-1013497815", "country": "no", "name": "Masfjordnes-Duesund", "type": "liaison", "source": "NVDB", "updated": "2026-09-10", "route": "F570", "exploitation": "Helårssamband", "categorie": "Fylkesferjesamband", "autopass": null, "saison_du": null, "saison_au": null, "lien": null}}, {"type": "Feature", "geometry": {"type": "LineString", "coordinates": [[6.07949, 61.86403], [6.08003, 61.86391], [6.08309, 61.85919], [6.08669, 61.85435], [6.08558, 61.85217], [6.08162, 61.84676], [6.08202, 61.84638]]}, "properties": {"id": "no-ferry-1013498126", "country": "no", "name": "Anda-Lote", "type": "liaison", "source": "NVDB", "updated": "2026-09-10", "route": "E39", "exploitation": "Helårssamband", "categorie": "Riksvegferjesamband", "autopass": null, "saison_du": null, "saison_au": null, "lien": null}}, {"type": "Feature", "geometry": {"type": "LineString", "coordinates": [[5.71518, 61.88106], [5.72033, 61.88938], [5.72441, 61.91397]]}, "properties": {"id": "no-ferry-1013498127", "country": "no", "name": "Stårheim-Isane", "type": "liaison", "source": "NVDB", "updated": "2026-09-10", "route": "F614", "exploitation": "Helårssamband", "categorie": "Fylkesferjesamband", "autopass": null, "saison_du": null, "saison_au": null, "lien": null}}, {"type": "Feature", "geometry": {"type": "LineString", "coordinates": [[5.06426, 61.34522], [5.06502, 61.34475], [5.06641, 61.34424], [5.06381, 61.34305], [5.06021, 61.34241], [5.05601, 61.34214], [5.05274, 61.3423], [5.02723, 61.34827], [5.0233, 61.34876], [5.01861, 61.34863], [5.01629, 61.34832], [5.02165, 61.34833], [5.02401, 61.34787], [5.02748, 61.34672], [5.03136, 61.34488], [5.03644, 61.34209], [5.04268, 61.33786], [5.06487, 61.3204], [5.07219, 61.3125], [5.07957, 61.30707], [5.08811, 61.30238], [5.09121, 61.30023], [5.09109, 61.2997], [5.08553, 61.29809], [5.08664, 61.29823], [5.09207, 61.29979], [5.09211, 61.30012], [5.09183, 61.30039], [5.07235, 61.31252], [5.06852, 61.3166], [5.06721, 61.32295], [5.06895, 61.33119], [5.06771, 61.33649], [5.06662, 61.33861], [5.06885, 61.34129], [5.0706, 61.3423], [5.07123, 61.34381], [5.06822, 61.34463], [5.06454, 61.34532]]}, "properties": {"id": "no-ferry-1013498128", "country": "no", "name": "Askvoll-Fure-Gjervik-Askvoll", "type": "liaison", "source": "NVDB", "updated": "2026-09-10", "route": "F608", "exploitation": "Helårssamband", "categorie": "Fylkesferjesamband", "autopass": null, "saison_du": null, "saison_au": null, "lien": null}}, {"type": "Feature", "geometry": {"type": "LineString", "coordinates": [[5.07814, 61.87923], [5.078, 61.87949], [5.08684, 61.88267], [5.09598, 61.88622], [5.10716, 61.89247], [5.11218, 61.89428], [5.12588, 61.89753], [5.12758, 61.89835], [5.12884, 61.89927], [5.12906, 61.89999], [5.129, 61.9011], [5.12856, 61.90161], [5.12725, 61.90211], [5.11347, 61.9027], [5.11726, 61.90307], [5.11908, 61.9042], [5.11951, 61.90512], [5.11948, 61.90613], [5.11722, 61.91173], [5.11643, 61.9155], [5.11737, 61.9208], [5.1183, 61.9228], [5.11965, 61.92472], [5.12183, 61.92685], [5.12211, 61.93147], [5.12215, 61.93341], [5.12201, 61.93439], [5.12149, 61.93619], [5.12111, 61.93683], [5.12077, 61.9372], [5.11902, 61.93761], [5.11894, 61.9382], [5.11921, 61.93762], [5.1208, 61.93727], [5.12152, 61.93629], [5.12197, 61.93469], [5.12218, 61.93337], [5.12221, 61.93117], [5.12207, 61.92726], [5.12021, 61.91549], [5.12914, 61.90214], [5.13041, 61.90002], [5.1295, 61.89867], [5.11474, 61.89452], [5.10953, 61.89244], [5.10044, 61.88772], [5.07818, 61.87947], [5.07814, 61.87923]]}, "properties": {"id": "no-ferry-1013498129", "country": "no", "name": "Måløy - Husevågøy - Oldeide", "type": "liaison", "source": "NVDB", "updated": "2026-09-10", "route": "F616", "exploitation": "Helårssamband", "categorie": "Fylkesferjesamband", "autopass": null, "saison_du": null, "saison_au": null, "lien": null}}, {"type": "Feature", "geometry": {"type": "LineString", "coordinates": [[5.06454, 61.34532], [5.06541, 61.34492], [5.07105, 61.34383], [5.07047, 61.34237], [5.06761, 61.34131], [5.06495, 61.34073], [5.06009, 61.3403], [5.05599, 61.33876], [5.05274, 61.3372], [5.05118, 61.33589], [5.0498, 61.33418], [5.04932, 61.33187], [5.04965, 61.32722], [5.04769, 61.32424], [5.04541, 61.32287], [5.04084, 61.32118], [5.03395, 61.31942], [5.00992, 61.31425], [4.99942, 61.31245], [4.98854, 61.31126], [4.97239, 61.3109], [4.93666, 61.31118], [4.89116, 61.31363], [4.81145, 61.30952], [4.77778, 61.30709], [4.73979, 61.30397], [4.76997, 61.30543], [4.80625, 61.30796], [4.83513, 61.30961], [4.8894, 61.31228], [4.90846, 61.31151], [4.93412, 61.31007], [4.95668, 61.30926], [4.97776, 61.30953], [5.00055, 61.31015], [5.01913, 61.31133], [5.06003, 61.31689], [5.06271, 61.31691], [5.06561, 61.31644], [5.06791, 61.31556], [5.07194, 61.31246], [5.0905, 61.30104], [5.09087, 61.30016], [5.08553, 61.29809]]}, "properties": {"id": "no-ferry-1013498130", "country": "no", "name": "Askvoll-Fure-Værlandet", "type": "liaison", "source": "NVDB", "updated": "2026-09-10", "route": "F5655", "exploitation": "Helårssamband", "categorie": "Fylkesferjesamband", "autopass": null, "saison_du": null, "saison_au": null, "lien": null}}, {"type": "Feature", "geometry": {"type": "LineString", "coordinates": [[5.28752, 61.98386], [5.28711, 61.98435], [5.28785, 61.9908], [5.29012, 61.99744], [5.28999, 61.99788]]}, "properties": {"id": "no-ferry-1013498804", "country": "no", "name": "Barmen-Barmsund", "type": "liaison", "source": "NVDB", "updated": "2026-09-10", "route": "K6", "exploitation": "Helårssamband", "categorie": "Fylkesferjesamband", "autopass": null, "saison_du": null, "saison_au": null, "lien": null}}, {"type": "Feature", "geometry": {"type": "LineString", "coordinates": [[4.71732, 61.05475], [4.72042, 61.05517], [4.73755, 61.0525], [4.73862, 61.05267]]}, "properties": {"id": "no-ferry-1013498805", "country": "no", "name": "Daløy-Haldorsneset", "type": "liaison", "source": "NVDB", "updated": "2026-09-10", "route": "F5591", "exploitation": "Helårssamband", "categorie": "Fylkesferjesamband", "autopass": null, "saison_du": null, "saison_au": null, "lien": null}}, {"type": "Feature", "geometry": {"type": "LineString", "coordinates": [[5.02977, 61.00017], [5.01723, 60.99733]]}, "properties": {"id": "no-ferry-1013499007", "country": "no", "name": "Hisarøy - Mjånes", "type": "liaison", "source": "NVDB", "updated": "2026-09-10", "route": "F5583", "exploitation": "Helårssamband", "categorie": "Fylkesferjesamband", "autopass": null, "saison_du": null, "saison_au": null, "lien": null}}, {"type": "Feature", "geometry": {"type": "LineString", "coordinates": [[6.63152, 58.24177], [6.62923, 58.24138], [6.61376, 58.2362], [6.61298, 58.23613], [6.61203, 58.23648]]}, "properties": {"id": "no-ferry-1013504176", "country": "no", "name": "Launes - Kvellandstrand", "type": "liaison", "source": "NVDB", "updated": "2026-09-10", "route": "F469", "exploitation": "Helårssamband", "categorie": "Fylkesferjesamband", "autopass": null, "saison_du": null, "saison_au": null, "lien": null}}, {"type": "Feature", "geometry": {"type": "LineString", "coordinates": [[6.6537, 58.23839], [6.65597, 58.2377], [6.65876, 58.23449], [6.6602, 58.23343], [6.66153, 58.23303], [6.66306, 58.23296], [6.6651, 58.23312], [6.66777, 58.23377], [6.66816, 58.23368], [6.6683, 58.23348], [6.66795, 58.23307]]}, "properties": {"id": "no-ferry-1013504177", "country": "no", "name": "Abelnes - Andabeløy", "type": "liaison", "source": "NVDB", "updated": "2026-09-10", "route": "F4128", "exploitation": "Helårssamband", "categorie": "Fylkesferjesamband", "autopass": null, "saison_du": null, "saison_au": null, "lien": null}}, {"type": "Feature", "geometry": {"type": "LineString", "coordinates": [[10.65431, 59.42973], [10.65427, 59.42941], [10.64723, 59.42344], [10.63853, 59.41682], [10.61944, 59.40935], [10.59034, 59.40327], [10.57124, 59.40278], [10.54728, 59.40253], [10.48888, 59.41184]]}, "properties": {"id": "no-ferry-1013504594", "country": "no", "name": "Moss - Horten", "type": "liaison", "source": "NVDB", "updated": "2026-09-10", "route": "R19", "exploitation": "Helårssamband", "categorie": "Riksvegferjesamband", "autopass": null, "saison_du": null, "saison_au": null, "lien": null}}, {"type": "Feature", "geometry": {"type": "LineString", "coordinates": [[10.34157, 60.52257], [10.33939, 60.51791], [10.33663, 60.51275]]}, "properties": {"id": "no-ferry-1013504619", "country": "no", "name": "Tangen - Horn", "type": "liaison", "source": "NVDB", "updated": "2026-09-10", "route": "F2336", "exploitation": "Helårssamband", "categorie": "Fylkesferjesamband", "autopass": null, "saison_du": null, "saison_au": null, "lien": null}}, {"type": "Feature", "geometry": {"type": "LineString", "coordinates": [[5.25574, 59.41212], [5.255, 59.41254], [5.25209, 59.41158], [5.25114, 59.41139], [5.24948, 59.41134], [5.24596, 59.41219], [5.24211, 59.41341], [5.23712, 59.41638], [5.23553, 59.41785], [5.23124, 59.42238], [5.22719, 59.42335], [5.22407, 59.42304], [5.22164, 59.42253], [5.22003, 59.42154], [5.21881, 59.42027], [5.21591, 59.41944], [5.20947, 59.41888], [5.19744, 59.41822], [5.18423, 59.41608], [5.16777, 59.41381], [5.16344, 59.41287], [5.15931, 59.41156], [5.1556, 59.41003], [5.149, 59.40661], [5.13576, 59.39922], [5.1297, 59.3961], [5.12052, 59.39048], [5.10897, 59.38395], [5.07928, 59.36814], [5.06427, 59.36095], [5.05412, 59.35661], [5.03507, 59.34804], [5.02767, 59.34675], [5.00526, 59.3439], [4.99794, 59.34317], [4.97585, 59.34009], [4.91116, 59.32564], [4.89753, 59.32246], [4.88747, 59.3199], [4.88598, 59.31938], [4.8851, 59.31869], [4.8856, 59.31622], [4.88559, 59.31323], [4.88479, 59.31197]]}, "properties": {"id": "no-ferry-1013506447", "country": "no", "name": "Haugesund - Utsira", "type": "liaison", "source": "NVDB", "updated": "2026-09-10", "route": "F4854", "exploitation": "Helårssamband", "categorie": "Fylkesferjesamband", "autopass": null, "saison_du": null, "saison_au": null, "lien": null}}, {"type": "Feature", "geometry": {"type": "LineString", "coordinates": [[5.55811, 59.88969], [5.55773, 59.88943], [5.55599, 59.88686], [5.55455, 59.88663], [5.53832, 59.88733], [5.52117, 59.88716], [5.52153, 59.8861], [5.52135, 59.88684], [5.52288, 59.88709], [5.52625, 59.88697], [5.53611, 59.88544], [5.5447, 59.88334], [5.55233, 59.88051], [5.55982, 59.87881], [5.56432, 59.87527], [5.56563, 59.87275], [5.5656, 59.87076], [5.56476, 59.86862], [5.56368, 59.86687], [5.5673, 59.87188], [5.56585, 59.87554], [5.56384, 59.87996], [5.56091, 59.88388], [5.56018, 59.88574], [5.55798, 59.88767], [5.55783, 59.88943], [5.55811, 59.88969]]}, "properties": {"id": "no-ferry-1013506480", "country": "no", "name": "Jektevik - Nordhuglo - Hodnanes", "type": "liaison", "source": "NVDB", "updated": "2026-09-10", "route": "F549", "exploitation": "Helårssamband", "categorie": "Fylkesferjesamband", "autopass": null, "saison_du": null, "saison_au": null, "lien": null}}, {"type": "Feature", "geometry": {"type": "LineString", "coordinates": [[6.62175, 60.42409], [6.6202, 60.43273], [6.61694, 60.45935], [6.61616, 60.46728], [6.6149, 60.47187], [6.61386, 60.47206], [6.61242, 60.47183]]}, "properties": {"id": "no-ferry-1013506481", "country": "no", "name": "Kvanndal-Utne", "type": "liaison", "source": "NVDB", "updated": "2026-09-10", "route": "F550", "exploitation": "Helårssamband", "categorie": "Fylkesferjesamband", "autopass": null, "saison_du": null, "saison_au": null, "lien": null}}, {"type": "Feature", "geometry": {"type": "LineString", "coordinates": [[7.17187, 62.2628], [7.16991, 62.26377], [7.16977, 62.26404], [7.16994, 62.26512], [7.17036, 62.26622], [7.17575, 62.27455], [7.18066, 62.28062], [7.18435, 62.28358], [7.18521, 62.28389], [7.18735, 62.28429]]}, "properties": {"id": "no-ferry-1013506715", "country": "no", "name": "Eidsdal-Linge", "type": "liaison", "source": "NVDB", "updated": "2026-09-10", "route": "F63", "exploitation": "Helårssamband", "categorie": "Fylkesferjesamband", "autopass": null, "saison_du": null, "saison_au": null, "lien": null}}, {"type": "Feature", "geometry": {"type": "LineString", "coordinates": [[7.00611, 62.30837], [7.00443, 62.30809], [7.0028, 62.30807], [6.97504, 62.30947], [6.95473, 62.30956], [6.95096, 62.30936], [6.9491, 62.30902]]}, "properties": {"id": "no-ferry-1013506716", "country": "no", "name": "Stranda-Liabygda", "type": "liaison", "source": "NVDB", "updated": "2026-09-10", "route": "F650", "exploitation": "Helårssamband", "categorie": "Fylkesferjesamband", "autopass": null, "saison_du": null, "saison_au": null, "lien": null}}, {"type": "Feature", "geometry": {"type": "LineString", "coordinates": [[6.16563, 59.2343], [6.16425, 59.23913], [6.16318, 59.24395], [6.1631, 59.24486], [6.16246, 59.24687], [6.16217, 59.24899], [6.16178, 59.25016], [6.16153, 59.25217], [6.16103, 59.25391], [6.16007, 59.25859], [6.16008, 59.25987], [6.16047, 59.26023], [6.16054, 59.26081], [6.1591, 59.26167], [6.16045, 59.26085], [6.16052, 59.26054], [6.16015, 59.25998], [6.15885, 59.25976], [6.15519, 59.25955], [6.13793, 59.25745], [6.09701, 59.25305], [6.0951, 59.25305], [6.09603, 59.25303], [6.09998, 59.25179], [6.10463, 59.25086], [6.11367, 59.24828], [6.12465, 59.24556], [6.15861, 59.23633], [6.16529, 59.23479], [6.16563, 59.2343]]}, "properties": {"id": "no-ferry-1013507444", "country": "no", "name": "Hjelmeland - Skipavik - Nesvik", "type": "liaison", "source": "NVDB", "updated": "2026-09-10", "route": "R13", "exploitation": "Helårssamband", "categorie": "Riksvegferjesamband", "autopass": null, "saison_du": null, "saison_au": null, "lien": null}}, {"type": "Feature", "geometry": {"type": "LineString", "coordinates": [[6.05524, 58.89427], [6.06768, 58.8971], [6.07282, 58.89847], [6.07592, 58.89953], [6.0771, 58.90035], [6.07744, 58.90083], [6.07791, 58.90257], [6.07794, 58.90351], [6.07759, 58.9046], [6.07677, 58.90516], [6.07594, 58.90546], [6.07529, 58.906]]}, "properties": {"id": "no-ferry-1013507452", "country": "no", "name": "Lauvvik - Oanes", "type": "liaison", "source": "NVDB", "updated": "2026-09-10", "route": "P96824", "exploitation": "Helårssamband", "categorie": "Privat ferjesamband", "autopass": null, "saison_du": null, "saison_au": null, "lien": null}}, {"type": "Feature", "geometry": {"type": "MultiLineString", "coordinates": [[[5.74015, 58.97219], [5.74106, 58.97289], [5.74696, 58.97383], [5.75159, 58.97483], [5.79141, 58.98478], [5.79658, 58.9866], [5.80105, 58.98972], [5.80582, 58.99367], [5.8107, 58.997], [5.81945, 59.00031], [5.82722, 59.00347], [5.83239, 59.00592], [5.83733, 59.00907], [5.84238, 59.01326], [5.85592, 59.02343], [5.86168, 59.02571], [5.86855, 59.02752], [5.87485, 59.02866], [5.88097, 59.02937], [5.88493, 59.02941], [5.88844, 59.02896], [5.8915, 59.02822], [5.89534, 59.02608], [5.89609, 59.02612]], [[5.89609, 59.02612], [5.89538, 59.02615], [5.89241, 59.02828], [5.88814, 59.03082], [5.87897, 59.0351], [5.87278, 59.03746], [5.8608, 59.04161], [5.84896, 59.04541], [5.83806, 59.0485], [5.83545, 59.04909], [5.83337, 59.04919], [5.83162, 59.04906], [5.8279, 59.04745], [5.82712, 59.04732]], [[5.89609, 59.02612], [5.89538, 59.02627], [5.89519, 59.02647], [5.90878, 59.06354], [5.90827, 59.06511]], [[5.79748, 59.08621], [5.79614, 59.08526], [5.80206, 59.07873], [5.81825, 59.0688], [5.83024, 59.06171], [5.89179, 59.03322], [5.89506, 59.02645], [5.89541, 59.0262], [5.89609, 59.02612]], [[5.90827, 59.06511], [5.90869, 59.06353], [5.90584, 59.06118], [5.90371, 59.05995], [5.90095, 59.05891], [5.89558, 59.05733], [5.89166, 59.05654], [5.8829, 59.05546], [5.84217, 59.05134], [5.83844, 59.05078], [5.8327, 59.04953], [5.83041, 59.04886], [5.82789, 59.04747], [5.82711, 59.04732], [5.82789, 59.04749], [5.82964, 59.05028], [5.83037, 59.05311], [5.82946, 59.05614], [5.8282, 59.05739], [5.82445, 59.05978], [5.82186, 59.06095], [5.81318, 59.06573], [5.80516, 59.07062], [5.79959, 59.0744], [5.79591, 59.07841], [5.79492, 59.08071], [5.79466, 59.08305], [5.79553, 59.08512], [5.79748, 59.08621]], [[5.90827, 59.06511], [5.90856, 59.06354], [5.90498, 59.06116], [5.90025, 59.05957], [5.89371, 59.0594], [5.8856, 59.05992], [5.87936, 59.06106], [5.87529, 59.06277], [5.87233, 59.06447], [5.86988, 59.06912], [5.86847, 59.08151], [5.87148, 59.08596], [5.87553, 59.09013], [5.88303, 59.09572], [5.93407, 59.11948], [5.95181, 59.12753], [5.97489, 59.13873]], [[5.77878, 59.09139], [5.77958, 59.09127], [5.78114, 59.09165], [5.78244, 59.09157], [5.78328, 59.09127], [5.78746, 59.08894], [5.79112, 59.08603], [5.79306, 59.08548], [5.7958, 59.08548], [5.79748, 59.08621]], [[6.06379, 59.17851], [6.0642, 59.17858], [6.06483, 59.18094], [6.06171, 59.18292], [6.05869, 59.18309], [6.05227, 59.18131], [6.04315, 59.17781], [6.03247, 59.17105], [6.02312, 59.1642], [6.01668, 59.15831], [6.00925, 59.1524], [6.0059, 59.15055], [6.00267, 59.14914], [5.99618, 59.14681], [5.99247, 59.14579], [5.98703, 59.14398], [5.98195, 59.14204], [5.97489, 59.13873], [5.97605, 59.14015], [5.97672, 59.1419], [5.9757, 59.14416], [5.96998, 59.14798], [5.96802, 59.14963], [5.96638, 59.15293], [5.96623, 59.15404], [5.96663, 59.15605], [5.96729, 59.1569], [5.97, 59.15918], [5.96996, 59.15928], [5.96691, 59.15701], [5.96572, 59.15638], [5.96278, 59.15575], [5.96089, 59.1558], [5.95814, 59.15657], [5.95653, 59.1565], [5.95444, 59.15615], [5.95262, 59.15561], [5.95017, 59.15465], [5.94802, 59.15327], [5.94717, 59.15305], [5.94612, 59.15311], [5.94482, 59.1535], [5.94399, 59.15421], [5.94374, 59.15496], [5.94368, 59.15613], [5.94468, 59.15796], [5.94605, 59.15913], [5.94711, 59.16049], [5.94728, 59.16091], [5.94724, 59.16154], [5.94716, 59.16177], [5.94669, 59.16191]], [[5.94669, 59.16191], [5.94703, 59.16174], [5.94709, 59.16091], [5.94657, 59.16008], [5.94455, 59.15815], [5.94304, 59.15744], [5.94149, 59.15735], [5.93763, 59.15793], [5.93385, 59.15893], [5.92483, 59.16237], [5.91583, 59.16545], [5.91122, 59.16669], [5.90598, 59.16764], [5.8971, 59.16882], [5.88402, 59.17026], [5.87933, 59.17037], [5.87746, 59.17013], [5.879, 59.17041], [5.8802, 59.17247], [5.88691, 59.17707], [5.88903, 59.19442], [5.88209, 59.21632], [5.86728, 59.2303], [5.86971, 59.23861], [5.87977, 59.24287], [5.88644, 59.24103], [5.88588, 59.24126], [5.88559, 59.24213], [5.88711, 59.24805], [5.88859, 59.25148], [5.88929, 59.25559], [5.88717, 59.25773], [5.8839, 59.26027], [5.88705, 59.25855], [5.88973, 59.25886], [5.89162, 59.25961], [5.89523, 59.26137], [5.89573, 59.26572], [5.8897, 59.28896], [5.88398, 59.31259], [5.88047, 59.33019], [5.87837, 59.33375], [5.87575, 59.33588], [5.86896, 59.33776], [5.86312, 59.34044], [5.8607, 59.34198], [5.85848, 59.34394], [5.85751, 59.34527], [5.85853, 59.34427], [5.8606, 59.34286], [5.86287, 59.34097], [5.86742, 59.33864], [5.87032, 59.33744], [5.87629, 59.33589], [5.87775, 59.33589], [5.87924, 59.33603], [5.88812, 59.33788], [5.8904, 59.33816], [5.91347, 59.34245], [5.92192, 59.34381], [5.93581, 59.3464], [5.94978, 59.3487], [5.95975, 59.35074], [5.96285, 59.35122], [5.96317, 59.35153], [5.96345, 59.35218], [5.9634, 59.35296], [5.96305, 59.35324], [5.96147, 59.35362], [5.96324, 59.35318], [5.96352, 59.35257], [5.96306, 59.34983], [5.96304, 59.3471], [5.96275, 59.34427], [5.96231, 59.34166], [5.96194, 59.34041], [5.9614, 59.33943], [5.96205, 59.33897], [5.96165, 59.3393], [5.96176, 59.33953], [5.96221, 59.33979], [5.96736, 59.34196], [5.96999, 59.34271], [5.97491, 59.34349], [5.97699, 59.34356], [5.9795, 59.34338], [5.98344, 59.34256], [5.9901, 59.34043], [5.99933, 59.33794], [6.00927, 59.33483], [6.01735, 59.33207], [6.02438, 59.3303], [6.02991, 59.32912], [6.03211, 59.3288], [6.03293, 59.32879], [6.0336, 59.32898], [6.03458, 59.32954], [6.03557, 59.33028], [6.03641, 59.33154], [6.0365, 59.33247], [6.03585, 59.33406], [6.03555, 59.33453], [6.03458, 59.33516], [6.03428, 59.33554]]]}, "properties": {"id": "no-ferry-1013507475", "country": "no", "name": "Ryfylkeferjen", "type": "liaison", "source": "NVDB", "updated": "2026-09-10", "route": "F519", "exploitation": "Helårssamband", "categorie": "Fylkesferjesamband", "autopass": null, "saison_du": null, "saison_au": null, "lien": null}}, {"type": "Feature", "geometry": {"type": "LineString", "coordinates": [[5.61349, 59.02367], [5.61447, 59.02429], [5.61589, 59.02583], [5.61559, 59.02653], [5.60782, 59.0313], [5.60206, 59.03457], [5.58493, 59.03984], [5.56074, 59.047], [5.55752, 59.04726], [5.47452, 59.04671], [5.45552, 59.04706], [5.44837, 59.04801], [5.43948, 59.04983], [5.42995, 59.05212], [5.42546, 59.05365], [5.41746, 59.05758]]}, "properties": {"id": "no-ferry-1013507960", "country": "no", "name": "Mekjarvik - Kvitsøy", "type": "liaison", "source": "NVDB", "updated": "2026-09-10", "route": "F521", "exploitation": "Helårssamband", "categorie": "Fylkesferjesamband", "autopass": null, "saison_du": null, "saison_au": null, "lien": null}}, {"type": "Feature", "geometry": {"type": "LineString", "coordinates": [[5.58845, 59.13735], [5.59035, 59.14052], [5.59032, 59.14096], [5.59008, 59.14133], [5.58909, 59.14181], [5.47354, 59.17068], [5.46807, 59.1719], [5.46479, 59.17227], [5.46278, 59.17232], [5.45972, 59.17216], [5.45585, 59.17131], [5.45357, 59.1706]]}, "properties": {"id": "no-ferry-1013508011", "country": "no", "name": "Mortavika - Arsvågen", "type": "liaison", "source": "NVDB", "updated": "2026-09-10", "route": "E39", "exploitation": "Helårssamband", "categorie": "Riksvegferjesamband", "autopass": null, "saison_du": null, "saison_au": null, "lien": null}}, {"type": "Feature", "geometry": {"type": "LineString", "coordinates": [[6.54771, 62.41016], [6.54428, 62.41077], [6.527, 62.41928], [6.49931, 62.43039], [6.49848, 62.43079], [6.49747, 62.43154], [6.49704, 62.43204], [6.49723, 62.43229]]}, "properties": {"id": "no-ferry-1013508408", "country": "no", "name": "Sykkylven-Magerholm", "type": "liaison", "source": "NVDB", "updated": "2026-09-10", "route": "F60", "exploitation": "Helårssamband", "categorie": "Fylkesferjesamband", "autopass": null, "saison_du": null, "saison_au": null, "lien": null}}, {"type": "Feature", "geometry": {"type": "LineString", "coordinates": [[6.16454, 62.395], [6.10956, 62.3844], [6.07947, 62.37966], [6.03087, 62.37008]]}, "properties": {"id": "no-ferry-1013508409", "country": "no", "name": "Hareid-Sulesund", "type": "liaison", "source": "NVDB", "updated": "2026-09-10", "route": "F61", "exploitation": "Helårssamband", "categorie": "Fylkesferjesamband", "autopass": null, "saison_du": null, "saison_au": null, "lien": null}}, {"type": "Feature", "geometry": {"type": "LineString", "coordinates": [[6.05524, 58.89427], [6.0568, 58.89435], [6.07048, 58.89618], [6.07488, 58.89739], [6.07963, 58.89914], [6.08446, 58.90145], [6.08644, 58.90165], [6.088, 58.90167], [6.0882, 58.90154], [6.08838, 58.9017], [6.0875, 58.91082], [6.0962, 58.92183], [6.09983, 58.92703], [6.1039, 58.93698], [6.1071, 58.94003], [6.11336, 58.94433], [6.12481, 58.95034], [6.13779, 58.95574], [6.15165, 58.96263], [6.16456, 58.96857], [6.18131, 58.97452], [6.19454, 58.98047], [6.22184, 58.99349], [6.23729, 58.99958], [6.24986, 59.004], [6.26202, 59.00862], [6.2655, 59.00964], [6.26847, 59.0104], [6.2804, 59.01088], [6.28744, 59.01135], [6.31034, 59.01338], [6.31554, 59.01403], [6.31959, 59.01472], [6.32262, 59.01534], [6.3238, 59.01574], [6.32373, 59.01603], [6.32316, 59.01627], [6.32655, 59.01502], [6.3339, 59.01358], [6.34013, 59.01273], [6.34771, 59.01217], [6.35498, 59.01226], [6.36399, 59.01271], [6.39562, 59.01589], [6.40928, 59.01782], [6.41287, 59.01806], [6.41688, 59.01817], [6.42212, 59.01758], [6.42398, 59.0171], [6.42519, 59.01572], [6.43137, 59.01524], [6.42974, 59.01584], [6.43001, 59.01616], [6.43809, 59.0183], [6.47092, 59.0254], [6.47711, 59.02734], [6.4848, 59.02906], [6.50387, 59.03241], [6.52233, 59.03484], [6.53764, 59.03736], [6.55787, 59.03994], [6.56603, 59.04077], [6.58659, 59.04491], [6.64539, 59.05464]]}, "properties": {"id": "no-ferry-1013508489", "country": "no", "name": "Lauvvik - Lysebotn", "type": "liaison", "source": "NVDB", "updated": "2026-09-10", "route": "F4224", "exploitation": "Helårssamband", "categorie": "Fylkesferjesamband", "autopass": null, "saison_du": null, "saison_au": null, "lien": null}}, {"type": "Feature", "geometry": {"type": "LineString", "coordinates": [[5.74015, 58.97219], [5.74049, 58.97271], [5.74163, 58.97312], [5.74731, 58.97397], [5.75651, 58.97615], [5.76556, 58.97874], [5.76801, 58.97963], [5.76902, 58.98017], [5.77118, 58.98158], [5.77558, 58.98511], [5.77654, 58.98668], [5.77674, 58.98756], [5.77677, 58.98901], [5.77626, 58.99262], [5.77583, 58.99447], [5.77613, 58.99579], [5.77649, 58.99624], [5.77882, 58.99776], [5.78042, 58.99824], [5.7826, 58.99839]]}, "properties": {"id": "no-ferry-1013509058", "country": "no", "name": "Stavanger - Vassøy", "type": "liaison", "source": "NVDB", "updated": "2026-09-10", "route": "F4568", "exploitation": "Helårssamband", "categorie": "Fylkesferjesamband", "autopass": null, "saison_du": null, "saison_au": null, "lien": null}}, {"type": "Feature", "geometry": {"type": "LineString", "coordinates": [[6.06313, 62.14465], [6.06385, 62.14394], [6.06386, 62.14363], [6.06354, 62.14336], [6.06276, 62.14312], [6.06022, 62.143], [6.05791, 62.1432], [6.05115, 62.14466], [6.04377, 62.14654], [6.02259, 62.15297], [6.01592, 62.1548], [6.00179, 62.15814], [5.99761, 62.15935], [5.98336, 62.16182], [5.96773, 62.16352], [5.95121, 62.16476], [5.9497, 62.16503], [5.94726, 62.16574], [5.94382, 62.16601], [5.943, 62.16579], [5.94254, 62.16546], [5.94257, 62.1646]]}, "properties": {"id": "no-ferry-1013509073", "country": "no", "name": "Volda-Lauvstad", "type": "liaison", "source": "NVDB", "updated": "2026-09-10", "route": "F652", "exploitation": "Helårssamband", "categorie": "Fylkesferjesamband", "autopass": null, "saison_du": null, "saison_au": null, "lien": null}}, {"type": "Feature", "geometry": {"type": "LineString", "coordinates": [[6.06313, 62.14465], [6.06401, 62.14398], [6.06408, 62.14368], [6.06367, 62.14315], [6.04903, 62.13415], [6.04225, 62.12967], [6.03937, 62.1275], [6.03387, 62.12263], [6.03323, 62.12126], [6.03321, 62.12001]]}, "properties": {"id": "no-ferry-1013509079", "country": "no", "name": "Volda-Folkestad", "type": "liaison", "source": "NVDB", "updated": "2026-09-10", "route": "R651", "exploitation": "Helårssamband", "categorie": "Riksvegferjesamband", "autopass": null, "saison_du": null, "saison_au": null, "lien": null}}, {"type": "Feature", "geometry": {"type": "LineString", "coordinates": [[7.16942, 62.73697], [7.16765, 62.73642], [7.16384, 62.73488], [7.15726, 62.73285], [7.15445, 62.73141], [7.15003, 62.72985], [7.14162, 62.72759], [7.11869, 62.72204], [7.11359, 62.72036], [7.11173, 62.71942], [7.11012, 62.71837], [7.10791, 62.71615], [7.10698, 62.71453], [7.10639, 62.71242], [7.10644, 62.71129], [7.10716, 62.70794], [7.10733, 62.69349], [7.10087, 62.67021], [7.09957, 62.66609], [7.09653, 62.66173], [7.08689, 62.6541], [7.08522, 62.65244], [7.08504, 62.65163]]}, "properties": {"id": "no-ferry-1013509080", "country": "no", "name": "Molde-Vestnes", "type": "liaison", "source": "NVDB", "updated": "2026-09-10", "route": "E39", "exploitation": "Helårssamband", "categorie": "Riksvegferjesamband", "autopass": null, "saison_du": null, "saison_au": null, "lien": null}}, {"type": "Feature", "geometry": {"type": "LineString", "coordinates": [[7.50486, 62.66375], [7.50562, 62.66435], [7.50584, 62.66472], [7.50578, 62.66503], [7.50542, 62.6653], [7.46782, 62.68408], [7.46629, 62.68469], [7.46449, 62.68478]]}, "properties": {"id": "no-ferry-1013509081", "country": "no", "name": "Åfarnes-Sølsnes", "type": "liaison", "source": "NVDB", "updated": "2026-09-10", "route": "F64", "exploitation": "Helårssamband", "categorie": "Fylkesferjesamband", "autopass": null, "saison_du": null, "saison_au": null, "lien": null}}, {"type": "Feature", "geometry": {"type": "LineString", "coordinates": [[6.97337, 62.77694], [6.97239, 62.77658], [6.96911, 62.77589], [6.96583, 62.77543], [6.96235, 62.77537], [6.92104, 62.7791], [6.91883, 62.77949], [6.91799, 62.77983], [6.91732, 62.78066]]}, "properties": {"id": "no-ferry-1013509082", "country": "no", "name": "Aukra-Hollingsholmen", "type": "liaison", "source": "NVDB", "updated": "2026-09-10", "route": "F662", "exploitation": "Helårssamband", "categorie": "Fylkesferjesamband", "autopass": null, "saison_du": null, "saison_au": null, "lien": null}}, {"type": "Feature", "geometry": {"type": "LineString", "coordinates": [[7.16776, 62.73693], [7.16653, 62.73673], [7.16633, 62.73656], [7.16664, 62.73586], [7.16752, 62.73524], [7.17112, 62.73396], [7.18046, 62.7314], [7.18441, 62.7298], [7.1863, 62.72863], [7.18762, 62.72722], [7.18839, 62.72592], [7.18888, 62.72457], [7.18887, 62.72284], [7.18842, 62.72146], [7.18793, 62.7207], [7.18719, 62.72024], [7.18338, 62.71886], [7.18077, 62.71744], [7.18019, 62.71661], [7.18033, 62.71628], [7.18121, 62.7154], [7.18199, 62.71416], [7.18271, 62.7125], [7.18432, 62.7103], [7.18441, 62.70972], [7.18421, 62.70855], [7.18302, 62.70629], [7.18306, 62.70586], [7.18336, 62.70541], [7.18418, 62.7049], [7.18633, 62.70422], [7.18961, 62.70379], [7.19907, 62.70344], [7.20464, 62.70344], [7.21387, 62.70267], [7.21783, 62.70218], [7.301, 62.67657], [7.30229, 62.67586], [7.30311, 62.67521]]}, "properties": {"id": "no-ferry-1013509083", "country": "no", "name": "Molde-Sekken", "type": "liaison", "source": "NVDB", "updated": "2026-09-10", "route": "F6240", "exploitation": "Helårssamband", "categorie": "Fylkesferjesamband", "autopass": null, "saison_du": null, "saison_au": null, "lien": null}}, {"type": "Feature", "geometry": {"type": "LineString", "coordinates": [[6.98612, 62.72881], [6.9842, 62.72902], [6.98221, 62.72898], [6.97902, 62.72834], [6.96988, 62.7255], [6.95926, 62.72283], [6.95013, 62.72026], [6.94284, 62.71917], [6.9388, 62.71916], [6.93749, 62.71942]]}, "properties": {"id": "no-ferry-1013509084", "country": "no", "name": "Solholmen-Mordalsvågen", "type": "liaison", "source": "NVDB", "updated": "2026-09-10", "route": "F668", "exploitation": "Helårssamband", "categorie": "Fylkesferjesamband", "autopass": null, "saison_du": null, "saison_au": null, "lien": null}}, {"type": "Feature", "geometry": {"type": "LineString", "coordinates": [[5.47472, 62.2152], [5.47641, 62.21511], [5.47755, 62.21485], [5.47869, 62.21432], [5.47973, 62.21353], [5.4803, 62.21295], [5.48079, 62.21093], [5.48077, 62.20965], [5.48204, 62.20726], [5.48384, 62.20553], [5.48513, 62.20469], [5.48843, 62.20345], [5.49507, 62.20196], [5.4959, 62.20165], [5.49784, 62.2005], [5.49813, 62.19996], [5.49801, 62.1991], [5.49779, 62.19875], [5.49685, 62.1983], [5.49572, 62.19837], [5.49662, 62.19818], [5.56495, 62.20423], [5.5666, 62.20442], [5.56834, 62.20484], [5.56925, 62.20526], [5.56955, 62.20565], [5.56942, 62.20636], [5.56884, 62.20697], [5.5693, 62.20634], [5.56945, 62.2059], [5.56938, 62.20553], [5.56829, 62.20488], [5.56657, 62.20446], [5.55978, 62.20383], [5.54305, 62.20329], [5.5242, 62.20334], [5.50992, 62.20388], [5.49514, 62.20465], [5.48722, 62.20557], [5.48338, 62.20663], [5.48213, 62.20727], [5.48087, 62.20965], [5.48089, 62.21094], [5.4804, 62.21296], [5.47877, 62.21435], [5.47761, 62.21488], [5.47645, 62.21515], [5.47501, 62.21524], [5.47472, 62.2152], [5.47597, 62.21495], [5.47722, 62.21437], [5.47815, 62.21358], [5.47862, 62.21257], [5.4783, 62.21129], [5.47702, 62.20927], [5.47615, 62.20866], [5.47359, 62.20723], [5.47083, 62.20613], [5.46568, 62.20468], [5.45975, 62.20329], [5.44637, 62.20087], [5.4325, 62.19895], [5.41976, 62.19781]]}, "properties": {"id": "no-ferry-1013509126", "country": "no", "name": "Larsnes-Åram-Voksa-Kvamsøya", "type": "liaison", "source": "NVDB", "updated": "2026-09-10", "route": "F5852", "exploitation": "Helårssamband", "categorie": "Fylkesferjesamband", "autopass": null, "saison_du": null, "saison_au": null, "lien": null}}, {"type": "Feature", "geometry": {"type": "LineString", "coordinates": [[8.53135, 62.88851], [8.53104, 62.88774], [8.53031, 62.88729], [8.4969, 62.88098], [8.48884, 62.8792], [8.48663, 62.879]]}, "properties": {"id": "no-ferry-1013509128", "country": "no", "name": "Kvanne-Rykkjem", "type": "liaison", "source": "NVDB", "updated": "2026-09-10", "route": "F670", "exploitation": "Helårssamband", "categorie": "Fylkesferjesamband", "autopass": null, "saison_du": null, "saison_au": null, "lien": null}}, {"type": "Feature", "geometry": {"type": "LineString", "coordinates": [[8.43536, 63.16547], [8.43468, 63.16254], [8.43676, 63.1386], [8.43682, 63.13711], [8.43656, 63.1367], [8.43615, 63.13653]]}, "properties": {"id": "no-ferry-1013509140", "country": "no", "name": "Arasvika-Hennset", "type": "liaison", "source": "NVDB", "updated": "2026-09-10", "route": "F682", "exploitation": "Helårssamband", "categorie": "Fylkesferjesamband", "autopass": "Nei", "saison_du": null, "saison_au": null, "lien": null}}, {"type": "Feature", "geometry": {"type": "LineString", "coordinates": [[7.86993, 63.11179], [7.87607, 63.11283], [7.88067, 63.11407], [7.8851, 63.11582], [7.89043, 63.11838], [7.89491, 63.1215], [7.89746, 63.12389], [7.90833, 63.1374], [7.91464, 63.14632], [7.91652, 63.14801], [7.92068, 63.1499], [7.92668, 63.15121], [7.93567, 63.15181], [7.94938, 63.15198], [7.9526, 63.15235], [7.95499, 63.15316]]}, "properties": {"id": "no-ferry-1013509149", "country": "no", "name": "Seivika-Tømmervåg", "type": "liaison", "source": "NVDB", "updated": "2026-09-10", "route": "F680", "exploitation": "Helårssamband", "categorie": "Fylkesferjesamband", "autopass": null, "saison_du": null, "saison_au": null, "lien": null}}, {"type": "Feature", "geometry": {"type": "LineString", "coordinates": [[8.13219, 63.23326], [8.13467, 63.235], [8.13594, 63.23633], [8.13812, 63.23919], [8.13965, 63.24195], [8.14289, 63.2523], [8.14217, 63.2686], [8.14321, 63.28282], [8.14157, 63.28473], [8.13923, 63.28588], [8.13712, 63.28637]]}, "properties": {"id": "no-ferry-1013509150", "country": "no", "name": "Edøya-Sandvika", "type": "liaison", "source": "NVDB", "updated": "2026-09-10", "route": "F669", "exploitation": "Helårssamband", "categorie": "Fylkesferjesamband", "autopass": null, "saison_du": null, "saison_au": null, "lien": null}}, {"type": "Feature", "geometry": {"type": "LineString", "coordinates": [[5.63436, 62.19141], [5.63631, 62.19111], [5.63815, 62.19056], [5.64241, 62.18825], [5.64473, 62.18626], [5.64595, 62.18478], [5.64739, 62.18234], [5.64837, 62.1792], [5.64863, 62.177], [5.64799, 62.17377], [5.64704, 62.1719], [5.6463, 62.17109], [5.64349, 62.16963]]}, "properties": {"id": "no-ferry-1013510823", "country": "no", "name": "Årvika-Koparneset", "type": "liaison", "source": "NVDB", "updated": "2026-09-10", "route": "F61", "exploitation": "Helårssamband", "categorie": "Fylkesferjesamband", "autopass": null, "saison_du": null, "saison_au": null, "lien": null}}, {"type": "Feature", "geometry": {"type": "LineString", "coordinates": [[8.22732, 63.06835], [8.22509, 63.06807], [8.17658, 63.05944], [8.12491, 63.0532]]}, "properties": {"id": "no-ferry-1013511096", "country": "no", "name": "Halsa-Kanestraum", "type": "liaison", "source": "NVDB", "updated": "2026-09-10", "route": "E39", "exploitation": "Helårssamband", "categorie": "Riksvegferjesamband", "autopass": null, "saison_du": null, "saison_au": null, "lien": null}}, {"type": "Feature", "geometry": {"type": "LineString", "coordinates": [[10.20145, 63.45109], [10.20331, 63.45192], [10.20347, 63.45232], [10.20334, 63.45258], [10.19876, 63.45568], [10.19541, 63.45849], [10.19334, 63.45987], [10.18417, 63.46716], [10.17765, 63.47212], [10.17476, 63.47411], [10.16367, 63.48269], [10.1504, 63.49228], [10.14569, 63.49608], [10.14465, 63.49715], [10.14368, 63.49938], [10.14257, 63.50083], [10.14253, 63.50329], [10.14218, 63.5046], [10.14152, 63.5062], [10.14038, 63.5078], [10.14049, 63.50876], [10.13952, 63.50921]]}, "properties": {"id": "no-ferry-1013511128", "country": "no", "name": "Flakk-Rørvik", "type": "liaison", "source": "NVDB", "updated": "2026-09-10", "route": "F715", "exploitation": "Helårssamband", "categorie": "Fylkesferjesamband", "autopass": "Ja", "saison_du": null, "saison_au": null, "lien": null}}, {"type": "Feature", "geometry": {"type": "LineString", "coordinates": [[6.44839, 62.60775], [6.44926, 62.60798], [6.44993, 62.60835], [6.4502, 62.6087], [6.4498, 62.6092], [6.44759, 62.6106], [6.44739, 62.61168], [6.44746, 62.61201], [6.44856, 62.61324], [6.45103, 62.61472], [6.45754, 62.61673], [6.52641, 62.63579], [6.52912, 62.63694], [6.52961, 62.63735], [6.52972, 62.6379], [6.52942, 62.63836], [6.52817, 62.63913], [6.52528, 62.63968], [6.52307, 62.63972]]}, "properties": {"id": "no-ferry-1013512962", "country": "no", "name": "Brattvåg-Dryna", "type": "liaison", "source": "NVDB", "updated": "2026-09-10", "route": "F659", "exploitation": "Helårssamband", "categorie": "Fylkesferjesamband", "autopass": null, "saison_du": null, "saison_au": null, "lien": null}}, {"type": "Feature", "geometry": {"type": "LineString", "coordinates": [[9.5775, 63.78071], [9.5782, 63.78212], [9.57762, 63.78279], [9.5768, 63.78329], [9.57121, 63.78482], [9.56501, 63.78582], [9.55887, 63.7864], [9.53883, 63.78757], [9.52814, 63.78836], [9.52272, 63.78893], [9.51303, 63.78953], [9.49467, 63.79126], [9.47871, 63.7925], [9.46711, 63.79367], [9.46146, 63.79405], [9.44993, 63.79523], [9.44004, 63.7959], [9.4342, 63.79647], [9.42746, 63.79604]]}, "properties": {"id": "no-ferry-1013513084", "country": "no", "name": "Dypfest-Tarva", "type": "liaison", "source": "NVDB", "updated": "2026-09-10", "route": "F6734", "exploitation": "Helårssamband", "categorie": "Fylkesferjesamband", "autopass": "Nei", "saison_du": null, "saison_au": null, "lien": null}}, {"type": "Feature", "geometry": {"type": "LineString", "coordinates": [[9.68789, 63.63875], [9.68791, 63.63962], [9.68673, 63.64363], [9.68398, 63.6578], [9.67654, 63.68611], [9.67573, 63.68647], [9.67263, 63.68649], [9.67026, 63.68729], [9.66948, 63.68777]]}, "properties": {"id": "no-ferry-1013513085", "country": "no", "name": "Brekstad-Valset", "type": "liaison", "source": "NVDB", "updated": "2026-09-10", "route": "F710", "exploitation": "Helårssamband", "categorie": "Fylkesferjesamband", "autopass": "Ja", "saison_du": null, "saison_au": null, "lien": null}}, {"type": "Feature", "geometry": {"type": "LineString", "coordinates": [[10.41036, 59.61585], [10.41283, 59.61258], [10.4129, 59.61271]]}, "properties": {"id": "no-ferry-1013513727", "country": "no", "name": "Svelvik - Verket", "type": "liaison", "source": "NVDB", "updated": "2026-09-10", "route": "F289", "exploitation": "Helårssamband", "categorie": "Fylkesferjesamband", "autopass": null, "saison_du": null, "saison_au": null, "lien": null}}, {"type": "Feature", "geometry": {"type": "LineString", "coordinates": [[11.29947, 63.74927], [11.29757, 63.75012], [11.29731, 63.75073], [11.29596, 63.75128], [11.2937, 63.75253], [11.29407, 63.75929], [11.29241, 63.76399], [11.28345, 63.76951], [11.24038, 63.77811], [11.19519, 63.78452], [11.17266, 63.79248], [11.16806, 63.79585], [11.16746, 63.79711], [11.16814, 63.79819]]}, "properties": {"id": "no-ferry-1013513728", "country": "no", "name": "Levanger-Hokstad", "type": "liaison", "source": "NVDB", "updated": "2026-09-10", "route": "F774", "exploitation": "Helårssamband", "categorie": "Fylkesferjesamband", "autopass": "Nei", "saison_du": null, "saison_au": null, "lien": null}}, {"type": "Feature", "geometry": {"type": "LineString", "coordinates": [[11.62344, 64.76827], [11.629, 64.77372], [11.63068, 64.77918], [11.63088, 64.78498], [11.62733, 64.79111], [11.62221, 64.79533], [11.62091, 64.80145], [11.6173, 64.80598], [11.61132, 64.80698], [11.60381, 64.80734], [11.59562, 64.80997], [11.59497, 64.81319], [11.60035, 64.8167], [11.61094, 64.81856], [11.61847, 64.81852], [11.6254, 64.81599], [11.6217, 64.82061], [11.61699, 64.82584], [11.61538, 64.82731], [11.61226, 64.82747], [11.61538, 64.82731], [11.61691, 64.82584], [11.61033, 64.82317], [11.60156, 64.81923], [11.59501, 64.81541], [11.59414, 64.81099], [11.60019, 64.80844], [11.6082, 64.8063], [11.61472, 64.8035], [11.61603, 64.79951], [11.61874, 64.79458], [11.62437, 64.79056], [11.62703, 64.7841], [11.62604, 64.77613], [11.62344, 64.76827]]}, "properties": {"id": "no-ferry-1013513881", "country": "no", "name": "Hofles-Geisnes-Lund", "type": "liaison", "source": "NVDB", "updated": "2026-09-10", "route": "F769", "exploitation": "Helårssamband", "categorie": "Fylkesferjesamband", "autopass": "Ja", "saison_du": null, "saison_au": null, "lien": null}}, {"type": "Feature", "geometry": {"type": "LineString", "coordinates": [[11.36021, 64.63656], [11.36021, 64.63624], [11.35994, 64.63593], [11.3584, 64.63579], [11.35692, 64.63597], [11.34829, 64.63779], [11.34583, 64.63749]]}, "properties": {"id": "no-ferry-1013513886", "country": "no", "name": "Ølhammeren-Seierstad", "type": "liaison", "source": "NVDB", "updated": "2026-09-10", "route": "F777", "exploitation": "Helårssamband", "categorie": "Fylkesferjesamband", "autopass": "Nei", "saison_du": null, "saison_au": null, "lien": null}}, {"type": "Feature", "geometry": {"type": "LineString", "coordinates": [[11.46409, 64.93226], [11.46393, 64.93206], [11.46421, 64.93189], [11.46567, 64.93185], [11.46655, 64.93208], [11.46683, 64.93235], [11.46586, 64.93336], [11.4661, 64.93382], [11.46712, 64.93455], [11.46747, 64.93585], [11.46711, 64.9363], [11.46647, 64.93666], [11.46633, 64.93713], [11.46558, 64.93795], [11.4623, 64.94043], [11.46074, 64.9422], [11.45883, 64.94343], [11.45611, 64.9444], [11.45231, 64.94509], [11.45036, 64.94517], [11.44879, 64.94501]]}, "properties": {"id": "no-ferry-1013513919", "country": "no", "name": "Eidshaug-Gjerdinga", "type": "liaison", "source": "NVDB", "updated": "2026-09-10", "route": "F7126", "exploitation": "Helårssamband", "categorie": "Fylkesferjesamband", "autopass": "Nei", "saison_du": null, "saison_au": null, "lien": null}}, {"type": "Feature", "geometry": {"type": "LineString", "coordinates": [[11.82878, 65.08439], [11.82944, 65.08472], [11.82901, 65.08494], [11.82779, 65.08505], [11.81652, 65.08369], [11.8062, 65.08319], [11.7879, 65.08432], [11.76714, 65.08604], [11.74308, 65.08768], [11.739, 65.08725], [11.73837, 65.08751], [11.7381, 65.08797]]}, "properties": {"id": "no-ferry-1013513920", "country": "no", "name": "Skei-Gutvik", "type": "liaison", "source": "NVDB", "updated": "2026-09-10", "route": "F771", "exploitation": "Helårssamband", "categorie": "Fylkesferjesamband", "autopass": "Nei", "saison_du": null, "saison_au": null, "lien": null}}, {"type": "Feature", "geometry": {"type": "LineString", "coordinates": [[10.99159, 64.95801], [10.99218, 64.95815], [10.98885, 64.95819], [10.98591, 64.95923], [10.98031, 64.96008], [10.94605, 64.963], [10.94382, 64.96307], [10.93657, 64.96286], [10.92983, 64.96256], [10.91755, 64.96169], [10.91619, 64.96177], [10.91436, 64.96238], [10.91384, 64.96285], [10.91376, 64.96335], [10.91459, 64.96401], [10.91921, 64.96562], [10.91943, 64.96599], [10.91918, 64.96659], [10.91876, 64.9668], [10.91753, 64.96689], [10.90967, 64.96633], [10.90901, 64.96646], [10.90919, 64.96711]]}, "properties": {"id": "no-ferry-1013513921", "country": "no", "name": "Borgan-Ramstadlandet", "type": "liaison", "source": "NVDB", "updated": "2026-09-10", "route": "F7094", "exploitation": "Helårssamband", "categorie": "Fylkesferjesamband", "autopass": "Nei", "saison_du": null, "saison_au": null, "lien": null}}, {"type": "Feature", "geometry": {"type": "MultiLineString", "coordinates": [[[6.47592, 62.21098], [6.48706, 62.21112], [6.49506, 62.21068], [6.49998, 62.20994], [6.50404, 62.20912], [6.51292, 62.20664], [6.51859, 62.20469], [6.52301, 62.20249], [6.52608, 62.20039], [6.52992, 62.19668], [6.53256, 62.1925], [6.53389, 62.18855], [6.53393, 62.18324], [6.53436, 62.17988], [6.53418, 62.17938], [6.53365, 62.17921]], [[6.47592, 62.21098], [6.49618, 62.21272], [6.50323, 62.21466], [6.50484, 62.21682], [6.5051, 62.21931], [6.48593, 62.23662], [6.47019, 62.25452], [6.45891, 62.26056], [6.42433, 62.26622], [6.42352, 62.26631], [6.42317, 62.26617], [6.42317, 62.26629], [6.42371, 62.26637], [6.43176, 62.26547], [6.47953, 62.26248], [6.50054, 62.26084], [6.49879, 62.26027], [6.49395, 62.25095], [6.50687, 62.21839], [6.50621, 62.21671], [6.50452, 62.21436], [6.49654, 62.21239], [6.48505, 62.21148], [6.47592, 62.21098]], [[6.12835, 62.49596], [6.13029, 62.49536], [6.13271, 62.49513], [6.13871, 62.49563], [6.14206, 62.49628], [6.14982, 62.49847], [6.18756, 62.51116], [6.19193, 62.51306], [6.19507, 62.51482], [6.19886, 62.51771], [6.20113, 62.52076], [6.20535, 62.52588], [6.20542, 62.52637], [6.20511, 62.52674], [6.20392, 62.52688]]]}, "properties": {"id": "no-ferry-1013514010", "country": "no", "name": "Standal-Trandal-Sæbø-Skår-Valderøya-Store Kalvøy", "type": "liaison", "source": "NVDB", "updated": "2026-09-10", "route": "F655", "exploitation": "Helårssamband", "categorie": "Fylkesferjesamband", "autopass": null, "saison_du": null, "saison_au": null, "lien": null}}, {"type": "Feature", "geometry": {"type": "LineString", "coordinates": [[6.53452, 62.20577], [6.53178, 62.20484], [6.52843, 62.20422], [6.52348, 62.20401], [6.52092, 62.20424], [6.51902, 62.20472], [6.51296, 62.20668], [6.50409, 62.20916], [6.50019, 62.20997], [6.49513, 62.21072], [6.48708, 62.21127], [6.47592, 62.21098]]}, "properties": {"id": "no-ferry-1013514014", "country": "no", "name": "Sæbø - Leknes", "type": "liaison", "source": "NVDB", "updated": "2026-09-10", "route": "F655", "exploitation": "Helårssamband", "categorie": "Fylkesferjesamband", "autopass": null, "saison_du": null, "saison_au": null, "lien": null}}, {"type": "Feature", "geometry": {"type": "LineString", "coordinates": [[6.57497, 62.82037], [6.57406, 62.8202], [6.5708, 62.82064], [6.56802, 62.82046], [6.56747, 62.8202], [6.56677, 62.81957], [6.56578, 62.81779], [6.56488, 62.81695], [6.5635, 62.81621], [6.56163, 62.81547], [6.54848, 62.81177], [6.54292, 62.81053], [6.53192, 62.80905], [6.51794, 62.80583], [6.51162, 62.80509], [6.50892, 62.80455], [6.50897, 62.80414], [6.50902, 62.80453], [6.51164, 62.80507], [6.51796, 62.80581], [6.53194, 62.80903], [6.53572, 62.80947], [6.53959, 62.80944], [6.5413, 62.80925], [6.54534, 62.80873], [6.54816, 62.80807], [6.56207, 62.80433], [6.58348, 62.79898], [6.60343, 62.79477], [6.61462, 62.79279], [6.62044, 62.79199], [6.6267, 62.79138], [6.64307, 62.78925], [6.64711, 62.78858], [6.65295, 62.78729], [6.65372, 62.78687], [6.65387, 62.78645], [6.65377, 62.78632], [6.65411, 62.78661], [6.65546, 62.78715], [6.65797, 62.78786], [6.67402, 62.79125], [6.70428, 62.80028], [6.7178, 62.80447], [6.71988, 62.8049], [6.72296, 62.80533], [6.72712, 62.80562], [6.73598, 62.80554], [6.74725, 62.80501], [6.75407, 62.80501], [6.76048, 62.8056], [6.76754, 62.80656], [6.764, 62.80623], [6.76046, 62.80562], [6.75406, 62.80503], [6.74726, 62.80503], [6.73598, 62.80556], [6.73107, 62.80564], [6.72712, 62.80564], [6.72294, 62.80535], [6.71777, 62.80448], [6.71163, 62.80258], [6.70103, 62.80314], [6.69659, 62.80375], [6.68888, 62.80533], [6.68505, 62.80665], [6.68248, 62.80777], [6.61684, 62.84159], [6.61424, 62.84266], [6.60696, 62.84527], [6.59895, 62.84758], [6.57907, 62.85141], [6.57064, 62.85346], [6.56613, 62.85507], [6.56285, 62.85688], [6.55866, 62.85961], [6.55404, 62.86314], [6.55062, 62.86403], [6.54677, 62.86437], [6.54591, 62.86431], [6.54461, 62.86385], [6.54592, 62.86429], [6.54695, 62.86434], [6.5506, 62.864], [6.55399, 62.86312], [6.55994, 62.85865], [6.56166, 62.85772], [6.56281, 62.85686], [6.56955, 62.85309], [6.57528, 62.85051], [6.57781, 62.84955], [6.58773, 62.84632], [6.58921, 62.84559], [6.59004, 62.84473], [6.59025, 62.84381], [6.59001, 62.84295], [6.58921, 62.84193], [6.58652, 62.83995], [6.58141, 62.83753], [6.57313, 62.83408], [6.56916, 62.83163], [6.56744, 62.82995], [6.56638, 62.82858], [6.56573, 62.82681], [6.56542, 62.82442], [6.56565, 62.82277], [6.56596, 62.82197], [6.56658, 62.82136], [6.5674, 62.8207], [6.56801, 62.82048], [6.5708, 62.82066], [6.57375, 62.82024], [6.57497, 62.82037], [6.57393, 62.82017], [6.57079, 62.82061], [6.56806, 62.82043], [6.56752, 62.82018], [6.56683, 62.81956], [6.56647, 62.81875], [6.56623, 62.81767], [6.56595, 62.81362], [6.56592, 62.8118], [6.56619, 62.8098], [6.56666, 62.80779], [6.56785, 62.80579], [6.56985, 62.80364], [6.57314, 62.8016], [6.5835, 62.799], [6.59724, 62.79608], [6.60345, 62.7948], [6.61464, 62.79282], [6.62046, 62.79201], [6.62672, 62.79141], [6.64309, 62.78928], [6.64713, 62.7886], [6.65299, 62.78732], [6.65378, 62.78688], [6.6539, 62.78644], [6.65377, 62.78632]]}, "properties": {"id": "no-ferry-1013514480", "country": "no", "name": "Småge-Orta-Finnøya-Sandøya-Ona", "type": "liaison", "source": "NVDB", "updated": "2026-09-10", "route": "F528", "exploitation": "Helårssamband", "categorie": "Fylkesferjesamband", "autopass": null, "saison_du": null, "saison_au": null, "lien": null}}, {"type": "Feature", "geometry": {"type": "LineString", "coordinates": [[13.55457, 66.83105], [13.55705, 66.83116], [13.56193, 66.83041], [13.5654, 66.82906], [13.56937, 66.82601], [13.57549, 66.82021], [13.57984, 66.81578], [13.58464, 66.81054], [13.58807, 66.80712], [13.58896, 66.80654], [13.58826, 66.80705], [13.59161, 66.80948], [13.59623, 66.81151], [13.619, 66.81885], [13.63474, 66.82306], [13.64734, 66.82621], [13.65589, 66.82866], [13.66435, 66.83176], [13.67427, 66.83567], [13.67937, 66.83798], [13.68392, 66.84169], [13.68668, 66.8454], [13.68946, 66.85017], [13.69088, 66.85388], [13.69365, 66.85795], [13.69868, 66.86324], [13.70399, 66.86749], [13.70151, 66.86577], [13.69637, 66.86595], [13.69269, 66.86805], [13.68733, 66.87238], [13.68126, 66.87384], [13.66832, 66.87312], [13.65387, 66.87131], [13.64041, 66.86801], [13.63226, 66.86536], [13.60677, 66.85205], [13.59059, 66.84311], [13.57329, 66.83687], [13.5568, 66.83119], [13.55457, 66.83105], [13.55603, 66.83109], [13.55822, 66.83077], [13.55799, 66.82958], [13.556, 66.82833], [13.55292, 66.827], [13.54734, 66.82544], [13.53277, 66.82292], [13.5004, 66.81692], [13.481, 66.81472], [13.4608, 66.81283], [13.42606, 66.80905], [13.34186, 66.80096], [13.30651, 66.80093], [13.28013, 66.8012], [13.25216, 66.80327], [13.24214, 66.80497], [13.23714, 66.8052], [13.23524, 66.80512]]}, "properties": {"id": "no-ferry-1013517648", "country": "no", "name": "Ørnes-Vassdalsvik-Meløysund-Bolga", "type": "liaison", "source": "NVDB", "updated": "2026-09-10", "route": "F7420", "exploitation": "Helårssamband", "categorie": "Fylkesferjesamband", "autopass": null, "saison_du": null, "saison_au": null, "lien": null}}, {"type": "Feature", "geometry": {"type": "LineString", "coordinates": [[18.03135, 69.60785], [18.0337, 69.6079], [18.03456, 69.60809], [18.03434, 69.6086], [18.03337, 69.60884], [18.03032, 69.60903], [18.01397, 69.60893], [18.0075, 69.60747], [17.98222, 69.59865], [17.97805, 69.59557], [17.97462, 69.58808], [17.96786, 69.56892], [17.96474, 69.55787], [17.95344, 69.53791], [17.9482, 69.53122], [17.93622, 69.52191], [17.91502, 69.5079], [17.91316, 69.50712], [17.91136, 69.50689], [17.90824, 69.50693]]}, "properties": {"id": "no-ferry-1013557358", "country": "no", "name": "Botnhamn - Brensholmen", "type": "liaison", "source": "NVDB", "updated": "2026-09-10", "route": "F862", "exploitation": "Helårssamband", "categorie": "Fylkesferjesamband", "autopass": null, "saison_du": null, "saison_au": null, "lien": null}}, {"type": "Feature", "geometry": {"type": "LineString", "coordinates": [[16.13353, 69.3268], [16.13909, 69.32742], [16.14133, 69.32745], [16.14353, 69.3273], [16.14479, 69.327], [16.14659, 69.32592], [16.14745, 69.32559], [16.14878, 69.32543], [16.17268, 69.32545], [16.45208, 69.33635], [16.98265, 69.35277], [16.99592, 69.35445], [16.99992, 69.35539], [17.0041, 69.35767], [17.01065, 69.36265], [17.0171, 69.36558], [17.02092, 69.36633], [17.03328, 69.36702], [17.0399, 69.36687], [17.04567, 69.36641], [17.05172, 69.36571], [17.05509, 69.36479], [17.05548, 69.36435], [17.05449, 69.36388], [17.05249, 69.36339]]}, "properties": {"id": "no-ferry-1013561790", "country": "no", "name": "Andenes - Gryllefjord", "type": "liaison", "source": "NVDB", "updated": "2026-09-10", "route": "F82", "exploitation": "Sommersamband", "categorie": "Fylkesferjesamband", "autopass": null, "saison_du": "05-18", "saison_au": "09-05", "lien": null}}, {"type": "Feature", "geometry": {"type": "LineString", "coordinates": [[8.68134, 63.79912], [8.68115, 63.80164], [8.67454, 63.80317], [8.63645, 63.80355], [8.63381, 63.8065], [8.65215, 63.81861], [8.68319, 63.87141], [8.67821, 63.87445], [8.66399, 63.8716], [8.66151, 63.86926], [8.6623, 63.86907], [8.66148, 63.86924], [8.65829, 63.86913], [8.63826, 63.86458], [8.61601, 63.86741], [8.60141, 63.87095], [8.56788, 63.86954], [8.53727, 63.8674], [8.51775, 63.86577], [8.50516, 63.85364], [8.5045, 63.85046], [8.50432, 63.85015], [8.50315, 63.84964], [8.50221, 63.84947], [8.50127, 63.84943], [8.50044, 63.84959]]}, "properties": {"id": "no-ferry-1015215994", "country": "no", "name": "Dyrøy-Øyrekken", "type": "liaison", "source": "NVDB", "updated": "2026-09-10", "route": "F6470", "exploitation": "Helårssamband", "categorie": "Fylkesferjesamband", "autopass": "Nei", "saison_du": null, "saison_au": null, "lien": null}}, {"type": "Feature", "geometry": {"type": "LineString", "coordinates": [[6.87014, 62.08738], [6.87171, 62.08776], [6.8751, 62.08908], [6.87935, 62.09003], [6.88532, 62.09183], [6.89053, 62.09366], [6.90491, 62.09926], [6.91921, 62.10407], [6.93026, 62.10656], [6.93554, 62.10731], [6.94013, 62.1077], [6.9443, 62.10772], [6.95095, 62.10707], [6.96843, 62.10385], [6.97814, 62.10182], [7.01818, 62.0922], [7.02272, 62.09117], [7.02642, 62.09053], [7.0294, 62.09015], [7.03179, 62.09004], [7.0437, 62.08987], [7.05146, 62.09018], [7.06285, 62.09136], [7.06827, 62.09223], [7.07394, 62.09336], [7.08349, 62.09582], [7.08852, 62.09762], [7.09257, 62.09977], [7.1035, 62.10605], [7.11343, 62.11239], [7.11827, 62.11487], [7.12454, 62.11668], [7.13103, 62.11756], [7.13631, 62.11779], [7.14351, 62.11757], [7.15124, 62.1171], [7.15777, 62.11646], [7.16295, 62.11565], [7.16805, 62.11456], [7.17363, 62.11302], [7.17972, 62.11109], [7.19117, 62.10655], [7.19513, 62.10467], [7.19715, 62.10424], [7.20099, 62.10404], [7.20203, 62.10387], [7.20285, 62.10355]]}, "properties": {"id": "no-ferry-1015604923", "country": "no", "name": "Geiranger - Hellesylt", "type": "liaison", "source": "NVDB", "updated": "2026-09-10", "route": "F60", "exploitation": "Sommersamband", "categorie": "Fylkesferjesamband", "autopass": null, "saison_du": null, "saison_au": null, "lien": null}}, {"type": "Feature", "geometry": {"type": "LineString", "coordinates": [[11.06399, 59.0169], [11.05482, 59.01877], [11.04367, 59.02402], [11.0371, 59.02424], [11.04331, 59.02373], [11.04676, 59.02212], [11.04836, 59.01941], [11.04855, 59.01827], [11.04914, 59.01696], [11.05391, 59.01126], [11.05739, 59.00556], [11.05813, 59.00394], [11.05826, 59.00232], [11.05721, 59.002], [11.0566, 59.002], [11.05717, 59.00195], [11.05832, 59.00217], [11.05864, 59.00239], [11.05863, 59.00336], [11.0579, 59.00587], [11.05705, 59.00694], [11.05483, 59.01045], [11.05373, 59.01277], [11.05413, 59.01344], [11.05692, 59.01605], [11.05865, 59.01674], [11.06071, 59.01717], [11.06399, 59.0169], [11.06229, 59.01764], [11.06484, 59.0198], [11.06604, 59.02056], [11.06995, 59.02169], [11.0735, 59.02228], [11.08472, 59.02281], [11.08753, 59.02356], [11.09428, 59.02603], [11.0952, 59.02616], [11.09456, 59.0279], [11.09473, 59.02812], [11.09579, 59.02694], [11.09759, 59.02543], [11.10003, 59.02428], [11.09985, 59.02409], [11.09999, 59.02401], [11.1001, 59.02429], [11.09998, 59.02452], [11.10033, 59.0251], [11.1004, 59.02567], [11.10119, 59.02629], [11.10456, 59.02653], [11.10723, 59.02722], [11.11013, 59.02893], [11.11232, 59.03144], [11.1132, 59.03338], [11.11374, 59.03588], [11.11342, 59.0381], [11.11217, 59.04185], [11.11223, 59.04252], [11.11289, 59.044], [11.11278, 59.04435], [11.11136, 59.04467]]}, "properties": {"id": "no-ferry-1015605000", "country": "no", "name": "Hvalerferja", "type": "liaison", "source": "NVDB", "updated": "2026-09-10", "route": "K1075", "exploitation": "Helårssamband", "categorie": "Fylkesferjesamband", "autopass": null, "saison_du": null, "saison_au": null, "lien": null}}, {"type": "Feature", "geometry": {"type": "LineString", "coordinates": [[8.48169, 59.17659], [8.4893, 59.178]]}, "properties": {"id": "no-ferry-1015605058", "country": "no", "name": "Fjone - Nissedal", "type": "liaison", "source": "NVDB", "updated": "2026-09-10", "route": "K4", "exploitation": "Helårssamband", "categorie": "Kommuneferjesamband", "autopass": null, "saison_du": null, "saison_au": null, "lien": null}}, {"type": "Feature", "geometry": {"type": "LineString", "coordinates": [[9.6973, 59.05117], [9.69811, 59.05112], [9.70475, 59.04921], [9.7175, 59.04455], [9.72913, 59.03812], [9.73697, 59.03402], [9.74093, 59.03221], [9.74249, 59.03164], [9.74442, 59.03132], [9.7465, 59.03132], [9.74748, 59.03145], [9.74825, 59.03176], [9.74566, 59.02974], [9.74489, 59.02867], [9.74474, 59.02753], [9.74501, 59.0263], [9.74556, 59.02516], [9.74667, 59.02375], [9.74845, 59.02269], [9.74943, 59.0224], [9.75185, 59.02215], [9.75403, 59.02234], [9.75622, 59.02358], [9.75814, 59.02495], [9.76187, 59.02601], [9.76293, 59.02678], [9.76476, 59.02988], [9.76613, 59.03112], [9.76642, 59.03226], [9.76632, 59.03279], [9.76598, 59.0333], [9.76459, 59.03455], [9.76208, 59.03639], [9.75991, 59.0375], [9.75393, 59.03987], [9.75079, 59.04094], [9.74723, 59.04183], [9.74376, 59.04226], [9.74098, 59.04236], [9.7332, 59.04218], [9.7298, 59.04264], [9.72871, 59.04288], [9.72813, 59.04322], [9.72768, 59.04358], [9.72719, 59.0443], [9.72703, 59.04518], [9.72716, 59.04545], [9.72896, 59.046], [9.72738, 59.04572], [9.72681, 59.04533], [9.72691, 59.0443], [9.72797, 59.04292], [9.73107, 59.04063], [9.74134, 59.03232], [9.74267, 59.03176], [9.74441, 59.03145], [9.74651, 59.03145], [9.74825, 59.03176]]}, "properties": {"id": "no-ferry-1015605719", "country": "no", "name": "Brevik - Bjørkøya", "type": "liaison", "source": "NVDB", "updated": "2026-09-10", "route": "K4700", "exploitation": "Helårssamband", "categorie": "Kommuneferjesamband", "autopass": null, "saison_du": null, "saison_au": null, "lien": null}}, {"type": "Feature", "geometry": {"type": "LineString", "coordinates": [[9.52119, 63.64498], [9.52132, 63.64528], [9.52192, 63.64561], [9.52193, 63.64593], [9.52169, 63.64626], [9.52097, 63.64659], [9.43637, 63.65897], [9.47933, 63.65119], [9.48351, 63.65013], [9.48496, 63.64935], [9.48577, 63.64816], [9.47895, 63.63754], [9.47744, 63.6364], [9.45931, 63.6168], [9.4504, 63.60838], [9.4355, 63.59298], [9.43338, 63.59141], [9.43124, 63.59025], [9.42922, 63.58947], [9.41951, 63.58876], [9.40009, 63.58772], [9.39939, 63.58759], [9.39924, 63.58733], [9.39956, 63.58756], [9.40035, 63.58772], [9.41913, 63.58858], [9.4433, 63.59018], [9.46206, 63.5892], [9.4849, 63.57862], [9.49439, 63.57601], [9.49669, 63.57592], [9.50239, 63.57613], [9.50433, 63.5767], [9.50736, 63.57839], [9.50841, 63.57924], [9.50963, 63.58082]]}, "properties": {"id": "no-ferry-1016273324", "country": "no", "name": "Garten-Storfosna-Leksa-Værnes", "type": "liaison", "source": "NVDB", "updated": "2026-09-10", "route": "F6402", "exploitation": "Helårssamband", "categorie": "Fylkesferjesamband", "autopass": "Nei", "saison_du": null, "saison_au": null, "lien": null}}, {"type": "Feature", "geometry": {"type": "MultiLineString", "coordinates": [[[9.23593, 58.72061], [9.23607, 58.72084], [9.23643, 58.72097], [9.2385, 58.72131], [9.23939, 58.72117], [9.24136, 58.72024], [9.24325, 58.72017], [9.24454, 58.72034], [9.24542, 58.7209], [9.24677, 58.72322], [9.24819, 58.7244]], [[9.24819, 58.7244], [9.25, 58.72701], [9.2517, 58.73103], [9.25328, 58.74183]], [[9.24819, 58.7244], [9.2517, 58.72617], [9.25935, 58.72892], [9.26084, 58.72965], [9.26152, 58.73027], [9.26194, 58.73037], [9.26149, 58.73058], [9.25566, 58.73708], [9.25408, 58.73958], [9.25328, 58.74183]], [[9.25328, 58.74183], [9.25407, 58.74567], [9.25449, 58.74679], [9.25508, 58.74773], [9.25672, 58.74893], [9.25786, 58.75047], [9.25889, 58.75111], [9.25946, 58.75115]]]}, "properties": {"id": "no-ferry-1016315608", "country": "no", "name": "Risør-Øysang", "type": "liaison", "source": "NVDB", "updated": "2026-09-10", "route": "P97540", "exploitation": "Helårssamband", "categorie": "Privat ferjesamband", "autopass": null, "saison_du": null, "saison_au": null, "lien": "http://www.oisangferga.no/"}}, {"type": "Feature", "geometry": {"type": "MultiLineString", "coordinates": [[[9.41605, 58.87039], [9.41688, 58.87054], [9.42585, 58.87525], [9.44, 58.88232], [9.44447, 58.88398], [9.44663, 58.88451], [9.44842, 58.88468], [9.45447, 58.8847], [9.45931, 58.88452], [9.46237, 58.88468], [9.46479, 58.88527], [9.46761, 58.8864], [9.4692, 58.88776], [9.47175, 58.89098], [9.4764, 58.89768], [9.47748, 58.89857], [9.48042, 58.90021], [9.4818, 58.90075], [9.48392, 58.90128], [9.48751, 58.9018], [9.48805, 58.90253]], [[9.51942, 58.8844], [9.51956, 58.8843], [9.5194, 58.88385], [9.51893, 58.88322], [9.51835, 58.88281], [9.50807, 58.87844], [9.50514, 58.87627], [9.50464, 58.87554], [9.50441, 58.87389], [9.5037, 58.87307], [9.50258, 58.8724], [9.49922, 58.87151], [9.49739, 58.87147], [9.49561, 58.87175], [9.48953, 58.8735], [9.48368, 58.87547], [9.47574, 58.87987], [9.46956, 58.8824], [9.46322, 58.88392], [9.45454, 58.88443], [9.44852, 58.88443], [9.44676, 58.88426], [9.44472, 58.88377], [9.44029, 58.88213], [9.41836, 58.87096], [9.41695, 58.87047], [9.41605, 58.87039]], [[9.41605, 58.87039], [9.41784, 58.87044], [9.43038, 58.87239], [9.43915, 58.8731], [9.43984, 58.87343], [9.43997, 58.87379]], [[9.41605, 58.87039], [9.4196, 58.86977], [9.42179, 58.86891], [9.42428, 58.86754], [9.43187, 58.86275], [9.43301, 58.86225], [9.44141, 58.86008], [9.43994, 58.86076], [9.4395, 58.8613], [9.43971, 58.86181], [9.44046, 58.86222], [9.44283, 58.86273], [9.45001, 58.86291], [9.4594, 58.8637], [9.46697, 58.86385], [9.47202, 58.86354], [9.47805, 58.86276], [9.47878, 58.86249], [9.47888, 58.86211], [9.47884, 58.8625], [9.47859, 58.86269], [9.47491, 58.86341], [9.47368, 58.86375], [9.47271, 58.86425], [9.4721, 58.86522], [9.47205, 58.86584], [9.47232, 58.8663], [9.4729, 58.86663], [9.47621, 58.86738], [9.48397, 58.86878], [9.49662, 58.8707], [9.49934, 58.87128], [9.50281, 58.87226], [9.50404, 58.87298], [9.50474, 58.87385], [9.50498, 58.87549], [9.50544, 58.87619], [9.50837, 58.87832], [9.51856, 58.88271], [9.51914, 58.88316], [9.51953, 58.88381], [9.51962, 58.88422], [9.51942, 58.8844]], [[9.51942, 58.8844], [9.51971, 58.88422], [9.51973, 58.88382], [9.51954, 58.88314], [9.51861, 58.88189], [9.51862, 58.88127], [9.51942, 58.87935], [9.5214, 58.877], [9.52521, 58.87428], [9.52779, 58.87324], [9.53227, 58.87267], [9.5375, 58.87034], [9.53858, 58.87001], [9.53958, 58.86983], [9.54053, 58.86987], [9.5478, 58.87117], [9.55375, 58.8719], [9.56627, 58.87257], [9.56848, 58.87245], [9.57266, 58.87189], [9.5824, 58.86864], [9.58328, 58.8679], [9.58382, 58.86716], [9.58374, 58.86648], [9.58284, 58.865], [9.5818, 58.86412], [9.57359, 58.8592], [9.58577, 58.86535], [9.58781, 58.86601], [9.58914, 58.8661], [9.58495, 58.86839], [9.5835, 58.86901], [9.57281, 58.87214], [9.56861, 58.87272], [9.56618, 58.87283], [9.55359, 58.87213], [9.54937, 58.87169], [9.5405, 58.87013], [9.53896, 58.87017], [9.53799, 58.87045], [9.53261, 58.87283], [9.52822, 58.8734], [9.52566, 58.87438], [9.52191, 58.87709], [9.51991, 58.87934], [9.51908, 58.88125], [9.51907, 58.88184], [9.51987, 58.88312], [9.51995, 58.88378], [9.51982, 58.88423], [9.51942, 58.8844]]]}, "properties": {"id": "no-ferry-1017101768", "country": "no", "name": "Kragerø - Gumøy - Jomfruland", "type": "liaison", "source": "NVDB", "updated": "2026-09-10", "route": "K1400", "exploitation": "Helårssamband", "categorie": "Kommuneferjesamband", "autopass": null, "saison_du": null, "saison_au": null, "lien": null}}, {"type": "Feature", "geometry": {"type": "LineString", "coordinates": [[9.40534, 58.85085], [9.40688, 58.85162], [9.41397, 58.85679], [9.41507, 58.85797], [9.41514, 58.85848], [9.41482, 58.85887], [9.41417, 58.85913], [9.41292, 58.85932], [9.40048, 58.85882], [9.39938, 58.85853], [9.39933, 58.85829], [9.39948, 58.85812], [9.39925, 58.8584], [9.3994, 58.85861], [9.40198, 58.85906], [9.41065, 58.85962], [9.41348, 58.85996], [9.41618, 58.86061], [9.41891, 58.86174], [9.42143, 58.86331], [9.42359, 58.86507], [9.42439, 58.86592], [9.42448, 58.86637], [9.42434, 58.86688], [9.4239, 58.8674], [9.42284, 58.86809], [9.41941, 58.86964], [9.41605, 58.87039], [9.4196, 58.86977], [9.42179, 58.86891], [9.42428, 58.86754], [9.43187, 58.86275], [9.43301, 58.86225], [9.44141, 58.86008], [9.4385, 58.86067], [9.43693, 58.86079], [9.43404, 58.86066], [9.42819, 58.85997], [9.42324, 58.85887], [9.42026, 58.85793], [9.41752, 58.85686], [9.40701, 58.85152], [9.40534, 58.85085]]}, "properties": {"id": "no-ferry-1017101769", "country": "no", "name": "Kragerø - Tåtøy - Stabbestad", "type": "liaison", "source": "NVDB", "updated": "2026-09-10", "route": "K1400", "exploitation": "Helårssamband", "categorie": "Fylkesferjesamband", "autopass": null, "saison_du": null, "saison_au": null, "lien": null}}, {"type": "Feature", "geometry": {"type": "MultiLineString", "coordinates": [[[5.90055, 59.13731], [5.89755, 59.13777], [5.89666, 59.13826], [5.89618, 59.13888], [5.89422, 59.14206], [5.89192, 59.14646], [5.88811, 59.15491], [5.8828, 59.16611], [5.88122, 59.16851], [5.87962, 59.17041], [5.87746, 59.17013], [5.87905, 59.17039], [5.87996, 59.17139], [5.88515, 59.17334], [5.88795, 59.17501], [5.88992, 59.17651], [5.90727, 59.19377], [5.91378, 59.20059], [5.91982, 59.20604], [5.92074, 59.20652], [5.92207, 59.20684], [5.92391, 59.20667], [5.92523, 59.20612], [5.92537, 59.20587], [5.9252, 59.20518], [5.92532, 59.20468], [5.92526, 59.20518], [5.92594, 59.20614], [5.92606, 59.20666], [5.92609, 59.20993], [5.92661, 59.21473], [5.92678, 59.21951], [5.92762, 59.22426], [5.92803, 59.22891], [5.929, 59.22971], [5.93035, 59.23039], [5.93369, 59.23142], [5.93602, 59.23248], [5.93731, 59.23361], [5.93845, 59.23506], [5.93688, 59.23336], [5.93238, 59.23124], [5.93033, 59.23061], [5.92326, 59.22963], [5.91527, 59.23072], [5.90735, 59.23836], [5.90055, 59.24295], [5.89694, 59.24326], [5.8892, 59.24256], [5.88617, 59.24186], [5.88602, 59.24132], [5.88644, 59.24104]], [[5.85411, 59.22864], [5.85731, 59.22953]], [[5.85731, 59.22954], [5.85832, 59.23011], [5.8605, 59.23191], [5.86819, 59.23527], [5.87873, 59.24077], [5.87996, 59.24107], [5.88178, 59.24122], [5.88644, 59.24103]]]}, "properties": {"id": "no-ferry-1017311852", "country": "no", "name": "Finnøyferjen", "type": "liaison", "source": "NVDB", "updated": "2026-09-10", "route": "F519", "exploitation": "Helårssamband", "categorie": "Fylkesferjesamband", "autopass": null, "saison_du": null, "saison_au": null, "lien": null}}, {"type": "Feature", "geometry": {"type": "LineString", "coordinates": [[5.61519, 59.67851], [5.61794, 59.6818], [5.62494, 59.68377], [5.63534, 59.68502], [5.64866, 59.68614], [5.66066, 59.68678], [5.67587, 59.68804], [5.68736, 59.68918], [5.69768, 59.69045], [5.70709, 59.69188], [5.71637, 59.69402], [5.72469, 59.69632], [5.7314, 59.69911], [5.73362, 59.70139], [5.73328, 59.70505], [5.73225, 59.70826], [5.73088, 59.71146], [5.72545, 59.72004], [5.72545, 59.72478], [5.73782, 59.73354], [5.72569, 59.73008], [5.72042, 59.72877], [5.71645, 59.72862], [5.71403, 59.72886], [5.71062, 59.73092], [5.7089, 59.73289], [5.7068, 59.73624], [5.70799, 59.73819], [5.70534, 59.73681], [5.70435, 59.73555], [5.70226, 59.7343], [5.69517, 59.73101]]}, "properties": {"id": "no-ferry-1017329321", "country": "no", "name": "Fjelberg-Sydnes-Utbjoa", "type": "liaison", "source": "NVDB", "updated": "2026-09-10", "route": "F543", "exploitation": "Helårssamband", "categorie": "Fylkesferjesamband", "autopass": null, "saison_du": null, "saison_au": null, "lien": null}}, {"type": "Feature", "geometry": {"type": "LineString", "coordinates": [[12.85288, 65.97149], [12.8514, 65.97238], [12.85426, 65.97467], [12.85788, 65.97588], [12.86284, 65.97649], [12.8673, 65.97653], [12.87095, 65.9762], [12.87392, 65.97528], [12.87821, 65.97367], [12.88314, 65.97157], [12.88696, 65.96925], [12.89264, 65.96621], [12.90139, 65.96283], [12.94501, 65.94338], [12.95656, 65.93575], [12.96102, 65.92947], [12.96015, 65.92554], [12.95987, 65.92517], [12.96038, 65.9257], [12.9607, 65.92649], [12.96197, 65.92769], [12.96622, 65.92914], [12.97188, 65.92997], [12.98096, 65.93081], [12.99075, 65.93111], [13.01328, 65.92975], [13.02933, 65.92817], [13.04613, 65.92418], [13.05871, 65.91798], [13.06624, 65.91245], [13.07284, 65.90733], [13.0829, 65.9006], [13.091, 65.89456], [13.09613, 65.8878], [13.09902, 65.89028], [13.10757, 65.89417], [13.11537, 65.89664], [13.12133, 65.89821], [13.12806, 65.89862], [13.13284, 65.89608], [13.13653, 65.89171], [13.14016, 65.88833], [13.14298, 65.88482], [13.14695, 65.88111], [13.1587, 65.87212], [13.16736, 65.8669], [13.17909, 65.85917], [13.18419, 65.85478], [13.19108, 65.85032], [13.18465, 65.85497], [13.17946, 65.85937], [13.16001, 65.87193], [13.14766, 65.88112], [13.14335, 65.88506], [13.13565, 65.89522], [13.12829, 65.89978], [13.07846, 65.91562], [13.04759, 65.9249], [13.02818, 65.92922], [13.00601, 65.93108], [12.99214, 65.93192], [12.97897, 65.93181], [12.96945, 65.9306], [12.96549, 65.92941], [12.96176, 65.92782], [12.96097, 65.92725], [12.96032, 65.92568], [12.95987, 65.92517]]}, "properties": {"id": "no-ferry-1017382337", "country": "no", "name": "Mosjøen-Hundåla", "type": "liaison", "source": "NVDB", "updated": "2026-09-10", "route": "F7272", "exploitation": "Helårssamband", "categorie": "Fylkesferjesamband", "autopass": null, "saison_du": null, "saison_au": null, "lien": null}}, {"type": "Feature", "geometry": {"type": "LineString", "coordinates": [[9.6973, 59.05117], [9.69814, 59.05119], [9.72744, 59.04599], [9.72896, 59.046]]}, "properties": {"id": "no-ferry-1017528309", "country": "no", "name": "Brevik - Sandøya", "type": "liaison", "source": "NVDB", "updated": "2026-09-10", "route": "F3348", "exploitation": "Helårssamband", "categorie": "Fylkesferjesamband", "autopass": null, "saison_du": null, "saison_au": null, "lien": null}}, {"type": "Feature", "geometry": {"type": "LineString", "coordinates": [[6.32853, 62.41372], [6.33091, 62.40204], [6.33242, 62.39096], [6.33339, 62.37509], [6.33307, 62.37482], [6.33194, 62.37483]]}, "properties": {"id": "no-ferry-1018095511", "country": "no", "name": "Festøya-Solavågen", "type": "liaison", "source": "NVDB", "updated": "2026-09-10", "route": "E39", "exploitation": "Helårssamband", "categorie": "Riksvegferjesamband", "autopass": null, "saison_du": null, "saison_au": null, "lien": null}}, {"type": "Feature", "geometry": {"type": "LineString", "coordinates": [[6.4242, 62.37165], [6.42255, 62.37233], [6.42092, 62.37256], [6.35075, 62.37467], [6.33281, 62.37579], [6.33119, 62.37566], [6.33098, 62.37538], [6.33139, 62.37515]]}, "properties": {"id": "no-ferry-1018095513", "country": "no", "name": "Festøya-Hundeidvika", "type": "liaison", "source": "NVDB", "updated": "2026-09-10", "route": "F5914", "exploitation": "Helårssamband", "categorie": "Fylkesferjesamband", "autopass": null, "saison_du": null, "saison_au": null, "lien": null}}, {"type": "Feature", "geometry": {"type": "LineString", "coordinates": [[5.74036, 58.97198], [5.74152, 58.97317], [5.74723, 58.97404], [5.75254, 58.97528], [5.76263, 58.98096], [5.76228, 58.98415], [5.76061, 58.98541], [5.75433, 58.98729], [5.75244, 58.98689], [5.75438, 58.98735], [5.75785, 58.98649], [5.76091, 58.9855], [5.76251, 58.98423], [5.7657, 58.98335], [5.77124, 58.98342], [5.77399, 58.98504], [5.77476, 58.9955], [5.77734, 59.00029], [5.77327, 59.00276], [5.77252, 59.00285], [5.77533, 59.00278], [5.78121, 59.00321], [5.78497, 59.00457], [5.78729, 59.00612], [5.79163, 59.00704], [5.79526, 59.00594], [5.80518, 58.9921], [5.80698, 58.99211], [5.80431, 58.99203], [5.80379, 58.99186], [5.80075, 58.9893], [5.80222, 58.98579], [5.80765, 58.98457], [5.81146, 58.98455], [5.81433, 58.98551], [5.81714, 58.9856], [5.81836, 58.98484], [5.81757, 58.98432], [5.8216, 58.9851], [5.82006, 58.98341], [5.82247, 58.9798], [5.82569, 58.97802], [5.82512, 58.97682], [5.82634, 58.97632], [5.82727, 58.9765], [5.82739, 58.97666], [5.82587, 58.97491], [5.82715, 58.97284], [5.82909, 58.97208], [5.83413, 58.96953], [5.84379, 58.96913], [5.84784, 58.96806], [5.85088, 58.96614], [5.84807, 58.96321], [5.84413, 58.96155], [5.84899, 58.96237], [5.85287, 58.96283], [5.85716, 58.96192], [5.86238, 58.95942], [5.86438, 58.95934], [5.85496, 58.95763], [5.85101, 58.95611], [5.85014, 58.95503], [5.85187, 58.95361], [5.85057, 58.95373], [5.84894, 58.95364], [5.84536, 58.95101], [5.84357, 58.94762], [5.84408, 58.9437], [5.84366, 58.9427], [5.84247, 58.94195], [5.83611, 58.94101], [5.85014, 58.93957], [5.84588, 58.93731], [5.84773, 58.93372], [5.84849, 58.93121], [5.84814, 58.93035]]}, "properties": {"id": "no-ferry-1019037296", "country": "no", "name": "Stavanger - Hommersåk", "type": "liaison", "source": "NVDB", "updated": "2026-09-10", "route": "F519", "exploitation": "Helårssamband", "categorie": "Fylkesferjesamband", "autopass": null, "saison_du": null, "saison_au": null, "lien": null}}, {"type": "Feature", "geometry": {"type": "LineString", "coordinates": [[20.84537, 70.0318], [20.85031, 70.03204], [20.85106, 70.0322], [20.85143, 70.03265], [20.8509, 70.03319], [20.81364, 70.05937], [20.80274, 70.06916], [20.79945, 70.07136], [20.79665, 70.07284], [20.7786, 70.0786], [20.77656, 70.07889], [20.79505, 70.07668], [20.81248, 70.07339], [20.81395, 70.07327], [20.8154, 70.07343], [20.81528, 70.0742], [20.81556, 70.07339], [20.81533, 70.07288], [20.81797, 70.06858], [20.83003, 70.05295], [20.85203, 70.03272], [20.85191, 70.03236], [20.85127, 70.03199], [20.84537, 70.0318]]}, "properties": {"id": "no-ferry-1019173196", "country": "no", "name": "Storstein - Nikkeby - Lauksundskaret", "type": "liaison", "source": "NVDB", "updated": "2026-09-10", "route": "F7944", "exploitation": "Helårssamband", "categorie": "Fylkesferjesamband", "autopass": null, "saison_du": null, "saison_au": null, "lien": null}}, {"type": "Feature", "geometry": {"type": "MultiLineString", "coordinates": [[[13.00799, 66.51181], [13.00327, 66.51096], [12.99395, 66.50667], [12.9813, 66.49581], [12.96633, 66.48729], [12.96836, 66.48888], [12.97191, 66.49413], [12.96618, 66.49963], [12.95119, 66.50511], [12.93595, 66.51361], [12.92416, 66.52822], [12.87824, 66.56769], [12.86819, 66.56911], [12.85901, 66.5692], [12.85271, 66.5686], [12.84905, 66.56768], [12.84305, 66.56383], [12.8409, 66.56224], [12.83866, 66.55926]], [[13.00799, 66.51181], [12.99528, 66.5107], [12.98447, 66.51204], [12.97721, 66.51355], [12.97156, 66.51532], [12.96323, 66.519], [12.95912, 66.52198], [12.95513, 66.52559], [12.94795, 66.5304], [12.93913, 66.53958], [12.93351, 66.54593], [12.92537, 66.55191], [12.91597, 66.55769], [12.9025, 66.56222], [12.89346, 66.56583], [12.8839, 66.56868], [12.87384, 66.56953], [12.86699, 66.56944], [12.85825, 66.56957], [12.85019, 66.56871], [12.8448, 66.56615], [12.84038, 66.56287], [12.83866, 66.55926]], [[13.28556, 66.62432], [13.28349, 66.62417], [13.27591, 66.62544], [13.26989, 66.62595], [13.26167, 66.62632], [13.22855, 66.62498], [13.20681, 66.62635], [13.18495, 66.62936], [13.13921, 66.63811], [13.12502, 66.64028], [13.0978, 66.64413], [13.08162, 66.64803], [13.07658, 66.65068], [13.07449, 66.65348], [13.07486, 66.65521], [13.07442, 66.65572], [13.07479, 66.65521], [13.07253, 66.65282], [13.06877, 66.6503], [13.06035, 66.64801], [13.03804, 66.64579], [13.02596, 66.64517], [13.02061, 66.6439], [13.01354, 66.6414], [12.99894, 66.63399], [12.99388, 66.6291], [12.99055, 66.6252], [12.98703, 66.62037], [12.98747, 66.61891], [12.9893, 66.6169], [12.99118, 66.61577], [12.99175, 66.61519], [12.99184, 66.61462], [12.99154, 66.61428], [12.99177, 66.61462], [12.99163, 66.61469], [12.98761, 66.61459], [12.98479, 66.6138], [12.98234, 66.61266], [12.98138, 66.61161], [12.98038, 66.60097], [12.98036, 66.59353], [12.97958, 66.58781], [12.97941, 66.58234], [12.97963, 66.58067], [12.98108, 66.58007], [12.98106, 66.57944], [12.98096, 66.58006], [12.97992, 66.58028], [12.97913, 66.58021], [12.97868, 66.57969], [12.97674, 66.57685], [12.97631, 66.57436], [12.97473, 66.57087], [12.97248, 66.56762], [12.9607, 66.55952], [12.95893, 66.55493], [12.95556, 66.54923], [12.95588, 66.54067], [12.95782, 66.53565], [12.96274, 66.52715], [12.97508, 66.51677], [12.99645, 66.5116], [13.0014, 66.51141], [13.00799, 66.51181]], [[12.83866, 66.55926], [12.83531, 66.56082], [12.83089, 66.56125], [12.8266, 66.5607], [12.81915, 66.56034], [12.81038, 66.56071], [12.79211, 66.56294], [12.77503, 66.56568], [12.76097, 66.56945], [12.7365, 66.57804], [12.72427, 66.58208], [12.69832, 66.59287], [12.69179, 66.596], [12.683, 66.59662], [12.67618, 66.59601], [12.66881, 66.59492], [12.65909, 66.59452]]]}, "properties": {"id": "no-ferry-1019225637", "country": "no", "name": "Rødøyene - Jektvik", "type": "liaison", "source": "NVDB", "updated": "2026-09-10", "route": "F7394", "exploitation": "Helårssamband", "categorie": "Fylkesferjesamband", "autopass": null, "saison_du": null, "saison_au": null, "lien": null}}, {"type": "Feature", "geometry": {"type": "LineString", "coordinates": [[9.52119, 63.64498], [9.52137, 63.64537], [9.52186, 63.64563], [9.52188, 63.64593], [9.52164, 63.64625], [9.52095, 63.64656], [9.44145, 63.65812], [9.43637, 63.65897]]}, "properties": {"id": "no-ferry-1021411757", "country": "no", "name": "Garten - Storfosna", "type": "liaison", "source": "NVDB", "updated": "2026-09-10", "route": "F6402", "exploitation": "Helårssamband", "categorie": "Fylkesferjesamband", "autopass": "Nei", "saison_du": null, "saison_au": null, "lien": null}}, {"type": "Feature", "geometry": {"type": "LineString", "coordinates": [[24.67623, 70.99467], [24.67614, 70.99381], [24.67449, 70.99337], [24.67268, 70.99328], [24.66416, 70.99343], [24.64914, 70.99417], [24.64254, 70.99434], [24.63422, 70.99413], [24.61508, 70.99267], [24.57572, 70.99038], [24.49528, 70.99033], [24.38333, 70.99185], [24.30919, 70.99163], [24.24979, 70.99117], [24.18356, 70.98955], [24.16132, 70.99054], [24.14402, 70.99202], [24.13185, 70.99362], [24.12961, 70.99332], [24.12893, 70.99209], [24.12938, 70.99326], [24.12999, 70.99383], [24.13319, 70.99394], [24.13903, 70.99331], [24.14323, 70.99261], [24.17912, 70.99025], [24.1952, 70.99076], [24.22058, 70.99228], [24.23652, 70.99673], [24.23722, 71.0694], [24.23099, 71.07972], [24.22101, 71.08481], [24.20619, 71.08875], [24.17293, 71.09384], [24.13676, 71.0976], [24.10117, 71.09722], [24.06312, 71.09642], [24.05517, 71.09591], [24.05133, 71.09446], [24.04954, 71.09278], [24.05595, 71.09079], [24.06192, 71.08922], [24.06666, 71.08665], [24.06614, 71.08418], [24.06331, 71.08377], [24.06235, 71.0843], [24.06344, 71.0839], [24.06558, 71.08433], [24.06571, 71.08668], [24.0623, 71.0883], [24.05936, 71.08943], [24.05374, 71.09094], [24.04817, 71.09272], [24.05013, 71.09456], [24.05391, 71.09601], [24.06246, 71.09676], [24.07334, 71.09719], [24.13757, 71.09818], [24.17641, 71.09424], [24.24424, 71.08362], [24.30554, 71.06154], [24.3724, 71.04069], [24.53364, 71.00311], [24.57347, 70.99605], [24.59341, 70.99302], [24.6019, 70.99215], [24.61461, 70.99281], [24.63266, 70.99415], [24.64344, 70.99445], [24.66414, 70.99348], [24.67206, 70.99336], [24.67438, 70.9934], [24.67543, 70.99363], [24.67602, 70.99382], [24.67623, 70.99467], [24.67638, 70.99378], [24.70047, 70.99332], [24.73303, 70.9941], [24.78971, 70.99697], [24.84961, 70.99604], [24.95485, 70.99066], [24.99384, 70.99152], [25.01554, 70.9946], [25.02311, 70.99696], [25.0298, 71.002], [25.02835, 71.00506], [25.01975, 71.00674], [25.01701, 71.00684], [25.01583, 71.00635], [25.01512, 71.00545]]}, "properties": {"id": "no-ferry-1022125509", "country": "no", "name": "Gunnarnes-Havøysund", "type": "liaison", "source": "NVDB", "updated": "2026-09-10", "route": "F8040", "exploitation": "Helårssamband", "categorie": "Fylkesferjesamband", "autopass": null, "saison_du": null, "saison_au": null, "lien": null}}, {"type": "Feature", "geometry": {"type": "LineString", "coordinates": [[23.32862, 69.97682], [23.32629, 69.97753], [23.32469, 69.97888], [23.3257, 69.98639], [23.32545, 69.99514], [23.32391, 70.00174], [23.31838, 70.00779], [23.29555, 70.01891], [23.2204, 70.04174], [23.16001, 70.05813], [23.12355, 70.07402], [23.11134, 70.08284], [23.11162, 70.08852], [23.11736, 70.09362], [23.15598, 70.10248], [23.19933, 70.10923], [23.24188, 70.11479], [23.28547, 70.11933], [23.31267, 70.12657], [23.32061, 70.13385], [23.3097, 70.14044], [23.28528, 70.14354], [23.27753, 70.14353], [23.27448, 70.14302], [23.27394, 70.14305], [23.27283, 70.1435], [23.27399, 70.14307], [23.27459, 70.14306], [23.27532, 70.14314], [23.27675, 70.14363], [23.2777, 70.1442], [23.27913, 70.14591], [23.27595, 70.15086], [23.26984, 70.15481], [23.2419, 70.16669], [23.21676, 70.18086], [23.18492, 70.19961], [23.17068, 70.21122], [23.16905, 70.21592], [23.17395, 70.21776], [23.18203, 70.21811], [23.18785, 70.21791], [23.19306, 70.2169], [23.19318, 70.21599], [23.19199, 70.21542], [23.19437, 70.21628], [23.19454, 70.21755], [23.194, 70.2185], [23.18788, 70.22446], [23.1732, 70.23509], [23.0997, 70.2654], [23.04696, 70.29], [23.0278, 70.30398], [23.01439, 70.31884], [23.01467, 70.3261], [23.02477, 70.33206], [23.05247, 70.3326], [23.0539, 70.33242], [23.0557, 70.33188], [23.05391, 70.33256], [23.0519, 70.33299], [23.03573, 70.33364], [23.01609, 70.33273], [22.99561, 70.33287], [22.97076, 70.33397], [22.94821, 70.33474], [22.93035, 70.33244], [22.9016, 70.32706], [22.88568, 70.32123], [22.87619, 70.31902], [22.87499, 70.31887], [22.87405, 70.31907]]}, "properties": {"id": "no-ferry-1022126200", "country": "no", "name": "Alta-Kongshus-Altnes", "type": "liaison", "source": "NVDB", "updated": "2026-09-10", "route": "F8001", "exploitation": "Helårssamband", "categorie": "Fylkesferjesamband", "autopass": null, "saison_du": null, "saison_au": null, "lien": null}}, {"type": "Feature", "geometry": {"type": "LineString", "coordinates": [[23.62271, 70.60138], [23.62867, 70.60283], [23.63327, 70.60365], [23.63778, 70.60382], [23.64093, 70.60278], [23.64237, 70.60136], [23.64313, 70.59993], [23.64213, 70.59897], [23.63559, 70.59611], [23.61182, 70.58693], [23.58056, 70.57722], [23.57454, 70.57561], [23.57269, 70.57529]]}, "properties": {"id": "no-ferry-1026111145", "country": "no", "name": "Klokkarøya-Kjerringholmen", "type": "liaison", "source": "NVDB", "updated": "2026-09-10", "route": "F8026", "exploitation": "Helårssamband", "categorie": "Fylkesferjesamband", "autopass": null, "saison_du": null, "saison_au": null, "lien": null}}, {"type": "Feature", "geometry": {"type": "Point", "coordinates": [10.65428, 59.42973]}, "properties": {"id": "no-quai-117614052", "country": "no", "name": "Moss ferjekai", "type": "quai", "source": "NVDB", "updated": "2026-09-10", "kommune": 3103, "exploitation": "Trafikkeres", "nb_rampes": 2, "salle_attente": null, "proprietaire": "Stat, Statens vegvesen"}}, {"type": "Feature", "geometry": {"type": "Point", "coordinates": [11.03711, 59.02424]}, "properties": {"id": "no-quai-117614056", "country": "no", "name": "Skjærhalden ferjeleie", "type": "quai", "source": "NVDB", "updated": "2026-09-10", "kommune": 3110, "exploitation": "Trafikkeres", "nb_rampes": 1, "salle_attente": null, "proprietaire": "Kommune"}}, {"type": "Feature", "geometry": {"type": "Point", "coordinates": [14.80071, 68.49863]}, "properties": {"id": "no-quai-118756347", "country": "no", "name": "Melbu ferjekai", "type": "quai", "source": "NVDB", "updated": "2026-09-10", "kommune": 1866, "exploitation": "Trafikkeres", "nb_rampes": 1, "salle_attente": "Ja", "proprietaire": "Fylkeskommune"}}, {"type": "Feature", "geometry": {"type": "Point", "coordinates": [14.82301, 68.43052]}, "properties": {"id": "no-quai-118756348", "country": "no", "name": "Fiskebøl ferjekai", "type": "quai", "source": "NVDB", "updated": "2026-09-10", "kommune": 1866, "exploitation": "Trafikkeres", "nb_rampes": 1, "salle_attente": "Ja", "proprietaire": "Fylkeskommune"}}, {"type": "Feature", "geometry": {"type": "Point", "coordinates": [13.04529, 67.8999]}, "properties": {"id": "no-quai-118756349", "country": "no", "name": "Moskenes ferjekai", "type": "quai", "source": "NVDB", "updated": "2026-09-10", "kommune": 1874, "exploitation": "Trafikkeres", "nb_rampes": 1, "salle_attente": "Ja", "proprietaire": "Stat, Statens vegvesen"}}, {"type": "Feature", "geometry": {"type": "Point", "coordinates": [12.04233, 65.21625]}, "properties": {"id": "no-quai-118756351", "country": "no", "name": "Vennesund ferjekai", "type": "quai", "source": "NVDB", "updated": "2026-09-10", "kommune": 1812, "exploitation": "Trafikkeres", "nb_rampes": 1, "salle_attente": "Ja", "proprietaire": "Fylkeskommune"}}, {"type": "Feature", "geometry": {"type": "Point", "coordinates": [12.30187, 65.58304]}, "properties": {"id": "no-quai-118756352", "country": "no", "name": "Horn ferjekai", "type": "quai", "source": "NVDB", "updated": "2026-09-10", "kommune": 1813, "exploitation": "Trafikkeres", "nb_rampes": 2, "salle_attente": "Nei", "proprietaire": "Fylkeskommune"}}, {"type": "Feature", "geometry": {"type": "Point", "coordinates": [12.39117, 65.57816]}, "properties": {"id": "no-quai-118756353", "country": "no", "name": "Anddalsvåg ferjekai", "type": "quai", "source": "NVDB", "updated": "2026-09-10", "kommune": 1816, "exploitation": "Trafikkeres", "nb_rampes": 1, "salle_attente": "Ja", "proprietaire": "Fylkeskommune"}}, {"type": "Feature", "geometry": {"type": "Point", "coordinates": [13.01265, 66.20051]}, "properties": {"id": "no-quai-118756357", "country": "no", "name": "Nesna ferjekai", "type": "quai", "source": "NVDB", "updated": "2026-09-10", "kommune": 1828, "exploitation": "Trafikkeres", "nb_rampes": 1, "salle_attente": "Ja", "proprietaire": "Fylkeskommune"}}, {"type": "Feature", "geometry": {"type": "Point", "coordinates": [13.22682, 66.48827]}, "properties": {"id": "no-quai-118756358", "country": "no", "name": "Kilboghamn ferjekai", "type": "quai", "source": "NVDB", "updated": "2026-09-10", "kommune": 1836, "exploitation": "Trafikkeres", "nb_rampes": 1, "salle_attente": "Ja", "proprietaire": "Fylkeskommune"}}, {"type": "Feature", "geometry": {"type": "Point", "coordinates": [13.28697, 66.6243]}, "properties": {"id": "no-quai-118756359", "country": "no", "name": "Jektvik ferjekai", "type": "quai", "source": "NVDB", "updated": "2026-09-10", "kommune": 1836, "exploitation": "Trafikkeres", "nb_rampes": 1, "salle_attente": "Ja", "proprietaire": "Fylkeskommune"}}, {"type": "Feature", "geometry": {"type": "Point", "coordinates": [13.47548, 66.7196]}, "properties": {"id": "no-quai-118756360", "country": "no", "name": "Ågskaret ferjekai", "type": "quai", "source": "NVDB", "updated": "2026-09-10", "kommune": 1837, "exploitation": "Trafikkeres", "nb_rampes": 1, "salle_attente": "Ja", "proprietaire": "Fylkeskommune"}}, {"type": "Feature", "geometry": {"type": "Point", "coordinates": [13.51533, 66.73893]}, "properties": {"id": "no-quai-118756361", "country": "no", "name": "Forøy ferjekai", "type": "quai", "source": "NVDB", "updated": "2026-09-10", "kommune": 1837, "exploitation": "Trafikkeres", "nb_rampes": 1, "salle_attente": "Ja", "proprietaire": "Fylkeskommune"}}, {"type": "Feature", "geometry": {"type": "Point", "coordinates": [12.42963, 65.8222]}, "properties": {"id": "no-quai-118756365", "country": "no", "name": "Tjøtta ferjekai", "type": "quai", "source": "NVDB", "updated": "2026-09-10", "kommune": 1820, "exploitation": "Trafikkeres", "nb_rampes": 2, "salle_attente": "Ja", "proprietaire": "Fylkeskommune"}}, {"type": "Feature", "geometry": {"type": "Point", "coordinates": [14.39689, 67.28835]}, "properties": {"id": "no-quai-118756368", "country": "no", "name": "Bodø ferjekai", "type": "quai", "source": "NVDB", "updated": "2026-09-10", "kommune": 1804, "exploitation": "Trafikkeres", "nb_rampes": 1, "salle_attente": "Ja", "proprietaire": "Privat"}}, {"type": "Feature", "geometry": {"type": "Point", "coordinates": [12.70967, 67.65246]}, "properties": {"id": "no-quai-118756369", "country": "no", "name": "Værøy ferjekai", "type": "quai", "source": "NVDB", "updated": "2026-09-10", "kommune": 1857, "exploitation": "Trafikkeres", "nb_rampes": 1, "salle_attente": null, "proprietaire": "Stat, Statens vegvesen"}}, {"type": "Feature", "geometry": {"type": "Point", "coordinates": [15.33546, 68.01501]}, "properties": {"id": "no-quai-118756371", "country": "no", "name": "Skutvik ferjekai", "type": "quai", "source": "NVDB", "updated": "2026-09-10", "kommune": 1875, "exploitation": "Trafikkeres", "nb_rampes": 1, "salle_attente": null, "proprietaire": "Fylkeskommune"}}, {"type": "Feature", "geometry": {"type": "Point", "coordinates": [14.55263, 68.23527]}, "properties": {"id": "no-quai-118756372", "country": "no", "name": "Svolvær ferjekai", "type": "quai", "source": "NVDB", "updated": "2026-09-10", "kommune": 1865, "exploitation": "Trafikkeres", "nb_rampes": 1, "salle_attente": "Ja", "proprietaire": "Fylkeskommune"}}, {"type": "Feature", "geometry": {"type": "Point", "coordinates": [14.6628, 68.16726]}, "properties": {"id": "no-quai-118756373", "country": "no", "name": "Skrova ferjekai", "type": "quai", "source": "NVDB", "updated": "2026-09-10", "kommune": 1865, "exploitation": "Trafikkeres", "nb_rampes": 1, "salle_attente": "Nei", "proprietaire": "Fylkeskommune"}}, {"type": "Feature", "geometry": {"type": "Point", "coordinates": [16.07337, 68.22383]}, "properties": {"id": "no-quai-118756374", "country": "no", "name": "Bognes ferjekai", "type": "quai", "source": "NVDB", "updated": "2026-09-10", "kommune": 1875, "exploitation": "Trafikkeres", "nb_rampes": 2, "salle_attente": null, "proprietaire": "Stat, Statens vegvesen"}}, {"type": "Feature", "geometry": {"type": "Point", "coordinates": [12.58558, 66.08194]}, "properties": {"id": "no-quai-118756379", "country": "no", "name": "Bjørn ferjekai", "type": "quai", "source": "NVDB", "updated": "2026-09-10", "kommune": 1827, "exploitation": "Trafikkeres", "nb_rampes": 1, "salle_attente": "Ja", "proprietaire": "Fylkeskommune"}}, {"type": "Feature", "geometry": {"type": "Point", "coordinates": [12.64197, 66.02419]}, "properties": {"id": "no-quai-118756380", "country": "no", "name": "Sandnessjøen ferjekai", "type": "quai", "source": "NVDB", "updated": "2026-09-10", "kommune": 1820, "exploitation": "Trafikkeres", "nb_rampes": 2, "salle_attente": "Ja", "proprietaire": "Fylkeskommune"}}, {"type": "Feature", "geometry": {"type": "Point", "coordinates": [12.28572, 65.96858]}, "properties": {"id": "no-quai-118756386", "country": "no", "name": "Herøy ferjekai", "type": "quai", "source": "NVDB", "updated": "2026-09-10", "kommune": 1818, "exploitation": "Trafikkeres", "nb_rampes": 2, "salle_attente": "Ja", "proprietaire": "Fylkeskommune"}}, {"type": "Feature", "geometry": {"type": "Point", "coordinates": [12.43693, 65.92633]}, "properties": {"id": "no-quai-118756387", "country": "no", "name": "Søvik ferjekai", "type": "quai", "source": "NVDB", "updated": "2026-09-10", "kommune": 1820, "exploitation": "Trafikkeres", "nb_rampes": 1, "salle_attente": "Ja", "proprietaire": "Fylkeskommune"}}, {"type": "Feature", "geometry": {"type": "Point", "coordinates": [13.00504, 66.3387]}, "properties": {"id": "no-quai-118756390", "country": "no", "name": "Stokkvågen ferjekai", "type": "quai", "source": "NVDB", "updated": "2026-09-10", "kommune": 1834, "exploitation": "Trafikkeres", "nb_rampes": 1, "salle_attente": "Ja", "proprietaire": "Fylkeskommune"}}, {"type": "Feature", "geometry": {"type": "Point", "coordinates": [12.82454, 66.39279]}, "properties": {"id": "no-quai-118756391", "country": "no", "name": "Onøy ferjekai", "type": "quai", "source": "NVDB", "updated": "2026-09-10", "kommune": 1834, "exploitation": "Trafikkeres", "nb_rampes": 1, "salle_attente": "Ja", "proprietaire": "Fylkeskommune"}}, {"type": "Feature", "geometry": {"type": "Point", "coordinates": [12.60797, 66.3608]}, "properties": {"id": "no-quai-118756392", "country": "no", "name": "Sleneset ferjekai", "type": "quai", "source": "NVDB", "updated": "2026-09-10", "kommune": 1834, "exploitation": "Trafikkeres", "nb_rampes": 1, "salle_attente": "Ja", "proprietaire": "Fylkeskommune"}}, {"type": "Feature", "geometry": {"type": "Point", "coordinates": [12.36994, 66.36877]}, "properties": {"id": "no-quai-118756393", "country": "no", "name": "Lovund ferjekai", "type": "quai", "source": "NVDB", "updated": "2026-09-10", "kommune": 1834, "exploitation": "Trafikkeres", "nb_rampes": 1, "salle_attente": "Ja", "proprietaire": "Fylkeskommune"}}, {"type": "Feature", "geometry": {"type": "Point", "coordinates": [12.10109, 66.50157]}, "properties": {"id": "no-quai-118756394", "country": "no", "name": "Træna ferjekai", "type": "quai", "source": "NVDB", "updated": "2026-09-10", "kommune": 1835, "exploitation": "Trafikkeres", "nb_rampes": 1, "salle_attente": null, "proprietaire": "Fylkeskommune"}}, {"type": "Feature", "geometry": {"type": "Point", "coordinates": [12.22169, 66.58418]}, "properties": {"id": "no-quai-118756395", "country": "no", "name": "Selvær ferjekai", "type": "quai", "source": "NVDB", "updated": "2026-09-10", "kommune": 1835, "exploitation": "Trafikkeres", "nb_rampes": 1, "salle_attente": null, "proprietaire": "Fylkeskommune"}}, {"type": "Feature", "geometry": {"type": "Point", "coordinates": [14.06384, 67.07284]}, "properties": {"id": "no-quai-118756396", "country": "no", "name": "Sund ferjekai", "type": "quai", "source": "NVDB", "updated": "2026-09-10", "kommune": 1838, "exploitation": "Trafikkeres", "nb_rampes": 1, "salle_attente": "Nei", "proprietaire": "Fylkeskommune"}}, {"type": "Feature", "geometry": {"type": "Point", "coordinates": [14.04825, 67.09123]}, "properties": {"id": "no-quai-118756397", "country": "no", "name": "Horsdal ferjekai", "type": "quai", "source": "NVDB", "updated": "2026-09-10", "kommune": 1838, "exploitation": "Trafikkeres", "nb_rampes": 1, "salle_attente": "Nei", "proprietaire": "Fylkeskommune"}}, {"type": "Feature", "geometry": {"type": "Point", "coordinates": [12.13037, 65.67771]}, "properties": {"id": "no-quai-118756398", "country": "no", "name": "Igerøy ferjekai", "type": "quai", "source": "NVDB", "updated": "2026-09-10", "kommune": 1815, "exploitation": "Trafikkeres", "nb_rampes": 2, "salle_attente": "Ja", "proprietaire": "Fylkeskommune"}}, {"type": "Feature", "geometry": {"type": "Point", "coordinates": [12.45095, 65.72146]}, "properties": {"id": "no-quai-118756401", "country": "no", "name": "Vågsodden ferjekai", "type": "quai", "source": "NVDB", "updated": "2026-09-10", "kommune": 1816, "exploitation": "Trafikkeres", "nb_rampes": 1, "salle_attente": "Nei", "proprietaire": "Fylkeskommune"}}, {"type": "Feature", "geometry": {"type": "Point", "coordinates": [12.55722, 65.75856]}, "properties": {"id": "no-quai-118756402", "country": "no", "name": "Stokkasjøen ferjekai", "type": "quai", "source": "NVDB", "updated": "2026-09-10", "kommune": 1816, "exploitation": "Trafikkeres", "nb_rampes": 1, "salle_attente": "Nei", "proprietaire": "Fylkeskommune"}}, {"type": "Feature", "geometry": {"type": "Point", "coordinates": [12.5269, 65.79673]}, "properties": {"id": "no-quai-118756403", "country": "no", "name": "Tro ferjekai", "type": "quai", "source": "NVDB", "updated": "2026-09-10", "kommune": 1820, "exploitation": "Trafikkeres", "nb_rampes": 1, "salle_attente": "Nei", "proprietaire": "Fylkeskommune"}}, {"type": "Feature", "geometry": {"type": "Point", "coordinates": [12.49419, 65.80686]}, "properties": {"id": "no-quai-118756404", "country": "no", "name": "Mindland ferjekai", "type": "quai", "source": "NVDB", "updated": "2026-09-10", "kommune": 1820, "exploitation": "Trafikkeres", "nb_rampes": 1, "salle_attente": "Ja", "proprietaire": "Fylkeskommune"}}, {"type": "Feature", "geometry": {"type": "Point", "coordinates": [12.32518, 65.93217]}, "properties": {"id": "no-quai-118756405", "country": "no", "name": "Austbø ferjekai", "type": "quai", "source": "NVDB", "updated": "2026-09-10", "kommune": 1820, "exploitation": "Trafikkeres", "nb_rampes": 1, "salle_attente": "Ja", "proprietaire": "Fylkeskommune"}}, {"type": "Feature", "geometry": {"type": "Point", "coordinates": [13.19155, 65.85007]}, "properties": {"id": "no-quai-118756406", "country": "no", "name": "Mosjøen ferjekai", "type": "quai", "source": "NVDB", "updated": "2026-09-10", "kommune": 1824, "exploitation": "Trafikkeres", "nb_rampes": 1, "salle_attente": "Nei", "proprietaire": "Fylkeskommune"}}, {"type": "Feature", "geometry": {"type": "Point", "coordinates": [12.95935, 65.92509]}, "properties": {"id": "no-quai-118756407", "country": "no", "name": "Hundåla ferjekai", "type": "quai", "source": "NVDB", "updated": "2026-09-10", "kommune": 1824, "exploitation": "Trafikkeres", "nb_rampes": 1, "salle_attente": "Ja", "proprietaire": "Fylkeskommune"}}, {"type": "Feature", "geometry": {"type": "Point", "coordinates": [12.18214, 65.91446]}, "properties": {"id": "no-quai-118756408", "country": "no", "name": "Brasøy ferjekai", "type": "quai", "source": "NVDB", "updated": "2026-09-10", "kommune": 1818, "exploitation": "Trafikkeres", "nb_rampes": 1, "salle_attente": "Ja", "proprietaire": "Fylkeskommune"}}, {"type": "Feature", "geometry": {"type": "Point", "coordinates": [12.48507, 66.10883]}, "properties": {"id": "no-quai-118756409", "country": "no", "name": "Solfjellsjøen ferjekai", "type": "quai", "source": "NVDB", "updated": "2026-09-10", "kommune": 1827, "exploitation": "Trafikkeres", "nb_rampes": 1, "salle_attente": "Nei", "proprietaire": "Fylkeskommune"}}, {"type": "Feature", "geometry": {"type": "Point", "coordinates": [12.34848, 66.16362]}, "properties": {"id": "no-quai-118756410", "country": "no", "name": "Vandve ferjekai", "type": "quai", "source": "NVDB", "updated": "2026-09-10", "kommune": 1827, "exploitation": "Trafikkeres", "nb_rampes": 1, "salle_attente": "Ja", "proprietaire": "Fylkeskommune"}}, {"type": "Feature", "geometry": {"type": "Point", "coordinates": [12.69823, 66.14197]}, "properties": {"id": "no-quai-118756411", "country": "no", "name": "Løkta ferjekai", "type": "quai", "source": "NVDB", "updated": "2026-09-10", "kommune": 1827, "exploitation": "Trafikkeres", "nb_rampes": 1, "salle_attente": "Ja", "proprietaire": "Fylkeskommune"}}, {"type": "Feature", "geometry": {"type": "Point", "coordinates": [12.91991, 66.22903]}, "properties": {"id": "no-quai-118756413", "country": "no", "name": "Handnesøy ferjekai", "type": "quai", "source": "NVDB", "updated": "2026-09-10", "kommune": 1828, "exploitation": "Trafikkeres", "nb_rampes": 1, "salle_attente": "Ja", "proprietaire": "Fylkeskommune"}}, {"type": "Feature", "geometry": {"type": "Point", "coordinates": [12.85638, 66.23455]}, "properties": {"id": "no-quai-118756414", "country": "no", "name": "Tomma ferjekai", "type": "quai", "source": "NVDB", "updated": "2026-09-10", "kommune": 1828, "exploitation": "Trafikkeres", "nb_rampes": 1, "salle_attente": "Ja", "proprietaire": "Fylkeskommune"}}, {"type": "Feature", "geometry": {"type": "Point", "coordinates": [12.96719, 66.20375]}, "properties": {"id": "no-quai-118756415", "country": "no", "name": "Vikholmen ferjekai", "type": "quai", "source": "NVDB", "updated": "2026-09-10", "kommune": 1828, "exploitation": "Trafikkeres", "nb_rampes": 1, "salle_attente": "Ja", "proprietaire": "Fylkeskommune"}}, {"type": "Feature", "geometry": {"type": "Point", "coordinates": [13.07431, 66.6559]}, "properties": {"id": "no-quai-118756417", "country": "no", "name": "Rødøy ferjekai", "type": "quai", "source": "NVDB", "updated": "2026-09-10", "kommune": 1836, "exploitation": "Trafikkeres", "nb_rampes": 1, "salle_attente": "Ja", "proprietaire": "Fylkeskommune"}}, {"type": "Feature", "geometry": {"type": "Point", "coordinates": [12.99178, 66.61415]}, "properties": {"id": "no-quai-118756418", "country": "no", "name": "Gjerøy ferjekai", "type": "quai", "source": "NVDB", "updated": "2026-09-10", "kommune": 1836, "exploitation": "Trafikkeres", "nb_rampes": 1, "salle_attente": "Nei", "proprietaire": "Fylkeskommune"}}, {"type": "Feature", "geometry": {"type": "Point", "coordinates": [12.98124, 66.5793]}, "properties": {"id": "no-quai-118756419", "country": "no", "name": "Selsøyvik ferjekai", "type": "quai", "source": "NVDB", "updated": "2026-09-10", "kommune": 1836, "exploitation": "Trafikkeres", "nb_rampes": 1, "salle_attente": "Nei", "proprietaire": "Fylkeskommune"}}, {"type": "Feature", "geometry": {"type": "Point", "coordinates": [12.83829, 66.55908]}, "properties": {"id": "no-quai-118756420", "country": "no", "name": "Storselsøy ferjekai", "type": "quai", "source": "NVDB", "updated": "2026-09-10", "kommune": 1836, "exploitation": "Trafikkeres", "nb_rampes": 1, "salle_attente": "Nei", "proprietaire": "Fylkeskommune"}}, {"type": "Feature", "geometry": {"type": "Point", "coordinates": [12.65869, 66.59462]}, "properties": {"id": "no-quai-118756421", "country": "no", "name": "Nordnesøy ferjekai", "type": "quai", "source": "NVDB", "updated": "2026-09-10", "kommune": 1836, "exploitation": "Trafikkeres", "nb_rampes": 1, "salle_attente": "Nei", "proprietaire": "Fylkeskommune"}}, {"type": "Feature", "geometry": {"type": "Point", "coordinates": [13.30272, 66.50659]}, "properties": {"id": "no-quai-118756422", "country": "no", "name": "Sørfjorden ferjekai", "type": "quai", "source": "NVDB", "updated": "2026-09-10", "kommune": 1836, "exploitation": "Trafikkeres", "nb_rampes": 1, "salle_attente": "Ja", "proprietaire": "Fylkeskommune"}}, {"type": "Feature", "geometry": {"type": "Point", "coordinates": [13.58858, 66.80642]}, "properties": {"id": "no-quai-118756423", "country": "no", "name": "Vassdalsvik ferjekai", "type": "quai", "source": "NVDB", "updated": "2026-09-10", "kommune": 1837, "exploitation": "Trafikkeres", "nb_rampes": 1, "salle_attente": "Ja", "proprietaire": "Fylkeskommune"}}, {"type": "Feature", "geometry": {"type": "Point", "coordinates": [13.23534, 66.80511]}, "properties": {"id": "no-quai-118756424", "country": "no", "name": "Bolga ferjekai", "type": "quai", "source": "NVDB", "updated": "2026-09-10", "kommune": 1837, "exploitation": "Trafikkeres", "nb_rampes": 1, "salle_attente": null, "proprietaire": "Fylkeskommune"}}, {"type": "Feature", "geometry": {"type": "Point", "coordinates": [13.70394, 66.86777]}, "properties": {"id": "no-quai-118756426", "country": "no", "name": "Ørnes ferjekai", "type": "quai", "source": "NVDB", "updated": "2026-09-10", "kommune": 1837, "exploitation": "Trafikkeres", "nb_rampes": 1, "salle_attente": "Nei", "proprietaire": "Fylkeskommune"}}, {"type": "Feature", "geometry": {"type": "Point", "coordinates": [13.55354, 66.83101]}, "properties": {"id": "no-quai-118756427", "country": "no", "name": "Meløysund ferjekai", "type": "quai", "source": "NVDB", "updated": "2026-09-10", "kommune": 1837, "exploitation": "Trafikkeres", "nb_rampes": 1, "salle_attente": "Nei", "proprietaire": "Fylkeskommune"}}, {"type": "Feature", "geometry": {"type": "Point", "coordinates": [13.97852, 67.1371]}, "properties": {"id": "no-quai-118756428", "country": "no", "name": "Sørarnøy ferjekai", "type": "quai", "source": "NVDB", "updated": "2026-09-10", "kommune": 1838, "exploitation": "Trafikkeres", "nb_rampes": 1, "salle_attente": "Nei", "proprietaire": "Fylkeskommune"}}, {"type": "Feature", "geometry": {"type": "Point", "coordinates": [14.93706, 68.30815]}, "properties": {"id": "no-quai-118756430", "country": "no", "name": "Finnvik ferjekai", "type": "quai", "source": "NVDB", "updated": "2026-09-10", "kommune": 1865, "exploitation": "Trafikkeres", "nb_rampes": 1, "salle_attente": "Nei", "proprietaire": "Fylkeskommune"}}, {"type": "Feature", "geometry": {"type": "Point", "coordinates": [15.2804, 68.52233]}, "properties": {"id": "no-quai-118756431", "country": "no", "name": "Kaljord", "type": "quai", "source": "NVDB", "updated": "2026-09-10", "kommune": 1866, "exploitation": "Trafikkeres", "nb_rampes": 1, "salle_attente": null, "proprietaire": "Fylkeskommune"}}, {"type": "Feature", "geometry": {"type": "Point", "coordinates": [15.25479, 68.51925]}, "properties": {"id": "no-quai-118756432", "country": "no", "name": "Lonkan Hurtigbåtkai", "type": "quai", "source": "NVDB", "updated": "2026-09-10", "kommune": 1866, "exploitation": "Trafikkeres", "nb_rampes": 1, "salle_attente": null, "proprietaire": "Fylkeskommune"}}, {"type": "Feature", "geometry": {"type": "Point", "coordinates": [15.1856, 68.47108]}, "properties": {"id": "no-quai-118756433", "country": "no", "name": "Hanøy", "type": "quai", "source": "NVDB", "updated": "2026-09-10", "kommune": 1866, "exploitation": "Trafikkeres", "nb_rampes": 1, "salle_attente": "Nei", "proprietaire": "Fylkeskommune"}}, {"type": "Feature", "geometry": {"type": "Point", "coordinates": [12.13415, 65.47709]}, "properties": {"id": "no-quai-118756436", "country": "no", "name": "Sauren ferjekai", "type": "quai", "source": "NVDB", "updated": "2026-09-10", "kommune": 1813, "exploitation": "Trafikkeres", "nb_rampes": 1, "salle_attente": "Nei", "proprietaire": "Kommune"}}, {"type": "Feature", "geometry": {"type": "Point", "coordinates": [13.09604, 65.88776]}, "properties": {"id": "no-quai-118756438", "country": "no", "name": "Vikdal ferjekai", "type": "quai", "source": "NVDB", "updated": "2026-09-10", "kommune": 1824, "exploitation": "Trafikkeres", "nb_rampes": 1, "salle_attente": null, "proprietaire": "Kommune"}}, {"type": "Feature", "geometry": {"type": "Point", "coordinates": [6.63138, 58.24174]}, "properties": {"id": "no-quai-119341675", "country": "no", "name": "Kvellandstrand ferjekai", "type": "quai", "source": "NVDB", "updated": "2026-09-10", "kommune": 4207, "exploitation": "Trafikkeres", "nb_rampes": 1, "salle_attente": null, "proprietaire": "Fylkeskommune"}}, {"type": "Feature", "geometry": {"type": "Point", "coordinates": [6.61214, 58.23643]}, "properties": {"id": "no-quai-119341676", "country": "no", "name": "Launes ferjekai", "type": "quai", "source": "NVDB", "updated": "2026-09-10", "kommune": 4207, "exploitation": "Trafikkeres", "nb_rampes": 1, "salle_attente": null, "proprietaire": "Fylkeskommune"}}, {"type": "Feature", "geometry": {"type": "Point", "coordinates": [6.65363, 58.2384]}, "properties": {"id": "no-quai-119341677", "country": "no", "name": "Abelnes ferjekai", "type": "quai", "source": "NVDB", "updated": "2026-09-10", "kommune": 4207, "exploitation": "Trafikkeres", "nb_rampes": 1, "salle_attente": null, "proprietaire": "Fylkeskommune"}}, {"type": "Feature", "geometry": {"type": "Point", "coordinates": [6.66787, 58.23299]}, "properties": {"id": "no-quai-119341678", "country": "no", "name": "Andabeløy ferjekai", "type": "quai", "source": "NVDB", "updated": "2026-09-10", "kommune": 4207, "exploitation": "Trafikkeres", "nb_rampes": 1, "salle_attente": null, "proprietaire": "Fylkeskommune"}}, {"type": "Feature", "geometry": {"type": "Point", "coordinates": [22.35812, 70.23316]}, "properties": {"id": "no-quai-119344225", "country": "no", "name": "Øksfjord ferjekai", "type": "quai", "source": "NVDB", "updated": "2026-09-10", "kommune": 5614, "exploitation": "Trafikkeres", "nb_rampes": 1, "salle_attente": null, "proprietaire": "Fylkeskommune"}}, {"type": "Feature", "geometry": {"type": "Point", "coordinates": [22.16174, 70.48384]}, "properties": {"id": "no-quai-119344226", "country": "no", "name": "Hasvik kai", "type": "quai", "source": "NVDB", "updated": "2026-09-10", "kommune": 5616, "exploitation": "Trafikkeres", "nb_rampes": 1, "salle_attente": null, "proprietaire": "Fylkeskommune"}}, {"type": "Feature", "geometry": {"type": "Point", "coordinates": [23.38083, 70.22654]}, "properties": {"id": "no-quai-119344227", "country": "no", "name": "Nyvoll ferjekai", "type": "quai", "source": "NVDB", "updated": "2026-09-10", "kommune": 5601, "exploitation": "Trafikkeres", "nb_rampes": 1, "salle_attente": null, "proprietaire": "Fylkeskommune"}}, {"type": "Feature", "geometry": {"type": "Point", "coordinates": [23.39354, 70.2464]}, "properties": {"id": "no-quai-119344228", "country": "no", "name": "Korsfjord ferjekai", "type": "quai", "source": "NVDB", "updated": "2026-09-10", "kommune": 5601, "exploitation": "Trafikkeres", "nb_rampes": 1, "salle_attente": null, "proprietaire": "Fylkeskommune"}}, {"type": "Feature", "geometry": {"type": "Point", "coordinates": [21.78495, 70.25183]}, "properties": {"id": "no-quai-119344229", "country": "no", "name": "Bergsfjord ferjekai", "type": "quai", "source": "NVDB", "updated": "2026-09-10", "kommune": 5614, "exploitation": "Trafikkeres", "nb_rampes": 1, "salle_attente": null, "proprietaire": "Fylkeskommune"}}, {"type": "Feature", "geometry": {"type": "Point", "coordinates": [21.71697, 70.21899]}, "properties": {"id": "no-quai-119344230", "country": "no", "name": "Sør-Tverrfjord kai", "type": "quai", "source": "NVDB", "updated": "2026-09-10", "kommune": 5614, "exploitation": "Trafikkeres", "nb_rampes": 1, "salle_attente": null, "proprietaire": "Fylkeskommune"}}, {"type": "Feature", "geometry": {"type": "Point", "coordinates": [22.26847, 70.23028]}, "properties": {"id": "no-quai-119344231", "country": "no", "name": "Tverrfjord ferjekai", "type": "quai", "source": "NVDB", "updated": "2026-09-10", "kommune": 5614, "exploitation": "Trafikkeres", "nb_rampes": 1, "salle_attente": null, "proprietaire": "Fylkeskommune"}}, {"type": "Feature", "geometry": {"type": "Point", "coordinates": [23.61864, 70.60199]}, "properties": {"id": "no-quai-119344232", "country": "no", "name": "Strømsnes ferjekai Akkarfjord", "type": "quai", "source": "NVDB", "updated": "2026-09-10", "kommune": 5603, "exploitation": "Nedlagt", "nb_rampes": 1, "salle_attente": null, "proprietaire": "Fylkeskommune"}}, {"type": "Feature", "geometry": {"type": "Point", "coordinates": [23.57282, 70.57565]}, "properties": {"id": "no-quai-119344233", "country": "no", "name": "Kjerringholmen ferjekai", "type": "quai", "source": "NVDB", "updated": "2026-09-10", "kommune": 5603, "exploitation": "Trafikkeres", "nb_rampes": 1, "salle_attente": null, "proprietaire": "Fylkeskommune"}}, {"type": "Feature", "geometry": {"type": "Point", "coordinates": [16.04682, 68.67868]}, "properties": {"id": "no-quai-119344279", "country": "no", "name": "Revsnes ferjekai", "type": "quai", "source": "NVDB", "updated": "2026-09-10", "kommune": 5510, "exploitation": "Trafikkeres", "nb_rampes": 1, "salle_attente": null, "proprietaire": "Fylkeskommune"}}, {"type": "Feature", "geometry": {"type": "Point", "coordinates": [15.91592, 68.67362]}, "properties": {"id": "no-quai-119344280", "country": "no", "name": "Flesnes ferjekai", "type": "quai", "source": "NVDB", "updated": "2026-09-10", "kommune": 5510, "exploitation": "Trafikkeres", "nb_rampes": 1, "salle_attente": null, "proprietaire": "Fylkeskommune"}}, {"type": "Feature", "geometry": {"type": "Point", "coordinates": [19.80932, 69.66339]}, "properties": {"id": "no-quai-119344282", "country": "no", "name": "Svensby ferjekai", "type": "quai", "source": "NVDB", "updated": "2026-09-10", "kommune": 5536, "exploitation": "Trafikkeres", "nb_rampes": 1, "salle_attente": "Ja", "proprietaire": "Fylkeskommune"}}, {"type": "Feature", "geometry": {"type": "Point", "coordinates": [20.22351, 69.57722]}, "properties": {"id": "no-quai-119344283", "country": "no", "name": "Lyngseidet ferjekai", "type": "quai", "source": "NVDB", "updated": "2026-09-10", "kommune": 5536, "exploitation": "Trafikkeres", "nb_rampes": 1, "salle_attente": null, "proprietaire": "Fylkeskommune"}}, {"type": "Feature", "geometry": {"type": "Point", "coordinates": [20.5327, 69.60157]}, "properties": {"id": "no-quai-119344284", "country": "no", "name": "Olderdalen ferjekai", "type": "quai", "source": "NVDB", "updated": "2026-09-10", "kommune": 5540, "exploitation": "Trafikkeres", "nb_rampes": 1, "salle_attente": null, "proprietaire": "Fylkeskommune"}}, {"type": "Feature", "geometry": {"type": "Point", "coordinates": [16.85089, 68.72647]}, "properties": {"id": "no-quai-119344285", "country": "no", "name": "Sørrollnes ferjekai", "type": "quai", "source": "NVDB", "updated": "2026-09-10", "kommune": 5514, "exploitation": "Trafikkeres", "nb_rampes": 1, "salle_attente": null, "proprietaire": "Fylkeskommune"}}, {"type": "Feature", "geometry": {"type": "Point", "coordinates": [16.5909, 68.77709]}, "properties": {"id": "no-quai-119344286", "country": "no", "name": "Stangnes ferjekai", "type": "quai", "source": "NVDB", "updated": "2026-09-10", "kommune": 5503, "exploitation": "Trafikkeres", "nb_rampes": 1, "salle_attente": null, "proprietaire": "Fylkeskommune"}}, {"type": "Feature", "geometry": {"type": "Point", "coordinates": [18.03137, 69.60785]}, "properties": {"id": "no-quai-119344289", "country": "no", "name": "Brensholmen ferjekai", "type": "quai", "source": "NVDB", "updated": "2026-09-10", "kommune": 5501, "exploitation": "Trafikkeres", "nb_rampes": 1, "salle_attente": null, "proprietaire": "Fylkeskommune"}}, {"type": "Feature", "geometry": {"type": "Point", "coordinates": [17.90824, 69.50693]}, "properties": {"id": "no-quai-119344290", "country": "no", "name": "Botnhamn ferjekai", "type": "quai", "source": "NVDB", "updated": "2026-09-10", "kommune": 5530, "exploitation": "Trafikkeres", "nb_rampes": 1, "salle_attente": null, "proprietaire": "Fylkeskommune"}}, {"type": "Feature", "geometry": {"type": "Point", "coordinates": [19.6297, 69.9661]}, "properties": {"id": "no-quai-119344291", "country": "no", "name": "Hansnes ferjekai", "type": "quai", "source": "NVDB", "updated": "2026-09-10", "kommune": 5534, "exploitation": "Trafikkeres", "nb_rampes": 1, "salle_attente": null, "proprietaire": "Fylkeskommune"}}, {"type": "Feature", "geometry": {"type": "Point", "coordinates": [19.85276, 70.05358]}, "properties": {"id": "no-quai-119344292", "country": "no", "name": "Skåningsbukt ferjekai", "type": "quai", "source": "NVDB", "updated": "2026-09-10", "kommune": 5534, "exploitation": "Trafikkeres", "nb_rampes": 1, "salle_attente": null, "proprietaire": "Fylkeskommune"}}, {"type": "Feature", "geometry": {"type": "Point", "coordinates": [16.50317, 68.88228]}, "properties": {"id": "no-quai-119344295", "country": "no", "name": "Bjørnerå ferjekai", "type": "quai", "source": "NVDB", "updated": "2026-09-10", "kommune": 5503, "exploitation": "Trafikkeres", "nb_rampes": 1, "salle_attente": "Nei", "proprietaire": "Fylkeskommune"}}, {"type": "Feature", "geometry": {"type": "Point", "coordinates": [18.76289, 69.78658]}, "properties": {"id": "no-quai-119344302", "country": "no", "name": "Bellvik ferjekai", "type": "quai", "source": "NVDB", "updated": "2026-09-10", "kommune": 5501, "exploitation": "Trafikkeres", "nb_rampes": 1, "salle_attente": null, "proprietaire": "Fylkeskommune"}}, {"type": "Feature", "geometry": {"type": "Point", "coordinates": [18.58703, 69.8371]}, "properties": {"id": "no-quai-119344303", "country": "no", "name": "Vengsøy ferjekai", "type": "quai", "source": "NVDB", "updated": "2026-09-10", "kommune": 5501, "exploitation": "Trafikkeres", "nb_rampes": 1, "salle_attente": null, "proprietaire": "Kommune"}}, {"type": "Feature", "geometry": {"type": "Point", "coordinates": [19.59882, 69.93475]}, "properties": {"id": "no-quai-119344307", "country": "no", "name": "Reinskard ferjekai", "type": "quai", "source": "NVDB", "updated": "2026-09-10", "kommune": 5534, "exploitation": "Trafikkeres", "nb_rampes": 1, "salle_attente": null, "proprietaire": "Fylkeskommune"}}, {"type": "Feature", "geometry": {"type": "Point", "coordinates": [19.88861, 70.00219]}, "properties": {"id": "no-quai-119344308", "country": "no", "name": "Karlsøy ferjekai", "type": "quai", "source": "NVDB", "updated": "2026-09-10", "kommune": 5534, "exploitation": "Trafikkeres", "nb_rampes": 1, "salle_attente": null, "proprietaire": "Fylkeskommune"}}, {"type": "Feature", "geometry": {"type": "Point", "coordinates": [20.81529, 70.07414]}, "properties": {"id": "no-quai-119344312", "country": "no", "name": "Nikkeby ferjekai", "type": "quai", "source": "NVDB", "updated": "2026-09-10", "kommune": 5542, "exploitation": "Trafikkeres", "nb_rampes": 1, "salle_attente": null, "proprietaire": "Fylkeskommune"}}, {"type": "Feature", "geometry": {"type": "Point", "coordinates": [20.61707, 69.7848]}, "properties": {"id": "no-quai-119344313", "country": "no", "name": "Rotsund ferjekai", "type": "quai", "source": "NVDB", "updated": "2026-09-10", "kommune": 5544, "exploitation": "Trafikkeres", "nb_rampes": 1, "salle_attente": null, "proprietaire": "Fylkeskommune"}}, {"type": "Feature", "geometry": {"type": "Point", "coordinates": [10.41283, 59.61266]}, "properties": {"id": "no-quai-119345043", "country": "no", "name": "Verket ferjekai", "type": "quai", "source": "NVDB", "updated": "2026-09-10", "kommune": 3203, "exploitation": "Trafikkeres", "nb_rampes": 1, "salle_attente": null, "proprietaire": "Fylkeskommune"}}, {"type": "Feature", "geometry": {"type": "Point", "coordinates": [9.74822, 59.03175]}, "properties": {"id": "no-quai-119346102", "country": "no", "name": "Bjørkøya brygge", "type": "quai", "source": "NVDB", "updated": "2026-09-10", "kommune": 4001, "exploitation": "Trafikkeres", "nb_rampes": 1, "salle_attente": null, "proprietaire": "Kommune"}}, {"type": "Feature", "geometry": {"type": "Point", "coordinates": [8.48175, 59.1766]}, "properties": {"id": "no-quai-119346104", "country": "no", "name": "Fjone ferjekai", "type": "quai", "source": "NVDB", "updated": "2026-09-10", "kommune": 4030, "exploitation": "Trafikkeres", "nb_rampes": 1, "salle_attente": null, "proprietaire": "Kommune"}}, {"type": "Feature", "geometry": {"type": "Point", "coordinates": [8.48956, 59.17804]}, "properties": {"id": "no-quai-119346105", "country": "no", "name": "Nissedal ferjekai", "type": "quai", "source": "NVDB", "updated": "2026-09-10", "kommune": 4030, "exploitation": "Trafikkeres", "nb_rampes": 1, "salle_attente": null, "proprietaire": "Kommune"}}, {"type": "Feature", "geometry": {"type": "Point", "coordinates": [11.62341, 64.76824]}, "properties": {"id": "no-quai-119346743", "country": "no", "name": "Lund ferjekai", "type": "quai", "source": "NVDB", "updated": "2026-09-10", "kommune": 5007, "exploitation": "Trafikkeres", "nb_rampes": 1, "salle_attente": null, "proprietaire": "Fylkeskommune"}}, {"type": "Feature", "geometry": {"type": "Point", "coordinates": [11.61225, 64.8275]}, "properties": {"id": "no-quai-119346744", "country": "no", "name": "Hofles ferjekai", "type": "quai", "source": "NVDB", "updated": "2026-09-10", "kommune": 5060, "exploitation": "Trafikkeres", "nb_rampes": 1, "salle_attente": null, "proprietaire": "Fylkeskommune"}}, {"type": "Feature", "geometry": {"type": "Point", "coordinates": [11.82877, 65.08437]}, "properties": {"id": "no-quai-119346745", "country": "no", "name": "Gutvik ferjekai", "type": "quai", "source": "NVDB", "updated": "2026-09-10", "kommune": 5052, "exploitation": "Trafikkeres", "nb_rampes": 1, "salle_attente": null, "proprietaire": "Fylkeskommune"}}, {"type": "Feature", "geometry": {"type": "Point", "coordinates": [11.738, 65.08807]}, "properties": {"id": "no-quai-119346746", "country": "no", "name": "Skei ferjekai", "type": "quai", "source": "NVDB", "updated": "2026-09-10", "kommune": 5052, "exploitation": "Trafikkeres", "nb_rampes": 1, "salle_attente": null, "proprietaire": "Fylkeskommune"}}, {"type": "Feature", "geometry": {"type": "Point", "coordinates": [11.3002, 63.74882]}, "properties": {"id": "no-quai-119346747", "country": "no", "name": "Levanger ferjekai", "type": "quai", "source": "NVDB", "updated": "2026-09-10", "kommune": 5037, "exploitation": "Trafikkeres", "nb_rampes": 1, "salle_attente": null, "proprietaire": "Fylkeskommune"}}, {"type": "Feature", "geometry": {"type": "Point", "coordinates": [11.16814, 63.79819]}, "properties": {"id": "no-quai-119346748", "country": "no", "name": "Hokstad ferjekai", "type": "quai", "source": "NVDB", "updated": "2026-09-10", "kommune": 5037, "exploitation": "Trafikkeres", "nb_rampes": 1, "salle_attente": null, "proprietaire": "Fylkeskommune"}}, {"type": "Feature", "geometry": {"type": "Point", "coordinates": [11.62541, 64.81605]}, "properties": {"id": "no-quai-119346749", "country": "no", "name": "Geisnes ferjekai", "type": "quai", "source": "NVDB", "updated": "2026-09-10", "kommune": 5060, "exploitation": "Trafikkeres", "nb_rampes": 1, "salle_attente": null, "proprietaire": "Fylkeskommune"}}, {"type": "Feature", "geometry": {"type": "Point", "coordinates": [11.3603, 64.63663]}, "properties": {"id": "no-quai-119346750", "country": "no", "name": "Ølhammeren ferjekai", "type": "quai", "source": "NVDB", "updated": "2026-09-10", "kommune": 5007, "exploitation": "Trafikkeres", "nb_rampes": 1, "salle_attente": null, "proprietaire": "Fylkeskommune"}}, {"type": "Feature", "geometry": {"type": "Point", "coordinates": [11.34553, 64.63743]}, "properties": {"id": "no-quai-119346751", "country": "no", "name": "Seierstad ferjekai", "type": "quai", "source": "NVDB", "updated": "2026-09-10", "kommune": 5007, "exploitation": "Trafikkeres", "nb_rampes": 1, "salle_attente": null, "proprietaire": "Fylkeskommune"}}, {"type": "Feature", "geometry": {"type": "Point", "coordinates": [10.99159, 64.95801]}, "properties": {"id": "no-quai-119346755", "country": "no", "name": "Ramstadlandet ferjekai", "type": "quai", "source": "NVDB", "updated": "2026-09-10", "kommune": 5060, "exploitation": "Trafikkeres", "nb_rampes": 1, "salle_attente": null, "proprietaire": "Fylkeskommune"}}, {"type": "Feature", "geometry": {"type": "Point", "coordinates": [10.9092, 64.96712]}, "properties": {"id": "no-quai-119346756", "country": "no", "name": "Borgan ferjekai", "type": "quai", "source": "NVDB", "updated": "2026-09-10", "kommune": 5060, "exploitation": "Trafikkeres", "nb_rampes": 1, "salle_attente": null, "proprietaire": "Fylkeskommune"}}, {"type": "Feature", "geometry": {"type": "Point", "coordinates": [11.46404, 64.93231]}, "properties": {"id": "no-quai-119346757", "country": "no", "name": "Eidshaug ferjekai", "type": "quai", "source": "NVDB", "updated": "2026-09-10", "kommune": 5060, "exploitation": "Trafikkeres", "nb_rampes": 1, "salle_attente": null, "proprietaire": "Fylkeskommune"}}, {"type": "Feature", "geometry": {"type": "Point", "coordinates": [11.44879, 64.94501]}, "properties": {"id": "no-quai-119346758", "country": "no", "name": "Gjerdinga ferjekai", "type": "quai", "source": "NVDB", "updated": "2026-09-10", "kommune": 5060, "exploitation": "Trafikkeres", "nb_rampes": 1, "salle_attente": null, "proprietaire": "Fylkeskommune"}}, {"type": "Feature", "geometry": {"type": "Point", "coordinates": [9.68775, 63.63881]}, "properties": {"id": "no-quai-119347213", "country": "no", "name": "Valset ferjekai", "type": "quai", "source": "NVDB", "updated": "2026-09-10", "kommune": 5059, "exploitation": "Trafikkeres", "nb_rampes": 1, "salle_attente": null, "proprietaire": "Fylkeskommune"}}, {"type": "Feature", "geometry": {"type": "Point", "coordinates": [10.20147, 63.45109]}, "properties": {"id": "no-quai-119347216", "country": "no", "name": "Flakk ferjekai", "type": "quai", "source": "NVDB", "updated": "2026-09-10", "kommune": 5001, "exploitation": "Trafikkeres", "nb_rampes": 2, "salle_attente": null, "proprietaire": "Fylkeskommune"}}, {"type": "Feature", "geometry": {"type": "Point", "coordinates": [6.0795, 61.86403]}, "properties": {"id": "no-quai-119347640", "country": "no", "name": "Lote ferjekai", "type": "quai", "source": "NVDB", "updated": "2026-09-10", "kommune": 4649, "exploitation": "Trafikkeres", "nb_rampes": 1, "salle_attente": null, "proprietaire": "Stat, Statens vegvesen"}}, {"type": "Feature", "geometry": {"type": "Point", "coordinates": [7.38524, 61.14899]}, "properties": {"id": "no-quai-119347641", "country": "no", "name": "Fodnes ferjekai", "type": "quai", "source": "NVDB", "updated": "2026-09-10", "kommune": 4642, "exploitation": "Trafikkeres", "nb_rampes": 1, "salle_attente": null, "proprietaire": "Stat, Statens vegvesen"}}, {"type": "Feature", "geometry": {"type": "Point", "coordinates": [7.25026, 61.18296]}, "properties": {"id": "no-quai-119347643", "country": "no", "name": "Kaupanger ferjekai", "type": "quai", "source": "NVDB", "updated": "2026-09-10", "kommune": 4640, "exploitation": "Trafikkeres", "nb_rampes": 1, "salle_attente": null, "proprietaire": "Stat, Statens vegvesen"}}, {"type": "Feature", "geometry": {"type": "Point", "coordinates": [7.46407, 61.10074]}, "properties": {"id": "no-quai-119347644", "country": "no", "name": "Lærdal ferjekai", "type": "quai", "source": "NVDB", "updated": "2026-09-10", "kommune": 4642, "exploitation": "Beredskapskai", "nb_rampes": 1, "salle_attente": null, "proprietaire": "Stat, Statens vegvesen"}}, {"type": "Feature", "geometry": {"type": "Point", "coordinates": [6.63703, 61.17494]}, "properties": {"id": "no-quai-119347645", "country": "no", "name": "Vangsnes ferjekai", "type": "quai", "source": "NVDB", "updated": "2026-09-10", "kommune": 4639, "exploitation": "Trafikkeres", "nb_rampes": 2, "salle_attente": null, "proprietaire": "Stat, Statens vegvesen"}}, {"type": "Feature", "geometry": {"type": "Point", "coordinates": [6.59813, 61.20733]}, "properties": {"id": "no-quai-119347646", "country": "no", "name": "Hella ferjekai", "type": "quai", "source": "NVDB", "updated": "2026-09-10", "kommune": 4640, "exploitation": "Trafikkeres", "nb_rampes": 2, "salle_attente": null, "proprietaire": "Stat, Statens vegvesen"}}, {"type": "Feature", "geometry": {"type": "Point", "coordinates": [6.53786, 61.21015]}, "properties": {"id": "no-quai-119347648", "country": "no", "name": "Balestrand kai", "type": "quai", "source": "NVDB", "updated": "2026-09-10", "kommune": 4640, "exploitation": "Trafikkeres", "nb_rampes": 1, "salle_attente": null, "proprietaire": "Fylkeskommune"}}, {"type": "Feature", "geometry": {"type": "Point", "coordinates": [5.28402, 61.11413]}, "properties": {"id": "no-quai-119347651", "country": "no", "name": "Rysjedalsvika kai", "type": "quai", "source": "NVDB", "updated": "2026-09-10", "kommune": 4637, "exploitation": "Trafikkeres", "nb_rampes": 1, "salle_attente": null, "proprietaire": "Fylkeskommune"}}, {"type": "Feature", "geometry": {"type": "Point", "coordinates": [5.01824, 61.12934]}, "properties": {"id": "no-quai-119347653", "country": "no", "name": "Krakhella kai", "type": "quai", "source": "NVDB", "updated": "2026-09-10", "kommune": 4636, "exploitation": "Trafikkeres", "nb_rampes": 1, "salle_attente": null, "proprietaire": "Fylkeskommune"}}, {"type": "Feature", "geometry": {"type": "Point", "coordinates": [5.0159, 61.34824]}, "properties": {"id": "no-quai-119347655", "country": "no", "name": "Gjervik ferjekai", "type": "quai", "source": "NVDB", "updated": "2026-09-10", "kommune": 4645, "exploitation": "Trafikkeres", "nb_rampes": 1, "salle_attente": null, "proprietaire": "Fylkeskommune"}}, {"type": "Feature", "geometry": {"type": "Point", "coordinates": [5.71536, 61.88058]}, "properties": {"id": "no-quai-119347657", "country": "no", "name": "Isane ferjekai", "type": "quai", "source": "NVDB", "updated": "2026-09-10", "kommune": 4648, "exploitation": "Trafikkeres", "nb_rampes": 1, "salle_attente": null, "proprietaire": "Fylkeskommune"}}, {"type": "Feature", "geometry": {"type": "Point", "coordinates": [5.72564, 61.91436]}, "properties": {"id": "no-quai-119347658", "country": "no", "name": "Stårheim ferjekai", "type": "quai", "source": "NVDB", "updated": "2026-09-10", "kommune": 4649, "exploitation": "Trafikkeres", "nb_rampes": 1, "salle_attente": null, "proprietaire": "Fylkeskommune"}}, {"type": "Feature", "geometry": {"type": "Point", "coordinates": [5.0786, 61.87898]}, "properties": {"id": "no-quai-119347661", "country": "no", "name": "Oldeide ferjekai", "type": "quai", "source": "NVDB", "updated": "2026-09-10", "kommune": 4648, "exploitation": "Trafikkeres", "nb_rampes": 1, "salle_attente": null, "proprietaire": "Fylkeskommune"}}, {"type": "Feature", "geometry": {"type": "Point", "coordinates": [5.11906, 61.93855]}, "properties": {"id": "no-quai-119347662", "country": "no", "name": "Måløy ferjekai", "type": "quai", "source": "NVDB", "updated": "2026-09-10", "kommune": 4602, "exploitation": "Trafikkeres", "nb_rampes": 1, "salle_attente": null, "proprietaire": "Fylkeskommune"}}, {"type": "Feature", "geometry": {"type": "Point", "coordinates": [4.73853, 61.05288]}, "properties": {"id": "no-quai-119347665", "country": "no", "name": "Daløy ferjekai", "type": "quai", "source": "NVDB", "updated": "2026-09-10", "kommune": 4636, "exploitation": "Trafikkeres", "nb_rampes": 1, "salle_attente": null, "proprietaire": "Fylkeskommune"}}, {"type": "Feature", "geometry": {"type": "Point", "coordinates": [5.08534, 61.29801]}, "properties": {"id": "no-quai-119347667", "country": "no", "name": "Fure ferjekai", "type": "quai", "source": "NVDB", "updated": "2026-09-10", "kommune": 4646, "exploitation": "Trafikkeres", "nb_rampes": 1, "salle_attente": "Nei", "proprietaire": "Fylkeskommune"}}, {"type": "Feature", "geometry": {"type": "Point", "coordinates": [4.73916, 61.30384]}, "properties": {"id": "no-quai-119347670", "country": "no", "name": "Værlandet ferjekai", "type": "quai", "source": "NVDB", "updated": "2026-09-10", "kommune": 4645, "exploitation": "Trafikkeres", "nb_rampes": 1, "salle_attente": null, "proprietaire": "Fylkeskommune"}}, {"type": "Feature", "geometry": {"type": "Point", "coordinates": [5.11302, 61.90282]}, "properties": {"id": "no-quai-119347672", "country": "no", "name": "Husevågøy ferjekai", "type": "quai", "source": "NVDB", "updated": "2026-09-10", "kommune": 4602, "exploitation": "Trafikkeres", "nb_rampes": 1, "salle_attente": null, "proprietaire": "Fylkeskommune"}}, {"type": "Feature", "geometry": {"type": "Point", "coordinates": [5.98644, 61.1733]}, "properties": {"id": "no-quai-119347674", "country": "no", "name": "Nordeide kai", "type": "quai", "source": "NVDB", "updated": "2026-09-10", "kommune": 4638, "exploitation": "Trafikkeres", "nb_rampes": 1, "salle_attente": null, "proprietaire": "Kommune"}}, {"type": "Feature", "geometry": {"type": "Point", "coordinates": [6.07501, 61.14913]}, "properties": {"id": "no-quai-119347675", "country": "no", "name": "Måren ferjekai", "type": "quai", "source": "NVDB", "updated": "2026-09-10", "kommune": 4638, "exploitation": "Trafikkeres", "nb_rampes": 1, "salle_attente": null, "proprietaire": "Kommune"}}, {"type": "Feature", "geometry": {"type": "Point", "coordinates": [7.24855, 61.3014]}, "properties": {"id": "no-quai-119347676", "country": "no", "name": "Solvorn ferjekai", "type": "quai", "source": "NVDB", "updated": "2026-09-10", "kommune": 4644, "exploitation": "Trafikkeres", "nb_rampes": 1, "salle_attente": null, "proprietaire": "Kommune"}}, {"type": "Feature", "geometry": {"type": "Point", "coordinates": [7.31285, 61.2994]}, "properties": {"id": "no-quai-119347677", "country": "no", "name": "Ornes ferjekai", "type": "quai", "source": "NVDB", "updated": "2026-09-10", "kommune": 4644, "exploitation": "Trafikkeres", "nb_rampes": 1, "salle_attente": null, "proprietaire": "Kommune"}}, {"type": "Feature", "geometry": {"type": "Point", "coordinates": [5.28773, 61.98388]}, "properties": {"id": "no-quai-119347678", "country": "no", "name": "Barmsund kai", "type": "quai", "source": "NVDB", "updated": "2026-09-10", "kommune": 4649, "exploitation": "Trafikkeres", "nb_rampes": 1, "salle_attente": null, "proprietaire": "Fylkeskommune"}}, {"type": "Feature", "geometry": {"type": "Point", "coordinates": [5.58804, 59.13726]}, "properties": {"id": "no-quai-119347946", "country": "no", "name": "Mortavika ferjekai", "type": "quai", "source": "NVDB", "updated": "2026-09-10", "kommune": 1103, "exploitation": "Trafikkeres", "nb_rampes": 2, "salle_attente": null, "proprietaire": "Stat, Statens vegvesen"}}, {"type": "Feature", "geometry": {"type": "Point", "coordinates": [6.16556, 59.23318]}, "properties": {"id": "no-quai-119347952", "country": "no", "name": "Hjelmeland ferjekai", "type": "quai", "source": "NVDB", "updated": "2026-09-10", "kommune": 1133, "exploitation": "Trafikkeres", "nb_rampes": 3, "salle_attente": "Ja", "proprietaire": "Stat, Statens vegvesen"}}, {"type": "Feature", "geometry": {"type": "Point", "coordinates": [6.15912, 59.26171]}, "properties": {"id": "no-quai-119347953", "country": "no", "name": "Nesvik ferjekai", "type": "quai", "source": "NVDB", "updated": "2026-09-10", "kommune": 1133, "exploitation": "Trafikkeres", "nb_rampes": 2, "salle_attente": "Ja", "proprietaire": "Stat, Statens vegvesen"}}, {"type": "Feature", "geometry": {"type": "Point", "coordinates": [5.90827, 59.06511]}, "properties": {"id": "no-quai-119347954", "country": "no", "name": "Tau ferjekai", "type": "quai", "source": "NVDB", "updated": "2026-09-10", "kommune": 1130, "exploitation": "Trafikkeres", "nb_rampes": 1, "salle_attente": null, "proprietaire": "Fylkeskommune"}}, {"type": "Feature", "geometry": {"type": "Point", "coordinates": [6.08818, 58.90147]}, "properties": {"id": "no-quai-119347955", "country": "no", "name": "Forsand ferjekai", "type": "quai", "source": "NVDB", "updated": "2026-09-10", "kommune": 1108, "exploitation": "Trafikkeres", "nb_rampes": 1, "salle_attente": null, "proprietaire": "Fylkeskommune"}}, {"type": "Feature", "geometry": {"type": "Point", "coordinates": [5.85758, 59.34527]}, "properties": {"id": "no-quai-119347960", "country": "no", "name": "Nedstrand ferjekai", "type": "quai", "source": "NVDB", "updated": "2026-09-10", "kommune": 1146, "exploitation": "Trafikkeres", "nb_rampes": 1, "salle_attente": null, "proprietaire": "Fylkeskommune"}}, {"type": "Feature", "geometry": {"type": "Point", "coordinates": [6.03426, 59.33554]}, "properties": {"id": "no-quai-119347961", "country": "no", "name": "Jelsa ferjekai", "type": "quai", "source": "NVDB", "updated": "2026-09-10", "kommune": 1134, "exploitation": "Trafikkeres", "nb_rampes": 1, "salle_attente": null, "proprietaire": "Fylkeskommune"}}, {"type": "Feature", "geometry": {"type": "Point", "coordinates": [5.61352, 59.02368]}, "properties": {"id": "no-quai-119347965", "country": "no", "name": "Mekjarvik ferjekai", "type": "quai", "source": "NVDB", "updated": "2026-09-10", "kommune": 1127, "exploitation": "Trafikkeres", "nb_rampes": 2, "salle_attente": null, "proprietaire": "Fylkeskommune"}}, {"type": "Feature", "geometry": {"type": "Point", "coordinates": [5.41726, 59.05747]}, "properties": {"id": "no-quai-119347966", "country": "no", "name": "Kvitsøy ferjekai", "type": "quai", "source": "NVDB", "updated": "2026-09-10", "kommune": 1144, "exploitation": "Trafikkeres", "nb_rampes": 1, "salle_attente": null, "proprietaire": "Fylkeskommune"}}, {"type": "Feature", "geometry": {"type": "Point", "coordinates": [5.61519, 59.67851]}, "properties": {"id": "no-quai-119347968", "country": "no", "name": "Utbjoa ferjekai", "type": "quai", "source": "NVDB", "updated": "2026-09-10", "kommune": 1160, "exploitation": "Trafikkeres", "nb_rampes": 1, "salle_attente": null, "proprietaire": "Fylkeskommune"}}, {"type": "Feature", "geometry": {"type": "Point", "coordinates": [5.7826, 58.99839]}, "properties": {"id": "no-quai-119347971", "country": "no", "name": "Vassøy ferjekai", "type": "quai", "source": "NVDB", "updated": "2026-09-10", "kommune": 1103, "exploitation": "Trafikkeres", "nb_rampes": 1, "salle_attente": null, "proprietaire": "Kommune"}}, {"type": "Feature", "geometry": {"type": "Point", "coordinates": [6.64539, 59.05464]}, "properties": {"id": "no-quai-119347972", "country": "no", "name": "Lysebotn ferjekai", "type": "quai", "source": "NVDB", "updated": "2026-09-10", "kommune": 1108, "exploitation": "Trafikkeres", "nb_rampes": 1, "salle_attente": null, "proprietaire": "Fylkeskommune"}}, {"type": "Feature", "geometry": {"type": "Point", "coordinates": [6.32322, 59.01638]}, "properties": {"id": "no-quai-119347973", "country": "no", "name": "Songesand ferjekai", "type": "quai", "source": "NVDB", "updated": "2026-09-10", "kommune": 1108, "exploitation": "Trafikkeres", "nb_rampes": 1, "salle_attente": "Nei", "proprietaire": "Fylkeskommune"}}, {"type": "Feature", "geometry": {"type": "Point", "coordinates": [5.79744, 59.08615]}, "properties": {"id": "no-quai-119347975", "country": "no", "name": "Brimse hurtigbåtkai", "type": "quai", "source": "NVDB", "updated": "2026-09-10", "kommune": 1103, "exploitation": "Trafikkeres", "nb_rampes": 1, "salle_attente": null, "proprietaire": "Kommune"}}, {"type": "Feature", "geometry": {"type": "Point", "coordinates": [5.90044, 59.1373]}, "properties": {"id": "no-quai-119347978", "country": "no", "name": "Fogn ferjekai", "type": "quai", "source": "NVDB", "updated": "2026-09-10", "kommune": 1103, "exploitation": "Trafikkeres", "nb_rampes": 1, "salle_attente": null, "proprietaire": "Fylkeskommune"}}, {"type": "Feature", "geometry": {"type": "Point", "coordinates": [5.92532, 59.20468]}, "properties": {"id": "no-quai-119347979", "country": "no", "name": "Halsnøy ferjekai", "type": "quai", "source": "NVDB", "updated": "2026-09-10", "kommune": 1103, "exploitation": "Trafikkeres", "nb_rampes": 1, "salle_attente": null, "proprietaire": "Fylkeskommune"}}, {"type": "Feature", "geometry": {"type": "Point", "coordinates": [5.93838, 59.23507]}, "properties": {"id": "no-quai-119347980", "country": "no", "name": "Eidssund ferjekai", "type": "quai", "source": "NVDB", "updated": "2026-09-10", "kommune": 1103, "exploitation": "Trafikkeres", "nb_rampes": 1, "salle_attente": null, "proprietaire": "Fylkeskommune"}}, {"type": "Feature", "geometry": {"type": "Point", "coordinates": [5.88646, 59.24118]}, "properties": {"id": "no-quai-119347984", "country": "no", "name": "Nord-Hidle ferjekai", "type": "quai", "source": "NVDB", "updated": "2026-09-10", "kommune": 1103, "exploitation": "Trafikkeres", "nb_rampes": 1, "salle_attente": null, "proprietaire": "Kommune"}}, {"type": "Feature", "geometry": {"type": "Point", "coordinates": [6.0951, 59.25305]}, "properties": {"id": "no-quai-119347985", "country": "no", "name": "Skipavik ferjekai", "type": "quai", "source": "NVDB", "updated": "2026-09-10", "kommune": 1103, "exploitation": "Trafikkeres", "nb_rampes": 1, "salle_attente": null, "proprietaire": "Fylkeskommune"}}, {"type": "Feature", "geometry": {"type": "Point", "coordinates": [5.9467, 59.16192]}, "properties": {"id": "no-quai-119347986", "country": "no", "name": "Sør-Bokn hurtigbåtkai", "type": "quai", "source": "NVDB", "updated": "2026-09-10", "kommune": 1103, "exploitation": "Trafikkeres", "nb_rampes": 1, "salle_attente": null, "proprietaire": "Kommune"}}, {"type": "Feature", "geometry": {"type": "Point", "coordinates": [5.97004, 59.15922]}, "properties": {"id": "no-quai-119347987", "country": "no", "name": "Byre hurtigbåtkai", "type": "quai", "source": "NVDB", "updated": "2026-09-10", "kommune": 1103, "exploitation": "Trafikkeres", "nb_rampes": 1, "salle_attente": null, "proprietaire": "Kommune"}}, {"type": "Feature", "geometry": {"type": "Point", "coordinates": [5.96182, 59.35348]}, "properties": {"id": "no-quai-119347991", "country": "no", "name": "Hebnes ferjekai", "type": "quai", "source": "NVDB", "updated": "2026-09-10", "kommune": 1134, "exploitation": "Trafikkeres", "nb_rampes": 1, "salle_attente": null, "proprietaire": "Fylkeskommune"}}, {"type": "Feature", "geometry": {"type": "Point", "coordinates": [5.96205, 59.33897]}, "properties": {"id": "no-quai-119347994", "country": "no", "name": "Foldøy ferjekai", "type": "quai", "source": "NVDB", "updated": "2026-09-10", "kommune": 1134, "exploitation": "Trafikkeres", "nb_rampes": 1, "salle_attente": null, "proprietaire": "Kommune"}}, {"type": "Feature", "geometry": {"type": "Point", "coordinates": [5.3341, 59.96816]}, "properties": {"id": "no-quai-119378433", "country": "no", "name": "Sandvikvåg ferjekai", "type": "quai", "source": "NVDB", "updated": "2026-09-10", "kommune": 4615, "exploitation": "Trafikkeres", "nb_rampes": 2, "salle_attente": "Ja", "proprietaire": "Stat, Statens vegvesen"}}, {"type": "Feature", "geometry": {"type": "Point", "coordinates": [5.46578, 59.74983]}, "properties": {"id": "no-quai-119378435", "country": "no", "name": "Skjersholmane ferjekai", "type": "quai", "source": "NVDB", "updated": "2026-09-10", "kommune": 4614, "exploitation": "Trafikkeres", "nb_rampes": 2, "salle_attente": null, "proprietaire": null}}, {"type": "Feature", "geometry": {"type": "Point", "coordinates": [6.61136, 60.47156]}, "properties": {"id": "no-quai-119378437", "country": "no", "name": "Kvanndal ferjekai", "type": "quai", "source": "NVDB", "updated": "2026-09-10", "kommune": 4621, "exploitation": "Trafikkeres", "nb_rampes": 2, "salle_attente": null, "proprietaire": "Fylkeskommune"}}, {"type": "Feature", "geometry": {"type": "Point", "coordinates": [6.71772, 60.37543]}, "properties": {"id": "no-quai-119378438", "country": "no", "name": "Kinsarvik ferjekai", "type": "quai", "source": "NVDB", "updated": "2026-09-10", "kommune": 4618, "exploitation": "Trafikkeres", "nb_rampes": 1, "salle_attente": null, "proprietaire": "Stat, Statens vegvesen"}}, {"type": "Feature", "geometry": {"type": "Point", "coordinates": [5.93285, 59.73322]}, "properties": {"id": "no-quai-119378439", "country": "no", "name": "Skånevik ferjekai", "type": "quai", "source": "NVDB", "updated": "2026-09-10", "kommune": 4611, "exploitation": "Trafikkeres", "nb_rampes": 1, "salle_attente": null, "proprietaire": "Fylkeskommune"}}, {"type": "Feature", "geometry": {"type": "Point", "coordinates": [5.90321, 59.78287]}, "properties": {"id": "no-quai-119378440", "country": "no", "name": "Utåker ferjekai", "type": "quai", "source": "NVDB", "updated": "2026-09-10", "kommune": 4617, "exploitation": "Trafikkeres", "nb_rampes": 1, "salle_attente": null, "proprietaire": "Fylkeskommune"}}, {"type": "Feature", "geometry": {"type": "Point", "coordinates": [5.92023, 60.06174]}, "properties": {"id": "no-quai-119378442", "country": "no", "name": "Gjermundshamn ferjekai", "type": "quai", "source": "NVDB", "updated": "2026-09-10", "kommune": 4617, "exploitation": "Trafikkeres", "nb_rampes": 1, "salle_attente": null, "proprietaire": "Fylkeskommune"}}, {"type": "Feature", "geometry": {"type": "Point", "coordinates": [5.52153, 59.8861]}, "properties": {"id": "no-quai-119378443", "country": "no", "name": "Jektavik ferjekai", "type": "quai", "source": "NVDB", "updated": "2026-09-10", "kommune": 4614, "exploitation": "Trafikkeres", "nb_rampes": 1, "salle_attente": null, "proprietaire": "Fylkeskommune"}}, {"type": "Feature", "geometry": {"type": "Point", "coordinates": [5.55811, 59.88969]}, "properties": {"id": "no-quai-119378444", "country": "no", "name": "Hodnanes ferjekai", "type": "quai", "source": "NVDB", "updated": "2026-09-10", "kommune": 4616, "exploitation": "Trafikkeres", "nb_rampes": 1, "salle_attente": null, "proprietaire": "Fylkeskommune"}}, {"type": "Feature", "geometry": {"type": "Point", "coordinates": [5.52412, 60.04665]}, "properties": {"id": "no-quai-119378445", "country": "no", "name": "Våge ferjekai", "type": "quai", "source": "NVDB", "updated": "2026-09-10", "kommune": 4616, "exploitation": "Trafikkeres", "nb_rampes": 1, "salle_attente": null, "proprietaire": "Fylkeskommune"}}, {"type": "Feature", "geometry": {"type": "Point", "coordinates": [5.31835, 59.59809]}, "properties": {"id": "no-quai-119378447", "country": "no", "name": "Buavåg ferjekai", "type": "quai", "source": "NVDB", "updated": "2026-09-10", "kommune": 4612, "exploitation": "Trafikkeres", "nb_rampes": 1, "salle_attente": null, "proprietaire": "Fylkeskommune"}}, {"type": "Feature", "geometry": {"type": "Point", "coordinates": [5.23642, 59.60797]}, "properties": {"id": "no-quai-119378448", "country": "no", "name": "Langevåg ferjekai", "type": "quai", "source": "NVDB", "updated": "2026-09-10", "kommune": 4613, "exploitation": "Trafikkeres", "nb_rampes": 1, "salle_attente": null, "proprietaire": "Fylkeskommune"}}, {"type": "Feature", "geometry": {"type": "Point", "coordinates": [5.65552, 59.81306]}, "properties": {"id": "no-quai-119378451", "country": "no", "name": "Ranavik ferjekai", "type": "quai", "source": "NVDB", "updated": "2026-09-10", "kommune": 4617, "exploitation": "Trafikkeres", "nb_rampes": 1, "salle_attente": null, "proprietaire": "Fylkeskommune"}}, {"type": "Feature", "geometry": {"type": "Point", "coordinates": [5.2911, 60.22396]}, "properties": {"id": "no-quai-119378452", "country": "no", "name": "Krokeide ferjekai", "type": "quai", "source": "NVDB", "updated": "2026-09-10", "kommune": 4601, "exploitation": "Trafikkeres", "nb_rampes": 1, "salle_attente": null, "proprietaire": "Fylkeskommune"}}, {"type": "Feature", "geometry": {"type": "Point", "coordinates": [5.2794, 60.01713]}, "properties": {"id": "no-quai-119378454", "country": "no", "name": "Husavik ferjekai", "type": "quai", "source": "NVDB", "updated": "2026-09-10", "kommune": 4625, "exploitation": "Trafikkeres", "nb_rampes": 1, "salle_attente": null, "proprietaire": "Fylkeskommune"}}, {"type": "Feature", "geometry": {"type": "Point", "coordinates": [6.2515, 60.27585]}, "properties": {"id": "no-quai-119378455", "country": "no", "name": "Jondal ferjekai", "type": "quai", "source": "NVDB", "updated": "2026-09-10", "kommune": 4618, "exploitation": "Trafikkeres", "nb_rampes": 1, "salle_attente": null, "proprietaire": "Fylkeskommune"}}, {"type": "Feature", "geometry": {"type": "Point", "coordinates": [6.17174, 60.30085]}, "properties": {"id": "no-quai-119378456", "country": "no", "name": "Tørvikbygd ferjekai", "type": "quai", "source": "NVDB", "updated": "2026-09-10", "kommune": 4622, "exploitation": "Trafikkeres", "nb_rampes": 1, "salle_attente": null, "proprietaire": "Fylkeskommune"}}, {"type": "Feature", "geometry": {"type": "Point", "coordinates": [6.62255, 60.42366]}, "properties": {"id": "no-quai-119378457", "country": "no", "name": "Utne ferjekai", "type": "quai", "source": "NVDB", "updated": "2026-09-10", "kommune": 4618, "exploitation": "Trafikkeres", "nb_rampes": 1, "salle_attente": null, "proprietaire": "Fylkeskommune"}}, {"type": "Feature", "geometry": {"type": "Point", "coordinates": [5.53704, 60.20846]}, "properties": {"id": "no-quai-119378458", "country": "no", "name": "Hatvik ferjekai", "type": "quai", "source": "NVDB", "updated": "2026-09-10", "kommune": 4624, "exploitation": "Trafikkeres", "nb_rampes": 1, "salle_attente": null, "proprietaire": "Fylkeskommune"}}, {"type": "Feature", "geometry": {"type": "Point", "coordinates": [5.59337, 60.20547]}, "properties": {"id": "no-quai-119378459", "country": "no", "name": "Venjaneset ferjekai", "type": "quai", "source": "NVDB", "updated": "2026-09-10", "kommune": 4624, "exploitation": "Trafikkeres", "nb_rampes": 1, "salle_attente": null, "proprietaire": "Fylkeskommune"}}, {"type": "Feature", "geometry": {"type": "Point", "coordinates": [5.1578, 60.22332]}, "properties": {"id": "no-quai-119378460", "country": "no", "name": "Klokkarvik ferjekai", "type": "quai", "source": "NVDB", "updated": "2026-09-10", "kommune": 4626, "exploitation": "Trafikkeres", "nb_rampes": 1, "salle_attente": null, "proprietaire": "Fylkeskommune"}}, {"type": "Feature", "geometry": {"type": "Point", "coordinates": [5.24026, 60.25615]}, "properties": {"id": "no-quai-119378461", "country": "no", "name": "Hjellestad ferjekai", "type": "quai", "source": "NVDB", "updated": "2026-09-10", "kommune": 4601, "exploitation": "Trafikkeres", "nb_rampes": 1, "salle_attente": null, "proprietaire": "Fylkeskommune"}}, {"type": "Feature", "geometry": {"type": "Point", "coordinates": [5.39976, 60.49033]}, "properties": {"id": "no-quai-119378462", "country": "no", "name": "Breistein ferjekai", "type": "quai", "source": "NVDB", "updated": "2026-09-10", "kommune": 4601, "exploitation": "Trafikkeres", "nb_rampes": 1, "salle_attente": null, "proprietaire": "Fylkeskommune"}}, {"type": "Feature", "geometry": {"type": "Point", "coordinates": [5.42721, 60.50508]}, "properties": {"id": "no-quai-119378463", "country": "no", "name": "Valestrand ferjekai", "type": "quai", "source": "NVDB", "updated": "2026-09-10", "kommune": 4630, "exploitation": "Trafikkeres", "nb_rampes": 1, "salle_attente": null, "proprietaire": "Fylkeskommune"}}, {"type": "Feature", "geometry": {"type": "Point", "coordinates": [5.47007, 59.70034]}, "properties": {"id": "no-quai-119378470", "country": "no", "name": "Valevåg Fk", "type": "quai", "source": "NVDB", "updated": "2026-09-10", "kommune": 4612, "exploitation": "Beredskapskai", "nb_rampes": 1, "salle_attente": null, "proprietaire": "Stat, Statens vegvesen"}}, {"type": "Feature", "geometry": {"type": "Point", "coordinates": [5.56359, 59.86678]}, "properties": {"id": "no-quai-119378472", "country": "no", "name": "Nordhuglo ferjekai", "type": "quai", "source": "NVDB", "updated": "2026-09-10", "kommune": 4614, "exploitation": "Trafikkeres", "nb_rampes": 1, "salle_attente": null, "proprietaire": "Fylkeskommune"}}, {"type": "Feature", "geometry": {"type": "Point", "coordinates": [5.73799, 59.73359]}, "properties": {"id": "no-quai-119378473", "country": "no", "name": "Sydnes ferjekai", "type": "quai", "source": "NVDB", "updated": "2026-09-10", "kommune": 4617, "exploitation": "Trafikkeres", "nb_rampes": 1, "salle_attente": null, "proprietaire": "Fylkeskommune"}}, {"type": "Feature", "geometry": {"type": "Point", "coordinates": [5.97339, 60.08692]}, "properties": {"id": "no-quai-119378476", "country": "no", "name": "Varaldsøy ferjekai", "type": "quai", "source": "NVDB", "updated": "2026-09-10", "kommune": 4617, "exploitation": "Trafikkeres", "nb_rampes": 1, "salle_attente": null, "proprietaire": "Fylkeskommune"}}, {"type": "Feature", "geometry": {"type": "Point", "coordinates": [5.69517, 59.73103]}, "properties": {"id": "no-quai-119378488", "country": "no", "name": "Borgundøy ferjekai", "type": "quai", "source": "NVDB", "updated": "2026-09-10", "kommune": 4617, "exploitation": "Trafikkeres", "nb_rampes": 1, "salle_attente": null, "proprietaire": "Kommune"}}, {"type": "Feature", "geometry": {"type": "Point", "coordinates": [5.22145, 60.2416]}, "properties": {"id": "no-quai-119378494", "country": "no", "name": "Bjelkarøy ferjekai", "type": "quai", "source": "NVDB", "updated": "2026-09-10", "kommune": 4626, "exploitation": "Trafikkeres", "nb_rampes": 1, "salle_attente": null, "proprietaire": "Fylkeskommune"}}, {"type": "Feature", "geometry": {"type": "Point", "coordinates": [10.48831, 59.41208]}, "properties": {"id": "no-quai-119380888", "country": "no", "name": "Horten ferjekai", "type": "quai", "source": "NVDB", "updated": "2026-09-10", "kommune": 3901, "exploitation": "Trafikkeres", "nb_rampes": 2, "salle_attente": null, "proprietaire": "Privat"}}, {"type": "Feature", "geometry": {"type": "Point", "coordinates": [10.41036, 59.61585]}, "properties": {"id": "no-quai-119380889", "country": "no", "name": "Svelvik ferjekai", "type": "quai", "source": "NVDB", "updated": "2026-09-10", "kommune": 3301, "exploitation": "Trafikkeres", "nb_rampes": 1, "salle_attente": null, "proprietaire": "Fylkeskommune"}}, {"type": "Feature", "geometry": {"type": "Point", "coordinates": [6.03321, 62.12001]}, "properties": {"id": "no-quai-119570007", "country": "no", "name": "Folkestad ferjekai", "type": "quai", "source": "NVDB", "updated": "2026-09-10", "kommune": 1577, "exploitation": "Trafikkeres", "nb_rampes": 1, "salle_attente": null, "proprietaire": "Stat, Statens vegvesen"}}, {"type": "Feature", "geometry": {"type": "Point", "coordinates": [6.06357, 62.1448]}, "properties": {"id": "no-quai-119570008", "country": "no", "name": "Volda ferjekai", "type": "quai", "source": "NVDB", "updated": "2026-09-10", "kommune": 1577, "exploitation": "Trafikkeres", "nb_rampes": 2, "salle_attente": null, "proprietaire": "Stat, Statens vegvesen"}}, {"type": "Feature", "geometry": {"type": "Point", "coordinates": [6.33185, 62.37484]}, "properties": {"id": "no-quai-119570009", "country": "no", "name": "Festøya ferjekai", "type": "quai", "source": "NVDB", "updated": "2026-09-10", "kommune": 1520, "exploitation": "Trafikkeres", "nb_rampes": 2, "salle_attente": null, "proprietaire": "Stat, Statens vegvesen"}}, {"type": "Feature", "geometry": {"type": "Point", "coordinates": [6.32848, 62.41381]}, "properties": {"id": "no-quai-119570010", "country": "no", "name": "Solavågen ferjekai", "type": "quai", "source": "NVDB", "updated": "2026-09-10", "kommune": 1531, "exploitation": "Trafikkeres", "nb_rampes": 2, "salle_attente": null, "proprietaire": "Stat, Statens vegvesen"}}, {"type": "Feature", "geometry": {"type": "Point", "coordinates": [7.08503, 62.65162]}, "properties": {"id": "no-quai-119570011", "country": "no", "name": "Furneset ferjekai", "type": "quai", "source": "NVDB", "updated": "2026-09-10", "kommune": 1535, "exploitation": "Trafikkeres", "nb_rampes": 1, "salle_attente": "Ja", "proprietaire": "Stat, Statens vegvesen"}}, {"type": "Feature", "geometry": {"type": "Point", "coordinates": [7.16975, 62.73708]}, "properties": {"id": "no-quai-119570012", "country": "no", "name": "Molde ferjekai", "type": "quai", "source": "NVDB", "updated": "2026-09-10", "kommune": 1506, "exploitation": "Trafikkeres", "nb_rampes": 2, "salle_attente": "Ja", "proprietaire": "Stat, Statens vegvesen"}}, {"type": "Feature", "geometry": {"type": "Point", "coordinates": [6.49723, 62.43229]}, "properties": {"id": "no-quai-119570016", "country": "no", "name": "Magerholm ferjekai", "type": "quai", "source": "NVDB", "updated": "2026-09-10", "kommune": 1508, "exploitation": "Trafikkeres", "nb_rampes": 2, "salle_attente": null, "proprietaire": "Fylkeskommune"}}, {"type": "Feature", "geometry": {"type": "Point", "coordinates": [6.54783, 62.4101]}, "properties": {"id": "no-quai-119570017", "country": "no", "name": "Sykkylven ferjekai", "type": "quai", "source": "NVDB", "updated": "2026-09-10", "kommune": 1528, "exploitation": "Trafikkeres", "nb_rampes": 2, "salle_attente": null, "proprietaire": "Fylkeskommune"}}, {"type": "Feature", "geometry": {"type": "Point", "coordinates": [6.87014, 62.08738]}, "properties": {"id": "no-quai-119570018", "country": "no", "name": "Hellesylt ferjekai", "type": "quai", "source": "NVDB", "updated": "2026-09-10", "kommune": 1525, "exploitation": "Trafikkeres", "nb_rampes": 1, "salle_attente": null, "proprietaire": "Fylkeskommune"}}, {"type": "Feature", "geometry": {"type": "Point", "coordinates": [6.9491, 62.30902]}, "properties": {"id": "no-quai-119570019", "country": "no", "name": "Stranda ferjekai", "type": "quai", "source": "NVDB", "updated": "2026-09-10", "kommune": 1525, "exploitation": "Trafikkeres", "nb_rampes": 1, "salle_attente": null, "proprietaire": "Fylkeskommune"}}, {"type": "Feature", "geometry": {"type": "Point", "coordinates": [6.03086, 62.37008]}, "properties": {"id": "no-quai-119570022", "country": "no", "name": "Hareid ferjekai", "type": "quai", "source": "NVDB", "updated": "2026-09-10", "kommune": 1517, "exploitation": "Trafikkeres", "nb_rampes": 2, "salle_attente": null, "proprietaire": "Fylkeskommune"}}, {"type": "Feature", "geometry": {"type": "Point", "coordinates": [5.63436, 62.19141]}, "properties": {"id": "no-quai-119570023", "country": "no", "name": "Årvika ferjekai", "type": "quai", "source": "NVDB", "updated": "2026-09-10", "kommune": 1514, "exploitation": "Trafikkeres", "nb_rampes": 1, "salle_attente": null, "proprietaire": "Fylkeskommune"}}, {"type": "Feature", "geometry": {"type": "Point", "coordinates": [5.64349, 62.16963]}, "properties": {"id": "no-quai-119570024", "country": "no", "name": "Koparneset ferjekai", "type": "quai", "source": "NVDB", "updated": "2026-09-10", "kommune": 1511, "exploitation": "Trafikkeres", "nb_rampes": 1, "salle_attente": null, "proprietaire": "Fylkeskommune"}}, {"type": "Feature", "geometry": {"type": "Point", "coordinates": [7.17187, 62.2628]}, "properties": {"id": "no-quai-119570025", "country": "no", "name": "Eidsdal ferjekai", "type": "quai", "source": "NVDB", "updated": "2026-09-10", "kommune": 1578, "exploitation": "Trafikkeres", "nb_rampes": 1, "salle_attente": null, "proprietaire": "Fylkeskommune"}}, {"type": "Feature", "geometry": {"type": "Point", "coordinates": [7.18735, 62.28429]}, "properties": {"id": "no-quai-119570026", "country": "no", "name": "Linge ferjekai", "type": "quai", "source": "NVDB", "updated": "2026-09-10", "kommune": 1578, "exploitation": "Trafikkeres", "nb_rampes": 1, "salle_attente": null, "proprietaire": "Fylkeskommune"}}, {"type": "Feature", "geometry": {"type": "Point", "coordinates": [7.20285, 62.10355]}, "properties": {"id": "no-quai-119570027", "country": "no", "name": "Geiranger ferjekai", "type": "quai", "source": "NVDB", "updated": "2026-09-10", "kommune": 1525, "exploitation": "Trafikkeres", "nb_rampes": 1, "salle_attente": null, "proprietaire": "Fylkeskommune"}}, {"type": "Feature", "geometry": {"type": "Point", "coordinates": [7.50489, 62.66375]}, "properties": {"id": "no-quai-119570028", "country": "no", "name": "Åfarnes ferjekai", "type": "quai", "source": "NVDB", "updated": "2026-09-10", "kommune": 1539, "exploitation": "Trafikkeres", "nb_rampes": 1, "salle_attente": null, "proprietaire": "Fylkeskommune"}}, {"type": "Feature", "geometry": {"type": "Point", "coordinates": [7.46449, 62.68478]}, "properties": {"id": "no-quai-119570029", "country": "no", "name": "Sølsnes ferjekai", "type": "quai", "source": "NVDB", "updated": "2026-09-10", "kommune": 1506, "exploitation": "Trafikkeres", "nb_rampes": 1, "salle_attente": null, "proprietaire": "Fylkeskommune"}}, {"type": "Feature", "geometry": {"type": "Point", "coordinates": [7.00611, 62.30837]}, "properties": {"id": "no-quai-119570032", "country": "no", "name": "Liabygda ferjekai", "type": "quai", "source": "NVDB", "updated": "2026-09-10", "kommune": 1525, "exploitation": "Trafikkeres", "nb_rampes": 1, "salle_attente": null, "proprietaire": "Fylkeskommune"}}, {"type": "Feature", "geometry": {"type": "Point", "coordinates": [5.94257, 62.16459]}, "properties": {"id": "no-quai-119570033", "country": "no", "name": "Lauvstad ferjekai", "type": "quai", "source": "NVDB", "updated": "2026-09-10", "kommune": 1577, "exploitation": "Trafikkeres", "nb_rampes": 1, "salle_attente": null, "proprietaire": "Fylkeskommune"}}, {"type": "Feature", "geometry": {"type": "Point", "coordinates": [6.53451, 62.20578]}, "properties": {"id": "no-quai-119570036", "country": "no", "name": "Lekneset ferjekai", "type": "quai", "source": "NVDB", "updated": "2026-09-10", "kommune": 1520, "exploitation": "Trafikkeres", "nb_rampes": 1, "salle_attente": null, "proprietaire": "Fylkeskommune"}}, {"type": "Feature", "geometry": {"type": "Point", "coordinates": [6.44849, 62.6078]}, "properties": {"id": "no-quai-119570041", "country": "no", "name": "Brattvåg ferjekai", "type": "quai", "source": "NVDB", "updated": "2026-09-10", "kommune": 1580, "exploitation": "Trafikkeres", "nb_rampes": 1, "salle_attente": null, "proprietaire": "Fylkeskommune"}}, {"type": "Feature", "geometry": {"type": "Point", "coordinates": [6.97338, 62.77694]}, "properties": {"id": "no-quai-119570043", "country": "no", "name": "Hollingsholmen ferjekai", "type": "quai", "source": "NVDB", "updated": "2026-09-10", "kommune": 1547, "exploitation": "Trafikkeres", "nb_rampes": 1, "salle_attente": null, "proprietaire": "Fylkeskommune"}}, {"type": "Feature", "geometry": {"type": "Point", "coordinates": [6.91732, 62.78066]}, "properties": {"id": "no-quai-119570044", "country": "no", "name": "Aukra ferjekai", "type": "quai", "source": "NVDB", "updated": "2026-09-10", "kommune": 1547, "exploitation": "Trafikkeres", "nb_rampes": 1, "salle_attente": null, "proprietaire": "Fylkeskommune"}}, {"type": "Feature", "geometry": {"type": "Point", "coordinates": [6.98612, 62.72881]}, "properties": {"id": "no-quai-119570045", "country": "no", "name": "Mordalsvågen ferjekai", "type": "quai", "source": "NVDB", "updated": "2026-09-10", "kommune": 1506, "exploitation": "Trafikkeres", "nb_rampes": 1, "salle_attente": null, "proprietaire": "Fylkeskommune"}}, {"type": "Feature", "geometry": {"type": "Point", "coordinates": [6.93748, 62.71942]}, "properties": {"id": "no-quai-119570046", "country": "no", "name": "Solholmen ferjekai", "type": "quai", "source": "NVDB", "updated": "2026-09-10", "kommune": 1506, "exploitation": "Trafikkeres", "nb_rampes": 1, "salle_attente": null, "proprietaire": "Fylkeskommune"}}, {"type": "Feature", "geometry": {"type": "Point", "coordinates": [6.52307, 62.63972]}, "properties": {"id": "no-quai-119570047", "country": "no", "name": "Dryna ferjekai", "type": "quai", "source": "NVDB", "updated": "2026-09-10", "kommune": 1506, "exploitation": "Trafikkeres", "nb_rampes": 1, "salle_attente": null, "proprietaire": "Fylkeskommune"}}, {"type": "Feature", "geometry": {"type": "Point", "coordinates": [8.48664, 62.87899]}, "properties": {"id": "no-quai-119570050", "country": "no", "name": "Rykkjem ferjekai", "type": "quai", "source": "NVDB", "updated": "2026-09-10", "kommune": 1563, "exploitation": "Trafikkeres", "nb_rampes": 1, "salle_attente": null, "proprietaire": "Fylkeskommune"}}, {"type": "Feature", "geometry": {"type": "Point", "coordinates": [7.86993, 63.11179]}, "properties": {"id": "no-quai-119570051", "country": "no", "name": "Seivika ferjekai", "type": "quai", "source": "NVDB", "updated": "2026-09-10", "kommune": 1505, "exploitation": "Trafikkeres", "nb_rampes": 1, "salle_attente": null, "proprietaire": "Fylkeskommune"}}, {"type": "Feature", "geometry": {"type": "Point", "coordinates": [7.95499, 63.15316]}, "properties": {"id": "no-quai-119570052", "country": "no", "name": "Tømmervåg ferjekai", "type": "quai", "source": "NVDB", "updated": "2026-09-10", "kommune": 1576, "exploitation": "Trafikkeres", "nb_rampes": 1, "salle_attente": null, "proprietaire": "Fylkeskommune"}}, {"type": "Feature", "geometry": {"type": "Point", "coordinates": [8.43537, 63.16548]}, "properties": {"id": "no-quai-119570055", "country": "no", "name": "Arasvika ferjekai", "type": "quai", "source": "NVDB", "updated": "2026-09-10", "kommune": 1576, "exploitation": "Trafikkeres", "nb_rampes": 1, "salle_attente": null, "proprietaire": "Fylkeskommune"}}, {"type": "Feature", "geometry": {"type": "Point", "coordinates": [8.43616, 63.13653]}, "properties": {"id": "no-quai-119570056", "country": "no", "name": "Hennset ferjekai", "type": "quai", "source": "NVDB", "updated": "2026-09-10", "kommune": 5055, "exploitation": "Trafikkeres", "nb_rampes": 1, "salle_attente": null, "proprietaire": "Fylkeskommune"}}, {"type": "Feature", "geometry": {"type": "Point", "coordinates": [5.49571, 62.19837]}, "properties": {"id": "no-quai-119570057", "country": "no", "name": "Åram ferjekai", "type": "quai", "source": "NVDB", "updated": "2026-09-10", "kommune": 1511, "exploitation": "Trafikkeres", "nb_rampes": 1, "salle_attente": null, "proprietaire": "Fylkeskommune"}}, {"type": "Feature", "geometry": {"type": "Point", "coordinates": [5.56884, 62.20697]}, "properties": {"id": "no-quai-119570058", "country": "no", "name": "Larsnes ferjekai", "type": "quai", "source": "NVDB", "updated": "2026-09-10", "kommune": 1514, "exploitation": "Trafikkeres", "nb_rampes": 1, "salle_attente": null, "proprietaire": "Fylkeskommune"}}, {"type": "Feature", "geometry": {"type": "Point", "coordinates": [5.47472, 62.2152]}, "properties": {"id": "no-quai-119570059", "country": "no", "name": "Voksa ferjekai", "type": "quai", "source": "NVDB", "updated": "2026-09-10", "kommune": 1514, "exploitation": "Trafikkeres", "nb_rampes": 1, "salle_attente": null, "proprietaire": "Fylkeskommune"}}, {"type": "Feature", "geometry": {"type": "Point", "coordinates": [5.41976, 62.19781]}, "properties": {"id": "no-quai-119570060", "country": "no", "name": "Kvamsøya ferjekai", "type": "quai", "source": "NVDB", "updated": "2026-09-10", "kommune": 1514, "exploitation": "Trafikkeres", "nb_rampes": 1, "salle_attente": null, "proprietaire": "Fylkeskommune"}}, {"type": "Feature", "geometry": {"type": "Point", "coordinates": [6.42317, 62.26617]}, "properties": {"id": "no-quai-119570061", "country": "no", "name": "Standal ferjekai", "type": "quai", "source": "NVDB", "updated": "2026-09-10", "kommune": 1520, "exploitation": "Trafikkeres", "nb_rampes": 1, "salle_attente": null, "proprietaire": "Fylkeskommune"}}, {"type": "Feature", "geometry": {"type": "Point", "coordinates": [6.50056, 62.26081]}, "properties": {"id": "no-quai-119570062", "country": "no", "name": "Trandal ferjekai", "type": "quai", "source": "NVDB", "updated": "2026-09-10", "kommune": 1520, "exploitation": "Trafikkeres", "nb_rampes": 1, "salle_attente": null, "proprietaire": "Kommune"}}, {"type": "Feature", "geometry": {"type": "Point", "coordinates": [6.42421, 62.37165]}, "properties": {"id": "no-quai-119570063", "country": "no", "name": "Hundeidvik ferjekai", "type": "quai", "source": "NVDB", "updated": "2026-09-10", "kommune": 1528, "exploitation": "Trafikkeres", "nb_rampes": 1, "salle_attente": null, "proprietaire": "Fylkeskommune"}}, {"type": "Feature", "geometry": {"type": "Point", "coordinates": [6.12802, 62.49604]}, "properties": {"id": "no-quai-119570064", "country": "no", "name": "Valderøya ferjekai", "type": "quai", "source": "NVDB", "updated": "2026-09-10", "kommune": 1532, "exploitation": "Trafikkeres", "nb_rampes": 1, "salle_attente": null, "proprietaire": "Fylkeskommune"}}, {"type": "Feature", "geometry": {"type": "Point", "coordinates": [6.50897, 62.80413]}, "properties": {"id": "no-quai-119570066", "country": "no", "name": "Finnøya ferjekai", "type": "quai", "source": "NVDB", "updated": "2026-09-10", "kommune": 1508, "exploitation": "Trafikkeres", "nb_rampes": 1, "salle_attente": null, "proprietaire": "Fylkeskommune"}}, {"type": "Feature", "geometry": {"type": "Point", "coordinates": [6.57497, 62.82037]}, "properties": {"id": "no-quai-119570067", "country": "no", "name": "Sandøya ferjekai", "type": "quai", "source": "NVDB", "updated": "2026-09-10", "kommune": 1508, "exploitation": "Trafikkeres", "nb_rampes": 1, "salle_attente": null, "proprietaire": "Fylkeskommune"}}, {"type": "Feature", "geometry": {"type": "Point", "coordinates": [6.54463, 62.86384]}, "properties": {"id": "no-quai-119570068", "country": "no", "name": "Ona ferjekai", "type": "quai", "source": "NVDB", "updated": "2026-09-10", "kommune": 1508, "exploitation": "Trafikkeres", "nb_rampes": 1, "salle_attente": null, "proprietaire": "Fylkeskommune"}}, {"type": "Feature", "geometry": {"type": "Point", "coordinates": [6.6538, 62.78639]}, "properties": {"id": "no-quai-119570069", "country": "no", "name": "Orta ferjekai", "type": "quai", "source": "NVDB", "updated": "2026-09-10", "kommune": 1547, "exploitation": "Trafikkeres", "nb_rampes": 1, "salle_attente": null, "proprietaire": "Kommune"}}, {"type": "Feature", "geometry": {"type": "Point", "coordinates": [6.76755, 62.80656]}, "properties": {"id": "no-quai-119570070", "country": "no", "name": "Småge ferjekai", "type": "quai", "source": "NVDB", "updated": "2026-09-10", "kommune": 1547, "exploitation": "Trafikkeres", "nb_rampes": 1, "salle_attente": null, "proprietaire": "Fylkeskommune"}}, {"type": "Feature", "geometry": {"type": "Point", "coordinates": [7.30311, 62.67521]}, "properties": {"id": "no-quai-119570072", "country": "no", "name": "Sekken kai", "type": "quai", "source": "NVDB", "updated": "2026-09-10", "kommune": 1506, "exploitation": "Trafikkeres", "nb_rampes": 1, "salle_attente": null, "proprietaire": "Fylkeskommune"}}, {"type": "Feature", "geometry": {"type": "Point", "coordinates": [6.53365, 62.17921]}, "properties": {"id": "no-quai-119570074", "country": "no", "name": "Skår ferjekai", "type": "quai", "source": "NVDB", "updated": "2026-09-10", "kommune": 1520, "exploitation": "Trafikkeres", "nb_rampes": 1, "salle_attente": null, "proprietaire": "Kommune"}}, {"type": "Feature", "geometry": {"type": "Point", "coordinates": [10.34157, 60.52257]}, "properties": {"id": "no-quai-119571397", "country": "no", "name": "Horn ferjekai", "type": "quai", "source": "NVDB", "updated": "2026-09-10", "kommune": 3446, "exploitation": "Trafikkeres", "nb_rampes": 1, "salle_attente": null, "proprietaire": "Fylkeskommune"}}, {"type": "Feature", "geometry": {"type": "Point", "coordinates": [10.33704, 60.51282]}, "properties": {"id": "no-quai-119571398", "country": "no", "name": "Tangen ferjekai", "type": "quai", "source": "NVDB", "updated": "2026-09-10", "kommune": 3446, "exploitation": "Trafikkeres", "nb_rampes": 1, "salle_attente": null, "proprietaire": "Fylkeskommune"}}, {"type": "Feature", "geometry": {"type": "Point", "coordinates": [4.71662, 61.05465]}, "properties": {"id": "no-quai-124586145", "country": "no", "name": "Haldorsnes ferjekai", "type": "quai", "source": "NVDB", "updated": "2026-09-10", "kommune": 4636, "exploitation": "Trafikkeres", "nb_rampes": 1, "salle_attente": null, "proprietaire": "Fylkeskommune"}}, {"type": "Feature", "geometry": {"type": "Point", "coordinates": [8.68134, 63.79912]}, "properties": {"id": "no-quai-134573271", "country": "no", "name": "Dyrøy kai", "type": "quai", "source": "NVDB", "updated": "2026-09-10", "kommune": 5014, "exploitation": "Trafikkeres", "nb_rampes": 1, "salle_attente": "Ja", "proprietaire": "Fylkeskommune"}}, {"type": "Feature", "geometry": {"type": "Point", "coordinates": [8.66249, 63.86908]}, "properties": {"id": "no-quai-134573272", "country": "no", "name": "Mausundvær kai", "type": "quai", "source": "NVDB", "updated": "2026-09-10", "kommune": 5014, "exploitation": "Trafikkeres", "nb_rampes": 1, "salle_attente": null, "proprietaire": "Fylkeskommune"}}, {"type": "Feature", "geometry": {"type": "Point", "coordinates": [8.49979, 63.84965]}, "properties": {"id": "no-quai-134573273", "country": "no", "name": "Sula ferjekai", "type": "quai", "source": "NVDB", "updated": "2026-09-10", "kommune": 5014, "exploitation": "Trafikkeres", "nb_rampes": 1, "salle_attente": null, "proprietaire": "Fylkeskommune"}}, {"type": "Feature", "geometry": {"type": "Point", "coordinates": [8.13221, 63.23325]}, "properties": {"id": "no-quai-142193106", "country": "no", "name": "Sandvika ferjekai", "type": "quai", "source": "NVDB", "updated": "2026-09-10", "kommune": 1576, "exploitation": "Trafikkeres", "nb_rampes": null, "salle_attente": null, "proprietaire": "Fylkeskommune"}}, {"type": "Feature", "geometry": {"type": "Point", "coordinates": [17.05249, 69.36339]}, "properties": {"id": "no-quai-197941572", "country": "no", "name": "Gryllefjord ferjekai", "type": "quai", "source": "NVDB", "updated": "2026-09-10", "kommune": 5530, "exploitation": "Trafikkeres", "nb_rampes": 1, "salle_attente": null, "proprietaire": "Fylkeskommune"}}, {"type": "Feature", "geometry": {"type": "Point", "coordinates": [20.77656, 70.07889]}, "properties": {"id": "no-quai-212594553", "country": "no", "name": "Lauksundskaret ferjekai", "type": "quai", "source": "NVDB", "updated": "2026-09-10", "kommune": 5542, "exploitation": "Trafikkeres", "nb_rampes": 1, "salle_attente": null, "proprietaire": "Fylkeskommune"}}, {"type": "Feature", "geometry": {"type": "Point", "coordinates": [5.96373, 59.79538]}, "properties": {"id": "no-quai-265025621", "country": "no", "name": "Matre ferjekai", "type": "quai", "source": "NVDB", "updated": "2026-09-10", "kommune": 4617, "exploitation": "Trafikkeres", "nb_rampes": 1, "salle_attente": null, "proprietaire": "Fylkeskommune"}}, {"type": "Feature", "geometry": {"type": "Point", "coordinates": [12.07225, 67.50505]}, "properties": {"id": "no-quai-265104545", "country": "no", "name": "Røst ferjekai", "type": "quai", "source": "NVDB", "updated": "2026-09-10", "kommune": 1856, "exploitation": "Trafikkeres", "nb_rampes": 1, "salle_attente": "Ja", "proprietaire": "Stat, Statens vegvesen"}}, {"type": "Feature", "geometry": {"type": "Point", "coordinates": [15.99288, 68.42022]}, "properties": {"id": "no-quai-266730884", "country": "no", "name": "Lødingen ferjekai", "type": "quai", "source": "NVDB", "updated": "2026-09-10", "kommune": 1851, "exploitation": "Trafikkeres", "nb_rampes": 2, "salle_attente": "Ja", "proprietaire": "Stat, Statens vegvesen"}}, {"type": "Feature", "geometry": {"type": "Point", "coordinates": [12.94093, 66.02077]}, "properties": {"id": "no-quai-267338885", "country": "no", "name": "Dagsvik ferjekai", "type": "quai", "source": "NVDB", "updated": "2026-09-10", "kommune": 1822, "exploitation": "Nedlagt", "nb_rampes": null, "salle_attente": "Nei", "proprietaire": "Fylkeskommune"}}, {"type": "Feature", "geometry": {"type": "Point", "coordinates": [6.02002, 60.05341]}, "properties": {"id": "no-quai-275184806", "country": "no", "name": "Årsnes ferjekai", "type": "quai", "source": "NVDB", "updated": "2026-09-10", "kommune": 4617, "exploitation": "Trafikkeres", "nb_rampes": 1, "salle_attente": null, "proprietaire": "Fylkeskommune"}}, {"type": "Feature", "geometry": {"type": "Point", "coordinates": [5.09255, 61.11762]}, "properties": {"id": "no-quai-301780037", "country": "no", "name": "Losna kai", "type": "quai", "source": "NVDB", "updated": "2026-09-10", "kommune": 4636, "exploitation": "Trafikkeres", "nb_rampes": 1, "salle_attente": null, "proprietaire": "Fylkeskommune"}}, {"type": "Feature", "geometry": {"type": "Point", "coordinates": [19.65101, 69.66961]}, "properties": {"id": "no-quai-360397887", "country": "no", "name": "Breivikeidet ferjekai", "type": "quai", "source": "NVDB", "updated": "2026-09-10", "kommune": 5501, "exploitation": "Trafikkeres", "nb_rampes": 1, "salle_attente": null, "proprietaire": "Fylkeskommune"}}, {"type": "Feature", "geometry": {"type": "Point", "coordinates": [16.49071, 68.8523]}, "properties": {"id": "no-quai-371193864", "country": "no", "name": "Stornes ferjekai", "type": "quai", "source": "NVDB", "updated": "2026-09-10", "kommune": 5503, "exploitation": "Trafikkeres", "nb_rampes": 1, "salle_attente": null, "proprietaire": "Fylkeskommune"}}, {"type": "Feature", "geometry": {"type": "Point", "coordinates": [15.15632, 68.47757]}, "properties": {"id": "no-quai-371328017", "country": "no", "name": "Brottøy", "type": "quai", "source": "NVDB", "updated": "2026-09-10", "kommune": 1866, "exploitation": "Trafikkeres", "nb_rampes": 1, "salle_attente": null, "proprietaire": "Kommune"}}, {"type": "Feature", "geometry": {"type": "Point", "coordinates": [4.89264, 59.29723]}, "properties": {"id": "no-quai-371359789", "country": "no", "name": "Utsira ferjekai Sørevågen", "type": "quai", "source": "NVDB", "updated": "2026-09-10", "kommune": 1151, "exploitation": "Beredskapskai", "nb_rampes": 1, "salle_attente": "Nei", "proprietaire": null}}, {"type": "Feature", "geometry": {"type": "Point", "coordinates": [4.88477, 59.31195]}, "properties": {"id": "no-quai-371359790", "country": "no", "name": "Utsira nord ferjekai", "type": "quai", "source": "NVDB", "updated": "2026-09-10", "kommune": 1151, "exploitation": "Trafikkeres", "nb_rampes": 1, "salle_attente": null, "proprietaire": "Fylkeskommune"}}, {"type": "Feature", "geometry": {"type": "Point", "coordinates": [8.22765, 63.06835]}, "properties": {"id": "no-quai-374999920", "country": "no", "name": "Halsa ferjekai", "type": "quai", "source": "NVDB", "updated": "2026-09-10", "kommune": 5055, "exploitation": "Trafikkeres", "nb_rampes": 2, "salle_attente": null, "proprietaire": "Stat, Statens vegvesen"}}, {"type": "Feature", "geometry": {"type": "Point", "coordinates": [12.85302, 65.9715]}, "properties": {"id": "no-quai-426124306", "country": "no", "name": "Sørnes ferjekai", "type": "quai", "source": "NVDB", "updated": "2026-09-10", "kommune": 1824, "exploitation": "Trafikkeres", "nb_rampes": 1, "salle_attente": "Ja", "proprietaire": "Fylkeskommune"}}, {"type": "Feature", "geometry": {"type": "Point", "coordinates": [20.59117, 69.79066]}, "properties": {"id": "no-quai-440406619", "country": "no", "name": "Havnnes ferjekai", "type": "quai", "source": "NVDB", "updated": "2026-09-10", "kommune": 5544, "exploitation": "Trafikkeres", "nb_rampes": 1, "salle_attente": null, "proprietaire": "Fylkeskommune"}}, {"type": "Feature", "geometry": {"type": "Point", "coordinates": [20.69525, 69.85576]}, "properties": {"id": "no-quai-440406620", "country": "no", "name": "Uløybukt ferjekai", "type": "quai", "source": "NVDB", "updated": "2026-09-10", "kommune": 5542, "exploitation": "Trafikkeres", "nb_rampes": 1, "salle_attente": null, "proprietaire": "Fylkeskommune"}}, {"type": "Feature", "geometry": {"type": "Point", "coordinates": [19.0325, 70.05648]}, "properties": {"id": "no-quai-442111137", "country": "no", "name": "Mariagården ferjekai", "type": "quai", "source": "NVDB", "updated": "2026-09-10", "kommune": 5534, "exploitation": "Trafikkeres", "nb_rampes": 1, "salle_attente": null, "proprietaire": "Fylkeskommune"}}, {"type": "Feature", "geometry": {"type": "Point", "coordinates": [18.98315, 70.07741]}, "properties": {"id": "no-quai-442111138", "country": "no", "name": "Bromnes ferjekai", "type": "quai", "source": "NVDB", "updated": "2026-09-10", "kommune": 5534, "exploitation": "Trafikkeres", "nb_rampes": 1, "salle_attente": null, "proprietaire": "Fylkeskommune"}}, {"type": "Feature", "geometry": {"type": "Point", "coordinates": [8.13728, 63.28635]}, "properties": {"id": "no-quai-449265503", "country": "no", "name": "Edøy ferjekai", "type": "quai", "source": "NVDB", "updated": "2026-09-10", "kommune": 1573, "exploitation": "Trafikkeres", "nb_rampes": 1, "salle_attente": null, "proprietaire": "Fylkeskommune"}}, {"type": "Feature", "geometry": {"type": "Point", "coordinates": [8.53133, 62.8884]}, "properties": {"id": "no-quai-449703711", "country": "no", "name": "Kvanne ferjekai", "type": "quai", "source": "NVDB", "updated": "2026-09-10", "kommune": 1566, "exploitation": "Trafikkeres", "nb_rampes": 1, "salle_attente": null, "proprietaire": "Fylkeskommune"}}, {"type": "Feature", "geometry": {"type": "Point", "coordinates": [16.13353, 69.3268]}, "properties": {"id": "no-quai-454462302", "country": "no", "name": "Andenes ferjekai", "type": "quai", "source": "NVDB", "updated": "2026-09-10", "kommune": 1871, "exploitation": "Trafikkeres", "nb_rampes": 1, "salle_attente": null, "proprietaire": "Fylkeskommune"}}, {"type": "Feature", "geometry": {"type": "Point", "coordinates": [6.05515, 58.89428]}, "properties": {"id": "no-quai-469904976", "country": "no", "name": "Lauvvik ferjekai", "type": "quai", "source": "NVDB", "updated": "2026-09-10", "kommune": 1108, "exploitation": "Trafikkeres", "nb_rampes": 1, "salle_attente": null, "proprietaire": "Fylkeskommune"}}, {"type": "Feature", "geometry": {"type": "Point", "coordinates": [6.08202, 61.84638]}, "properties": {"id": "no-quai-481375732", "country": "no", "name": "Anda ferjekai", "type": "quai", "source": "NVDB", "updated": "2026-09-10", "kommune": 4650, "exploitation": "Trafikkeres", "nb_rampes": 1, "salle_attente": null, "proprietaire": "Stat, Statens vegvesen"}}, {"type": "Feature", "geometry": {"type": "Point", "coordinates": [14.76123, 67.43853]}, "properties": {"id": "no-quai-485456093", "country": "no", "name": "Festvåg ferjekai", "type": "quai", "source": "NVDB", "updated": "2026-09-10", "kommune": 1804, "exploitation": "Trafikkeres", "nb_rampes": 1, "salle_attente": null, "proprietaire": "Fylkeskommune"}}, {"type": "Feature", "geometry": {"type": "Point", "coordinates": [14.72848, 67.4528]}, "properties": {"id": "no-quai-485456094", "country": "no", "name": "Misten ferjekai", "type": "quai", "source": "NVDB", "updated": "2026-09-10", "kommune": 1804, "exploitation": "Trafikkeres", "nb_rampes": 1, "salle_attente": "Nei", "proprietaire": "Fylkeskommune"}}, {"type": "Feature", "geometry": {"type": "Point", "coordinates": [6.07533, 58.90596]}, "properties": {"id": "no-quai-524070930", "country": "no", "name": "Oanes ferjekai", "type": "quai", "source": "NVDB", "updated": "2026-09-10", "kommune": 1130, "exploitation": "Trafikkeres", "nb_rampes": 1, "salle_attente": null, "proprietaire": "Fylkeskommune"}}, {"type": "Feature", "geometry": {"type": "Point", "coordinates": [6.47592, 62.21098]}, "properties": {"id": "no-quai-555457822", "country": "no", "name": "Sæbø ferjekai", "type": "quai", "source": "NVDB", "updated": "2026-09-10", "kommune": 1520, "exploitation": "Trafikkeres", "nb_rampes": 1, "salle_attente": null, "proprietaire": "Fylkeskommune"}}, {"type": "Feature", "geometry": {"type": "Point", "coordinates": [5.20192, 60.12265]}, "properties": {"id": "no-quai-578592008", "country": "no", "name": "Hufthamar ferjekai", "type": "quai", "source": "NVDB", "updated": "2026-09-10", "kommune": 4625, "exploitation": "Trafikkeres", "nb_rampes": 1, "salle_attente": null, "proprietaire": "Fylkeskommune"}}, {"type": "Feature", "geometry": {"type": "Point", "coordinates": [5.42795, 60.14724]}, "properties": {"id": "no-quai-607390485", "country": "no", "name": "Halhjem ferjekai", "type": "quai", "source": "NVDB", "updated": "2026-09-10", "kommune": 4624, "exploitation": "Trafikkeres", "nb_rampes": 2, "salle_attente": null, "proprietaire": "Stat, Statens vegvesen"}}, {"type": "Feature", "geometry": {"type": "Point", "coordinates": [7.33691, 61.16035]}, "properties": {"id": "no-quai-609357986", "country": "no", "name": "Mannheller ferjekai", "type": "quai", "source": "NVDB", "updated": "2026-09-10", "kommune": 4640, "exploitation": "Trafikkeres", "nb_rampes": 1, "salle_attente": null, "proprietaire": "Stat, Statens vegvesen"}}, {"type": "Feature", "geometry": {"type": "Point", "coordinates": [6.5651, 61.21505]}, "properties": {"id": "no-quai-609786656", "country": "no", "name": "Dragsvik ferjekai", "type": "quai", "source": "NVDB", "updated": "2026-09-10", "kommune": 4640, "exploitation": "Trafikkeres", "nb_rampes": 2, "salle_attente": null, "proprietaire": "Fylkeskommune"}}, {"type": "Feature", "geometry": {"type": "Point", "coordinates": [5.85404, 59.22863]}, "properties": {"id": "no-quai-636529966", "country": "no", "name": "Helgøy ferjekai", "type": "quai", "source": "NVDB", "updated": "2026-09-10", "kommune": 1103, "exploitation": "Trafikkeres", "nb_rampes": 1, "salle_attente": null, "proprietaire": "Fylkeskommune"}}, {"type": "Feature", "geometry": {"type": "Point", "coordinates": [5.87757, 59.17007]}, "properties": {"id": "no-quai-636529967", "country": "no", "name": "Judaberg ferjekai", "type": "quai", "source": "NVDB", "updated": "2026-09-10", "kommune": 1103, "exploitation": "Trafikkeres", "nb_rampes": 1, "salle_attente": null, "proprietaire": "Fylkeskommune"}}, {"type": "Feature", "geometry": {"type": "Point", "coordinates": [12.45841, 65.71191]}, "properties": {"id": "no-quai-643420793", "country": "no", "name": "Forvik ferjekai", "type": "quai", "source": "NVDB", "updated": "2026-09-10", "kommune": 1816, "exploitation": "Trafikkeres", "nb_rampes": 1, "salle_attente": "Ja", "proprietaire": "Fylkeskommune"}}, {"type": "Feature", "geometry": {"type": "Point", "coordinates": [5.50729, 61.10484]}, "properties": {"id": "no-quai-656221168", "country": "no", "name": "Lavik ferjekai", "type": "quai", "source": "NVDB", "updated": "2026-09-10", "kommune": 4638, "exploitation": "Trafikkeres", "nb_rampes": 2, "salle_attente": null, "proprietaire": "Stat, Statens vegvesen"}}, {"type": "Feature", "geometry": {"type": "Point", "coordinates": [12.17377, 65.64421]}, "properties": {"id": "no-quai-718998729", "country": "no", "name": "Ylvingen ferjekai", "type": "quai", "source": "NVDB", "updated": "2026-09-10", "kommune": 1815, "exploitation": "Trafikkeres", "nb_rampes": 1, "salle_attente": "Nei", "proprietaire": "Fylkeskommune"}}, {"type": "Feature", "geometry": {"type": "Point", "coordinates": [5.4535, 59.17062]}, "properties": {"id": "no-quai-729258929", "country": "no", "name": "Arsvågen ferjekai", "type": "quai", "source": "NVDB", "updated": "2026-09-10", "kommune": 1145, "exploitation": "Trafikkeres", "nb_rampes": 2, "salle_attente": null, "proprietaire": "Stat, Statens vegvesen"}}, {"type": "Feature", "geometry": {"type": "Point", "coordinates": [5.06366, 61.34569]}, "properties": {"id": "no-quai-737856652", "country": "no", "name": "Askvoll kai", "type": "quai", "source": "NVDB", "updated": "2026-09-10", "kommune": 4645, "exploitation": "Trafikkeres", "nb_rampes": 2, "salle_attente": null, "proprietaire": "Fylkeskommune"}}, {"type": "Feature", "geometry": {"type": "Point", "coordinates": [12.966, 66.48729]}, "properties": {"id": "no-quai-763071316", "country": "no", "name": "Indre Kvarøy ferjekai", "type": "quai", "source": "NVDB", "updated": "2026-09-10", "kommune": 1834, "exploitation": "Trafikkeres", "nb_rampes": 1, "salle_attente": null, "proprietaire": "Fylkeskommune"}}, {"type": "Feature", "geometry": {"type": "Point", "coordinates": [6.13263, 61.11311]}, "properties": {"id": "no-quai-765056771", "country": "no", "name": "Ortnevik kai", "type": "quai", "source": "NVDB", "updated": "2026-09-10", "kommune": 4638, "exploitation": "Trafikkeres", "nb_rampes": 1, "salle_attente": null, "proprietaire": "Fylkeskommune"}}, {"type": "Feature", "geometry": {"type": "Point", "coordinates": [5.18895, 61.0738]}, "properties": {"id": "no-quai-765056772", "country": "no", "name": "Rutledal ferjekai", "type": "quai", "source": "NVDB", "updated": "2026-09-10", "kommune": 4635, "exploitation": "Trafikkeres", "nb_rampes": 1, "salle_attente": null, "proprietaire": "Fylkeskommune"}}, {"type": "Feature", "geometry": {"type": "Point", "coordinates": [5.03023, 61.00034]}, "properties": {"id": "no-quai-765056773", "country": "no", "name": "Mjånes ferjekai", "type": "quai", "source": "NVDB", "updated": "2026-09-10", "kommune": 4635, "exploitation": "Trafikkeres", "nb_rampes": 1, "salle_attente": null, "proprietaire": "Fylkeskommune"}}, {"type": "Feature", "geometry": {"type": "Point", "coordinates": [5.5063, 61.05459]}, "properties": {"id": "no-quai-765056775", "country": "no", "name": "Oppedal ferjekai", "type": "quai", "source": "NVDB", "updated": "2026-09-10", "kommune": 4635, "exploitation": "Trafikkeres", "nb_rampes": 2, "salle_attente": null, "proprietaire": "Stat, Statens vegvesen"}}, {"type": "Feature", "geometry": {"type": "Point", "coordinates": [4.71438, 60.78227]}, "properties": {"id": "no-quai-765056776", "country": "no", "name": "Fedje ferjekai", "type": "quai", "source": "NVDB", "updated": "2026-09-10", "kommune": 4633, "exploitation": "Trafikkeres", "nb_rampes": 1, "salle_attente": null, "proprietaire": "Fylkeskommune"}}, {"type": "Feature", "geometry": {"type": "Point", "coordinates": [4.83049, 60.78857]}, "properties": {"id": "no-quai-765056777", "country": "no", "name": "Sævrøy ferjekai", "type": "quai", "source": "NVDB", "updated": "2026-09-10", "kommune": 4632, "exploitation": "Trafikkeres", "nb_rampes": 1, "salle_attente": null, "proprietaire": "Fylkeskommune"}}, {"type": "Feature", "geometry": {"type": "Point", "coordinates": [5.00486, 60.81467]}, "properties": {"id": "no-quai-765056779", "country": "no", "name": "Leirvåg ferjekai", "type": "quai", "source": "NVDB", "updated": "2026-09-10", "kommune": 4632, "exploitation": "Trafikkeres", "nb_rampes": 1, "salle_attente": null, "proprietaire": "Fylkeskommune"}}, {"type": "Feature", "geometry": {"type": "Point", "coordinates": [5.30355, 60.80067]}, "properties": {"id": "no-quai-765056787", "country": "no", "name": "Masfjordnes ferjekai", "type": "quai", "source": "NVDB", "updated": "2026-09-10", "kommune": 4634, "exploitation": "Trafikkeres", "nb_rampes": 2, "salle_attente": null, "proprietaire": "Fylkeskommune"}}, {"type": "Feature", "geometry": {"type": "Point", "coordinates": [5.3084, 60.80754]}, "properties": {"id": "no-quai-765056789", "country": "no", "name": "Duesund ferjekai", "type": "quai", "source": "NVDB", "updated": "2026-09-10", "kommune": 4634, "exploitation": "Trafikkeres", "nb_rampes": 1, "salle_attente": null, "proprietaire": "Fylkeskommune"}}, {"type": "Feature", "geometry": {"type": "Point", "coordinates": [5.01684, 60.99723]}, "properties": {"id": "no-quai-765056791", "country": "no", "name": "Hisarøy ferjekai", "type": "quai", "source": "NVDB", "updated": "2026-09-10", "kommune": 4635, "exploitation": "Trafikkeres", "nb_rampes": 1, "salle_attente": null, "proprietaire": "Fylkeskommune"}}, {"type": "Feature", "geometry": {"type": "Point", "coordinates": [5.06398, 60.85673]}, "properties": {"id": "no-quai-765056793", "country": "no", "name": "Sløvåg ferjekai", "type": "quai", "source": "NVDB", "updated": "2026-09-10", "kommune": 4635, "exploitation": "Trafikkeres", "nb_rampes": 1, "salle_attente": null, "proprietaire": "Fylkeskommune"}}, {"type": "Feature", "geometry": {"type": "Point", "coordinates": [5.28998, 61.9979]}, "properties": {"id": "no-quai-797359039", "country": "no", "name": "Barmen kai", "type": "quai", "source": "NVDB", "updated": "2026-09-10", "kommune": 4649, "exploitation": "Trafikkeres", "nb_rampes": 1, "salle_attente": null, "proprietaire": "Fylkeskommune"}}, {"type": "Feature", "geometry": {"type": "Point", "coordinates": [12.19728, 65.47223]}, "properties": {"id": "no-quai-851217139", "country": "no", "name": "Hestøya ferjekai", "type": "quai", "source": "NVDB", "updated": "2026-09-10", "kommune": 1813, "exploitation": "Trafikkeres", "nb_rampes": 1, "salle_attente": "Nei", "proprietaire": "Kommune"}}, {"type": "Feature", "geometry": {"type": "Point", "coordinates": [9.66948, 63.68777]}, "properties": {"id": "no-quai-914736855", "country": "no", "name": "Brekstad ferjekai", "type": "quai", "source": "NVDB", "updated": "2026-09-10", "kommune": 5057, "exploitation": "Trafikkeres", "nb_rampes": 1, "salle_attente": null, "proprietaire": "Fylkeskommune"}}, {"type": "Feature", "geometry": {"type": "Point", "coordinates": [6.1651, 62.39509]}, "properties": {"id": "no-quai-983415722", "country": "no", "name": "Sulesund ferjekai", "type": "quai", "source": "NVDB", "updated": "2026-09-10", "kommune": 1531, "exploitation": "Trafikkeres", "nb_rampes": 2, "salle_attente": null, "proprietaire": "Fylkeskommune"}}, {"type": "Feature", "geometry": {"type": "Point", "coordinates": [10.13952, 63.50921]}, "properties": {"id": "no-quai-989825959", "country": "no", "name": "Rørvik ferjekai", "type": "quai", "source": "NVDB", "updated": "2026-09-10", "kommune": 5054, "exploitation": "Trafikkeres", "nb_rampes": 3, "salle_attente": null, "proprietaire": "Fylkeskommune"}}, {"type": "Feature", "geometry": {"type": "Point", "coordinates": [5.25574, 59.41212]}, "properties": {"id": "no-quai-1013506448", "country": "no", "name": "Garpaskjær ferjekai", "type": "quai", "source": "NVDB", "updated": "2026-09-10", "kommune": 1106, "exploitation": "Trafikkeres", "nb_rampes": 1, "salle_attente": null, "proprietaire": "Fylkeskommune"}}, {"type": "Feature", "geometry": {"type": "Point", "coordinates": [7.07962, 61.10776]}, "properties": {"id": "no-quai-1013575454", "country": "no", "name": "Frønningen ferjekai", "type": "quai", "source": "NVDB", "updated": "2026-09-10", "kommune": 4642, "exploitation": "Trafikkeres", "nb_rampes": 1, "salle_attente": "Nei", "proprietaire": "Fylkeskommune"}}, {"type": "Feature", "geometry": {"type": "Point", "coordinates": [8.12545, 63.05302]}, "properties": {"id": "no-quai-1013670656", "country": "no", "name": "Kanestraum ferjekai", "type": "quai", "source": "NVDB", "updated": "2026-09-10", "kommune": 1560, "exploitation": "Trafikkeres", "nb_rampes": 2, "salle_attente": "Nei", "proprietaire": "Stat, Statens vegvesen"}}, {"type": "Feature", "geometry": {"type": "Point", "coordinates": [13.07929, 66.15317]}, "properties": {"id": "no-quai-1014590432", "country": "no", "name": "Levang ferjekai", "type": "quai", "source": "NVDB", "updated": "2026-09-10", "kommune": 1822, "exploitation": "Trafikkeres", "nb_rampes": 1, "salle_attente": "Nei", "proprietaire": "Fylkeskommune"}}, {"type": "Feature", "geometry": {"type": "Point", "coordinates": [9.51948, 58.88438]}, "properties": {"id": "no-quai-1015734171", "country": "no", "name": "Gumøy Tangane brygge", "type": "quai", "source": "NVDB", "updated": "2026-09-10", "kommune": 4014, "exploitation": "Trafikkeres", "nb_rampes": 1, "salle_attente": null, "proprietaire": "Kommune"}}, {"type": "Feature", "geometry": {"type": "Point", "coordinates": [9.48803, 58.9025]}, "properties": {"id": "no-quai-1015734172", "country": "no", "name": "Langøy brygge", "type": "quai", "source": "NVDB", "updated": "2026-09-10", "kommune": 4014, "exploitation": "Trafikkeres", "nb_rampes": 1, "salle_attente": null, "proprietaire": "Kommune"}}, {"type": "Feature", "geometry": {"type": "Point", "coordinates": [9.39945, 58.85815]}, "properties": {"id": "no-quai-1015734173", "country": "no", "name": "Tåtøy ferjekai", "type": "quai", "source": "NVDB", "updated": "2026-09-10", "kommune": 4014, "exploitation": "Trafikkeres", "nb_rampes": 1, "salle_attente": null, "proprietaire": "Kommune"}}, {"type": "Feature", "geometry": {"type": "Point", "coordinates": [9.40544, 58.85088]}, "properties": {"id": "no-quai-1015734174", "country": "no", "name": "Stabbestad ferjekai", "type": "quai", "source": "NVDB", "updated": "2026-09-10", "kommune": 4014, "exploitation": "Trafikkeres", "nb_rampes": 1, "salle_attente": null, "proprietaire": "Kommune"}}, {"type": "Feature", "geometry": {"type": "Point", "coordinates": [9.44133, 58.8601]}, "properties": {"id": "no-quai-1015734175", "country": "no", "name": "Skåtøyroa ferjekai", "type": "quai", "source": "NVDB", "updated": "2026-09-10", "kommune": 4014, "exploitation": "Trafikkeres", "nb_rampes": 1, "salle_attente": null, "proprietaire": "Kommune"}}, {"type": "Feature", "geometry": {"type": "Point", "coordinates": [9.57372, 58.85921]}, "properties": {"id": "no-quai-1015734176", "country": "no", "name": "Jomfruland Åsvik ferjekai", "type": "quai", "source": "NVDB", "updated": "2026-09-10", "kommune": 4014, "exploitation": "Trafikkeres", "nb_rampes": 1, "salle_attente": null, "proprietaire": "Kommune"}}, {"type": "Feature", "geometry": {"type": "Point", "coordinates": [9.44002, 58.87379]}, "properties": {"id": "no-quai-1015734177", "country": "no", "name": "Bærø Gulodden brygge", "type": "quai", "source": "NVDB", "updated": "2026-09-10", "kommune": 4014, "exploitation": "Trafikkeres", "nb_rampes": 1, "salle_attente": null, "proprietaire": "Kommune"}}, {"type": "Feature", "geometry": {"type": "Point", "coordinates": [9.41618, 58.87038]}, "properties": {"id": "no-quai-1015734178", "country": "no", "name": "Kragerø ferjekai", "type": "quai", "source": "NVDB", "updated": "2026-09-10", "kommune": 4014, "exploitation": "Trafikkeres", "nb_rampes": 1, "salle_attente": null, "proprietaire": "Kommune"}}, {"type": "Feature", "geometry": {"type": "Point", "coordinates": [5.74015, 58.97219]}, "properties": {"id": "no-quai-1016099780", "country": "no", "name": "Fiskepirterminalen", "type": "quai", "source": "NVDB", "updated": "2026-09-10", "kommune": 1103, "exploitation": "Trafikkeres", "nb_rampes": 2, "salle_attente": null, "proprietaire": "Fylkeskommune"}}, {"type": "Feature", "geometry": {"type": "Point", "coordinates": [9.50963, 63.58082]}, "properties": {"id": "no-quai-1016273526", "country": "no", "name": "Værnes ferjekai", "type": "quai", "source": "NVDB", "updated": "2026-09-10", "kommune": 5059, "exploitation": "Trafikkeres", "nb_rampes": 1, "salle_attente": null, "proprietaire": "Fylkeskommune"}}, {"type": "Feature", "geometry": {"type": "Point", "coordinates": [9.52118, 63.64497]}, "properties": {"id": "no-quai-1016273527", "country": "no", "name": "Garten ferjekai", "type": "quai", "source": "NVDB", "updated": "2026-09-10", "kommune": 5057, "exploitation": "Trafikkeres", "nb_rampes": 1, "salle_attente": null, "proprietaire": "Fylkeskommune"}}, {"type": "Feature", "geometry": {"type": "Point", "coordinates": [9.25945, 58.75115]}, "properties": {"id": "no-quai-1016317727", "country": "no", "name": "Øysang ferjekai", "type": "quai", "source": "NVDB", "updated": "2026-09-10", "kommune": 4201, "exploitation": "Trafikkeres", "nb_rampes": 1, "salle_attente": null, "proprietaire": null}}, {"type": "Feature", "geometry": {"type": "Point", "coordinates": [9.23593, 58.72062]}, "properties": {"id": "no-quai-1016317728", "country": "no", "name": "Risør Øisangbrygga", "type": "quai", "source": "NVDB", "updated": "2026-09-10", "kommune": 4201, "exploitation": "Trafikkeres", "nb_rampes": 1, "salle_attente": null, "proprietaire": null}}, {"type": "Feature", "geometry": {"type": "Point", "coordinates": [9.26194, 58.73037]}, "properties": {"id": "no-quai-1016319458", "country": "no", "name": "Lille Danmark", "type": "quai", "source": "NVDB", "updated": "2026-09-10", "kommune": 4201, "exploitation": "Trafikkeres", "nb_rampes": 1, "salle_attente": "Nei", "proprietaire": null}}, {"type": "Feature", "geometry": {"type": "Point", "coordinates": [6.2038, 62.5269]}, "properties": {"id": "no-quai-1016520387", "country": "no", "name": "Store Kalvøy ferjekai", "type": "quai", "source": "NVDB", "updated": "2026-09-10", "kommune": 1580, "exploitation": "Trafikkeres", "nb_rampes": 1, "salle_attente": null, "proprietaire": "Kommune"}}, {"type": "Feature", "geometry": {"type": "Point", "coordinates": [16.23565, 68.23205]}, "properties": {"id": "no-quai-1017094126", "country": "no", "name": "Skarberget ferjekai", "type": "quai", "source": "NVDB", "updated": "2026-09-10", "kommune": 1806, "exploitation": "Trafikkeres", "nb_rampes": 1, "salle_attente": null, "proprietaire": "Stat, Statens vegvesen"}}, {"type": "Feature", "geometry": {"type": "Point", "coordinates": [6.43086, 59.01506]}, "properties": {"id": "no-quai-1017169289", "country": "no", "name": "Flørli ferjekai", "type": "quai", "source": "NVDB", "updated": "2026-09-10", "kommune": 1108, "exploitation": "Trafikkeres", "nb_rampes": 1, "salle_attente": null, "proprietaire": "Fylkeskommune"}}, {"type": "Feature", "geometry": {"type": "Point", "coordinates": [5.82746, 59.04739]}, "properties": {"id": "no-quai-1017324637", "country": "no", "name": "Sør-Hidle hurtigbåtkai", "type": "quai", "source": "NVDB", "updated": "2026-09-10", "kommune": 1130, "exploitation": "Trafikkeres", "nb_rampes": 1, "salle_attente": null, "proprietaire": "Kommune"}}, {"type": "Feature", "geometry": {"type": "Point", "coordinates": [5.7788, 59.09145]}, "properties": {"id": "no-quai-1017325576", "country": "no", "name": "Østhusvik hurtigbåtkai", "type": "quai", "source": "NVDB", "updated": "2026-09-10", "kommune": 1103, "exploitation": "Trafikkeres", "nb_rampes": 1, "salle_attente": null, "proprietaire": "Kommune"}}, {"type": "Feature", "geometry": {"type": "Point", "coordinates": [5.89581, 59.02615]}, "properties": {"id": "no-quai-1017331809", "country": "no", "name": "Heng hurtigbåtkai", "type": "quai", "source": "NVDB", "updated": "2026-09-10", "kommune": 1130, "exploitation": "Trafikkeres", "nb_rampes": 1, "salle_attente": null, "proprietaire": null}}, {"type": "Feature", "geometry": {"type": "Point", "coordinates": [16.35754, 68.09324]}, "properties": {"id": "no-quai-1017563498", "country": "no", "name": "Kjøpsvik ferjekai", "type": "quai", "source": "NVDB", "updated": "2026-09-10", "kommune": 1806, "exploitation": "Trafikkeres", "nb_rampes": null, "salle_attente": null, "proprietaire": "Stat, Statens vegvesen"}}, {"type": "Feature", "geometry": {"type": "Point", "coordinates": [16.08001, 68.04729]}, "properties": {"id": "no-quai-1017563508", "country": "no", "name": "Drag ferjekai", "type": "quai", "source": "NVDB", "updated": "2026-09-10", "kommune": 1875, "exploitation": "Trafikkeres", "nb_rampes": 1, "salle_attente": null, "proprietaire": "Stat, Statens vegvesen"}}, {"type": "Feature", "geometry": {"type": "Point", "coordinates": [9.76501, 59.02997]}, "properties": {"id": "no-quai-1017564045", "country": "no", "name": "Siktesøya brygge", "type": "quai", "source": "NVDB", "updated": "2026-09-10", "kommune": 4001, "exploitation": "Trafikkeres", "nb_rampes": null, "salle_attente": null, "proprietaire": "Kommune"}}, {"type": "Feature", "geometry": {"type": "Point", "coordinates": [6.06379, 59.1785]}, "properties": {"id": "no-quai-1018098572", "country": "no", "name": "Fister hurtigbåtkai", "type": "quai", "source": "NVDB", "updated": "2026-09-10", "kommune": 1133, "exploitation": "Trafikkeres", "nb_rampes": 1, "salle_attente": null, "proprietaire": null}}, {"type": "Feature", "geometry": {"type": "Point", "coordinates": [9.93424, 64.02659]}, "properties": {"id": "no-quai-1018185577", "country": "no", "name": "Linesøy ferjeleie", "type": "quai", "source": "NVDB", "updated": "2026-09-10", "kommune": 5058, "exploitation": "Beredskapskai", "nb_rampes": 1, "salle_attente": null, "proprietaire": "Fylkeskommune"}}, {"type": "Feature", "geometry": {"type": "Point", "coordinates": [9.11217, 63.51704]}, "properties": {"id": "no-quai-1018185789", "country": "no", "name": "Sandstad ferjekaibru", "type": "quai", "source": "NVDB", "updated": "2026-09-10", "kommune": 5056, "exploitation": "Beredskapskai", "nb_rampes": 1, "salle_attente": null, "proprietaire": "Fylkeskommune"}}, {"type": "Feature", "geometry": {"type": "Point", "coordinates": [8.77781, 63.65418]}, "properties": {"id": "no-quai-1018185795", "country": "no", "name": "Kjerringvåg ferjeleie", "type": "quai", "source": "NVDB", "updated": "2026-09-10", "kommune": 5056, "exploitation": "Beredskapskai", "nb_rampes": 1, "salle_attente": null, "proprietaire": "Fylkeskommune"}}, {"type": "Feature", "geometry": {"type": "Point", "coordinates": [5.84802, 58.93037]}, "properties": {"id": "no-quai-1019018712", "country": "no", "name": "Hommersåk ferjekai", "type": "quai", "source": "NVDB", "updated": "2026-09-10", "kommune": 1108, "exploitation": "Trafikkeres", "nb_rampes": 1, "salle_attente": null, "proprietaire": null}}, {"type": "Feature", "geometry": {"type": "Point", "coordinates": [5.8358, 58.94098]}, "properties": {"id": "no-quai-1019018755", "country": "no", "name": "Usken ferjekai", "type": "quai", "source": "NVDB", "updated": "2026-09-10", "kommune": 1108, "exploitation": "Trafikkeres", "nb_rampes": 1, "salle_attente": null, "proprietaire": null}}, {"type": "Feature", "geometry": {"type": "Point", "coordinates": [5.84406, 58.96153]}, "properties": {"id": "no-quai-1019018994", "country": "no", "name": "Uskakalven ferjekai", "type": "quai", "source": "NVDB", "updated": "2026-09-10", "kommune": 1108, "exploitation": "Trafikkeres", "nb_rampes": 1, "salle_attente": null, "proprietaire": null}}, {"type": "Feature", "geometry": {"type": "Point", "coordinates": [5.82749, 58.97683]}, "properties": {"id": "no-quai-1019018997", "country": "no", "name": "Kalvøy ferjekai", "type": "quai", "source": "NVDB", "updated": "2026-09-10", "kommune": 1103, "exploitation": "Trafikkeres", "nb_rampes": 1, "salle_attente": null, "proprietaire": null}}, {"type": "Feature", "geometry": {"type": "Point", "coordinates": [5.82204, 58.98495]}, "properties": {"id": "no-quai-1019019021", "country": "no", "name": "Hellesøy ferjekai", "type": "quai", "source": "NVDB", "updated": "2026-09-10", "kommune": 1103, "exploitation": "Trafikkeres", "nb_rampes": 1, "salle_attente": null, "proprietaire": null}}, {"type": "Feature", "geometry": {"type": "Point", "coordinates": [5.80712, 58.99217]}, "properties": {"id": "no-quai-1019019054", "country": "no", "name": "Lindøy ferjekai", "type": "quai", "source": "NVDB", "updated": "2026-09-10", "kommune": 1103, "exploitation": "Trafikkeres", "nb_rampes": 1, "salle_attente": null, "proprietaire": null}}, {"type": "Feature", "geometry": {"type": "Point", "coordinates": [5.77243, 59.00283]}, "properties": {"id": "no-quai-1019019057", "country": "no", "name": "Langøy ferjekai", "type": "quai", "source": "NVDB", "updated": "2026-09-10", "kommune": 1103, "exploitation": "Trafikkeres", "nb_rampes": 1, "salle_attente": null, "proprietaire": null}}, {"type": "Feature", "geometry": {"type": "Point", "coordinates": [5.16996, 60.23257]}, "properties": {"id": "no-quai-1019023052", "country": "no", "name": "Lerøy ferjekai", "type": "quai", "source": "NVDB", "updated": "2026-09-10", "kommune": 4626, "exploitation": "Trafikkeres", "nb_rampes": 1, "salle_attente": null, "proprietaire": null}}, {"type": "Feature", "geometry": {"type": "Point", "coordinates": [5.85022, 58.9396]}, "properties": {"id": "no-quai-1019040418", "country": "no", "name": "Sjølvik ferjekai", "type": "quai", "source": "NVDB", "updated": "2026-09-10", "kommune": 1108, "exploitation": "Trafikkeres", "nb_rampes": 1, "salle_attente": null, "proprietaire": null}}, {"type": "Feature", "geometry": {"type": "Point", "coordinates": [5.85192, 58.95358]}, "properties": {"id": "no-quai-1019040425", "country": "no", "name": "Rosenvik ferjekai", "type": "quai", "source": "NVDB", "updated": "2026-09-10", "kommune": 1108, "exploitation": "Trafikkeres", "nb_rampes": 1, "salle_attente": null, "proprietaire": null}}, {"type": "Feature", "geometry": {"type": "Point", "coordinates": [5.86445, 58.95938]}, "properties": {"id": "no-quai-1019040429", "country": "no", "name": "Stølsvik ferjekai", "type": "quai", "source": "NVDB", "updated": "2026-09-10", "kommune": 1108, "exploitation": "Trafikkeres", "nb_rampes": 1, "salle_attente": null, "proprietaire": null}}, {"type": "Feature", "geometry": {"type": "Point", "coordinates": [5.81754, 58.98425]}, "properties": {"id": "no-quai-1019040435", "country": "no", "name": "Tunsøy ferjekai", "type": "quai", "source": "NVDB", "updated": "2026-09-10", "kommune": 1103, "exploitation": "Trafikkeres", "nb_rampes": 1, "salle_attente": null, "proprietaire": null}}, {"type": "Feature", "geometry": {"type": "Point", "coordinates": [5.75242, 58.9869]}, "properties": {"id": "no-quai-1019040442", "country": "no", "name": "Steinsøy ferjekai", "type": "quai", "source": "NVDB", "updated": "2026-09-10", "kommune": 1103, "exploitation": "Trafikkeres", "nb_rampes": 1, "salle_attente": null, "proprietaire": null}}, {"type": "Feature", "geometry": {"type": "Point", "coordinates": [20.84639, 70.03212]}, "properties": {"id": "no-quai-1019173197", "country": "no", "name": "Storstein ferjekai", "type": "quai", "source": "NVDB", "updated": "2026-09-10", "kommune": 5542, "exploitation": "Trafikkeres", "nb_rampes": 2, "salle_attente": "Ja", "proprietaire": "Fylkeskommune"}}, {"type": "Feature", "geometry": {"type": "Point", "coordinates": [13.00915, 66.51205]}, "properties": {"id": "no-quai-1019225642", "country": "no", "name": "Tonnes ferjekai", "type": "quai", "source": "NVDB", "updated": "2026-09-10", "kommune": 1834, "exploitation": "Trafikkeres", "nb_rampes": null, "salle_attente": null, "proprietaire": null}}, {"type": "Feature", "geometry": {"type": "Point", "coordinates": [12.11397, 65.18303]}, "properties": {"id": "no-quai-1019312851", "country": "no", "name": "Holm ferjekai", "type": "quai", "source": "NVDB", "updated": "2026-09-10", "kommune": 1811, "exploitation": "Trafikkeres", "nb_rampes": 2, "salle_attente": "Ja", "proprietaire": "Fylkeskommune"}}, {"type": "Feature", "geometry": {"type": "Point", "coordinates": [10.95878, 59.06116]}, "properties": {"id": "no-quai-1019605130", "country": "no", "name": "Skipstadsand", "type": "quai", "source": "NVDB", "updated": "2026-09-10", "kommune": 3110, "exploitation": "Beredskapskai", "nb_rampes": 1, "salle_attente": "Nei", "proprietaire": "Fylkeskommune"}}, {"type": "Feature", "geometry": {"type": "Point", "coordinates": [10.99551, 59.07304]}, "properties": {"id": "no-quai-1019606119", "country": "no", "name": "Korshavn", "type": "quai", "source": "NVDB", "updated": "2026-09-10", "kommune": 3110, "exploitation": "Beredskapskai", "nb_rampes": 1, "salle_attente": "Nei", "proprietaire": "Fylkeskommune"}}, {"type": "Feature", "geometry": {"type": "Point", "coordinates": [9.69733, 59.05121]}, "properties": {"id": "no-quai-1019788629", "country": "no", "name": "Brevik ferjekai", "type": "quai", "source": "NVDB", "updated": "2026-09-10", "kommune": 4001, "exploitation": "Trafikkeres", "nb_rampes": 1, "salle_attente": null, "proprietaire": "Kommune"}}, {"type": "Feature", "geometry": {"type": "Point", "coordinates": [9.7289, 59.04602]}, "properties": {"id": "no-quai-1019807838", "country": "no", "name": "Sandøya ferjekai", "type": "quai", "source": "NVDB", "updated": "2026-09-10", "kommune": 4001, "exploitation": "Trafikkeres", "nb_rampes": 1, "salle_attente": null, "proprietaire": "Kommune"}}, {"type": "Feature", "geometry": {"type": "Point", "coordinates": [9.47872, 58.86206]}, "properties": {"id": "no-quai-1021056257", "country": "no", "name": "Skåtøy brygge", "type": "quai", "source": "NVDB", "updated": "2026-09-10", "kommune": 4014, "exploitation": "Trafikkeres", "nb_rampes": 1, "salle_attente": null, "proprietaire": "Kommune"}}, {"type": "Feature", "geometry": {"type": "Point", "coordinates": [11.06387, 59.01692]}, "properties": {"id": "no-quai-1022012545", "country": "no", "name": "Nedgården fergeleie", "type": "quai", "source": "NVDB", "updated": "2026-09-10", "kommune": 3110, "exploitation": "Trafikkeres", "nb_rampes": 1, "salle_attente": null, "proprietaire": "Kommune"}}, {"type": "Feature", "geometry": {"type": "Point", "coordinates": [11.09463, 59.02805]}, "properties": {"id": "no-quai-1022013982", "country": "no", "name": "Sanne fergeleie", "type": "quai", "source": "NVDB", "updated": "2026-09-10", "kommune": 3110, "exploitation": "Trafikkeres", "nb_rampes": 1, "salle_attente": null, "proprietaire": "Kommune"}}, {"type": "Feature", "geometry": {"type": "Point", "coordinates": [11.11158, 59.04466]}, "properties": {"id": "no-quai-1022015407", "country": "no", "name": "Makø fergeleie", "type": "quai", "source": "NVDB", "updated": "2026-09-10", "kommune": 3110, "exploitation": "Trafikkeres", "nb_rampes": 1, "salle_attente": null, "proprietaire": "Kommune"}}, {"type": "Feature", "geometry": {"type": "Point", "coordinates": [11.1, 59.0242]}, "properties": {"id": "no-quai-1022016426", "country": "no", "name": "Gravningsund fergeleie", "type": "quai", "source": "NVDB", "updated": "2026-09-10", "kommune": 3110, "exploitation": "Trafikkeres", "nb_rampes": 1, "salle_attente": null, "proprietaire": "Kommune"}}, {"type": "Feature", "geometry": {"type": "Point", "coordinates": [11.0567, 59.002]}, "properties": {"id": "no-quai-1022016484", "country": "no", "name": "Herføl fergeleie", "type": "quai", "source": "NVDB", "updated": "2026-09-10", "kommune": 3110, "exploitation": "Trafikkeres", "nb_rampes": 1, "salle_attente": null, "proprietaire": "Kommune"}}, {"type": "Feature", "geometry": {"type": "Point", "coordinates": [23.32877, 69.97681]}, "properties": {"id": "no-quai-1022125354", "country": "no", "name": "Alta hurtigbåtterminal", "type": "quai", "source": "NVDB", "updated": "2026-09-10", "kommune": 5601, "exploitation": "Trafikkeres", "nb_rampes": 1, "salle_attente": null, "proprietaire": null}}, {"type": "Feature", "geometry": {"type": "Point", "coordinates": [23.27293, 70.1435]}, "properties": {"id": "no-quai-1022125409", "country": "no", "name": "Kongshus kai", "type": "quai", "source": "NVDB", "updated": "2026-09-10", "kommune": 5601, "exploitation": "Trafikkeres", "nb_rampes": 1, "salle_attente": null, "proprietaire": null}}, {"type": "Feature", "geometry": {"type": "Point", "coordinates": [23.19174, 70.21541]}, "properties": {"id": "no-quai-1022125413", "country": "no", "name": "Storekorsnes hurtigbåtkai", "type": "quai", "source": "NVDB", "updated": "2026-09-10", "kommune": 5601, "exploitation": "Trafikkeres", "nb_rampes": 1, "salle_attente": null, "proprietaire": null}}, {"type": "Feature", "geometry": {"type": "Point", "coordinates": [23.05554, 70.33187]}, "properties": {"id": "no-quai-1022125438", "country": "no", "name": "Altneset kombibåtkai", "type": "quai", "source": "NVDB", "updated": "2026-09-10", "kommune": 5601, "exploitation": "Trafikkeres", "nb_rampes": 1, "salle_attente": null, "proprietaire": null}}, {"type": "Feature", "geometry": {"type": "Point", "coordinates": [22.87423, 70.31912]}, "properties": {"id": "no-quai-1022125443", "country": "no", "name": "Kvalfjord kai", "type": "quai", "source": "NVDB", "updated": "2026-09-10", "kommune": 5601, "exploitation": "Trafikkeres", "nb_rampes": 1, "salle_attente": null, "proprietaire": null}}, {"type": "Feature", "geometry": {"type": "Point", "coordinates": [24.67609, 70.99449]}, "properties": {"id": "no-quai-1022125453", "country": "no", "name": "Havøysund kai", "type": "quai", "source": "NVDB", "updated": "2026-09-10", "kommune": 5618, "exploitation": "Trafikkeres", "nb_rampes": 1, "salle_attente": null, "proprietaire": null}}, {"type": "Feature", "geometry": {"type": "Point", "coordinates": [24.12883, 70.99216]}, "properties": {"id": "no-quai-1022125459", "country": "no", "name": "Gunnarnes kai", "type": "quai", "source": "NVDB", "updated": "2026-09-10", "kommune": 5618, "exploitation": "Trafikkeres", "nb_rampes": 1, "salle_attente": null, "proprietaire": null}}, {"type": "Feature", "geometry": {"type": "Point", "coordinates": [24.06179, 71.08433]}, "properties": {"id": "no-quai-1022125464", "country": "no", "name": "Ingøy kai", "type": "quai", "source": "NVDB", "updated": "2026-09-10", "kommune": 5618, "exploitation": "Trafikkeres", "nb_rampes": 1, "salle_attente": null, "proprietaire": null}}, {"type": "Feature", "geometry": {"type": "Point", "coordinates": [25.01501, 71.00549]}, "properties": {"id": "no-quai-1022125466", "country": "no", "name": "Måsøy kai", "type": "quai", "source": "NVDB", "updated": "2026-09-10", "kommune": 5618, "exploitation": "Trafikkeres", "nb_rampes": 1, "salle_attente": null, "proprietaire": null}}, {"type": "Feature", "geometry": {"type": "Point", "coordinates": [5.8839, 59.26027]}, "properties": {"id": "no-quai-1022323207", "country": "no", "name": "Nesheim ferjekai", "type": "quai", "source": "NVDB", "updated": "2026-09-10", "kommune": 1103, "exploitation": "Trafikkeres", "nb_rampes": 1, "salle_attente": null, "proprietaire": null}}, {"type": "Feature", "geometry": {"type": "Point", "coordinates": [14.98936, 68.31594]}, "properties": {"id": "no-quai-1022386889", "country": "no", "name": "Digermulen ferjekai", "type": "quai", "source": "NVDB", "updated": "2026-09-10", "kommune": 1865, "exploitation": "Trafikkeres", "nb_rampes": 1, "salle_attente": "Nei", "proprietaire": "Fylkeskommune"}}, {"type": "Feature", "geometry": {"type": "Point", "coordinates": [10.65708, 59.87096]}, "properties": {"id": "no-quai-1022816301", "country": "no", "name": "sans nom", "type": "quai", "source": "NVDB", "updated": "2026-09-10", "kommune": 3212, "exploitation": "Trafikkeres", "nb_rampes": 2, "salle_attente": null, "proprietaire": "Uavklart"}}, {"type": "Feature", "geometry": {"type": "Point", "coordinates": [18.5876, 69.83702]}, "properties": {"id": "no-quai-1025240206", "country": "no", "name": "Vengsøy Ferjekai", "type": "quai", "source": "NVDB", "updated": "2026-09-10", "kommune": 5501, "exploitation": "Trafikkeres", "nb_rampes": 1, "salle_attente": "Nei", "proprietaire": "Fylkeskommune"}}, {"type": "Feature", "geometry": {"type": "Point", "coordinates": [15.77519, 68.62524]}, "properties": {"id": "no-quai-1025240709", "country": "no", "name": "Forøysæter Ferjekai", "type": "quai", "source": "NVDB", "updated": "2026-09-10", "kommune": 5510, "exploitation": "Beredskapskai", "nb_rampes": 1, "salle_attente": "Nei", "proprietaire": "Fylkeskommune"}}, {"type": "Feature", "geometry": {"type": "Point", "coordinates": [23.6226, 70.60134]}, "properties": {"id": "no-quai-1026111164", "country": "no", "name": "Klokkarøy ferjekai", "type": "quai", "source": "NVDB", "updated": "2026-09-10", "kommune": 5603, "exploitation": "Trafikkeres", "nb_rampes": 1, "salle_attente": null, "proprietaire": null}}, {"type": "Feature", "geometry": {"type": "Point", "coordinates": [9.39917, 63.5873]}, "properties": {"id": "no-quai-1026626588", "country": "no", "name": "Leksa ferjekai", "type": "quai", "source": "NVDB", "updated": "2026-09-10", "kommune": 5059, "exploitation": "Trafikkeres", "nb_rampes": 1, "salle_attente": null, "proprietaire": "Fylkeskommune"}}, {"type": "Feature", "geometry": {"type": "Point", "coordinates": [9.43668, 63.65889]}, "properties": {"id": "no-quai-1026741466", "country": "no", "name": "Storfosna ferjekai", "type": "quai", "source": "NVDB", "updated": "2026-09-10", "kommune": 5057, "exploitation": "Trafikkeres", "nb_rampes": 1, "salle_attente": null, "proprietaire": "Fylkeskommune"}}, {"type": "Feature", "geometry": {"type": "Point", "coordinates": [9.57768, 63.78062]}, "properties": {"id": "no-quai-1026746185", "country": "no", "name": "Djupfest ferjekai", "type": "quai", "source": "NVDB", "updated": "2026-09-10", "kommune": 5057, "exploitation": "Trafikkeres", "nb_rampes": 1, "salle_attente": null, "proprietaire": "Kommune"}}, {"type": "Feature", "geometry": {"type": "Point", "coordinates": [9.42766, 63.79613]}, "properties": {"id": "no-quai-1026751536", "country": "no", "name": "Tarva ferjekai", "type": "quai", "source": "NVDB", "updated": "2026-09-10", "kommune": 5057, "exploitation": "Trafikkeres", "nb_rampes": 1, "salle_attente": null, "proprietaire": "Kommune"}}, {"type": "Feature", "geometry": {"type": "Point", "coordinates": [5.70809, 59.73821]}, "properties": {"id": "no-quai-1027043750", "country": "no", "name": "Fjelbergøy ferjekai", "type": "quai", "source": "NVDB", "updated": "2026-09-10", "kommune": 4617, "exploitation": "Trafikkeres", "nb_rampes": 1, "salle_attente": null, "proprietaire": null}}, {"type": "Feature", "geometry": {"type": "Point", "coordinates": [16.59929, 58.442]}, "properties": {"id": "osm-n-295294", "country": "se", "source": "OSM", "updated": "2026-09-12", "name": "Söderkrog", "type": "quai"}}, {"type": "Feature", "geometry": {"type": "Point", "coordinates": [18.93209, 59.65987]}, "properties": {"id": "osm-n-5530966", "country": "se", "source": "OSM", "updated": "2026-09-12", "name": "Köpmanholm", "type": "quai"}}, {"type": "Feature", "geometry": {"type": "Point", "coordinates": [18.92547, 59.66308]}, "properties": {"id": "osm-n-5530979", "country": "se", "source": "OSM", "updated": "2026-09-12", "name": "Furusund", "type": "quai"}}, {"type": "Feature", "geometry": {"type": "Point", "coordinates": [16.59622, 58.63783]}, "properties": {"id": "osm-n-13871568", "country": "se", "source": "OSM", "updated": "2026-09-12", "name": "Säter", "type": "quai"}}, {"type": "Feature", "geometry": {"type": "Point", "coordinates": [16.59459, 58.6287]}, "properties": {"id": "osm-n-13871569", "country": "se", "source": "OSM", "updated": "2026-09-12", "name": "Skenäs", "type": "quai"}}, {"type": "Feature", "geometry": {"type": "Point", "coordinates": [12.69152, 56.04331]}, "properties": {"id": "osm-n-15408180", "country": "se", "source": "OSM", "updated": "2026-09-12", "name": "Helsingborg-Helsingør", "type": "quai"}}, {"type": "Feature", "geometry": {"type": "Point", "coordinates": [17.98816, 59.31563]}, "properties": {"id": "osm-n-16864088", "country": "se", "source": "OSM", "updated": "2026-09-12", "name": "Ekensberg", "type": "quai", "route": "8018"}}, {"type": "Feature", "geometry": {"type": "Point", "coordinates": [17.68994, 59.04976]}, "properties": {"id": "osm-n-16893189", "country": "se", "source": "OSM", "updated": "2026-09-12", "name": "Mörkö", "type": "quai"}}, {"type": "Feature", "geometry": {"type": "Point", "coordinates": [11.8287, 57.6259]}, "properties": {"id": "osm-n-22908779", "country": "se", "source": "OSM", "updated": "2026-09-12", "name": "Knarrholmen", "type": "quai", "operateur": "Västtrafik"}}, {"type": "Feature", "geometry": {"type": "Point", "coordinates": [11.16853, 58.93892]}, "properties": {"id": "osm-n-23180915", "country": "se", "source": "OSM", "updated": "2026-09-12", "name": "Norra Hamnen", "type": "quai", "route": "C"}}, {"type": "Feature", "geometry": {"type": "Point", "coordinates": [11.11219, 58.91071]}, "properties": {"id": "osm-n-23181925", "country": "se", "source": "OSM", "updated": "2026-09-12", "name": "Styrsö", "type": "quai", "operateur": "Koster Marin AB"}}, {"type": "Feature", "geometry": {"type": "Point", "coordinates": [11.13081, 58.92345]}, "properties": {"id": "osm-n-23182867", "country": "se", "source": "OSM", "updated": "2026-09-12", "name": "Öddö", "type": "quai", "operateur": "Koster Marin AB"}}, {"type": "Feature", "geometry": {"type": "Point", "coordinates": [11.04884, 58.89355]}, "properties": {"id": "osm-n-23187772", "country": "se", "source": "OSM", "updated": "2026-09-12", "name": "Ekenäs", "type": "quai", "operateur": "Koster Marin AB"}}, {"type": "Feature", "geometry": {"type": "Point", "coordinates": [11.40405, 58.1789]}, "properties": {"id": "osm-n-23260488", "country": "se", "source": "OSM", "updated": "2026-09-12", "name": "Gullholmen hamnen", "type": "quai", "route": "A"}}, {"type": "Feature", "geometry": {"type": "Point", "coordinates": [11.54363, 58.2374]}, "properties": {"id": "osm-n-23286487", "country": "se", "source": "OSM", "updated": "2026-09-12", "name": "Ängö brygga", "type": "quai"}}, {"type": "Feature", "geometry": {"type": "Point", "coordinates": [15.28508, 56.16832]}, "properties": {"id": "osm-n-25085073", "country": "se", "source": "OSM", "updated": "2026-09-12", "name": "Ekenäs", "type": "quai"}}, {"type": "Feature", "geometry": {"type": "Point", "coordinates": [16.67913, 57.73791]}, "properties": {"id": "osm-n-25183501", "country": "se", "source": "OSM", "updated": "2026-09-12", "name": "Västervik Resort", "type": "quai", "operateur": "Rais Skärgårdsturer"}}, {"type": "Feature", "geometry": {"type": "Point", "coordinates": [11.68935, 57.71304]}, "properties": {"id": "osm-n-26038561", "country": "se", "source": "OSM", "updated": "2026-09-12", "name": "Gröneviks färjeläge", "type": "quai", "operateur": "Trafikverket"}}, {"type": "Feature", "geometry": {"type": "Point", "coordinates": [13.48738, 59.38105]}, "properties": {"id": "osm-n-26405742", "country": "se", "source": "OSM", "updated": "2026-09-12", "name": "NWT", "type": "quai", "exploitation": "saisonnier", "operateur": "Karlstadsbuss"}}, {"type": "Feature", "geometry": {"type": "Point", "coordinates": [11.53495, 58.30013]}, "properties": {"id": "osm-n-26580369", "country": "se", "source": "OSM", "updated": "2026-09-12", "name": "Skår", "type": "quai"}}, {"type": "Feature", "geometry": {"type": "Point", "coordinates": [11.50432, 58.30256]}, "properties": {"id": "osm-n-26580493", "country": "se", "source": "OSM", "updated": "2026-09-12", "name": "Finnsbo färjeläge", "type": "quai"}}, {"type": "Feature", "geometry": {"type": "Point", "coordinates": [17.65452, 66.94505]}, "properties": {"id": "osm-n-29088886", "country": "se", "source": "OSM", "updated": "2026-09-12", "name": "Bobäcken", "type": "quai"}}, {"type": "Feature", "geometry": {"type": "Point", "coordinates": [18.63847, 63.04903]}, "properties": {"id": "osm-n-29125104", "country": "se", "source": "OSM", "updated": "2026-09-12", "name": "Fjären", "type": "quai"}}, {"type": "Feature", "geometry": {"type": "Point", "coordinates": [18.38482, 59.45208]}, "properties": {"id": "osm-n-29645435", "country": "se", "source": "OSM", "updated": "2026-09-12", "name": "Lervik", "type": "quai"}}, {"type": "Feature", "geometry": {"type": "Point", "coordinates": [18.06164, 59.32448]}, "properties": {"id": "osm-n-29761139", "country": "se", "source": "OSM", "updated": "2026-09-12", "name": "Riddarholmen", "type": "quai", "operateur": "E/S Movitz"}}, {"type": "Feature", "geometry": {"type": "Point", "coordinates": [14.3049, 63.12902]}, "properties": {"id": "osm-n-30102961", "country": "se", "source": "OSM", "updated": "2026-09-12", "name": "embarcadère", "type": "quai"}}, {"type": "Feature", "geometry": {"type": "Point", "coordinates": [14.40699, 63.13661]}, "properties": {"id": "osm-n-30851067", "country": "se", "source": "OSM", "updated": "2026-09-12", "name": "embarcadère", "type": "quai"}}, {"type": "Feature", "geometry": {"type": "Point", "coordinates": [14.34085, 63.14422]}, "properties": {"id": "osm-n-30851179", "country": "se", "source": "OSM", "updated": "2026-09-12", "name": "embarcadère", "type": "quai"}}, {"type": "Feature", "geometry": {"type": "Point", "coordinates": [14.379, 63.13886]}, "properties": {"id": "osm-n-30851284", "country": "se", "source": "OSM", "updated": "2026-09-12", "name": "embarcadère", "type": "quai"}}, {"type": "Feature", "geometry": {"type": "Point", "coordinates": [13.21651, 58.81143]}, "properties": {"id": "osm-n-31068130", "country": "se", "source": "OSM", "updated": "2026-09-12", "name": "embarcadère", "type": "quai"}}, {"type": "Feature", "geometry": {"type": "Point", "coordinates": [11.8999, 59.13786]}, "properties": {"id": "osm-n-32006220", "country": "se", "source": "OSM", "updated": "2026-09-12", "name": "embarcadère", "type": "quai", "operateur": "Trafikverket Färjerederiet"}}, {"type": "Feature", "geometry": {"type": "Point", "coordinates": [18.23522, 59.35714]}, "properties": {"id": "osm-n-34058974", "country": "se", "source": "OSM", "updated": "2026-09-12", "name": "Gåshaga brygga", "type": "quai"}}, {"type": "Feature", "geometry": {"type": "Point", "coordinates": [18.11032, 59.31513]}, "properties": {"id": "osm-n-35120411", "country": "se", "source": "OSM", "updated": "2026-09-12", "name": "Saltsjöqvarn", "type": "quai"}}, {"type": "Feature", "geometry": {"type": "Point", "coordinates": [18.07649, 59.33144]}, "properties": {"id": "osm-n-35977847", "country": "se", "source": "OSM", "updated": "2026-09-12", "name": "Nybrokajen", "type": "quai", "operateur": "Strömma Kanalbolaget"}}, {"type": "Feature", "geometry": {"type": "Point", "coordinates": [18.07634, 59.33168]}, "properties": {"id": "osm-n-35977848", "country": "se", "source": "OSM", "updated": "2026-09-12", "name": "Nybrokajen", "type": "quai", "operateur": "Strömma Kanalbolaget"}}, {"type": "Feature", "geometry": {"type": "Point", "coordinates": [18.07639, 59.3319]}, "properties": {"id": "osm-n-35977851", "country": "se", "source": "OSM", "updated": "2026-09-12", "name": "Nybroplan", "type": "quai"}}, {"type": "Feature", "geometry": {"type": "Point", "coordinates": [18.07707, 59.33223]}, "properties": {"id": "osm-n-35977856", "country": "se", "source": "OSM", "updated": "2026-09-12", "name": "Nybroplan", "type": "quai"}}, {"type": "Feature", "geometry": {"type": "Point", "coordinates": [17.70313, 58.97056]}, "properties": {"id": "osm-n-38453758", "country": "se", "source": "OSM", "updated": "2026-09-12", "name": "embarcadère", "type": "quai"}}, {"type": "Feature", "geometry": {"type": "Point", "coordinates": [18.34994, 59.40011]}, "properties": {"id": "osm-n-52141969", "country": "se", "source": "OSM", "updated": "2026-09-12", "name": "Färjeläget Vaxholm", "type": "quai"}}, {"type": "Feature", "geometry": {"type": "Point", "coordinates": [18.44889, 59.39672]}, "properties": {"id": "osm-n-52143716", "country": "se", "source": "OSM", "updated": "2026-09-12", "name": "Stenslätten", "type": "quai"}}, {"type": "Feature", "geometry": {"type": "Point", "coordinates": [18.47181, 59.42437]}, "properties": {"id": "osm-n-52145489", "country": "se", "source": "OSM", "updated": "2026-09-12", "name": "Vårholma", "type": "quai"}}, {"type": "Feature", "geometry": {"type": "Point", "coordinates": [18.43984, 59.439]}, "properties": {"id": "osm-n-52148576", "country": "se", "source": "OSM", "updated": "2026-09-12", "name": "Bjurön", "type": "quai"}}, {"type": "Feature", "geometry": {"type": "Point", "coordinates": [16.6247, 60.18285]}, "properties": {"id": "osm-n-89754000", "country": "se", "source": "OSM", "updated": "2026-09-12", "name": "embarcadère", "type": "quai"}}, {"type": "Feature", "geometry": {"type": "Point", "coordinates": [17.86991, 59.25765]}, "properties": {"id": "osm-n-115116510", "country": "se", "source": "OSM", "updated": "2026-09-12", "name": "Slagsta", "type": "quai", "operateur": "Trafikverket"}}, {"type": "Feature", "geometry": {"type": "Point", "coordinates": [18.36461, 59.40348]}, "properties": {"id": "osm-n-119776178", "country": "se", "source": "OSM", "updated": "2026-09-12", "name": "Rindö Smedja", "type": "quai"}}, {"type": "Feature", "geometry": {"type": "Point", "coordinates": [18.44095, 59.39551]}, "properties": {"id": "osm-n-119785318", "country": "se", "source": "OSM", "updated": "2026-09-12", "name": "Rindö", "type": "quai"}}, {"type": "Feature", "geometry": {"type": "Point", "coordinates": [17.84628, 59.27119]}, "properties": {"id": "osm-n-130071152", "country": "se", "source": "OSM", "updated": "2026-09-12", "name": "Ekerö", "type": "quai", "operateur": "Trafikverket"}}, {"type": "Feature", "geometry": {"type": "Point", "coordinates": [12.62477, 56.42768]}, "properties": {"id": "osm-n-132585097", "country": "se", "source": "OSM", "updated": "2026-09-12", "name": "embarcadère", "type": "quai"}}, {"type": "Feature", "geometry": {"type": "Point", "coordinates": [12.56402, 56.44593]}, "properties": {"id": "osm-n-132585338", "country": "se", "source": "OSM", "updated": "2026-09-12", "name": "Sandhamn", "type": "quai"}}, {"type": "Feature", "geometry": {"type": "Point", "coordinates": [11.88004, 57.81795]}, "properties": {"id": "osm-n-148814410", "country": "se", "source": "OSM", "updated": "2026-09-12", "name": "Kornhallsleden", "type": "quai"}}, {"type": "Feature", "geometry": {"type": "Point", "coordinates": [18.09587, 59.31678]}, "properties": {"id": "osm-n-160010639", "country": "se", "source": "OSM", "updated": "2026-09-12", "name": "Viking Line: Stadsgården, Stockholm", "type": "quai"}}, {"type": "Feature", "geometry": {"type": "Point", "coordinates": [11.6669, 57.69857]}, "properties": {"id": "osm-n-171316376", "country": "se", "source": "OSM", "updated": "2026-09-12", "name": "Hönö färjeläge", "type": "quai", "route": "E"}}, {"type": "Feature", "geometry": {"type": "Point", "coordinates": [11.64175, 57.74422]}, "properties": {"id": "osm-n-171357825", "country": "se", "source": "OSM", "updated": "2026-09-12", "name": "embarcadère", "type": "quai"}}, {"type": "Feature", "geometry": {"type": "Point", "coordinates": [11.70294, 57.70854]}, "properties": {"id": "osm-n-173159163", "country": "se", "source": "OSM", "updated": "2026-09-12", "name": "Lilla Varholmen", "type": "quai"}}, {"type": "Feature", "geometry": {"type": "Point", "coordinates": [11.64203, 57.74425]}, "properties": {"id": "osm-n-173818323", "country": "se", "source": "OSM", "updated": "2026-09-12", "name": "embarcadère", "type": "quai"}}, {"type": "Feature", "geometry": {"type": "Point", "coordinates": [18.27941, 57.63468]}, "properties": {"id": "osm-n-192373271", "country": "se", "source": "OSM", "updated": "2026-09-12", "name": "Visby - Nynäshamn", "type": "quai"}}, {"type": "Feature", "geometry": {"type": "Point", "coordinates": [16.45818, 57.2639]}, "properties": {"id": "osm-n-192772067", "country": "se", "source": "OSM", "updated": "2026-09-12", "name": "Oskarshamn - Visby", "type": "quai", "operateur": "Destination Gotland"}}, {"type": "Feature", "geometry": {"type": "Point", "coordinates": [11.83252, 58.13855]}, "properties": {"id": "osm-n-245793815", "country": "se", "source": "OSM", "updated": "2026-09-12", "name": "Svanesunds färjeläge", "type": "quai", "payant": "no"}}, {"type": "Feature", "geometry": {"type": "Point", "coordinates": [18.09933, 59.30582]}, "properties": {"id": "osm-n-246525140", "country": "se", "source": "OSM", "updated": "2026-09-12", "name": "Lumabryggan", "type": "quai"}}, {"type": "Feature", "geometry": {"type": "Point", "coordinates": [11.78185, 57.59129]}, "properties": {"id": "osm-n-248022336", "country": "se", "source": "OSM", "updated": "2026-09-12", "name": "Kårholmen", "type": "quai", "route": "A"}}, {"type": "Feature", "geometry": {"type": "Point", "coordinates": [18.22374, 59.34583]}, "properties": {"id": "osm-n-248036475", "country": "se", "source": "OSM", "updated": "2026-09-12", "name": "Klippudden", "type": "quai"}}, {"type": "Feature", "geometry": {"type": "Point", "coordinates": [18.37145, 59.414]}, "properties": {"id": "osm-n-248186565", "country": "se", "source": "OSM", "updated": "2026-09-12", "name": "Skarpöborg", "type": "quai"}}, {"type": "Feature", "geometry": {"type": "Point", "coordinates": [18.30865, 59.3762]}, "properties": {"id": "osm-n-248188711", "country": "se", "source": "OSM", "updated": "2026-09-12", "name": "Granholmen", "type": "quai"}}, {"type": "Feature", "geometry": {"type": "Point", "coordinates": [18.32258, 59.36361]}, "properties": {"id": "osm-n-248551357", "country": "se", "source": "OSM", "updated": "2026-09-12", "name": "Tegelön", "type": "quai"}}, {"type": "Feature", "geometry": {"type": "Point", "coordinates": [18.41836, 59.4653]}, "properties": {"id": "osm-n-249131992", "country": "se", "source": "OSM", "updated": "2026-09-12", "name": "Mjölkö", "type": "quai"}}, {"type": "Feature", "geometry": {"type": "Point", "coordinates": [14.81681, 56.16003]}, "properties": {"id": "osm-n-250998985", "country": "se", "source": "OSM", "updated": "2026-09-12", "name": "Stillerydshamnen", "type": "quai"}}, {"type": "Feature", "geometry": {"type": "Point", "coordinates": [14.37226, 56.11295]}, "properties": {"id": "osm-n-251011335", "country": "se", "source": "OSM", "updated": "2026-09-12", "name": "Barum", "type": "quai", "payant": "no"}}, {"type": "Feature", "geometry": {"type": "Point", "coordinates": [18.51173, 59.47268]}, "properties": {"id": "osm-n-254008421", "country": "se", "source": "OSM", "updated": "2026-09-12", "name": "Linanäs", "type": "quai"}}, {"type": "Feature", "geometry": {"type": "Point", "coordinates": [18.09452, 59.32401]}, "properties": {"id": "osm-n-255852543", "country": "se", "source": "OSM", "updated": "2026-09-12", "name": "Allmänna gränd", "type": "quai"}}, {"type": "Feature", "geometry": {"type": "Point", "coordinates": [18.45499, 59.45492]}, "properties": {"id": "osm-n-259705670", "country": "se", "source": "OSM", "updated": "2026-09-12", "name": "Storkrån", "type": "quai"}}, {"type": "Feature", "geometry": {"type": "Point", "coordinates": [11.68647, 57.69497]}, "properties": {"id": "osm-n-263022003", "country": "se", "source": "OSM", "updated": "2026-09-12", "name": "Grötö färjeläge", "type": "quai", "route": "A"}}, {"type": "Feature", "geometry": {"type": "Point", "coordinates": [11.61638, 57.75828]}, "properties": {"id": "osm-n-263045247", "country": "se", "source": "OSM", "updated": "2026-09-12", "name": "Hyppeln", "type": "quai"}}, {"type": "Feature", "geometry": {"type": "Point", "coordinates": [11.68326, 57.71081]}, "properties": {"id": "osm-n-263891649", "country": "se", "source": "OSM", "updated": "2026-09-12", "name": "Kalvsund", "type": "quai", "route": "A"}}, {"type": "Feature", "geometry": {"type": "Point", "coordinates": [11.79085, 57.60389]}, "properties": {"id": "osm-n-264139668", "country": "se", "source": "OSM", "updated": "2026-09-12", "name": "Styrsö Skäret", "type": "quai", "operateur": "Västtrafik", "route": "A"}}, {"type": "Feature", "geometry": {"type": "Point", "coordinates": [17.71707, 59.61281]}, "properties": {"id": "osm-n-264219106", "country": "se", "source": "OSM", "updated": "2026-09-12", "name": "Sigtuna brygga", "type": "quai"}}, {"type": "Feature", "geometry": {"type": "Point", "coordinates": [11.8073, 57.64925]}, "properties": {"id": "osm-n-265377538", "country": "se", "source": "OSM", "updated": "2026-09-12", "name": "Asperö Östra", "type": "quai", "route": "A"}}, {"type": "Feature", "geometry": {"type": "Point", "coordinates": [17.36994, 67.64725]}, "properties": {"id": "osm-n-268198173", "country": "se", "source": "OSM", "updated": "2026-09-12", "name": "Änonjálmme", "type": "quai"}}, {"type": "Feature", "geometry": {"type": "Point", "coordinates": [17.25329, 67.68827]}, "properties": {"id": "osm-n-268205951", "country": "se", "source": "OSM", "updated": "2026-09-12", "name": "Vaisaluokta", "type": "quai"}}, {"type": "Feature", "geometry": {"type": "Point", "coordinates": [18.5236, 67.39606]}, "properties": {"id": "osm-n-268677409", "country": "se", "source": "OSM", "updated": "2026-09-12", "name": "Saltoluokta", "type": "quai"}}, {"type": "Feature", "geometry": {"type": "Point", "coordinates": [18.3252, 58.97049]}, "properties": {"id": "osm-n-269395949", "country": "se", "source": "OSM", "updated": "2026-09-12", "name": "Gruvbryggan", "type": "quai"}}, {"type": "Feature", "geometry": {"type": "Point", "coordinates": [13.70063, 57.0095]}, "properties": {"id": "osm-n-270295417", "country": "se", "source": "OSM", "updated": "2026-09-12", "name": "Sunnaryd", "type": "quai", "operateur": "Trafikverkets Färjerederiet"}}, {"type": "Feature", "geometry": {"type": "Point", "coordinates": [13.71767, 57.00675]}, "properties": {"id": "osm-n-270382773", "country": "se", "source": "OSM", "updated": "2026-09-12", "name": "Bolmsö", "type": "quai", "operateur": "Trafikverkets Färjerederiet"}}, {"type": "Feature", "geometry": {"type": "Point", "coordinates": [18.0892, 59.32499]}, "properties": {"id": "osm-n-271325222", "country": "se", "source": "OSM", "updated": "2026-09-12", "name": "Skeppsholmen", "type": "quai"}}, {"type": "Feature", "geometry": {"type": "Point", "coordinates": [18.58883, 59.444]}, "properties": {"id": "osm-n-272469244", "country": "se", "source": "OSM", "updated": "2026-09-12", "name": "Strömsholm", "type": "quai"}}, {"type": "Feature", "geometry": {"type": "Point", "coordinates": [17.69311, 59.05233]}, "properties": {"id": "osm-n-274660282", "country": "se", "source": "OSM", "updated": "2026-09-12", "name": "Hörningsnäs", "type": "quai"}}, {"type": "Feature", "geometry": {"type": "Point", "coordinates": [13.82584, 55.42525]}, "properties": {"id": "osm-n-275979918", "country": "se", "source": "OSM", "updated": "2026-09-12", "name": "Terminal Revhusen", "type": "quai"}}, {"type": "Feature", "geometry": {"type": "Point", "coordinates": [11.16707, 58.94386]}, "properties": {"id": "osm-n-277137940", "country": "se", "source": "OSM", "updated": "2026-09-12", "name": "embarcadère", "type": "quai"}}, {"type": "Feature", "geometry": {"type": "Point", "coordinates": [11.16781, 58.94342]}, "properties": {"id": "osm-n-277137941", "country": "se", "source": "OSM", "updated": "2026-09-12", "name": "embarcadère", "type": "quai"}}, {"type": "Feature", "geometry": {"type": "Point", "coordinates": [18.586, 59.43184]}, "properties": {"id": "osm-n-277753426", "country": "se", "source": "OSM", "updated": "2026-09-12", "name": "Örsö", "type": "quai"}}, {"type": "Feature", "geometry": {"type": "Point", "coordinates": [15.57964, 56.16281]}, "properties": {"id": "osm-n-280066770", "country": "se", "source": "OSM", "updated": "2026-09-12", "name": "Fisktorget", "type": "quai"}}, {"type": "Feature", "geometry": {"type": "Point", "coordinates": [15.59705, 56.16312]}, "properties": {"id": "osm-n-281193881", "country": "se", "source": "OSM", "updated": "2026-09-12", "name": "Vägfärja till Aspö", "type": "quai"}}, {"type": "Feature", "geometry": {"type": "Point", "coordinates": [15.55047, 56.12426]}, "properties": {"id": "osm-n-281193933", "country": "se", "source": "OSM", "updated": "2026-09-12", "name": "Vägfärja till Karlskrona", "type": "quai", "operateur": "Trafikverket Färjerederiet"}}, {"type": "Feature", "geometry": {"type": "Point", "coordinates": [17.53854, 59.36129]}, "properties": {"id": "osm-n-281206466", "country": "se", "source": "OSM", "updated": "2026-09-12", "name": "Hovgården", "type": "quai"}}, {"type": "Feature", "geometry": {"type": "Point", "coordinates": [17.62411, 59.20321]}, "properties": {"id": "osm-n-281206468", "country": "se", "source": "OSM", "updated": "2026-09-12", "name": "Mälarehamnen", "type": "quai"}}, {"type": "Feature", "geometry": {"type": "Point", "coordinates": [18.2757, 57.63189]}, "properties": {"id": "osm-n-282745979", "country": "se", "source": "OSM", "updated": "2026-09-12", "name": "embarcadère", "type": "quai"}}, {"type": "Feature", "geometry": {"type": "Point", "coordinates": [19.07965, 57.86861]}, "properties": {"id": "osm-n-283792192", "country": "se", "source": "OSM", "updated": "2026-09-12", "name": "embarcadère", "type": "quai"}}, {"type": "Feature", "geometry": {"type": "Point", "coordinates": [19.0584, 57.86542]}, "properties": {"id": "osm-n-283793204", "country": "se", "source": "OSM", "updated": "2026-09-12", "name": "embarcadère", "type": "quai"}}, {"type": "Feature", "geometry": {"type": "Point", "coordinates": [11.91439, 57.69583]}, "properties": {"id": "osm-n-288583407", "country": "se", "source": "OSM", "updated": "2026-09-12", "name": "Stena Line Tysklandsterminalen", "type": "quai", "operateur": "Stena Line"}}, {"type": "Feature", "geometry": {"type": "Point", "coordinates": [11.84314, 58.13437]}, "properties": {"id": "osm-n-293798517", "country": "se", "source": "OSM", "updated": "2026-09-12", "name": "Kolhättans färjeläge", "type": "quai", "operateur": "Trafikverket Färjerederiet", "payant": "no"}}, {"type": "Feature", "geometry": {"type": "Point", "coordinates": [11.54489, 58.23866]}, "properties": {"id": "osm-n-295780246", "country": "se", "source": "OSM", "updated": "2026-09-12", "name": "Fruvik", "type": "quai"}}, {"type": "Feature", "geometry": {"type": "Point", "coordinates": [11.48524, 58.19594]}, "properties": {"id": "osm-n-295780802", "country": "se", "source": "OSM", "updated": "2026-09-12", "name": "Malö", "type": "quai"}}, {"type": "Feature", "geometry": {"type": "Point", "coordinates": [11.48892, 58.19518]}, "properties": {"id": "osm-n-295780811", "country": "se", "source": "OSM", "updated": "2026-09-12", "name": "Fröjdendal", "type": "quai"}}, {"type": "Feature", "geometry": {"type": "Point", "coordinates": [14.35152, 58.03214]}, "properties": {"id": "osm-n-297204567", "country": "se", "source": "OSM", "updated": "2026-09-12", "name": "Visingsö", "type": "quai"}}, {"type": "Feature", "geometry": {"type": "Point", "coordinates": [18.35417, 59.40184]}, "properties": {"id": "osm-n-298082092", "country": "se", "source": "OSM", "updated": "2026-09-12", "name": "Vaxholm", "type": "quai"}}, {"type": "Feature", "geometry": {"type": "Point", "coordinates": [15.09074, 58.02961]}, "properties": {"id": "osm-n-305769030", "country": "se", "source": "OSM", "updated": "2026-09-12", "name": "Torpön", "type": "quai"}}, {"type": "Feature", "geometry": {"type": "Point", "coordinates": [15.09164, 58.0311]}, "properties": {"id": "osm-n-305769139", "country": "se", "source": "OSM", "updated": "2026-09-12", "name": "Blåvik", "type": "quai"}}, {"type": "Feature", "geometry": {"type": "Point", "coordinates": [14.45586, 58.0289]}, "properties": {"id": "osm-n-305906831", "country": "se", "source": "OSM", "updated": "2026-09-12", "name": "Gränna", "type": "quai"}}, {"type": "Feature", "geometry": {"type": "Point", "coordinates": [18.41861, 68.13722]}, "properties": {"id": "osm-n-312876862", "country": "se", "source": "OSM", "updated": "2026-09-12", "name": "embarcadère", "type": "quai"}}, {"type": "Feature", "geometry": {"type": "Point", "coordinates": [11.84238, 57.66153]}, "properties": {"id": "osm-n-313760549", "country": "se", "source": "OSM", "updated": "2026-09-12", "name": "Saltholmens Brygga", "type": "quai", "operateur": "Västtrafik", "route": "C4"}}, {"type": "Feature", "geometry": {"type": "Point", "coordinates": [11.75719, 57.62329]}, "properties": {"id": "osm-n-313760602", "country": "se", "source": "OSM", "updated": "2026-09-12", "name": "Vargö Stjärnvik", "type": "quai", "route": "A"}}, {"type": "Feature", "geometry": {"type": "Point", "coordinates": [11.76989, 57.62149]}, "properties": {"id": "osm-n-313760631", "country": "se", "source": "OSM", "updated": "2026-09-12", "name": "Styrsö Tången", "type": "quai", "operateur": "Västtrafik", "route": "A"}}, {"type": "Feature", "geometry": {"type": "Point", "coordinates": [11.7942, 57.61609]}, "properties": {"id": "osm-n-313760636", "country": "se", "source": "OSM", "updated": "2026-09-12", "name": "Styrsö Bratten", "type": "quai", "operateur": "Västtrafik", "route": "A"}}, {"type": "Feature", "geometry": {"type": "Point", "coordinates": [11.80955, 57.62519]}, "properties": {"id": "osm-n-313760696", "country": "se", "source": "OSM", "updated": "2026-09-12", "name": "Köpstadsö", "type": "quai", "route": "A"}}, {"type": "Feature", "geometry": {"type": "Point", "coordinates": [11.93982, 57.70551]}, "properties": {"id": "osm-n-315979596", "country": "se", "source": "OSM", "updated": "2026-09-12", "name": "Lindholmspiren", "type": "quai", "route": "A"}}, {"type": "Feature", "geometry": {"type": "Point", "coordinates": [20.34097, 63.6815]}, "properties": {"id": "osm-n-317686529", "country": "se", "source": "OSM", "updated": "2026-09-12", "name": "embarcadère", "type": "quai"}}, {"type": "Feature", "geometry": {"type": "Point", "coordinates": [18.40493, 59.12953]}, "properties": {"id": "osm-n-327362807", "country": "se", "source": "OSM", "updated": "2026-09-12", "name": "Dalarö", "type": "quai"}}, {"type": "Feature", "geometry": {"type": "Point", "coordinates": [18.1735, 59.08201]}, "properties": {"id": "osm-n-332454137", "country": "se", "source": "OSM", "updated": "2026-09-12", "name": "Årsta brygga", "type": "quai"}}, {"type": "Feature", "geometry": {"type": "Point", "coordinates": [11.91515, 57.70049]}, "properties": {"id": "osm-n-334098750", "country": "se", "source": "OSM", "updated": "2026-09-12", "name": "Eriksbergs färjeläge", "type": "quai", "route": "A"}}, {"type": "Feature", "geometry": {"type": "Point", "coordinates": [11.91172, 57.69269]}, "properties": {"id": "osm-n-334098759", "country": "se", "source": "OSM", "updated": "2026-09-12", "name": "Klippans färjeläge", "type": "quai", "route": "A"}}, {"type": "Feature", "geometry": {"type": "Point", "coordinates": [11.58516, 57.8857]}, "properties": {"id": "osm-n-340472630", "country": "se", "source": "OSM", "updated": "2026-09-12", "name": "Marstrandsön", "type": "quai", "route": "A"}}, {"type": "Feature", "geometry": {"type": "Point", "coordinates": [18.42227, 67.20411]}, "properties": {"id": "osm-n-341288626", "country": "se", "source": "OSM", "updated": "2026-09-12", "name": "embarcadère", "type": "quai"}}, {"type": "Feature", "geometry": {"type": "Point", "coordinates": [18.24438, 59.3487]}, "properties": {"id": "osm-n-353068525", "country": "se", "source": "OSM", "updated": "2026-09-12", "name": "Hasseludden", "type": "quai", "operateur": "Waxholmsbolaget"}}, {"type": "Feature", "geometry": {"type": "Point", "coordinates": [18.08054, 59.33134]}, "properties": {"id": "osm-n-355654016", "country": "se", "source": "OSM", "updated": "2026-09-12", "name": "Strandvägen", "type": "quai", "operateur": "Strömma Kanalbolaget"}}, {"type": "Feature", "geometry": {"type": "Point", "coordinates": [18.59145, 59.54181]}, "properties": {"id": "osm-n-358492743", "country": "se", "source": "OSM", "updated": "2026-09-12", "name": "Ljusterö färjeläge", "type": "quai"}}, {"type": "Feature", "geometry": {"type": "Point", "coordinates": [18.42053, 59.36312]}, "properties": {"id": "osm-n-361449730", "country": "se", "source": "OSM", "updated": "2026-09-12", "name": "embarcadère", "type": "quai"}}, {"type": "Feature", "geometry": {"type": "Point", "coordinates": [14.38309, 56.11225]}, "properties": {"id": "osm-n-385147524", "country": "se", "source": "OSM", "updated": "2026-09-12", "name": "Ivö", "type": "quai", "payant": "no"}}, {"type": "Feature", "geometry": {"type": "Point", "coordinates": [16.59741, 58.4439]}, "properties": {"id": "osm-n-391007848", "country": "se", "source": "OSM", "updated": "2026-09-12", "name": "Norrkrog", "type": "quai"}}, {"type": "Feature", "geometry": {"type": "Point", "coordinates": [18.81513, 60.09859]}, "properties": {"id": "osm-n-401357057", "country": "se", "source": "OSM", "updated": "2026-09-12", "name": "Grisslehamn", "type": "quai"}}, {"type": "Feature", "geometry": {"type": "Point", "coordinates": [18.0577, 59.328]}, "properties": {"id": "osm-n-410634528", "country": "se", "source": "OSM", "updated": "2026-09-12", "name": "embarcadère", "type": "quai"}}, {"type": "Feature", "geometry": {"type": "Point", "coordinates": [18.05773, 59.32794]}, "properties": {"id": "osm-n-410634533", "country": "se", "source": "OSM", "updated": "2026-09-12", "name": "embarcadère", "type": "quai", "route": "10"}}, {"type": "Feature", "geometry": {"type": "Point", "coordinates": [18.05783, 59.32785]}, "properties": {"id": "osm-n-410634537", "country": "se", "source": "OSM", "updated": "2026-09-12", "name": "embarcadère", "type": "quai", "route": "9"}}, {"type": "Feature", "geometry": {"type": "Point", "coordinates": [18.05813, 59.32772]}, "properties": {"id": "osm-n-410634785", "country": "se", "source": "OSM", "updated": "2026-09-12", "name": "embarcadère", "type": "quai", "route": "8"}}, {"type": "Feature", "geometry": {"type": "Point", "coordinates": [18.0583, 59.32772]}, "properties": {"id": "osm-n-410634797", "country": "se", "source": "OSM", "updated": "2026-09-12", "name": "embarcadère", "type": "quai", "route": "7"}}, {"type": "Feature", "geometry": {"type": "Point", "coordinates": [18.0588, 59.32778]}, "properties": {"id": "osm-n-410634798", "country": "se", "source": "OSM", "updated": "2026-09-12", "name": "embarcadère", "type": "quai", "route": "6"}}, {"type": "Feature", "geometry": {"type": "Point", "coordinates": [18.05905, 59.32781]}, "properties": {"id": "osm-n-410634799", "country": "se", "source": "OSM", "updated": "2026-09-12", "name": "Drottingholm, Mälarlunch", "type": "quai", "route": "5"}}, {"type": "Feature", "geometry": {"type": "Point", "coordinates": [18.0593, 59.32784]}, "properties": {"id": "osm-n-410634819", "country": "se", "source": "OSM", "updated": "2026-09-12", "name": "Drottingholm, Mälarlunch", "type": "quai", "route": "4"}}, {"type": "Feature", "geometry": {"type": "Point", "coordinates": [18.05953, 59.32787]}, "properties": {"id": "osm-n-410634843", "country": "se", "source": "OSM", "updated": "2026-09-12", "name": "Birka, Mälarparty", "type": "quai", "route": "3"}}, {"type": "Feature", "geometry": {"type": "Point", "coordinates": [18.0598, 59.32788]}, "properties": {"id": "osm-n-410634860", "country": "se", "source": "OSM", "updated": "2026-09-12", "name": "Birka skoltrafik", "type": "quai", "route": "2"}}, {"type": "Feature", "geometry": {"type": "Point", "coordinates": [17.98582, 62.6911]}, "properties": {"id": "osm-n-415747008", "country": "se", "source": "OSM", "updated": "2026-09-12", "name": "Sanna", "type": "quai", "operateur": "Trafikverket Färjerederiet"}}, {"type": "Feature", "geometry": {"type": "Point", "coordinates": [17.99638, 62.69039]}, "properties": {"id": "osm-n-415749992", "country": "se", "source": "OSM", "updated": "2026-09-12", "name": "Sanna", "type": "quai", "operateur": "Trafikverket Färjerederiet"}}, {"type": "Feature", "geometry": {"type": "Point", "coordinates": [18.93246, 59.65188]}, "properties": {"id": "osm-n-417719513", "country": "se", "source": "OSM", "updated": "2026-09-12", "name": "Larshamn", "type": "quai"}}, {"type": "Feature", "geometry": {"type": "Point", "coordinates": [18.93893, 59.64874]}, "properties": {"id": "osm-n-417721705", "country": "se", "source": "OSM", "updated": "2026-09-12", "name": "Norrsund", "type": "quai"}}, {"type": "Feature", "geometry": {"type": "Point", "coordinates": [18.2945, 58.95766]}, "properties": {"id": "osm-n-424056139", "country": "se", "source": "OSM", "updated": "2026-09-12", "name": "Spränga", "type": "quai"}}, {"type": "Feature", "geometry": {"type": "Point", "coordinates": [18.17803, 58.9193]}, "properties": {"id": "osm-n-424093156", "country": "se", "source": "OSM", "updated": "2026-09-12", "name": "Rånö", "type": "quai"}}, {"type": "Feature", "geometry": {"type": "Point", "coordinates": [18.91658, 59.65809]}, "properties": {"id": "osm-n-426921988", "country": "se", "source": "OSM", "updated": "2026-09-12", "name": "Furusund (Tullbryggan)", "type": "quai", "operateur": "Trafikverket", "horaires": "24/7"}}, {"type": "Feature", "geometry": {"type": "Point", "coordinates": [17.15922, 59.49827]}, "properties": {"id": "osm-n-434534265", "country": "se", "source": "OSM", "updated": "2026-09-12", "name": "Arnö", "type": "quai"}}, {"type": "Feature", "geometry": {"type": "Point", "coordinates": [17.14671, 59.4998]}, "properties": {"id": "osm-n-434534278", "country": "se", "source": "OSM", "updated": "2026-09-12", "name": "Oknö", "type": "quai"}}, {"type": "Feature", "geometry": {"type": "Point", "coordinates": [17.51302, 59.27308]}, "properties": {"id": "osm-n-435174540", "country": "se", "source": "OSM", "updated": "2026-09-12", "name": "Sandviken", "type": "quai"}}, {"type": "Feature", "geometry": {"type": "Point", "coordinates": [17.22675, 59.25753]}, "properties": {"id": "osm-n-435174701", "country": "se", "source": "OSM", "updated": "2026-09-12", "name": "Mariefreds ångbåtsstation", "type": "quai"}}, {"type": "Feature", "geometry": {"type": "Point", "coordinates": [17.95306, 58.90099]}, "properties": {"id": "osm-n-435187395", "country": "se", "source": "OSM", "updated": "2026-09-12", "name": "Nynäshamn", "type": "quai"}}, {"type": "Feature", "geometry": {"type": "Point", "coordinates": [18.14743, 58.90166]}, "properties": {"id": "osm-n-435187416", "country": "se", "source": "OSM", "updated": "2026-09-12", "name": "Aspö", "type": "quai"}}, {"type": "Feature", "geometry": {"type": "Point", "coordinates": [18.10982, 58.88176]}, "properties": {"id": "osm-n-435187426", "country": "se", "source": "OSM", "updated": "2026-09-12", "name": "Nåttarö", "type": "quai"}}, {"type": "Feature", "geometry": {"type": "Point", "coordinates": [18.51055, 59.03551]}, "properties": {"id": "osm-n-435221450", "country": "se", "source": "OSM", "updated": "2026-09-12", "name": "Fjärdlång", "type": "quai"}}, {"type": "Feature", "geometry": {"type": "Point", "coordinates": [18.48011, 59.06201]}, "properties": {"id": "osm-n-435221470", "country": "se", "source": "OSM", "updated": "2026-09-12", "name": "Mefjärd", "type": "quai", "operateur": "Waxholmsbolaget"}}, {"type": "Feature", "geometry": {"type": "Point", "coordinates": [18.48393, 59.10249]}, "properties": {"id": "osm-n-435221477", "country": "se", "source": "OSM", "updated": "2026-09-12", "name": "Söderviken", "type": "quai", "operateur": "Waxholmsbolaget"}}, {"type": "Feature", "geometry": {"type": "Point", "coordinates": [18.48956, 59.11127]}, "properties": {"id": "osm-n-435221479", "country": "se", "source": "OSM", "updated": "2026-09-12", "name": "Kymmendö", "type": "quai"}}, {"type": "Feature", "geometry": {"type": "Point", "coordinates": [18.45255, 59.18889]}, "properties": {"id": "osm-n-435221482", "country": "se", "source": "OSM", "updated": "2026-09-12", "name": "Kalvholmen", "type": "quai", "operateur": "Waxholmsbolaget"}}, {"type": "Feature", "geometry": {"type": "Point", "coordinates": [18.45466, 59.19136]}, "properties": {"id": "osm-n-435221483", "country": "se", "source": "OSM", "updated": "2026-09-12", "name": "Gränö", "type": "quai", "operateur": "Waxholmsbolaget"}}, {"type": "Feature", "geometry": {"type": "Point", "coordinates": [18.44254, 59.19498]}, "properties": {"id": "osm-n-435221485", "country": "se", "source": "OSM", "updated": "2026-09-12", "name": "Ängsö", "type": "quai"}}, {"type": "Feature", "geometry": {"type": "Point", "coordinates": [18.36056, 59.22977]}, "properties": {"id": "osm-n-435221490", "country": "se", "source": "OSM", "updated": "2026-09-12", "name": "Tyresö (Trintorp)", "type": "quai", "operateur": "Waxholmsbolaget"}}, {"type": "Feature", "geometry": {"type": "Point", "coordinates": [18.3163, 59.27906]}, "properties": {"id": "osm-n-435221501", "country": "se", "source": "OSM", "updated": "2026-09-12", "name": "Saltsjöbaden", "type": "quai", "operateur": "Waxholmsbolaget"}}, {"type": "Feature", "geometry": {"type": "Point", "coordinates": [18.48378, 59.11193]}, "properties": {"id": "osm-n-435221526", "country": "se", "source": "OSM", "updated": "2026-09-12", "name": "Ornöboda", "type": "quai"}}, {"type": "Feature", "geometry": {"type": "Point", "coordinates": [18.44679, 60.34079]}, "properties": {"id": "osm-n-440357984", "country": "se", "source": "OSM", "updated": "2026-09-12", "name": "Öregrund Färjeläget", "type": "quai"}}, {"type": "Feature", "geometry": {"type": "Point", "coordinates": [18.4617, 60.34616]}, "properties": {"id": "osm-n-440369007", "country": "se", "source": "OSM", "updated": "2026-09-12", "name": "Gräsö färjeläget", "type": "quai"}}, {"type": "Feature", "geometry": {"type": "Point", "coordinates": [18.88877, 59.40614]}, "properties": {"id": "osm-n-441941298", "country": "se", "source": "OSM", "updated": "2026-09-12", "name": "Berg brygga", "type": "quai", "operateur": "Trafikverket"}}, {"type": "Feature", "geometry": {"type": "Point", "coordinates": [18.87435, 59.40369]}, "properties": {"id": "osm-n-441941314", "country": "se", "source": "OSM", "updated": "2026-09-12", "name": "Södermöja", "type": "quai"}}, {"type": "Feature", "geometry": {"type": "Point", "coordinates": [18.81409, 59.38145]}, "properties": {"id": "osm-n-441941347", "country": "se", "source": "OSM", "updated": "2026-09-12", "name": "Korsö", "type": "quai"}}, {"type": "Feature", "geometry": {"type": "Point", "coordinates": [18.80723, 59.38702]}, "properties": {"id": "osm-n-441941351", "country": "se", "source": "OSM", "updated": "2026-09-12", "name": "Söderholm", "type": "quai"}}, {"type": "Feature", "geometry": {"type": "Point", "coordinates": [18.81043, 59.38824]}, "properties": {"id": "osm-n-441941352", "country": "se", "source": "OSM", "updated": "2026-09-12", "name": "Södra Stavsudda", "type": "quai"}}, {"type": "Feature", "geometry": {"type": "Point", "coordinates": [18.77329, 59.38453]}, "properties": {"id": "osm-n-441941397", "country": "se", "source": "OSM", "updated": "2026-09-12", "name": "Träskö-Gåln", "type": "quai"}}, {"type": "Feature", "geometry": {"type": "Point", "coordinates": [18.77205, 59.38253]}, "properties": {"id": "osm-n-441941404", "country": "se", "source": "OSM", "updated": "2026-09-12", "name": "Ytterö", "type": "quai"}}, {"type": "Feature", "geometry": {"type": "Point", "coordinates": [18.70736, 59.37788]}, "properties": {"id": "osm-n-441941424", "country": "se", "source": "OSM", "updated": "2026-09-12", "name": "Sollenkrokaö", "type": "quai"}}, {"type": "Feature", "geometry": {"type": "Point", "coordinates": [14.12946, 58.70424]}, "properties": {"id": "osm-n-441993797", "country": "se", "source": "OSM", "updated": "2026-09-12", "name": "Lina", "type": "quai"}}, {"type": "Feature", "geometry": {"type": "Point", "coordinates": [21.81662, 65.67958]}, "properties": {"id": "osm-n-442165723", "country": "se", "source": "OSM", "updated": "2026-09-12", "name": "Avanleden", "type": "quai", "operateur": "Trafikverket Färjerederiet"}}, {"type": "Feature", "geometry": {"type": "Point", "coordinates": [11.68462, 57.71164]}, "properties": {"id": "osm-n-443450733", "country": "se", "source": "OSM", "updated": "2026-09-12", "name": "Framnäs", "type": "quai"}}, {"type": "Feature", "geometry": {"type": "Point", "coordinates": [11.96944, 57.70315]}, "properties": {"id": "osm-n-451025021", "country": "se", "source": "OSM", "updated": "2026-09-12", "name": "Paddan", "type": "quai", "operateur": "Strömma Skärgårdsbåtar"}}, {"type": "Feature", "geometry": {"type": "Point", "coordinates": [19.86874, 63.55692]}, "properties": {"id": "osm-n-452466816", "country": "se", "source": "OSM", "updated": "2026-09-12", "name": "embarcadère", "type": "quai"}}, {"type": "Feature", "geometry": {"type": "Point", "coordinates": [19.83164, 63.56376]}, "properties": {"id": "osm-n-452466822", "country": "se", "source": "OSM", "updated": "2026-09-12", "name": "embarcadère", "type": "quai"}}, {"type": "Feature", "geometry": {"type": "Point", "coordinates": [18.6465, 63.02023]}, "properties": {"id": "osm-n-458462347", "country": "se", "source": "OSM", "updated": "2026-09-12", "name": "embarcadère", "type": "quai"}}, {"type": "Feature", "geometry": {"type": "Point", "coordinates": [18.59379, 63.17036]}, "properties": {"id": "osm-n-458462350", "country": "se", "source": "OSM", "updated": "2026-09-12", "name": "embarcadère", "type": "quai"}}, {"type": "Feature", "geometry": {"type": "Point", "coordinates": [20.73877, 63.86268]}, "properties": {"id": "osm-n-459030657", "country": "se", "source": "OSM", "updated": "2026-09-12", "name": "embarcadère", "type": "quai"}}, {"type": "Feature", "geometry": {"type": "Point", "coordinates": [20.86741, 63.80526]}, "properties": {"id": "osm-n-459030697", "country": "se", "source": "OSM", "updated": "2026-09-12", "name": "Holmön", "type": "quai"}}, {"type": "Feature", "geometry": {"type": "Point", "coordinates": [16.72486, 57.86183]}, "properties": {"id": "osm-n-459478206", "country": "se", "source": "OSM", "updated": "2026-09-12", "name": "Rågö", "type": "quai"}}, {"type": "Feature", "geometry": {"type": "Point", "coordinates": [16.71793, 57.89164]}, "properties": {"id": "osm-n-459480720", "country": "se", "source": "OSM", "updated": "2026-09-12", "name": "Källvik", "type": "quai"}}, {"type": "Feature", "geometry": {"type": "Point", "coordinates": [16.69233, 57.9009]}, "properties": {"id": "osm-n-459480724", "country": "se", "source": "OSM", "updated": "2026-09-12", "name": "Loftahammar", "type": "quai"}}, {"type": "Feature", "geometry": {"type": "Point", "coordinates": [16.73208, 57.83116]}, "properties": {"id": "osm-n-459480827", "country": "se", "source": "OSM", "updated": "2026-09-12", "name": "Hasselö", "type": "quai"}}, {"type": "Feature", "geometry": {"type": "Point", "coordinates": [11.16969, 58.93346]}, "properties": {"id": "osm-n-461169217", "country": "se", "source": "OSM", "updated": "2026-09-12", "name": "Strömstad-Sandefjord", "type": "quai"}}, {"type": "Feature", "geometry": {"type": "Point", "coordinates": [18.75642, 59.29447]}, "properties": {"id": "osm-n-467047074", "country": "se", "source": "OSM", "updated": "2026-09-12", "name": "Gatan", "type": "quai"}}, {"type": "Feature", "geometry": {"type": "Point", "coordinates": [18.34236, 59.38694]}, "properties": {"id": "osm-n-467092718", "country": "se", "source": "OSM", "updated": "2026-09-12", "name": "Höganäs", "type": "quai", "operateur": "Waxholmsbolaget"}}, {"type": "Feature", "geometry": {"type": "Point", "coordinates": [17.84637, 59.27138]}, "properties": {"id": "osm-n-470300804", "country": "se", "source": "OSM", "updated": "2026-09-12", "name": "Jungfrusund", "type": "quai"}}, {"type": "Feature", "geometry": {"type": "Point", "coordinates": [11.65495, 57.74846]}, "properties": {"id": "osm-n-471960572", "country": "se", "source": "OSM", "updated": "2026-09-12", "name": "embarcadère", "type": "quai"}}, {"type": "Feature", "geometry": {"type": "Point", "coordinates": [15.80261, 56.04169]}, "properties": {"id": "osm-n-472333281", "country": "se", "source": "OSM", "updated": "2026-09-12", "name": "Ungskär", "type": "quai"}}, {"type": "Feature", "geometry": {"type": "Point", "coordinates": [18.91374, 59.29245]}, "properties": {"id": "osm-n-476788337", "country": "se", "source": "OSM", "updated": "2026-09-12", "name": "Telegrafholmen", "type": "quai"}}, {"type": "Feature", "geometry": {"type": "Point", "coordinates": [18.91552, 59.28848]}, "properties": {"id": "osm-n-476790748", "country": "se", "source": "OSM", "updated": "2026-09-12", "name": "Sandhamn", "type": "quai", "operateur": "Waxholmsbolaget;Cinderalla;Roslagens Sjötrafik AB"}}, {"type": "Feature", "geometry": {"type": "Point", "coordinates": [19.02065, 59.6426]}, "properties": {"id": "osm-n-476805559", "country": "se", "source": "OSM", "updated": "2026-09-12", "name": "Norröra (Saltkråkan)", "type": "quai"}}, {"type": "Feature", "geometry": {"type": "Point", "coordinates": [19.07105, 59.71806]}, "properties": {"id": "osm-n-476818758", "country": "se", "source": "OSM", "updated": "2026-09-12", "name": "Kapellskär", "type": "quai"}}, {"type": "Feature", "geometry": {"type": "Point", "coordinates": [18.54232, 67.41271]}, "properties": {"id": "osm-n-477425792", "country": "se", "source": "OSM", "updated": "2026-09-12", "name": "Kebnats", "type": "quai"}}, {"type": "Feature", "geometry": {"type": "Point", "coordinates": [17.47157, 67.7183]}, "properties": {"id": "osm-n-477609342", "country": "se", "source": "OSM", "updated": "2026-09-12", "name": "Ritsem", "type": "quai"}}, {"type": "Feature", "geometry": {"type": "Point", "coordinates": [11.62101, 57.77143]}, "properties": {"id": "osm-n-478213370", "country": "se", "source": "OSM", "updated": "2026-09-12", "name": "Rörö", "type": "quai"}}, {"type": "Feature", "geometry": {"type": "Point", "coordinates": [11.87707, 57.81886]}, "properties": {"id": "osm-n-481406555", "country": "se", "source": "OSM", "updated": "2026-09-12", "name": "Kornhallsleden", "type": "quai"}}, {"type": "Feature", "geometry": {"type": "Point", "coordinates": [18.07393, 59.32942]}, "properties": {"id": "osm-n-485967116", "country": "se", "source": "OSM", "updated": "2026-09-12", "name": "Strömkajen", "type": "quai"}}, {"type": "Feature", "geometry": {"type": "Point", "coordinates": [18.07545, 59.32913]}, "properties": {"id": "osm-n-485995815", "country": "se", "source": "OSM", "updated": "2026-09-12", "name": "Strömkajen", "type": "quai"}}, {"type": "Feature", "geometry": {"type": "Point", "coordinates": [18.07782, 59.33081]}, "properties": {"id": "osm-n-486061809", "country": "se", "source": "OSM", "updated": "2026-09-12", "name": "Nybrokajen", "type": "quai", "operateur": "Strömma Kanalbolaget"}}, {"type": "Feature", "geometry": {"type": "Point", "coordinates": [18.07743, 59.33098]}, "properties": {"id": "osm-n-486067046", "country": "se", "source": "OSM", "updated": "2026-09-12", "name": "Nybrokajen", "type": "quai", "operateur": "Strömma Kanalbolaget"}}, {"type": "Feature", "geometry": {"type": "Point", "coordinates": [18.07705, 59.33116]}, "properties": {"id": "osm-n-486068299", "country": "se", "source": "OSM", "updated": "2026-09-12", "name": "Nybrokajen", "type": "quai", "operateur": "Strömma Kanalbolaget"}}, {"type": "Feature", "geometry": {"type": "Point", "coordinates": [18.0783, 59.33205]}, "properties": {"id": "osm-n-486078674", "country": "se", "source": "OSM", "updated": "2026-09-12", "name": "Strandvägen", "type": "quai", "operateur": "Strömma Kanalbolaget"}}, {"type": "Feature", "geometry": {"type": "Point", "coordinates": [13.21813, 58.67549]}, "properties": {"id": "osm-n-488315880", "country": "se", "source": "OSM", "updated": "2026-09-12", "name": "embarcadère", "type": "quai"}}, {"type": "Feature", "geometry": {"type": "Point", "coordinates": [18.41526, 59.08922]}, "properties": {"id": "osm-n-491552371", "country": "se", "source": "OSM", "updated": "2026-09-12", "name": "Hässelmara", "type": "quai"}}, {"type": "Feature", "geometry": {"type": "Point", "coordinates": [18.88799, 67.84518]}, "properties": {"id": "osm-n-495165113", "country": "se", "source": "OSM", "updated": "2026-09-12", "name": "embarcadère", "type": "quai"}}, {"type": "Feature", "geometry": {"type": "Point", "coordinates": [11.58909, 57.92414]}, "properties": {"id": "osm-n-495493973", "country": "se", "source": "OSM", "updated": "2026-09-12", "name": "Åstol", "type": "quai", "operateur": "Västtrafik", "route": "A"}}, {"type": "Feature", "geometry": {"type": "Point", "coordinates": [11.57157, 57.9359]}, "properties": {"id": "osm-n-495493998", "country": "se", "source": "OSM", "updated": "2026-09-12", "name": "Tjörnekalv", "type": "quai", "operateur": "Västtrafik"}}, {"type": "Feature", "geometry": {"type": "Point", "coordinates": [11.76679, 57.6353]}, "properties": {"id": "osm-n-495744568", "country": "se", "source": "OSM", "updated": "2026-09-12", "name": "Brännö Husvik", "type": "quai", "route": "A"}}, {"type": "Feature", "geometry": {"type": "Point", "coordinates": [18.94214, 67.93686]}, "properties": {"id": "osm-n-535676553", "country": "se", "source": "OSM", "updated": "2026-09-12", "name": "embarcadère", "type": "quai"}}, {"type": "Feature", "geometry": {"type": "Point", "coordinates": [17.71173, 58.97159]}, "properties": {"id": "osm-n-540194464", "country": "se", "source": "OSM", "updated": "2026-09-12", "name": "embarcadère", "type": "quai"}}, {"type": "Feature", "geometry": {"type": "Point", "coordinates": [15.57179, 56.17101]}, "properties": {"id": "osm-n-544478792", "country": "se", "source": "OSM", "updated": "2026-09-12", "name": "Brändaholm", "type": "quai"}}, {"type": "Feature", "geometry": {"type": "Point", "coordinates": [15.54013, 56.19342]}, "properties": {"id": "osm-n-544563197", "country": "se", "source": "OSM", "updated": "2026-09-12", "name": "Åslätten", "type": "quai"}}, {"type": "Feature", "geometry": {"type": "Point", "coordinates": [15.53997, 56.19438]}, "properties": {"id": "osm-n-544567172", "country": "se", "source": "OSM", "updated": "2026-09-12", "name": "Wrängö", "type": "quai"}}, {"type": "Feature", "geometry": {"type": "Point", "coordinates": [15.77852, 56.03073]}, "properties": {"id": "osm-n-556067364", "country": "se", "source": "OSM", "updated": "2026-09-12", "name": "Stenshamn", "type": "quai"}}, {"type": "Feature", "geometry": {"type": "Point", "coordinates": [15.82027, 56.06492]}, "properties": {"id": "osm-n-558247465", "country": "se", "source": "OSM", "updated": "2026-09-12", "name": "Långören", "type": "quai"}}, {"type": "Feature", "geometry": {"type": "Point", "coordinates": [12.82572, 55.86535]}, "properties": {"id": "osm-n-559072752", "country": "se", "source": "OSM", "updated": "2026-09-12", "name": "embarcadère", "type": "quai"}}, {"type": "Feature", "geometry": {"type": "Point", "coordinates": [15.28544, 56.16605]}, "properties": {"id": "osm-n-559951877", "country": "se", "source": "OSM", "updated": "2026-09-12", "name": "Karön", "type": "quai"}}, {"type": "Feature", "geometry": {"type": "Point", "coordinates": [15.77329, 56.05089]}, "properties": {"id": "osm-n-561323415", "country": "se", "source": "OSM", "updated": "2026-09-12", "name": "Inlängan", "type": "quai"}}, {"type": "Feature", "geometry": {"type": "Point", "coordinates": [11.65838, 57.7109]}, "properties": {"id": "osm-n-564639482", "country": "se", "source": "OSM", "updated": "2026-09-12", "name": "Öckerö färjeläge", "type": "quai"}}, {"type": "Feature", "geometry": {"type": "Point", "coordinates": [15.73183, 56.12024]}, "properties": {"id": "osm-n-566762794", "country": "se", "source": "OSM", "updated": "2026-09-12", "name": "embarcadère", "type": "quai"}}, {"type": "Feature", "geometry": {"type": "Point", "coordinates": [16.68123, 57.76042]}, "properties": {"id": "osm-n-566837039", "country": "se", "source": "OSM", "updated": "2026-09-12", "name": "Gränsö Slott", "type": "quai"}}, {"type": "Feature", "geometry": {"type": "Point", "coordinates": [16.62494, 60.18479]}, "properties": {"id": "osm-n-567810669", "country": "se", "source": "OSM", "updated": "2026-09-12", "name": "embarcadère", "type": "quai"}}, {"type": "Feature", "geometry": {"type": "Point", "coordinates": [17.53862, 59.33036]}, "properties": {"id": "osm-n-596498652", "country": "se", "source": "OSM", "updated": "2026-09-12", "name": "Birka Björkö", "type": "quai"}}, {"type": "Feature", "geometry": {"type": "Point", "coordinates": [21.82951, 65.68041]}, "properties": {"id": "osm-n-613328461", "country": "se", "source": "OSM", "updated": "2026-09-12", "name": "Avanleden", "type": "quai", "operateur": "Trafikverket Färjerederiet"}}, {"type": "Feature", "geometry": {"type": "Point", "coordinates": [18.18524, 57.38895]}, "properties": {"id": "osm-n-632446397", "country": "se", "source": "OSM", "updated": "2026-09-12", "name": "Klintehamn", "type": "quai"}}, {"type": "Feature", "geometry": {"type": "Point", "coordinates": [11.79417, 57.59999]}, "properties": {"id": "osm-n-639186627", "country": "se", "source": "OSM", "updated": "2026-09-12", "name": "Donsö", "type": "quai", "route": "A"}}, {"type": "Feature", "geometry": {"type": "Point", "coordinates": [11.52771, 58.09041]}, "properties": {"id": "osm-n-659541478", "country": "se", "source": "OSM", "updated": "2026-09-12", "name": "Lyr", "type": "quai"}}, {"type": "Feature", "geometry": {"type": "Point", "coordinates": [22.89781, 66.30587]}, "properties": {"id": "osm-n-668426810", "country": "se", "source": "OSM", "updated": "2026-09-12", "name": "embarcadère", "type": "quai"}}, {"type": "Feature", "geometry": {"type": "Point", "coordinates": [19.05841, 57.86526]}, "properties": {"id": "osm-n-687984021", "country": "se", "source": "OSM", "updated": "2026-09-12", "name": "embarcadère", "type": "quai"}}, {"type": "Feature", "geometry": {"type": "Point", "coordinates": [17.69301, 59.05245]}, "properties": {"id": "osm-n-691526369", "country": "se", "source": "OSM", "updated": "2026-09-12", "name": "embarcadère", "type": "quai"}}, {"type": "Feature", "geometry": {"type": "Point", "coordinates": [18.553, 59.40727]}, "properties": {"id": "osm-n-758463397", "country": "se", "source": "OSM", "updated": "2026-09-12", "name": "Södra Grinda", "type": "quai"}}, {"type": "Feature", "geometry": {"type": "Point", "coordinates": [12.57565, 56.43277]}, "properties": {"id": "osm-n-779172327", "country": "se", "source": "OSM", "updated": "2026-09-12", "name": "embarcadère", "type": "quai"}}, {"type": "Feature", "geometry": {"type": "Point", "coordinates": [18.70572, 59.39655]}, "properties": {"id": "osm-n-795246073", "country": "se", "source": "OSM", "updated": "2026-09-12", "name": "Gällnönäs", "type": "quai", "operateur": "Waxholmsbolaget"}}, {"type": "Feature", "geometry": {"type": "Point", "coordinates": [18.63947, 59.39025]}, "properties": {"id": "osm-n-795246364", "country": "se", "source": "OSM", "updated": "2026-09-12", "name": "Gällnö", "type": "quai", "operateur": "Waxholmsbolaget"}}, {"type": "Feature", "geometry": {"type": "Point", "coordinates": [18.52343, 59.4962]}, "properties": {"id": "osm-n-799289010", "country": "se", "source": "OSM", "updated": "2026-09-12", "name": "Laggarsvik", "type": "quai"}}, {"type": "Feature", "geometry": {"type": "Point", "coordinates": [18.15396, 59.40324]}, "properties": {"id": "osm-n-810671304", "country": "se", "source": "OSM", "updated": "2026-09-12", "name": "Frösvik", "type": "quai"}}, {"type": "Feature", "geometry": {"type": "Point", "coordinates": [15.5707, 56.17335]}, "properties": {"id": "osm-n-819411085", "country": "se", "source": "OSM", "updated": "2026-09-12", "name": "Dragsö Brygga", "type": "quai"}}, {"type": "Feature", "geometry": {"type": "Point", "coordinates": [18.49389, 59.42195]}, "properties": {"id": "osm-n-822497065", "country": "se", "source": "OSM", "updated": "2026-09-12", "name": "Sippsö", "type": "quai"}}, {"type": "Feature", "geometry": {"type": "Point", "coordinates": [18.62915, 59.41655]}, "properties": {"id": "osm-n-822501766", "country": "se", "source": "OSM", "updated": "2026-09-12", "name": "Karklö", "type": "quai", "operateur": "Waxholmsbolaget"}}, {"type": "Feature", "geometry": {"type": "Point", "coordinates": [18.64681, 59.42887]}, "properties": {"id": "osm-n-822501777", "country": "se", "source": "OSM", "updated": "2026-09-12", "name": "Trångholmen", "type": "quai"}}, {"type": "Feature", "geometry": {"type": "Point", "coordinates": [18.67772, 59.41967]}, "properties": {"id": "osm-n-822502880", "country": "se", "source": "OSM", "updated": "2026-09-12", "name": "Hjälmö", "type": "quai"}}, {"type": "Feature", "geometry": {"type": "Point", "coordinates": [18.67674, 59.45885]}, "properties": {"id": "osm-n-822562778", "country": "se", "source": "OSM", "updated": "2026-09-12", "name": "Norra Svartsö", "type": "quai"}}, {"type": "Feature", "geometry": {"type": "Point", "coordinates": [18.78813, 63.13843]}, "properties": {"id": "osm-n-825072532", "country": "se", "source": "OSM", "updated": "2026-09-12", "name": "embarcadère", "type": "quai"}}, {"type": "Feature", "geometry": {"type": "Point", "coordinates": [11.78545, 57.64855]}, "properties": {"id": "osm-n-829768652", "country": "se", "source": "OSM", "updated": "2026-09-12", "name": "Brännö Rödsten", "type": "quai", "route": "A"}}, {"type": "Feature", "geometry": {"type": "Point", "coordinates": [11.79261, 57.65073]}, "properties": {"id": "osm-n-829771154", "country": "se", "source": "OSM", "updated": "2026-09-12", "name": "Asperö Norra", "type": "quai", "route": "A"}}, {"type": "Feature", "geometry": {"type": "Point", "coordinates": [16.6424, 57.75937]}, "properties": {"id": "osm-n-838088956", "country": "se", "source": "OSM", "updated": "2026-09-12", "name": "Västervik Skärgårdterminalen", "type": "quai"}}, {"type": "Feature", "geometry": {"type": "Point", "coordinates": [16.76432, 57.70419]}, "properties": {"id": "osm-n-838088972", "country": "se", "source": "OSM", "updated": "2026-09-12", "name": "Idö", "type": "quai"}}, {"type": "Feature", "geometry": {"type": "Point", "coordinates": [16.73327, 57.69612]}, "properties": {"id": "osm-n-838089017", "country": "se", "source": "OSM", "updated": "2026-09-12", "name": "Hornsudde", "type": "quai"}}, {"type": "Feature", "geometry": {"type": "Point", "coordinates": [18.60508, 59.36999]}, "properties": {"id": "osm-n-842475508", "country": "se", "source": "OSM", "updated": "2026-09-12", "name": "Boda brygga", "type": "quai"}}, {"type": "Feature", "geometry": {"type": "Point", "coordinates": [19.06633, 59.7219]}, "properties": {"id": "osm-n-856940233", "country": "se", "source": "OSM", "updated": "2026-09-12", "name": "Kapellskär", "type": "quai"}}, {"type": "Feature", "geometry": {"type": "Point", "coordinates": [14.12924, 58.70424]}, "properties": {"id": "osm-n-858986228", "country": "se", "source": "OSM", "updated": "2026-09-12", "name": "Lina", "type": "quai"}}, {"type": "Feature", "geometry": {"type": "Point", "coordinates": [18.55882, 59.41909]}, "properties": {"id": "osm-n-859356638", "country": "se", "source": "OSM", "updated": "2026-09-12", "name": "Norra Grinda", "type": "quai"}}, {"type": "Feature", "geometry": {"type": "Point", "coordinates": [18.15692, 59.31807]}, "properties": {"id": "osm-n-863443820", "country": "se", "source": "OSM", "updated": "2026-09-12", "name": "Nacka strand", "type": "quai", "operateur": "Waxholmsbolaget"}}, {"type": "Feature", "geometry": {"type": "Point", "coordinates": [18.49611, 59.41317]}, "properties": {"id": "osm-n-863443825", "country": "se", "source": "OSM", "updated": "2026-09-12", "name": "Lillsved", "type": "quai"}}, {"type": "Feature", "geometry": {"type": "Point", "coordinates": [15.07274, 56.18148]}, "properties": {"id": "osm-n-866553013", "country": "se", "source": "OSM", "updated": "2026-09-12", "name": "Färja till Tjärö", "type": "quai"}}, {"type": "Feature", "geometry": {"type": "Point", "coordinates": [11.26876, 58.55245]}, "properties": {"id": "osm-n-896775179", "country": "se", "source": "OSM", "updated": "2026-09-12", "name": "Hamburgsund", "type": "quai", "operateur": "Trafikverket"}}, {"type": "Feature", "geometry": {"type": "Point", "coordinates": [11.26639, 58.55245]}, "properties": {"id": "osm-n-896775182", "country": "se", "source": "OSM", "updated": "2026-09-12", "name": "Hamburgö", "type": "quai", "operateur": "Trafikverket"}}, {"type": "Feature", "geometry": {"type": "Point", "coordinates": [18.44386, 59.47072]}, "properties": {"id": "osm-n-897584233", "country": "se", "source": "OSM", "updated": "2026-09-12", "name": "Norra Betsö", "type": "quai"}}, {"type": "Feature", "geometry": {"type": "Point", "coordinates": [18.55125, 59.49914]}, "properties": {"id": "osm-n-897584302", "country": "se", "source": "OSM", "updated": "2026-09-12", "name": "Väsbystrand", "type": "quai"}}, {"type": "Feature", "geometry": {"type": "Point", "coordinates": [18.50992, 59.4819]}, "properties": {"id": "osm-n-897584327", "country": "se", "source": "OSM", "updated": "2026-09-12", "name": "Öran", "type": "quai"}}, {"type": "Feature", "geometry": {"type": "Point", "coordinates": [18.36779, 59.41318]}, "properties": {"id": "osm-n-897584337", "country": "se", "source": "OSM", "updated": "2026-09-12", "name": "Stegesund", "type": "quai"}}, {"type": "Feature", "geometry": {"type": "Point", "coordinates": [18.53779, 59.49655]}, "properties": {"id": "osm-n-897584340", "country": "se", "source": "OSM", "updated": "2026-09-12", "name": "Skuggan", "type": "quai"}}, {"type": "Feature", "geometry": {"type": "Point", "coordinates": [18.46501, 59.47567]}, "properties": {"id": "osm-n-897584355", "country": "se", "source": "OSM", "updated": "2026-09-12", "name": "Fåglarö", "type": "quai"}}, {"type": "Feature", "geometry": {"type": "Point", "coordinates": [18.40463, 59.45622]}, "properties": {"id": "osm-n-897584418", "country": "se", "source": "OSM", "updated": "2026-09-12", "name": "Elgö", "type": "quai"}}, {"type": "Feature", "geometry": {"type": "Point", "coordinates": [19.01704, 59.68476]}, "properties": {"id": "osm-n-900631306", "country": "se", "source": "OSM", "updated": "2026-09-12", "name": "Gräskö", "type": "quai"}}, {"type": "Feature", "geometry": {"type": "Point", "coordinates": [18.78416, 59.56609]}, "properties": {"id": "osm-n-900631377", "country": "se", "source": "OSM", "updated": "2026-09-12", "name": "Själbottna", "type": "quai"}}, {"type": "Feature", "geometry": {"type": "Point", "coordinates": [18.89055, 59.62138]}, "properties": {"id": "osm-n-900631407", "country": "se", "source": "OSM", "updated": "2026-09-12", "name": "Almvik", "type": "quai"}}, {"type": "Feature", "geometry": {"type": "Point", "coordinates": [18.70787, 59.56319]}, "properties": {"id": "osm-n-900631477", "country": "se", "source": "OSM", "updated": "2026-09-12", "name": "Vettersö", "type": "quai"}}, {"type": "Feature", "geometry": {"type": "Point", "coordinates": [18.85105, 59.59965]}, "properties": {"id": "osm-n-900631512", "country": "se", "source": "OSM", "updated": "2026-09-12", "name": "Alsvik (Yxlan)", "type": "quai"}}, {"type": "Feature", "geometry": {"type": "Point", "coordinates": [18.89999, 59.63446]}, "properties": {"id": "osm-n-900631536", "country": "se", "source": "OSM", "updated": "2026-09-12", "name": "Kolsvik", "type": "quai"}}, {"type": "Feature", "geometry": {"type": "Point", "coordinates": [18.87075, 59.61553]}, "properties": {"id": "osm-n-900631774", "country": "se", "source": "OSM", "updated": "2026-09-12", "name": "Yxlövik", "type": "quai"}}, {"type": "Feature", "geometry": {"type": "Point", "coordinates": [18.92085, 59.63644]}, "properties": {"id": "osm-n-900631988", "country": "se", "source": "OSM", "updated": "2026-09-12", "name": "Stämmarsund", "type": "quai"}}, {"type": "Feature", "geometry": {"type": "Point", "coordinates": [18.8324, 59.58847]}, "properties": {"id": "osm-n-900632078", "country": "se", "source": "OSM", "updated": "2026-09-12", "name": "Brokholmen", "type": "quai"}}, {"type": "Feature", "geometry": {"type": "Point", "coordinates": [18.78459, 59.57553]}, "properties": {"id": "osm-n-900632085", "country": "se", "source": "OSM", "updated": "2026-09-12", "name": "Vagnsunda", "type": "quai"}}, {"type": "Feature", "geometry": {"type": "Point", "coordinates": [19.06694, 59.58016]}, "properties": {"id": "osm-n-900632087", "country": "se", "source": "OSM", "updated": "2026-09-12", "name": "Svartlöga", "type": "quai"}}, {"type": "Feature", "geometry": {"type": "Point", "coordinates": [19.17232, 59.59419]}, "properties": {"id": "osm-n-900632509", "country": "se", "source": "OSM", "updated": "2026-09-12", "name": "Rödlöga", "type": "quai"}}, {"type": "Feature", "geometry": {"type": "Point", "coordinates": [18.86854, 59.60447]}, "properties": {"id": "osm-n-900632512", "country": "se", "source": "OSM", "updated": "2026-09-12", "name": "Bruket", "type": "quai"}}, {"type": "Feature", "geometry": {"type": "Point", "coordinates": [11.85413, 57.62979]}, "properties": {"id": "osm-n-910461993", "country": "se", "source": "OSM", "updated": "2026-09-12", "name": "Stora Förö", "type": "quai", "operateur": "Västtrafik"}}, {"type": "Feature", "geometry": {"type": "Point", "coordinates": [15.59444, 56.10577]}, "properties": {"id": "osm-n-924651562", "country": "se", "source": "OSM", "updated": "2026-09-12", "name": "embarcadère", "type": "quai"}}, {"type": "Feature", "geometry": {"type": "Point", "coordinates": [11.79191, 57.57033]}, "properties": {"id": "osm-n-940099690", "country": "se", "source": "OSM", "updated": "2026-09-12", "name": "Vrångö", "type": "quai", "operateur": "Västtrafik", "route": "A"}}, {"type": "Feature", "geometry": {"type": "Point", "coordinates": [15.29383, 62.82812]}, "properties": {"id": "osm-n-942887469", "country": "se", "source": "OSM", "updated": "2026-09-12", "name": "embarcadère", "type": "quai"}}, {"type": "Feature", "geometry": {"type": "Point", "coordinates": [15.30202, 62.82898]}, "properties": {"id": "osm-n-942887548", "country": "se", "source": "OSM", "updated": "2026-09-12", "name": "embarcadère", "type": "quai"}}, {"type": "Feature", "geometry": {"type": "Point", "coordinates": [11.0528, 58.8785]}, "properties": {"id": "osm-n-944641648", "country": "se", "source": "OSM", "updated": "2026-09-12", "name": "Kilesand", "type": "quai", "operateur": "Koster Marin AB"}}, {"type": "Feature", "geometry": {"type": "Point", "coordinates": [11.01029, 58.89315]}, "properties": {"id": "osm-n-944642641", "country": "se", "source": "OSM", "updated": "2026-09-12", "name": "Västra Bryggan", "type": "quai", "operateur": "Koster Marin AB"}}, {"type": "Feature", "geometry": {"type": "Point", "coordinates": [11.00782, 58.8915]}, "properties": {"id": "osm-n-944642643", "country": "se", "source": "OSM", "updated": "2026-09-12", "name": "Långegärde", "type": "quai", "operateur": "Koster Marin AB"}}, {"type": "Feature", "geometry": {"type": "Point", "coordinates": [18.74003, 59.20877]}, "properties": {"id": "osm-n-946510410", "country": "se", "source": "OSM", "updated": "2026-09-12", "name": "Nämdöböte", "type": "quai"}}, {"type": "Feature", "geometry": {"type": "Point", "coordinates": [18.66988, 59.17748]}, "properties": {"id": "osm-n-946510441", "country": "se", "source": "OSM", "updated": "2026-09-12", "name": "Bunkvik", "type": "quai"}}, {"type": "Feature", "geometry": {"type": "Point", "coordinates": [18.69315, 59.18233]}, "properties": {"id": "osm-n-946510502", "country": "se", "source": "OSM", "updated": "2026-09-12", "name": "Sand", "type": "quai"}}, {"type": "Feature", "geometry": {"type": "Point", "coordinates": [18.58444, 59.16582]}, "properties": {"id": "osm-n-946514635", "country": "se", "source": "OSM", "updated": "2026-09-12", "name": "Rögrund", "type": "quai"}}, {"type": "Feature", "geometry": {"type": "Point", "coordinates": [18.61627, 59.15266]}, "properties": {"id": "osm-n-946514649", "country": "se", "source": "OSM", "updated": "2026-09-12", "name": "Mörtö södra", "type": "quai"}}, {"type": "Feature", "geometry": {"type": "Point", "coordinates": [18.63915, 59.17097]}, "properties": {"id": "osm-n-946514665", "country": "se", "source": "OSM", "updated": "2026-09-12", "name": "Sunnansund", "type": "quai"}}, {"type": "Feature", "geometry": {"type": "Point", "coordinates": [18.64884, 59.17489]}, "properties": {"id": "osm-n-946514668", "country": "se", "source": "OSM", "updated": "2026-09-12", "name": "Uvö", "type": "quai"}}, {"type": "Feature", "geometry": {"type": "Point", "coordinates": [18.70056, 59.18056]}, "properties": {"id": "osm-n-946514708", "country": "se", "source": "OSM", "updated": "2026-09-12", "name": "Orrön", "type": "quai"}}, {"type": "Feature", "geometry": {"type": "Point", "coordinates": [18.7004, 59.18462]}, "properties": {"id": "osm-n-946514711", "country": "se", "source": "OSM", "updated": "2026-09-12", "name": "Solvik", "type": "quai"}}, {"type": "Feature", "geometry": {"type": "Point", "coordinates": [18.7195, 59.19142]}, "properties": {"id": "osm-n-946514722", "country": "se", "source": "OSM", "updated": "2026-09-12", "name": "Kalkberget", "type": "quai"}}, {"type": "Feature", "geometry": {"type": "Point", "coordinates": [18.73996, 59.19748]}, "properties": {"id": "osm-n-946514729", "country": "se", "source": "OSM", "updated": "2026-09-12", "name": "Östanvik", "type": "quai"}}, {"type": "Feature", "geometry": {"type": "Point", "coordinates": [18.7577, 59.20431]}, "properties": {"id": "osm-n-946514760", "country": "se", "source": "OSM", "updated": "2026-09-12", "name": "Idöborg", "type": "quai"}}, {"type": "Feature", "geometry": {"type": "Point", "coordinates": [18.75337, 59.21576]}, "properties": {"id": "osm-n-946514765", "country": "se", "source": "OSM", "updated": "2026-09-12", "name": "Aspö", "type": "quai"}}, {"type": "Feature", "geometry": {"type": "Point", "coordinates": [14.7367, 56.00521]}, "properties": {"id": "osm-n-976982095", "country": "se", "source": "OSM", "updated": "2026-09-12", "name": "Nogersund", "type": "quai"}}, {"type": "Feature", "geometry": {"type": "Point", "coordinates": [14.8351, 56.01024]}, "properties": {"id": "osm-n-976982106", "country": "se", "source": "OSM", "updated": "2026-09-12", "name": "Hanö", "type": "quai"}}, {"type": "Feature", "geometry": {"type": "Point", "coordinates": [14.09501, 59.31055]}, "properties": {"id": "osm-n-1011096864", "country": "se", "source": "OSM", "updated": "2026-09-12", "name": "embarcadère", "type": "quai"}}, {"type": "Feature", "geometry": {"type": "Point", "coordinates": [17.83566, 58.80123]}, "properties": {"id": "osm-n-1030669448", "country": "se", "source": "OSM", "updated": "2026-09-12", "name": "Ankarudden", "type": "quai"}}, {"type": "Feature", "geometry": {"type": "Point", "coordinates": [13.51033, 59.38375]}, "properties": {"id": "osm-n-1035479235", "country": "se", "source": "OSM", "updated": "2026-09-12", "name": "Karlstad CCC", "type": "quai", "exploitation": "saisonnier", "operateur": "Karlstadsbuss"}}, {"type": "Feature", "geometry": {"type": "Point", "coordinates": [11.33871, 58.35787]}, "properties": {"id": "osm-n-1138225494", "country": "se", "source": "OSM", "updated": "2026-09-12", "name": "Stallens färjeläge", "type": "quai"}}, {"type": "Feature", "geometry": {"type": "Point", "coordinates": [18.07485, 59.32708]}, "properties": {"id": "osm-n-1143110463", "country": "se", "source": "OSM", "updated": "2026-09-12", "name": "Hop-on Hop-off", "type": "quai"}}, {"type": "Feature", "geometry": {"type": "Point", "coordinates": [17.52595, 59.38486]}, "properties": {"id": "osm-n-1184732659", "country": "se", "source": "OSM", "updated": "2026-09-12", "name": "embarcadère", "type": "quai"}}, {"type": "Feature", "geometry": {"type": "Point", "coordinates": [13.14592, 59.83884]}, "properties": {"id": "osm-n-1198019038", "country": "se", "source": "OSM", "updated": "2026-09-12", "name": "Freja af Fryken", "type": "quai"}}, {"type": "Feature", "geometry": {"type": "Point", "coordinates": [18.39192, 59.11327]}, "properties": {"id": "osm-n-1229138284", "country": "se", "source": "OSM", "updated": "2026-09-12", "name": "Dalarö Skans", "type": "quai"}}, {"type": "Feature", "geometry": {"type": "Point", "coordinates": [18.41164, 59.11699]}, "properties": {"id": "osm-n-1229138536", "country": "se", "source": "OSM", "updated": "2026-09-12", "name": "Aspö", "type": "quai"}}, {"type": "Feature", "geometry": {"type": "Point", "coordinates": [15.62976, 56.16605]}, "properties": {"id": "osm-n-1242520292", "country": "se", "source": "OSM", "updated": "2026-09-12", "name": "Karlskrona - Gdynia", "type": "quai"}}, {"type": "Feature", "geometry": {"type": "Point", "coordinates": [15.22734, 59.27354]}, "properties": {"id": "osm-n-1268339498", "country": "se", "source": "OSM", "updated": "2026-09-12", "name": "embarcadère", "type": "quai"}}, {"type": "Feature", "geometry": {"type": "Point", "coordinates": [15.22718, 59.27317]}, "properties": {"id": "osm-n-1268339609", "country": "se", "source": "OSM", "updated": "2026-09-12", "name": "embarcadère", "type": "quai"}}, {"type": "Feature", "geometry": {"type": "Point", "coordinates": [15.74233, 56.13769]}, "properties": {"id": "osm-n-1279638873", "country": "se", "source": "OSM", "updated": "2026-09-12", "name": "embarcadère", "type": "quai"}}, {"type": "Feature", "geometry": {"type": "Point", "coordinates": [13.66364, 59.39583]}, "properties": {"id": "osm-n-1300474655", "country": "se", "source": "OSM", "updated": "2026-09-12", "name": "Herröns färjeläge", "type": "quai"}}, {"type": "Feature", "geometry": {"type": "Point", "coordinates": [16.57653, 59.58669]}, "properties": {"id": "osm-n-1305203537", "country": "se", "source": "OSM", "updated": "2026-09-12", "name": "Elbafärjan", "type": "quai", "payant": "yes"}}, {"type": "Feature", "geometry": {"type": "Point", "coordinates": [18.07686, 59.33219]}, "properties": {"id": "osm-n-1305968326", "country": "se", "source": "OSM", "updated": "2026-09-12", "name": "Nybroplan", "type": "quai"}}, {"type": "Feature", "geometry": {"type": "Point", "coordinates": [18.34344, 59.38419]}, "properties": {"id": "osm-n-1342567197", "country": "se", "source": "OSM", "updated": "2026-09-12", "name": "Vasholmen", "type": "quai", "operateur": "Waxholmsbolaget"}}, {"type": "Feature", "geometry": {"type": "Point", "coordinates": [18.31848, 59.37513]}, "properties": {"id": "osm-n-1342567199", "country": "se", "source": "OSM", "updated": "2026-09-12", "name": "Edlunda", "type": "quai", "operateur": "Waxholmsbolaget"}}, {"type": "Feature", "geometry": {"type": "Point", "coordinates": [18.33216, 59.38147]}, "properties": {"id": "osm-n-1342567200", "country": "se", "source": "OSM", "updated": "2026-09-12", "name": "Karlsudd", "type": "quai", "operateur": "Waxholmsbolaget"}}, {"type": "Feature", "geometry": {"type": "Point", "coordinates": [17.90223, 59.30478]}, "properties": {"id": "osm-n-1345009516", "country": "se", "source": "OSM", "updated": "2026-09-12", "name": "Kungshättan", "type": "quai"}}, {"type": "Feature", "geometry": {"type": "Point", "coordinates": [17.89092, 59.32318]}, "properties": {"id": "osm-n-1345027624", "country": "se", "source": "OSM", "updated": "2026-09-12", "name": "Drottningholm", "type": "quai", "operateur": "Strömma Kanalbolaget"}}, {"type": "Feature", "geometry": {"type": "Point", "coordinates": [11.01139, 58.89331]}, "properties": {"id": "osm-n-1348489470", "country": "se", "source": "OSM", "updated": "2026-09-12", "name": "Kosterlänken", "type": "quai"}}, {"type": "Feature", "geometry": {"type": "Point", "coordinates": [11.01124, 58.89247]}, "properties": {"id": "osm-n-1348489955", "country": "se", "source": "OSM", "updated": "2026-09-12", "name": "Kosterlänken", "type": "quai"}}, {"type": "Feature", "geometry": {"type": "Point", "coordinates": [15.78291, 56.09801]}, "properties": {"id": "osm-n-1357030987", "country": "se", "source": "OSM", "updated": "2026-09-12", "name": "embarcadère", "type": "quai"}}, {"type": "Feature", "geometry": {"type": "Point", "coordinates": [18.44964, 59.49262]}, "properties": {"id": "osm-n-1359847921", "country": "se", "source": "OSM", "updated": "2026-09-12", "name": "Skeppsdals Brygga", "type": "quai"}}, {"type": "Feature", "geometry": {"type": "Point", "coordinates": [11.40383, 58.17581]}, "properties": {"id": "osm-n-1368404349", "country": "se", "source": "OSM", "updated": "2026-09-12", "name": "Gullholmensbaden Piren", "type": "quai", "route": "A"}}, {"type": "Feature", "geometry": {"type": "Point", "coordinates": [22.91494, 66.30633]}, "properties": {"id": "osm-n-1369476264", "country": "se", "source": "OSM", "updated": "2026-09-12", "name": "embarcadère", "type": "quai"}}, {"type": "Feature", "geometry": {"type": "Point", "coordinates": [12.85034, 56.65171]}, "properties": {"id": "osm-n-1369880170", "country": "se", "source": "OSM", "updated": "2026-09-12", "name": "embarcadère", "type": "quai"}}, {"type": "Feature", "geometry": {"type": "Point", "coordinates": [17.92736, 59.301]}, "properties": {"id": "osm-n-1377839891", "country": "se", "source": "OSM", "updated": "2026-09-12", "name": "Mälarhöjdsbadet", "type": "quai", "operateur": "Strömma Kanalbolaget"}}, {"type": "Feature", "geometry": {"type": "Point", "coordinates": [18.11914, 59.34342]}, "properties": {"id": "osm-n-1386448414", "country": "se", "source": "OSM", "updated": "2026-09-12", "name": "Frihamnsterminalen", "type": "quai", "operateur": "Tallink Silja AB"}}, {"type": "Feature", "geometry": {"type": "Point", "coordinates": [18.14452, 59.39693]}, "properties": {"id": "osm-n-1388609772", "country": "se", "source": "OSM", "updated": "2026-09-12", "name": "Storholmen östra", "type": "quai"}}, {"type": "Feature", "geometry": {"type": "Point", "coordinates": [15.41255, 59.28267]}, "properties": {"id": "osm-n-1396793998", "country": "se", "source": "OSM", "updated": "2026-09-12", "name": "embarcadère", "type": "quai"}}, {"type": "Feature", "geometry": {"type": "Point", "coordinates": [15.41314, 59.28296]}, "properties": {"id": "osm-n-1396794010", "country": "se", "source": "OSM", "updated": "2026-09-12", "name": "embarcadère", "type": "quai"}}, {"type": "Feature", "geometry": {"type": "Point", "coordinates": [18.29336, 58.96163]}, "properties": {"id": "osm-n-1415228919", "country": "se", "source": "OSM", "updated": "2026-09-12", "name": "Näsudden", "type": "quai"}}, {"type": "Feature", "geometry": {"type": "Point", "coordinates": [18.57838, 59.44872]}, "properties": {"id": "osm-n-1416127150", "country": "se", "source": "OSM", "updated": "2026-09-12", "name": "Stensvik", "type": "quai"}}, {"type": "Feature", "geometry": {"type": "Point", "coordinates": [15.57013, 56.17372]}, "properties": {"id": "osm-n-1416335273", "country": "se", "source": "OSM", "updated": "2026-09-12", "name": "Dragsö", "type": "quai"}}, {"type": "Feature", "geometry": {"type": "Point", "coordinates": [15.53648, 56.20062]}, "properties": {"id": "osm-n-1416335278", "country": "se", "source": "OSM", "updated": "2026-09-12", "name": "Nättraby", "type": "quai"}}, {"type": "Feature", "geometry": {"type": "Point", "coordinates": [15.56045, 56.18568]}, "properties": {"id": "osm-n-1416335288", "country": "se", "source": "OSM", "updated": "2026-09-12", "name": "Sjuhalla", "type": "quai"}}, {"type": "Feature", "geometry": {"type": "Point", "coordinates": [15.57135, 56.17107]}, "properties": {"id": "osm-n-1416335293", "country": "se", "source": "OSM", "updated": "2026-09-12", "name": "Brändaholm", "type": "quai"}}, {"type": "Feature", "geometry": {"type": "Point", "coordinates": [16.36958, 56.66328]}, "properties": {"id": "osm-n-1424232930", "country": "se", "source": "OSM", "updated": "2026-09-12", "name": "Cykelfärjan Dessi", "type": "quai", "exploitation": "saisonnier", "operateur": "Ressel Rederi AB"}}, {"type": "Feature", "geometry": {"type": "Point", "coordinates": [17.00656, 57.32747]}, "properties": {"id": "osm-n-1424936426", "country": "se", "source": "OSM", "updated": "2026-09-12", "name": "Byxelkrok", "type": "quai"}}, {"type": "Feature", "geometry": {"type": "Point", "coordinates": [17.7174, 66.95011]}, "properties": {"id": "osm-n-1437209072", "country": "se", "source": "OSM", "updated": "2026-09-12", "name": "Båttrafik Kvikkjokk", "type": "quai", "horaires": "Jun-Sep"}}, {"type": "Feature", "geometry": {"type": "Point", "coordinates": [11.71036, 57.70468]}, "properties": {"id": "osm-n-1477718832", "country": "se", "source": "OSM", "updated": "2026-09-12", "name": "embarcadère", "type": "quai"}}, {"type": "Feature", "geometry": {"type": "Point", "coordinates": [11.70279, 57.70882]}, "properties": {"id": "osm-n-1477718839", "country": "se", "source": "OSM", "updated": "2026-09-12", "name": "Lilla Varholmen", "type": "quai"}}, {"type": "Feature", "geometry": {"type": "Point", "coordinates": [11.91259, 57.69497]}, "properties": {"id": "osm-n-1501194159", "country": "se", "source": "OSM", "updated": "2026-09-12", "name": "embarcadère", "type": "quai"}}, {"type": "Feature", "geometry": {"type": "Point", "coordinates": [17.95006, 59.30361]}, "properties": {"id": "osm-n-1501888033", "country": "se", "source": "OSM", "updated": "2026-09-12", "name": "Fridhem", "type": "quai"}}, {"type": "Feature", "geometry": {"type": "Point", "coordinates": [18.11509, 59.3506]}, "properties": {"id": "osm-n-1539476819", "country": "se", "source": "OSM", "updated": "2026-09-12", "name": "Värtahamnen, Stockholm", "type": "quai"}}, {"type": "Feature", "geometry": {"type": "Point", "coordinates": [11.78064, 57.62313]}, "properties": {"id": "osm-n-1550184693", "country": "se", "source": "OSM", "updated": "2026-09-12", "name": "Källö", "type": "quai", "operateur": "Västtrafik", "route": "A"}}, {"type": "Feature", "geometry": {"type": "Point", "coordinates": [18.09908, 59.31613]}, "properties": {"id": "osm-n-1550340367", "country": "se", "source": "OSM", "updated": "2026-09-12", "name": "Viking Line: Stadsgården, Stockholm", "type": "quai"}}, {"type": "Feature", "geometry": {"type": "Point", "coordinates": [18.08875, 59.3177]}, "properties": {"id": "osm-n-1550340457", "country": "se", "source": "OSM", "updated": "2026-09-12", "name": "Viking Line Stockholm", "type": "quai"}}, {"type": "Feature", "geometry": {"type": "Point", "coordinates": [11.46376, 58.24963]}, "properties": {"id": "osm-n-1590919881", "country": "se", "source": "OSM", "updated": "2026-09-12", "name": "Östersidans färjeläge", "type": "quai"}}, {"type": "Feature", "geometry": {"type": "Point", "coordinates": [11.43744, 58.27304]}, "properties": {"id": "osm-n-1590919910", "country": "se", "source": "OSM", "updated": "2026-09-12", "name": "Lysekil Södra hamnen", "type": "quai", "route": "C"}}, {"type": "Feature", "geometry": {"type": "Point", "coordinates": [11.52876, 58.09183]}, "properties": {"id": "osm-n-1595423529", "country": "se", "source": "OSM", "updated": "2026-09-12", "name": "Lyresten", "type": "quai"}}, {"type": "Feature", "geometry": {"type": "Point", "coordinates": [18.34213, 59.36327]}, "properties": {"id": "osm-n-1596504099", "country": "se", "source": "OSM", "updated": "2026-09-12", "name": "Koviksudde", "type": "quai"}}, {"type": "Feature", "geometry": {"type": "Point", "coordinates": [18.36261, 59.37026]}, "properties": {"id": "osm-n-1596504122", "country": "se", "source": "OSM", "updated": "2026-09-12", "name": "Risberga", "type": "quai"}}, {"type": "Feature", "geometry": {"type": "Point", "coordinates": [14.30388, 55.92488]}, "properties": {"id": "osm-n-1602904261", "country": "se", "source": "OSM", "updated": "2026-09-12", "name": "embarcadère", "type": "quai"}}, {"type": "Feature", "geometry": {"type": "Point", "coordinates": [14.30296, 55.92511]}, "properties": {"id": "osm-n-1602904266", "country": "se", "source": "OSM", "updated": "2026-09-12", "name": "embarcadère", "type": "quai"}}, {"type": "Feature", "geometry": {"type": "Point", "coordinates": [19.10749, 59.85121]}, "properties": {"id": "osm-n-1611299356", "country": "se", "source": "OSM", "updated": "2026-09-12", "name": "Arholma", "type": "quai"}}, {"type": "Feature", "geometry": {"type": "Point", "coordinates": [18.07666, 59.33211]}, "properties": {"id": "osm-n-1617791905", "country": "se", "source": "OSM", "updated": "2026-09-12", "name": "Nybroplan", "type": "quai"}}, {"type": "Feature", "geometry": {"type": "Point", "coordinates": [12.69165, 56.04527]}, "properties": {"id": "osm-n-1631414066", "country": "se", "source": "OSM", "updated": "2026-09-12", "name": "Sundbusserne", "type": "quai", "operateur": "Sundbusserne"}}, {"type": "Feature", "geometry": {"type": "Point", "coordinates": [18.44545, 59.45399]}, "properties": {"id": "osm-n-1633681719", "country": "se", "source": "OSM", "updated": "2026-09-12", "name": "Losten", "type": "quai"}}, {"type": "Feature", "geometry": {"type": "Point", "coordinates": [18.81749, 59.64608]}, "properties": {"id": "osm-n-1697658900", "country": "se", "source": "OSM", "updated": "2026-09-12", "name": "Högmarsö", "type": "quai"}}, {"type": "Feature", "geometry": {"type": "Point", "coordinates": [15.57479, 60.46601]}, "properties": {"id": "osm-n-1712542459", "country": "se", "source": "OSM", "updated": "2026-09-12", "name": "Ångbåtsbryggan", "type": "quai"}}, {"type": "Feature", "geometry": {"type": "Point", "coordinates": [15.57193, 60.46395]}, "properties": {"id": "osm-n-1712548454", "country": "se", "source": "OSM", "updated": "2026-09-12", "name": "Ångbåtsbrygga", "type": "quai"}}, {"type": "Feature", "geometry": {"type": "Point", "coordinates": [18.71499, 59.75787]}, "properties": {"id": "osm-n-1729302539", "country": "se", "source": "OSM", "updated": "2026-09-12", "name": "Norrtälje hamn", "type": "quai", "route": "554"}}, {"type": "Feature", "geometry": {"type": "Point", "coordinates": [18.44278, 59.36814]}, "properties": {"id": "osm-n-1732041968", "country": "se", "source": "OSM", "updated": "2026-09-12", "name": "Skogsö Södra", "type": "quai"}}, {"type": "Feature", "geometry": {"type": "Point", "coordinates": [18.44084, 59.36546]}, "properties": {"id": "osm-n-1732115285", "country": "se", "source": "OSM", "updated": "2026-09-12", "name": "Hästholmen", "type": "quai"}}, {"type": "Feature", "geometry": {"type": "Point", "coordinates": [18.39909, 59.39049]}, "properties": {"id": "osm-n-1732293576", "country": "se", "source": "OSM", "updated": "2026-09-12", "name": "Ramsö", "type": "quai"}}, {"type": "Feature", "geometry": {"type": "Point", "coordinates": [18.12423, 59.31608]}, "properties": {"id": "osm-n-1746028195", "country": "se", "source": "OSM", "updated": "2026-09-12", "name": "Finnboda hamn", "type": "quai"}}, {"type": "Feature", "geometry": {"type": "Point", "coordinates": [17.71955, 66.92631]}, "properties": {"id": "osm-n-1750214247", "country": "se", "source": "OSM", "updated": "2026-09-12", "name": "Kungsleden", "type": "quai"}}, {"type": "Feature", "geometry": {"type": "Point", "coordinates": [18.09753, 59.30803]}, "properties": {"id": "osm-n-1752867076", "country": "se", "source": "OSM", "updated": "2026-09-12", "name": "Barnängsbryggan", "type": "quai"}}, {"type": "Feature", "geometry": {"type": "Point", "coordinates": [11.41482, 58.17537]}, "properties": {"id": "osm-n-1761552316", "country": "se", "source": "OSM", "updated": "2026-09-12", "name": "Tuvesvik", "type": "quai", "route": "C"}}, {"type": "Feature", "geometry": {"type": "Point", "coordinates": [11.40842, 58.17659]}, "properties": {"id": "osm-n-1761552326", "country": "se", "source": "OSM", "updated": "2026-09-12", "name": "Tvestjärten", "type": "quai", "route": "A"}}, {"type": "Feature", "geometry": {"type": "Point", "coordinates": [18.57569, 59.54838]}, "properties": {"id": "osm-n-1768791965", "country": "se", "source": "OSM", "updated": "2026-09-12", "name": "Östanå färjeläge", "type": "quai"}}, {"type": "Feature", "geometry": {"type": "Point", "coordinates": [12.99057, 55.62702]}, "properties": {"id": "osm-n-1773192481", "country": "se", "source": "OSM", "updated": "2026-09-12", "name": "embarcadère", "type": "quai", "route": "703"}}, {"type": "Feature", "geometry": {"type": "Point", "coordinates": [12.99001, 55.6273]}, "properties": {"id": "osm-n-1773192497", "country": "se", "source": "OSM", "updated": "2026-09-12", "name": "embarcadère", "type": "quai", "route": "702"}}, {"type": "Feature", "geometry": {"type": "Point", "coordinates": [18.10126, 59.30921]}, "properties": {"id": "osm-n-1806455598", "country": "se", "source": "OSM", "updated": "2026-09-12", "name": "Henriksdal", "type": "quai"}}, {"type": "Feature", "geometry": {"type": "Point", "coordinates": [11.94514, 57.70172]}, "properties": {"id": "osm-n-1809871154", "country": "se", "source": "OSM", "updated": "2026-09-12", "name": "embarcadère", "type": "quai"}}, {"type": "Feature", "geometry": {"type": "Point", "coordinates": [11.94313, 57.70135]}, "properties": {"id": "osm-n-1809871239", "country": "se", "source": "OSM", "updated": "2026-09-12", "name": "embarcadère", "type": "quai"}}, {"type": "Feature", "geometry": {"type": "Point", "coordinates": [19.07901, 59.76995]}, "properties": {"id": "osm-n-1823005981", "country": "se", "source": "OSM", "updated": "2026-09-12", "name": "Lidö", "type": "quai"}}, {"type": "Feature", "geometry": {"type": "Point", "coordinates": [13.83447, 57.26307]}, "properties": {"id": "osm-n-1831057674", "country": "se", "source": "OSM", "updated": "2026-09-12", "name": "embarcadère", "type": "quai"}}, {"type": "Feature", "geometry": {"type": "Point", "coordinates": [13.83869, 57.26383]}, "properties": {"id": "osm-n-1831057683", "country": "se", "source": "OSM", "updated": "2026-09-12", "name": "Old Mexico", "type": "quai"}}, {"type": "Feature", "geometry": {"type": "Point", "coordinates": [11.88453, 59.13774]}, "properties": {"id": "osm-n-1846619890", "country": "se", "source": "OSM", "updated": "2026-09-12", "name": "embarcadère", "type": "quai", "operateur": "Trafikverket Färjerederiet"}}, {"type": "Feature", "geometry": {"type": "Point", "coordinates": [15.70585, 59.18419]}, "properties": {"id": "osm-n-1848993641", "country": "se", "source": "OSM", "updated": "2026-09-12", "name": "Vinön", "type": "quai"}}, {"type": "Feature", "geometry": {"type": "Point", "coordinates": [18.39784, 62.86316]}, "properties": {"id": "osm-n-1850667000", "country": "se", "source": "OSM", "updated": "2026-09-12", "name": "embarcadère", "type": "quai"}}, {"type": "Feature", "geometry": {"type": "Point", "coordinates": [11.90298, 58.33077]}, "properties": {"id": "osm-n-1856210522", "country": "se", "source": "OSM", "updated": "2026-09-12", "name": "Skärgårds Båtarna Gudtafsberg", "type": "quai"}}, {"type": "Feature", "geometry": {"type": "Point", "coordinates": [18.63247, 59.37661]}, "properties": {"id": "osm-n-1871949625", "country": "se", "source": "OSM", "updated": "2026-09-12", "name": "Puttisholmen", "type": "quai"}}, {"type": "Feature", "geometry": {"type": "Point", "coordinates": [16.47201, 57.26285]}, "properties": {"id": "osm-n-1873016922", "country": "se", "source": "OSM", "updated": "2026-09-12", "name": "embarcadère", "type": "quai"}}, {"type": "Feature", "geometry": {"type": "Point", "coordinates": [16.45305, 57.26717]}, "properties": {"id": "osm-n-1873016928", "country": "se", "source": "OSM", "updated": "2026-09-12", "name": "embarcadère", "type": "quai"}}, {"type": "Feature", "geometry": {"type": "Point", "coordinates": [19.08093, 59.75203]}, "properties": {"id": "osm-n-1873987861", "country": "se", "source": "OSM", "updated": "2026-09-12", "name": "Räfsnäs", "type": "quai"}}, {"type": "Feature", "geometry": {"type": "Point", "coordinates": [19.1119, 59.74579]}, "properties": {"id": "osm-n-1873987885", "country": "se", "source": "OSM", "updated": "2026-09-12", "name": "Tjockö Ångbåtsbrygga", "type": "quai"}}, {"type": "Feature", "geometry": {"type": "Point", "coordinates": [18.47054, 68.18262]}, "properties": {"id": "osm-n-1882915971", "country": "se", "source": "OSM", "updated": "2026-09-12", "name": "embarcadère", "type": "quai"}}, {"type": "Feature", "geometry": {"type": "Point", "coordinates": [18.43313, 59.05205]}, "properties": {"id": "osm-n-1917030192", "country": "se", "source": "OSM", "updated": "2026-09-12", "name": "Ornö kyrka", "type": "quai", "operateur": "Waxholmsbolaget"}}, {"type": "Feature", "geometry": {"type": "Point", "coordinates": [16.04555, 65.96417]}, "properties": {"id": "osm-n-1935328651", "country": "se", "source": "OSM", "updated": "2026-09-12", "name": "Båttaxi", "type": "quai"}}, {"type": "Feature", "geometry": {"type": "Point", "coordinates": [11.76891, 57.5939]}, "properties": {"id": "osm-n-1969860866", "country": "se", "source": "OSM", "updated": "2026-09-12", "name": "Sjumansholmen", "type": "quai", "route": "A"}}, {"type": "Feature", "geometry": {"type": "Point", "coordinates": [17.39283, 58.76747]}, "properties": {"id": "osm-n-1975833501", "country": "se", "source": "OSM", "updated": "2026-09-12", "name": "embarcadère", "type": "quai"}}, {"type": "Feature", "geometry": {"type": "Point", "coordinates": [11.22502, 58.35319]}, "properties": {"id": "osm-n-2001715823", "country": "se", "source": "OSM", "updated": "2026-09-12", "name": "embarcadère", "type": "quai"}}, {"type": "Feature", "geometry": {"type": "Point", "coordinates": [18.40651, 59.39114]}, "properties": {"id": "osm-n-2010570464", "country": "se", "source": "OSM", "updated": "2026-09-12", "name": "Vegabryggan", "type": "quai"}}, {"type": "Feature", "geometry": {"type": "Point", "coordinates": [16.89691, 58.32133]}, "properties": {"id": "osm-n-2071184348", "country": "se", "source": "OSM", "updated": "2026-09-12", "name": "Tyrislöt", "type": "quai", "operateur": "Skärgårdslinjen"}}, {"type": "Feature", "geometry": {"type": "Point", "coordinates": [16.16884, 58.49805]}, "properties": {"id": "osm-n-2075821428", "country": "se", "source": "OSM", "updated": "2026-09-12", "name": "embarcadère", "type": "quai"}}, {"type": "Feature", "geometry": {"type": "Point", "coordinates": [17.97077, 57.29007]}, "properties": {"id": "osm-n-2078763982", "country": "se", "source": "OSM", "updated": "2026-09-12", "name": "Stora Karlsö", "type": "quai", "operateur": "Stora Karlsö"}}, {"type": "Feature", "geometry": {"type": "Point", "coordinates": [18.07376, 57.31112]}, "properties": {"id": "osm-n-2078780737", "country": "se", "source": "OSM", "updated": "2026-09-12", "name": "Lilla Karlsö", "type": "quai"}}, {"type": "Feature", "geometry": {"type": "Point", "coordinates": [13.82718, 55.42584]}, "properties": {"id": "osm-n-2128119280", "country": "se", "source": "OSM", "updated": "2026-09-12", "name": "Terminal Revhusen", "type": "quai"}}, {"type": "Feature", "geometry": {"type": "Point", "coordinates": [13.82597, 55.42655]}, "properties": {"id": "osm-n-2128119312", "country": "se", "source": "OSM", "updated": "2026-09-12", "name": "Terminal Fyrkajen", "type": "quai"}}, {"type": "Feature", "geometry": {"type": "Point", "coordinates": [18.36549, 59.40317]}, "properties": {"id": "osm-n-2151194095", "country": "se", "source": "OSM", "updated": "2026-09-12", "name": "Rindö Västra brygga", "type": "quai"}}, {"type": "Feature", "geometry": {"type": "Point", "coordinates": [20.6094, 69.04666]}, "properties": {"id": "osm-n-2212128304", "country": "se", "source": "OSM", "updated": "2026-09-12", "name": "embarcadère", "type": "quai"}}, {"type": "Feature", "geometry": {"type": "Point", "coordinates": [18.5398, 59.22092]}, "properties": {"id": "osm-n-2213492644", "country": "se", "source": "OSM", "updated": "2026-09-12", "name": "Björkviks brygga", "type": "quai"}}, {"type": "Feature", "geometry": {"type": "Point", "coordinates": [18.76497, 59.67422]}, "properties": {"id": "osm-n-2259894415", "country": "se", "source": "OSM", "updated": "2026-09-12", "name": "Solö", "type": "quai"}}, {"type": "Feature", "geometry": {"type": "Point", "coordinates": [18.79074, 59.64202]}, "properties": {"id": "osm-n-2259894631", "country": "se", "source": "OSM", "updated": "2026-09-12", "name": "Söderäng", "type": "quai"}}, {"type": "Feature", "geometry": {"type": "Point", "coordinates": [18.79446, 59.64954]}, "properties": {"id": "osm-n-2259894795", "country": "se", "source": "OSM", "updated": "2026-09-12", "name": "Hemmarö", "type": "quai"}}, {"type": "Feature", "geometry": {"type": "Point", "coordinates": [18.81784, 59.64309]}, "properties": {"id": "osm-n-2259895201", "country": "se", "source": "OSM", "updated": "2026-09-12", "name": "Fårgångsö", "type": "quai"}}, {"type": "Feature", "geometry": {"type": "Point", "coordinates": [18.62289, 59.55575]}, "properties": {"id": "osm-n-2260289870", "country": "se", "source": "OSM", "updated": "2026-09-12", "name": "Siaröfortet", "type": "quai"}}, {"type": "Feature", "geometry": {"type": "Point", "coordinates": [18.86015, 59.66164]}, "properties": {"id": "osm-n-2277633545", "country": "se", "source": "OSM", "updated": "2026-09-12", "name": "embarcadère", "type": "quai"}}, {"type": "Feature", "geometry": {"type": "Point", "coordinates": [18.76178, 59.61627]}, "properties": {"id": "osm-n-2282269750", "country": "se", "source": "OSM", "updated": "2026-09-12", "name": "Nationalparken Ängsö", "type": "quai"}}, {"type": "Feature", "geometry": {"type": "Point", "coordinates": [18.59902, 59.45558]}, "properties": {"id": "osm-n-2298829949", "country": "se", "source": "OSM", "updated": "2026-09-12", "name": "Hummelmora", "type": "quai"}}, {"type": "Feature", "geometry": {"type": "Point", "coordinates": [18.47222, 59.45204]}, "properties": {"id": "osm-n-2298829950", "country": "se", "source": "OSM", "updated": "2026-09-12", "name": "Lilla Saxaren", "type": "quai"}}, {"type": "Feature", "geometry": {"type": "Point", "coordinates": [18.48302, 59.4503]}, "properties": {"id": "osm-n-2298829951", "country": "se", "source": "OSM", "updated": "2026-09-12", "name": "Stora Saxaren", "type": "quai"}}, {"type": "Feature", "geometry": {"type": "Point", "coordinates": [18.15975, 59.31808]}, "properties": {"id": "osm-n-2300082242", "country": "se", "source": "OSM", "updated": "2026-09-12", "name": "Nacka strand", "type": "quai"}}, {"type": "Feature", "geometry": {"type": "Point", "coordinates": [18.15195, 59.34315]}, "properties": {"id": "osm-n-2302339559", "country": "se", "source": "OSM", "updated": "2026-09-12", "name": "Lidingö/Dalénum", "type": "quai"}}, {"type": "Feature", "geometry": {"type": "Point", "coordinates": [18.19159, 58.91998]}, "properties": {"id": "osm-n-2321869273", "country": "se", "source": "OSM", "updated": "2026-09-12", "name": "Ålö", "type": "quai"}}, {"type": "Feature", "geometry": {"type": "Point", "coordinates": [18.81395, 59.30552]}, "properties": {"id": "osm-n-2331712511", "country": "se", "source": "OSM", "updated": "2026-09-12", "name": "Västra Skarprunmarn", "type": "quai"}}, {"type": "Feature", "geometry": {"type": "Point", "coordinates": [18.90967, 59.42374]}, "properties": {"id": "osm-n-2334340773", "country": "se", "source": "OSM", "updated": "2026-09-12", "name": "Ramsmora", "type": "quai"}}, {"type": "Feature", "geometry": {"type": "Point", "coordinates": [18.70482, 59.28633]}, "properties": {"id": "osm-n-2335285481", "country": "se", "source": "OSM", "updated": "2026-09-12", "name": "Stavsnäs", "type": "quai"}}, {"type": "Feature", "geometry": {"type": "Point", "coordinates": [22.77611, 66.48473]}, "properties": {"id": "osm-n-2336370026", "country": "se", "source": "OSM", "updated": "2026-09-12", "name": "embarcadère", "type": "quai"}}, {"type": "Feature", "geometry": {"type": "Point", "coordinates": [18.89611, 59.41031]}, "properties": {"id": "osm-n-2349013583", "country": "se", "source": "OSM", "updated": "2026-09-12", "name": "Löka brygga", "type": "quai"}}, {"type": "Feature", "geometry": {"type": "Point", "coordinates": [18.92081, 59.44233]}, "properties": {"id": "osm-n-2349139503", "country": "se", "source": "OSM", "updated": "2026-09-12", "name": "Långvik", "type": "quai"}}, {"type": "Feature", "geometry": {"type": "Point", "coordinates": [18.88645, 59.4432]}, "properties": {"id": "osm-n-2349141872", "country": "se", "source": "OSM", "updated": "2026-09-12", "name": "Dragedet", "type": "quai", "operateur": "Waxholmsbolaget"}}, {"type": "Feature", "geometry": {"type": "Point", "coordinates": [18.69875, 59.37306]}, "properties": {"id": "osm-n-2349164668", "country": "se", "source": "OSM", "updated": "2026-09-12", "name": "Sollenkroka", "type": "quai"}}, {"type": "Feature", "geometry": {"type": "Point", "coordinates": [18.77987, 59.40424]}, "properties": {"id": "osm-n-2349178882", "country": "se", "source": "OSM", "updated": "2026-09-12", "name": "Norra Stavsudda", "type": "quai"}}, {"type": "Feature", "geometry": {"type": "Point", "coordinates": [18.87472, 59.40401]}, "properties": {"id": "osm-n-2349235266", "country": "se", "source": "OSM", "updated": "2026-09-12", "name": "Möjaström", "type": "quai"}}, {"type": "Feature", "geometry": {"type": "Point", "coordinates": [18.78931, 59.38474]}, "properties": {"id": "osm-n-2359277257", "country": "se", "source": "OSM", "updated": "2026-09-12", "name": "Södra Träskö", "type": "quai"}}, {"type": "Feature", "geometry": {"type": "Point", "coordinates": [22.81666, 68.38359]}, "properties": {"id": "osm-n-2365527375", "country": "se", "source": "OSM", "updated": "2026-09-12", "name": "Kuttainen", "type": "quai"}}, {"type": "Feature", "geometry": {"type": "Point", "coordinates": [18.78354, 59.68379]}, "properties": {"id": "osm-n-2380214581", "country": "se", "source": "OSM", "updated": "2026-09-12", "name": "Marholmen", "type": "quai"}}, {"type": "Feature", "geometry": {"type": "Point", "coordinates": [18.38131, 59.32436]}, "properties": {"id": "osm-n-2381391443", "country": "se", "source": "OSM", "updated": "2026-09-12", "name": "Gustavsberg", "type": "quai"}}, {"type": "Feature", "geometry": {"type": "Point", "coordinates": [18.34609, 59.30762]}, "properties": {"id": "osm-n-2381391480", "country": "se", "source": "OSM", "updated": "2026-09-12", "name": "Artipelag/Hålludden", "type": "quai"}}, {"type": "Feature", "geometry": {"type": "Point", "coordinates": [18.85433, 59.65484]}, "properties": {"id": "osm-n-2387745823", "country": "se", "source": "OSM", "updated": "2026-09-12", "name": "embarcadère", "type": "quai"}}, {"type": "Feature", "geometry": {"type": "Point", "coordinates": [16.00367, 59.95727]}, "properties": {"id": "osm-n-2390180965", "country": "se", "source": "OSM", "updated": "2026-09-12", "name": "embarcadère", "type": "quai"}}, {"type": "Feature", "geometry": {"type": "Point", "coordinates": [16.00852, 59.95761]}, "properties": {"id": "osm-n-2390180967", "country": "se", "source": "OSM", "updated": "2026-09-12", "name": "embarcadère", "type": "quai"}}, {"type": "Feature", "geometry": {"type": "Point", "coordinates": [19.03202, 59.76785]}, "properties": {"id": "osm-n-2391628406", "country": "se", "source": "OSM", "updated": "2026-09-12", "name": "Gräddö", "type": "quai"}}, {"type": "Feature", "geometry": {"type": "Point", "coordinates": [12.72302, 55.90314]}, "properties": {"id": "osm-n-2391743199", "country": "se", "source": "OSM", "updated": "2026-09-12", "name": "Back vikens Hamn", "type": "quai"}}, {"type": "Feature", "geometry": {"type": "Point", "coordinates": [12.72198, 55.90363]}, "properties": {"id": "osm-n-2391743232", "country": "se", "source": "OSM", "updated": "2026-09-12", "name": "Bäckviken", "type": "quai"}}, {"type": "Feature", "geometry": {"type": "Point", "coordinates": [12.72231, 55.90386]}, "properties": {"id": "osm-n-2391743246", "country": "se", "source": "OSM", "updated": "2026-09-12", "name": "Bäckviken", "type": "quai"}}, {"type": "Feature", "geometry": {"type": "Point", "coordinates": [16.45432, 57.26511]}, "properties": {"id": "osm-n-2394375746", "country": "se", "source": "OSM", "updated": "2026-09-12", "name": "Oskarshamn-Byxelkrok-Oskarshamn", "type": "quai"}}, {"type": "Feature", "geometry": {"type": "Point", "coordinates": [19.07985, 57.86838]}, "properties": {"id": "osm-n-2396536092", "country": "se", "source": "OSM", "updated": "2026-09-12", "name": "embarcadère", "type": "quai"}}, {"type": "Feature", "geometry": {"type": "Point", "coordinates": [13.15672, 55.36761]}, "properties": {"id": "osm-n-2406777893", "country": "se", "source": "OSM", "updated": "2026-09-12", "name": "embarcadère", "type": "quai"}}, {"type": "Feature", "geometry": {"type": "Point", "coordinates": [15.0433, 59.51769]}, "properties": {"id": "osm-n-2440674901", "country": "se", "source": "OSM", "updated": "2026-09-12", "name": "Strandpromenaden", "type": "quai"}}, {"type": "Feature", "geometry": {"type": "Point", "coordinates": [15.05318, 59.51801]}, "properties": {"id": "osm-n-2440674902", "country": "se", "source": "OSM", "updated": "2026-09-12", "name": "Alntorps ö", "type": "quai"}}, {"type": "Feature", "geometry": {"type": "Point", "coordinates": [18.63289, 59.46664]}, "properties": {"id": "osm-n-2447150447", "country": "se", "source": "OSM", "updated": "2026-09-12", "name": "Edö", "type": "quai"}}, {"type": "Feature", "geometry": {"type": "Point", "coordinates": [13.15446, 55.37157]}, "properties": {"id": "osm-n-2471066442", "country": "se", "source": "OSM", "updated": "2026-09-12", "name": "embarcadère", "type": "quai"}}, {"type": "Feature", "geometry": {"type": "Point", "coordinates": [13.15033, 55.36999]}, "properties": {"id": "osm-n-2471066451", "country": "se", "source": "OSM", "updated": "2026-09-12", "name": "embarcadère", "type": "quai", "operateur": "TT-Line"}}, {"type": "Feature", "geometry": {"type": "Point", "coordinates": [17.71165, 66.94987]}, "properties": {"id": "osm-n-2508268147", "country": "se", "source": "OSM", "updated": "2026-09-12", "name": "Vallevárre", "type": "quai"}}, {"type": "Feature", "geometry": {"type": "Point", "coordinates": [18.35552, 59.425]}, "properties": {"id": "osm-n-2534683206", "country": "se", "source": "OSM", "updated": "2026-09-12", "name": "Ytterby brygga", "type": "quai"}}, {"type": "Feature", "geometry": {"type": "Point", "coordinates": [13.83202, 55.42467]}, "properties": {"id": "osm-n-2535682212", "country": "se", "source": "OSM", "updated": "2026-09-12", "name": "Ystad", "type": "quai"}}, {"type": "Feature", "geometry": {"type": "Point", "coordinates": [13.82866, 55.42486]}, "properties": {"id": "osm-n-2535682217", "country": "se", "source": "OSM", "updated": "2026-09-12", "name": "embarcadère", "type": "quai"}}, {"type": "Feature", "geometry": {"type": "Point", "coordinates": [18.3653, 59.04475]}, "properties": {"id": "osm-n-2550392590", "country": "se", "source": "OSM", "updated": "2026-09-12", "name": "Lättinge", "type": "quai"}}, {"type": "Feature", "geometry": {"type": "Point", "coordinates": [18.29247, 59.30691]}, "properties": {"id": "osm-n-2582730315", "country": "se", "source": "OSM", "updated": "2026-09-12", "name": "Boo", "type": "quai"}}, {"type": "Feature", "geometry": {"type": "Point", "coordinates": [18.78931, 67.853]}, "properties": {"id": "osm-n-2593701173", "country": "se", "source": "OSM", "updated": "2026-09-12", "name": "embarcadère", "type": "quai"}}, {"type": "Feature", "geometry": {"type": "Point", "coordinates": [18.28552, 59.36007]}, "properties": {"id": "osm-n-2598658806", "country": "se", "source": "OSM", "updated": "2026-09-12", "name": "Riset", "type": "quai"}}, {"type": "Feature", "geometry": {"type": "Point", "coordinates": [18.4591, 59.31581]}, "properties": {"id": "osm-n-2601317440", "country": "se", "source": "OSM", "updated": "2026-09-12", "name": "Ålstäket", "type": "quai"}}, {"type": "Feature", "geometry": {"type": "Point", "coordinates": [18.13652, 59.3176]}, "properties": {"id": "osm-n-2622730794", "country": "se", "source": "OSM", "updated": "2026-09-12", "name": "Kvarnholmen", "type": "quai"}}, {"type": "Feature", "geometry": {"type": "Point", "coordinates": [12.81031, 59.3489]}, "properties": {"id": "osm-n-2636047459", "country": "se", "source": "OSM", "updated": "2026-09-12", "name": "embarcadère", "type": "quai", "operateur": "Trafikverket Färjerederiet"}}, {"type": "Feature", "geometry": {"type": "Point", "coordinates": [12.80939, 59.34928]}, "properties": {"id": "osm-n-2636047461", "country": "se", "source": "OSM", "updated": "2026-09-12", "name": "embarcadère", "type": "quai", "operateur": "Trafikverket Färjerederiet"}}, {"type": "Feature", "geometry": {"type": "Point", "coordinates": [18.66239, 59.16701]}, "properties": {"id": "osm-n-2758385094", "country": "se", "source": "OSM", "updated": "2026-09-12", "name": "Ekholmen", "type": "quai"}}, {"type": "Feature", "geometry": {"type": "Point", "coordinates": [21.94714, 68.04568]}, "properties": {"id": "osm-n-2823423777", "country": "se", "source": "OSM", "updated": "2026-09-12", "name": "Lannavaara linfärja", "type": "quai", "exploitation": "saisonnier"}}, {"type": "Feature", "geometry": {"type": "Point", "coordinates": [21.9478, 68.04648]}, "properties": {"id": "osm-n-2823423782", "country": "se", "source": "OSM", "updated": "2026-09-12", "name": "Lannavaara linfärja", "type": "quai", "exploitation": "saisonnier"}}, {"type": "Feature", "geometry": {"type": "Point", "coordinates": [13.51023, 59.37515]}, "properties": {"id": "osm-n-2832462438", "country": "se", "source": "OSM", "updated": "2026-09-12", "name": "Bryggudden", "type": "quai", "exploitation": "saisonnier", "operateur": "Karlstadsbuss"}}, {"type": "Feature", "geometry": {"type": "Point", "coordinates": [11.57541, 57.93553]}, "properties": {"id": "osm-n-2859608779", "country": "se", "source": "OSM", "updated": "2026-09-12", "name": "Rönnängs brygga", "type": "quai", "operateur": "Västtrafik", "route": "B"}}, {"type": "Feature", "geometry": {"type": "Point", "coordinates": [18.75096, 59.46537]}, "properties": {"id": "osm-n-2908793762", "country": "se", "source": "OSM", "updated": "2026-09-12", "name": "Södra Ingmarsö", "type": "quai"}}, {"type": "Feature", "geometry": {"type": "Point", "coordinates": [18.65712, 59.43781]}, "properties": {"id": "osm-n-2908793764", "country": "se", "source": "OSM", "updated": "2026-09-12", "name": "Ahlsvik", "type": "quai", "operateur": "Waxholmsbolaget"}}, {"type": "Feature", "geometry": {"type": "Point", "coordinates": [18.73984, 59.45548]}, "properties": {"id": "osm-n-2908793792", "country": "se", "source": "OSM", "updated": "2026-09-12", "name": "Söderboudd", "type": "quai"}}, {"type": "Feature", "geometry": {"type": "Point", "coordinates": [18.68079, 59.44388]}, "properties": {"id": "osm-n-2908794120", "country": "se", "source": "OSM", "updated": "2026-09-12", "name": "Skälvik", "type": "quai", "operateur": "Waxholmsbolaget"}}, {"type": "Feature", "geometry": {"type": "Point", "coordinates": [18.82673, 59.48283]}, "properties": {"id": "osm-n-2927541101", "country": "se", "source": "OSM", "updated": "2026-09-12", "name": "Finnhamn", "type": "quai"}}, {"type": "Feature", "geometry": {"type": "Point", "coordinates": [17.86454, 58.74457]}, "properties": {"id": "osm-n-2942213200", "country": "se", "source": "OSM", "updated": "2026-09-12", "name": "Landsort (Västerhamn)", "type": "quai"}}, {"type": "Feature", "geometry": {"type": "Point", "coordinates": [18.5164, 59.07089]}, "properties": {"id": "osm-n-2943473865", "country": "se", "source": "OSM", "updated": "2026-09-12", "name": "Fiversättraö", "type": "quai", "operateur": "Waxholmsbolaget"}}, {"type": "Feature", "geometry": {"type": "Point", "coordinates": [11.2184, 58.33357]}, "properties": {"id": "osm-n-2948321798", "country": "se", "source": "OSM", "updated": "2026-09-12", "name": "Hållö färjeläget", "type": "quai"}}, {"type": "Feature", "geometry": {"type": "Point", "coordinates": [12.25784, 58.9895]}, "properties": {"id": "osm-n-2977935889", "country": "se", "source": "OSM", "updated": "2026-09-12", "name": "Billingsfors", "type": "quai"}}, {"type": "Feature", "geometry": {"type": "Point", "coordinates": [12.4151, 58.82047]}, "properties": {"id": "osm-n-2977935890", "country": "se", "source": "OSM", "updated": "2026-09-12", "name": "Håverud", "type": "quai"}}, {"type": "Feature", "geometry": {"type": "Point", "coordinates": [12.3085, 58.91827]}, "properties": {"id": "osm-n-2977935891", "country": "se", "source": "OSM", "updated": "2026-09-12", "name": "Mustadfors", "type": "quai"}}, {"type": "Feature", "geometry": {"type": "Point", "coordinates": [18.57874, 59.43025]}, "properties": {"id": "osm-n-2996082790", "country": "se", "source": "OSM", "updated": "2026-09-12", "name": "Staveström", "type": "quai"}}, {"type": "Feature", "geometry": {"type": "Point", "coordinates": [12.74368, 55.99247]}, "properties": {"id": "osm-n-2998355135", "country": "se", "source": "OSM", "updated": "2026-09-12", "name": "Venbåtarna", "type": "quai"}}, {"type": "Feature", "geometry": {"type": "Point", "coordinates": [11.51421, 58.01507]}, "properties": {"id": "osm-n-3031737170", "country": "se", "source": "OSM", "updated": "2026-09-12", "name": "Kyrkesunds brygga", "type": "quai", "route": "B"}}, {"type": "Feature", "geometry": {"type": "Point", "coordinates": [11.51335, 58.01591]}, "properties": {"id": "osm-n-3031737182", "country": "se", "source": "OSM", "updated": "2026-09-12", "name": "Härön", "type": "quai", "payant": "45 SKR", "route": "A"}}, {"type": "Feature", "geometry": {"type": "Point", "coordinates": [18.92882, 59.28927]}, "properties": {"id": "osm-n-3053786256", "country": "se", "source": "OSM", "updated": "2026-09-12", "name": "embarcadère", "type": "quai"}}, {"type": "Feature", "geometry": {"type": "Point", "coordinates": [13.50317, 59.3851]}, "properties": {"id": "osm-n-3138913810", "country": "se", "source": "OSM", "updated": "2026-09-12", "name": "Sandgrund", "type": "quai", "exploitation": "saisonnier", "operateur": "Karlstadsbuss"}}, {"type": "Feature", "geometry": {"type": "Point", "coordinates": [18.54455, 59.517]}, "properties": {"id": "osm-n-3163857062", "country": "se", "source": "OSM", "updated": "2026-09-12", "name": "Ålön", "type": "quai"}}, {"type": "Feature", "geometry": {"type": "Point", "coordinates": [11.22293, 58.33831]}, "properties": {"id": "osm-n-3195420422", "country": "se", "source": "OSM", "updated": "2026-09-12", "name": "embarcadère", "type": "quai"}}, {"type": "Feature", "geometry": {"type": "Point", "coordinates": [11.24863, 58.36158]}, "properties": {"id": "osm-n-3195420458", "country": "se", "source": "OSM", "updated": "2026-09-12", "name": "embarcadère", "type": "quai"}}, {"type": "Feature", "geometry": {"type": "Point", "coordinates": [18.65599, 59.17262]}, "properties": {"id": "osm-n-3255164651", "country": "se", "source": "OSM", "updated": "2026-09-12", "name": "Ängsholmen", "type": "quai"}}, {"type": "Feature", "geometry": {"type": "Point", "coordinates": [18.68175, 59.48558]}, "properties": {"id": "osm-n-3266110582", "country": "se", "source": "OSM", "updated": "2026-09-12", "name": "Nässlingen", "type": "quai", "operateur": "Waxholmsbolaget"}}, {"type": "Feature", "geometry": {"type": "Point", "coordinates": [13.66265, 59.39041]}, "properties": {"id": "osm-n-3335203757", "country": "se", "source": "OSM", "updated": "2026-09-12", "name": "Jäveröns färjeläge", "type": "quai"}}, {"type": "Feature", "geometry": {"type": "Point", "coordinates": [12.69092, 56.04369]}, "properties": {"id": "osm-n-3420414690", "country": "se", "source": "OSM", "updated": "2026-09-12", "name": "Helsingborg-Helsingør", "type": "quai"}}, {"type": "Feature", "geometry": {"type": "Point", "coordinates": [11.60204, 57.92942]}, "properties": {"id": "osm-n-3424978991", "country": "se", "source": "OSM", "updated": "2026-09-12", "name": "Dyrön norra", "type": "quai", "operateur": "Västtrafik"}}, {"type": "Feature", "geometry": {"type": "Point", "coordinates": [11.45783, 58.25019]}, "properties": {"id": "osm-n-3489035897", "country": "se", "source": "OSM", "updated": "2026-09-12", "name": "Fiskebäckskil brygga", "type": "quai"}}, {"type": "Feature", "geometry": {"type": "Point", "coordinates": [11.66577, 57.89006]}, "properties": {"id": "osm-n-3507091970", "country": "se", "source": "OSM", "updated": "2026-09-12", "name": "Rökan Bryggan", "type": "quai", "operateur": "Västtrafik"}}, {"type": "Feature", "geometry": {"type": "Point", "coordinates": [13.15771, 55.36731]}, "properties": {"id": "osm-n-3513574374", "country": "se", "source": "OSM", "updated": "2026-09-12", "name": "embarcadère", "type": "quai"}}, {"type": "Feature", "geometry": {"type": "Point", "coordinates": [18.07962, 59.33163]}, "properties": {"id": "osm-n-3520614506", "country": "se", "source": "OSM", "updated": "2026-09-12", "name": "Strandvägen", "type": "quai", "operateur": "Strömma Kanalbolaget"}}, {"type": "Feature", "geometry": {"type": "Point", "coordinates": [11.7529, 57.92212]}, "properties": {"id": "osm-n-3530186627", "country": "se", "source": "OSM", "updated": "2026-09-12", "name": "Rörtången bryggan", "type": "quai", "operateur": "Västtrafik"}}, {"type": "Feature", "geometry": {"type": "Point", "coordinates": [11.7444, 57.92458]}, "properties": {"id": "osm-n-3536193559", "country": "se", "source": "OSM", "updated": "2026-09-12", "name": "Brattön östra", "type": "quai", "operateur": "Västtrafik"}}, {"type": "Feature", "geometry": {"type": "Point", "coordinates": [13.21602, 58.8114]}, "properties": {"id": "osm-n-3666317497", "country": "se", "source": "OSM", "updated": "2026-09-12", "name": "embarcadère", "type": "quai"}}, {"type": "Feature", "geometry": {"type": "Point", "coordinates": [15.10385, 60.88125]}, "properties": {"id": "osm-n-3667493652", "country": "se", "source": "OSM", "updated": "2026-09-12", "name": "Långbryggan", "type": "quai"}}, {"type": "Feature", "geometry": {"type": "Point", "coordinates": [14.54306, 61.00384]}, "properties": {"id": "osm-n-3667493663", "country": "se", "source": "OSM", "updated": "2026-09-12", "name": "embarcadère", "type": "quai"}}, {"type": "Feature", "geometry": {"type": "Point", "coordinates": [18.10623, 59.35841]}, "properties": {"id": "osm-n-3672291787", "country": "se", "source": "OSM", "updated": "2026-09-12", "name": "Ropsten", "type": "quai"}}, {"type": "Feature", "geometry": {"type": "Point", "coordinates": [18.09203, 59.37652]}, "properties": {"id": "osm-n-3672291804", "country": "se", "source": "OSM", "updated": "2026-09-12", "name": "Tranholmen", "type": "quai"}}, {"type": "Feature", "geometry": {"type": "Point", "coordinates": [18.091, 59.38995]}, "properties": {"id": "osm-n-3672291806", "country": "se", "source": "OSM", "updated": "2026-09-12", "name": "Ekudden", "type": "quai"}}, {"type": "Feature", "geometry": {"type": "Point", "coordinates": [18.10961, 59.39047]}, "properties": {"id": "osm-n-3672291814", "country": "se", "source": "OSM", "updated": "2026-09-12", "name": "Sticklinge brygga", "type": "quai"}}, {"type": "Feature", "geometry": {"type": "Point", "coordinates": [18.13824, 59.38979]}, "properties": {"id": "osm-n-3672314530", "country": "se", "source": "OSM", "updated": "2026-09-12", "name": "Mor Annas brygga", "type": "quai"}}, {"type": "Feature", "geometry": {"type": "Point", "coordinates": [18.13421, 59.39336]}, "properties": {"id": "osm-n-3672314531", "country": "se", "source": "OSM", "updated": "2026-09-12", "name": "Storholmen södra", "type": "quai"}}, {"type": "Feature", "geometry": {"type": "Point", "coordinates": [18.13541, 59.39872]}, "properties": {"id": "osm-n-3672314547", "country": "se", "source": "OSM", "updated": "2026-09-12", "name": "Storholmen norra", "type": "quai"}}, {"type": "Feature", "geometry": {"type": "Point", "coordinates": [11.95658, 57.70587]}, "properties": {"id": "osm-n-3707818839", "country": "se", "source": "OSM", "updated": "2026-09-12", "name": "Stenpiren", "type": "quai", "route": "E1"}}, {"type": "Feature", "geometry": {"type": "Point", "coordinates": [11.36599, 58.11306]}, "properties": {"id": "osm-n-3735966440", "country": "se", "source": "OSM", "updated": "2026-09-12", "name": "Käringön", "type": "quai", "route": "A"}}, {"type": "Feature", "geometry": {"type": "Point", "coordinates": [18.85503, 59.59149]}, "properties": {"id": "osm-n-3750338996", "country": "se", "source": "OSM", "updated": "2026-09-12", "name": "Glyxnäs", "type": "quai"}}, {"type": "Feature", "geometry": {"type": "Point", "coordinates": [17.84398, 58.78583]}, "properties": {"id": "osm-n-3870541066", "country": "se", "source": "OSM", "updated": "2026-09-12", "name": "Krokskär Västerhamn", "type": "quai"}}, {"type": "Feature", "geometry": {"type": "Point", "coordinates": [18.1068, 59.31577]}, "properties": {"id": "osm-n-4009662202", "country": "se", "source": "OSM", "updated": "2026-09-12", "name": "Masthamnen", "type": "quai"}}, {"type": "Feature", "geometry": {"type": "Point", "coordinates": [11.88431, 58.33083]}, "properties": {"id": "osm-n-4010465335", "country": "se", "source": "OSM", "updated": "2026-09-12", "name": "Lindesnäs", "type": "quai"}}, {"type": "Feature", "geometry": {"type": "Point", "coordinates": [18.33373, 59.40006]}, "properties": {"id": "osm-n-4010778911", "country": "se", "source": "OSM", "updated": "2026-09-12", "name": "Fredriksberg", "type": "quai"}}, {"type": "Feature", "geometry": {"type": "Point", "coordinates": [11.34488, 58.36292]}, "properties": {"id": "osm-n-4015849686", "country": "se", "source": "OSM", "updated": "2026-09-12", "name": "Tullboden färjeläge", "type": "quai"}}, {"type": "Feature", "geometry": {"type": "Point", "coordinates": [14.99877, 60.72919]}, "properties": {"id": "osm-n-4062574291", "country": "se", "source": "OSM", "updated": "2026-09-12", "name": "embarcadère", "type": "quai"}}, {"type": "Feature", "geometry": {"type": "Point", "coordinates": [14.86401, 56.16054]}, "properties": {"id": "osm-n-4066896345", "country": "se", "source": "OSM", "updated": "2026-09-12", "name": "Kastellet", "type": "quai"}}, {"type": "Feature", "geometry": {"type": "Point", "coordinates": [18.11733, 59.35262]}, "properties": {"id": "osm-n-4158908415", "country": "se", "source": "OSM", "updated": "2026-09-12", "name": "Värtahamnen, Stockholm", "type": "quai"}}, {"type": "Feature", "geometry": {"type": "Point", "coordinates": [18.11252, 59.35266]}, "properties": {"id": "osm-n-4158971117", "country": "se", "source": "OSM", "updated": "2026-09-12", "name": "embarcadère", "type": "quai"}}, {"type": "Feature", "geometry": {"type": "Point", "coordinates": [16.94241, 58.48888]}, "properties": {"id": "osm-n-4170548483", "country": "se", "source": "OSM", "updated": "2026-09-12", "name": "Arkösund", "type": "quai", "operateur": "Östgötatrafiken"}}, {"type": "Feature", "geometry": {"type": "Point", "coordinates": [13.71191, 58.81156]}, "properties": {"id": "osm-n-4201212371", "country": "se", "source": "OSM", "updated": "2026-09-12", "name": "Laxhall", "type": "quai"}}, {"type": "Feature", "geometry": {"type": "Point", "coordinates": [13.70556, 58.81159]}, "properties": {"id": "osm-n-4201212374", "country": "se", "source": "OSM", "updated": "2026-09-12", "name": "Brommö", "type": "quai"}}, {"type": "Feature", "geometry": {"type": "Point", "coordinates": [14.96369, 56.12129]}, "properties": {"id": "osm-n-4226406587", "country": "se", "source": "OSM", "updated": "2026-09-12", "name": "embarcadère", "type": "quai"}}, {"type": "Feature", "geometry": {"type": "Point", "coordinates": [16.67443, 57.76949]}, "properties": {"id": "osm-n-4228728604", "country": "se", "source": "OSM", "updated": "2026-09-12", "name": "Gränsjö brygga", "type": "quai"}}, {"type": "Feature", "geometry": {"type": "Point", "coordinates": [13.49178, 59.36445]}, "properties": {"id": "osm-n-4230798175", "country": "se", "source": "OSM", "updated": "2026-09-12", "name": "Mariebergs strandängar", "type": "quai", "exploitation": "saisonnier", "operateur": "Karlstadsbuss"}}, {"type": "Feature", "geometry": {"type": "Point", "coordinates": [13.48939, 59.3688]}, "properties": {"id": "osm-n-4230809786", "country": "se", "source": "OSM", "updated": "2026-09-12", "name": "Mariebergsskogen", "type": "quai", "exploitation": "saisonnier", "operateur": "Karlstadsbuss"}}, {"type": "Feature", "geometry": {"type": "Point", "coordinates": [18.28646, 57.63744]}, "properties": {"id": "osm-n-4268736691", "country": "se", "source": "OSM", "updated": "2026-09-12", "name": "embarcadère", "type": "quai"}}, {"type": "Feature", "geometry": {"type": "Point", "coordinates": [16.67584, 57.74944]}, "properties": {"id": "osm-n-4268736693", "country": "se", "source": "OSM", "updated": "2026-09-12", "name": "embarcadère", "type": "quai"}}, {"type": "Feature", "geometry": {"type": "Point", "coordinates": [13.00072, 59.29434]}, "properties": {"id": "osm-n-4318580628", "country": "se", "source": "OSM", "updated": "2026-09-12", "name": "embarcadère", "type": "quai"}}, {"type": "Feature", "geometry": {"type": "Point", "coordinates": [12.99823, 59.29459]}, "properties": {"id": "osm-n-4318580629", "country": "se", "source": "OSM", "updated": "2026-09-12", "name": "embarcadère", "type": "quai"}}, {"type": "Feature", "geometry": {"type": "Point", "coordinates": [13.6605, 59.39073]}, "properties": {"id": "osm-n-4321954930", "country": "se", "source": "OSM", "updated": "2026-09-12", "name": "Jäverön", "type": "quai", "operateur": "Karlstadsbuss"}}, {"type": "Feature", "geometry": {"type": "Point", "coordinates": [18.48457, 59.49684]}, "properties": {"id": "osm-n-4330714597", "country": "se", "source": "OSM", "updated": "2026-09-12", "name": "Stora Timrarön, Västra", "type": "quai"}}, {"type": "Feature", "geometry": {"type": "Point", "coordinates": [18.50048, 59.49709]}, "properties": {"id": "osm-n-4330714598", "country": "se", "source": "OSM", "updated": "2026-09-12", "name": "Stora Timrarö östra", "type": "quai"}}, {"type": "Feature", "geometry": {"type": "Point", "coordinates": [17.95589, 58.90338]}, "properties": {"id": "osm-n-4333896287", "country": "se", "source": "OSM", "updated": "2026-09-12", "name": "Nynäshamn - Visby", "type": "quai"}}, {"type": "Feature", "geometry": {"type": "Point", "coordinates": [15.67244, 59.14404]}, "properties": {"id": "osm-n-4421270002", "country": "se", "source": "OSM", "updated": "2026-09-12", "name": "Hampetorp", "type": "quai"}}, {"type": "Feature", "geometry": {"type": "Point", "coordinates": [15.67288, 59.14434]}, "properties": {"id": "osm-n-4421270057", "country": "se", "source": "OSM", "updated": "2026-09-12", "name": "Hampetorp", "type": "quai"}}, {"type": "Feature", "geometry": {"type": "Point", "coordinates": [18.95161, 59.77997]}, "properties": {"id": "osm-n-4429505185", "country": "se", "source": "OSM", "updated": "2026-09-12", "name": "Håknäs", "type": "quai"}}, {"type": "Feature", "geometry": {"type": "Point", "coordinates": [17.00478, 57.32603]}, "properties": {"id": "osm-n-4495346589", "country": "se", "source": "OSM", "updated": "2026-09-12", "name": "Byxelkrok", "type": "quai"}}, {"type": "Feature", "geometry": {"type": "Point", "coordinates": [22.81553, 68.38404]}, "properties": {"id": "osm-n-4505307320", "country": "se", "source": "OSM", "updated": "2026-09-12", "name": "Isosaari", "type": "quai"}}, {"type": "Feature", "geometry": {"type": "Point", "coordinates": [18.15187, 59.32076]}, "properties": {"id": "osm-n-4628097508", "country": "se", "source": "OSM", "updated": "2026-09-12", "name": "Blockhusudden", "type": "quai"}}, {"type": "Feature", "geometry": {"type": "Point", "coordinates": [11.58823, 57.88671]}, "properties": {"id": "osm-n-4705867797", "country": "se", "source": "OSM", "updated": "2026-09-12", "name": "Marstrands färjeläge", "type": "quai", "route": "D"}}, {"type": "Feature", "geometry": {"type": "Point", "coordinates": [11.02077, 58.9033]}, "properties": {"id": "osm-n-4712589308", "country": "se", "source": "OSM", "updated": "2026-09-12", "name": "Vettnet", "type": "quai", "operateur": "Koster Marin AB"}}, {"type": "Feature", "geometry": {"type": "Point", "coordinates": [16.96617, 58.47249]}, "properties": {"id": "osm-n-4729923680", "country": "se", "source": "OSM", "updated": "2026-09-12", "name": "Kopparholmarna", "type": "quai", "operateur": "Skärgårdslinjen"}}, {"type": "Feature", "geometry": {"type": "Point", "coordinates": [16.97104, 58.27097]}, "properties": {"id": "osm-n-4729925201", "country": "se", "source": "OSM", "updated": "2026-09-12", "name": "Gräsmarö", "type": "quai", "operateur": "Skärgårdslinjen"}}, {"type": "Feature", "geometry": {"type": "Point", "coordinates": [17.00454, 58.25646]}, "properties": {"id": "osm-n-4729926033", "country": "se", "source": "OSM", "updated": "2026-09-12", "name": "Harstena", "type": "quai", "operateur": "Skärgårdslinjen"}}, {"type": "Feature", "geometry": {"type": "Point", "coordinates": [11.95652, 57.70609]}, "properties": {"id": "osm-n-4779682525", "country": "se", "source": "OSM", "updated": "2026-09-12", "name": "Stenpiren", "type": "quai", "route": "E3"}}, {"type": "Feature", "geometry": {"type": "Point", "coordinates": [17.53549, 59.39123]}, "properties": {"id": "osm-n-4781752014", "country": "se", "source": "OSM", "updated": "2026-09-12", "name": "embarcadère", "type": "quai"}}, {"type": "Feature", "geometry": {"type": "Point", "coordinates": [16.46325, 56.64967]}, "properties": {"id": "osm-n-4793014198", "country": "se", "source": "OSM", "updated": "2026-09-12", "name": "Cykelfärjan Dessi", "type": "quai", "exploitation": "saisonnier", "operateur": "Ressel Rederi AB"}}, {"type": "Feature", "geometry": {"type": "Point", "coordinates": [18.53534, 59.40872]}, "properties": {"id": "osm-n-4830028132", "country": "se", "source": "OSM", "updated": "2026-09-12", "name": "Viggsö", "type": "quai"}}, {"type": "Feature", "geometry": {"type": "Point", "coordinates": [18.48308, 59.4234]}, "properties": {"id": "osm-n-4839172098", "country": "se", "source": "OSM", "updated": "2026-09-12", "name": "Vårlunda", "type": "quai"}}, {"type": "Feature", "geometry": {"type": "Point", "coordinates": [18.35568, 59.4024]}, "properties": {"id": "osm-n-4900324640", "country": "se", "source": "OSM", "updated": "2026-09-12", "name": "Vaxholm", "type": "quai", "horaires": "Mo-Su 10:00-21:45"}}, {"type": "Feature", "geometry": {"type": "Point", "coordinates": [19.0661, 59.7203]}, "properties": {"id": "osm-n-4900413558", "country": "se", "source": "OSM", "updated": "2026-09-12", "name": "Kapellskär", "type": "quai"}}, {"type": "Feature", "geometry": {"type": "Point", "coordinates": [17.17224, 60.67915]}, "properties": {"id": "osm-n-4952356688", "country": "se", "source": "OSM", "updated": "2026-09-12", "name": "Limöbåten", "type": "quai"}}, {"type": "Feature", "geometry": {"type": "Point", "coordinates": [17.33084, 60.71075]}, "properties": {"id": "osm-n-4957210739", "country": "se", "source": "OSM", "updated": "2026-09-12", "name": "Limön", "type": "quai"}}, {"type": "Feature", "geometry": {"type": "Point", "coordinates": [18.13144, 59.34584]}, "properties": {"id": "osm-n-4993327848", "country": "se", "source": "OSM", "updated": "2026-09-12", "name": "Frihamnen", "type": "quai"}}, {"type": "Feature", "geometry": {"type": "Point", "coordinates": [18.8225, 59.45518]}, "properties": {"id": "osm-n-5010012668", "country": "se", "source": "OSM", "updated": "2026-09-12", "name": "Stora Kalholmen", "type": "quai"}}, {"type": "Feature", "geometry": {"type": "Point", "coordinates": [12.28059, 58.93586]}, "properties": {"id": "osm-n-5017456166", "country": "se", "source": "OSM", "updated": "2026-09-12", "name": "Långbron", "type": "quai"}}, {"type": "Feature", "geometry": {"type": "Point", "coordinates": [11.65981, 57.93118]}, "properties": {"id": "osm-n-5044231485", "country": "se", "source": "OSM", "updated": "2026-09-12", "name": "Hättan", "type": "quai", "operateur": "Västtrafik"}}, {"type": "Feature", "geometry": {"type": "Point", "coordinates": [17.98457, 59.31654]}, "properties": {"id": "osm-n-5056024976", "country": "se", "source": "OSM", "updated": "2026-09-12", "name": "Stora Essingen", "type": "quai"}}, {"type": "Feature", "geometry": {"type": "Point", "coordinates": [18.04144, 59.30868]}, "properties": {"id": "osm-n-5061941784", "country": "se", "source": "OSM", "updated": "2026-09-12", "name": "Årsta holmars brygga", "type": "quai", "exploitation": "saisonnier"}}, {"type": "Feature", "geometry": {"type": "Point", "coordinates": [11.22537, 58.35314]}, "properties": {"id": "osm-n-5089202998", "country": "se", "source": "OSM", "updated": "2026-09-12", "name": "embarcadère", "type": "quai"}}, {"type": "Feature", "geometry": {"type": "Point", "coordinates": [18.09427, 59.32422]}, "properties": {"id": "osm-n-5147750225", "country": "se", "source": "OSM", "updated": "2026-09-12", "name": "Allmänna gränd", "type": "quai"}}, {"type": "Feature", "geometry": {"type": "Point", "coordinates": [18.43287, 67.23296]}, "properties": {"id": "osm-n-5148544508", "country": "se", "source": "OSM", "updated": "2026-09-12", "name": "embarcadère", "type": "quai"}}, {"type": "Feature", "geometry": {"type": "Point", "coordinates": [18.05801, 59.32774]}, "properties": {"id": "osm-n-5262521844", "country": "se", "source": "OSM", "updated": "2026-09-12", "name": "Klara Mälarstrand", "type": "quai"}}, {"type": "Feature", "geometry": {"type": "Point", "coordinates": [17.81144, 59.29256]}, "properties": {"id": "osm-n-5262521850", "country": "se", "source": "OSM", "updated": "2026-09-12", "name": "Tappström", "type": "quai"}}, {"type": "Feature", "geometry": {"type": "Point", "coordinates": [18.00865, 59.32312]}, "properties": {"id": "osm-n-5262521858", "country": "se", "source": "OSM", "updated": "2026-09-12", "name": "Lilla Essingen", "type": "quai", "operateur": "SL"}}, {"type": "Feature", "geometry": {"type": "Point", "coordinates": [18.57551, 59.54814]}, "properties": {"id": "osm-n-5729728784", "country": "se", "source": "OSM", "updated": "2026-09-12", "name": "Östanå", "type": "quai"}}, {"type": "Feature", "geometry": {"type": "Point", "coordinates": [18.86387, 59.63219]}, "properties": {"id": "osm-n-5729827888", "country": "se", "source": "OSM", "updated": "2026-09-12", "name": "Yxlö", "type": "quai"}}, {"type": "Feature", "geometry": {"type": "Point", "coordinates": [19.01168, 59.62725]}, "properties": {"id": "osm-n-5729955136", "country": "se", "source": "OSM", "updated": "2026-09-12", "name": "Söderöra", "type": "quai"}}, {"type": "Feature", "geometry": {"type": "Point", "coordinates": [19.16329, 59.74557]}, "properties": {"id": "osm-n-5731939075", "country": "se", "source": "OSM", "updated": "2026-09-12", "name": "Fejan", "type": "quai"}}, {"type": "Feature", "geometry": {"type": "Point", "coordinates": [19.11514, 59.79949]}, "properties": {"id": "osm-n-5731964614", "country": "se", "source": "OSM", "updated": "2026-09-12", "name": "Idö", "type": "quai"}}, {"type": "Feature", "geometry": {"type": "Point", "coordinates": [19.07776, 59.83375]}, "properties": {"id": "osm-n-5731967897", "country": "se", "source": "OSM", "updated": "2026-09-12", "name": "Östersjö", "type": "quai"}}, {"type": "Feature", "geometry": {"type": "Point", "coordinates": [13.49656, 59.38039]}, "properties": {"id": "osm-n-5754143903", "country": "se", "source": "OSM", "updated": "2026-09-12", "name": "Almentorget", "type": "quai", "operateur": "Karlstadsbuss"}}, {"type": "Feature", "geometry": {"type": "Point", "coordinates": [13.50729, 59.3757]}, "properties": {"id": "osm-n-5754143904", "country": "se", "source": "OSM", "updated": "2026-09-12", "name": "Inre hamn", "type": "quai", "exploitation": "saisonnier", "operateur": "Karlstadsbuss"}}, {"type": "Feature", "geometry": {"type": "Point", "coordinates": [13.51163, 59.3801]}, "properties": {"id": "osm-n-5754143905", "country": "se", "source": "OSM", "updated": "2026-09-12", "name": "Café Slusswakten", "type": "quai", "exploitation": "saisonnier", "operateur": "Karlstadsbuss"}}, {"type": "Feature", "geometry": {"type": "Point", "coordinates": [13.46009, 59.36216]}, "properties": {"id": "osm-n-5758733128", "country": "se", "source": "OSM", "updated": "2026-09-12", "name": "Björkås", "type": "quai", "exploitation": "saisonnier", "operateur": "Karlstadsbuss"}}, {"type": "Feature", "geometry": {"type": "Point", "coordinates": [13.49405, 59.36734]}, "properties": {"id": "osm-n-5758733129", "country": "se", "source": "OSM", "updated": "2026-09-12", "name": "Orrholmen", "type": "quai", "exploitation": "saisonnier", "operateur": "Karlstadsbuss"}}, {"type": "Feature", "geometry": {"type": "Point", "coordinates": [13.51251, 59.37413]}, "properties": {"id": "osm-n-5758786245", "country": "se", "source": "OSM", "updated": "2026-09-12", "name": "Vågmästaren", "type": "quai", "exploitation": "saisonnier", "operateur": "Karlstadsbuss"}}, {"type": "Feature", "geometry": {"type": "Point", "coordinates": [13.47831, 59.37814]}, "properties": {"id": "osm-n-5760516011", "country": "se", "source": "OSM", "updated": "2026-09-12", "name": "Klarälvsentrén", "type": "quai", "operateur": "Karlstadsbuss", "horaires": "Jun 1-Aug 31"}}, {"type": "Feature", "geometry": {"type": "Point", "coordinates": [14.9701, 56.16686]}, "properties": {"id": "osm-n-5766052521", "country": "se", "source": "OSM", "updated": "2026-09-12", "name": "embarcadère", "type": "quai"}}, {"type": "Feature", "geometry": {"type": "Point", "coordinates": [14.86223, 56.16749]}, "properties": {"id": "osm-n-5766064505", "country": "se", "source": "OSM", "updated": "2026-09-12", "name": "embarcadère", "type": "quai"}}, {"type": "Feature", "geometry": {"type": "Point", "coordinates": [18.72756, 59.46567]}, "properties": {"id": "osm-n-5861205706", "country": "se", "source": "OSM", "updated": "2026-09-12", "name": "Brottö", "type": "quai"}}, {"type": "Feature", "geometry": {"type": "Point", "coordinates": [11.72571, 57.92111]}, "properties": {"id": "osm-n-5862899012", "country": "se", "source": "OSM", "updated": "2026-09-12", "name": "Brattön västra", "type": "quai", "operateur": "Västtrafik"}}, {"type": "Feature", "geometry": {"type": "Point", "coordinates": [18.11017, 59.35047]}, "properties": {"id": "osm-n-5899361295", "country": "se", "source": "OSM", "updated": "2026-09-12", "name": "Värtahamnen, Stockholm", "type": "quai"}}, {"type": "Feature", "geometry": {"type": "Point", "coordinates": [18.3501, 59.40024]}, "properties": {"id": "osm-n-6189599063", "country": "se", "source": "OSM", "updated": "2026-09-12", "name": "Färjeläget Vaxholm", "type": "quai"}}, {"type": "Feature", "geometry": {"type": "Point", "coordinates": [18.11008, 59.34965]}, "properties": {"id": "osm-n-6190265288", "country": "se", "source": "OSM", "updated": "2026-09-12", "name": "Värtahamnen, Stockholm", "type": "quai"}}, {"type": "Feature", "geometry": {"type": "Point", "coordinates": [18.46037, 59.42603]}, "properties": {"id": "osm-n-6310855104", "country": "se", "source": "OSM", "updated": "2026-09-12", "name": "Halleberg", "type": "quai"}}, {"type": "Feature", "geometry": {"type": "Point", "coordinates": [18.41922, 59.42737]}, "properties": {"id": "osm-n-6310855115", "country": "se", "source": "OSM", "updated": "2026-09-12", "name": "Bernhardsro", "type": "quai"}}, {"type": "Feature", "geometry": {"type": "Point", "coordinates": [18.36046, 59.42205]}, "properties": {"id": "osm-n-6315972800", "country": "se", "source": "OSM", "updated": "2026-09-12", "name": "Vikingsborg", "type": "quai"}}, {"type": "Feature", "geometry": {"type": "Point", "coordinates": [18.15747, 67.6938]}, "properties": {"id": "osm-n-6434376368", "country": "se", "source": "OSM", "updated": "2026-09-12", "name": "Kungsleden", "type": "quai"}}, {"type": "Feature", "geometry": {"type": "Point", "coordinates": [18.14271, 67.68911]}, "properties": {"id": "osm-n-6434376369", "country": "se", "source": "OSM", "updated": "2026-09-12", "name": "Kungsleden", "type": "quai"}}, {"type": "Feature", "geometry": {"type": "Point", "coordinates": [15.83801, 65.97561]}, "properties": {"id": "osm-n-6448592011", "country": "se", "source": "OSM", "updated": "2026-09-12", "name": "Servestugan", "type": "quai"}}, {"type": "Feature", "geometry": {"type": "Point", "coordinates": [13.46449, 59.328]}, "properties": {"id": "osm-n-6517928321", "country": "se", "source": "OSM", "updated": "2026-09-12", "name": "Skoghall", "type": "quai", "operateur": "Karlstadsbuss", "horaires": "Jun 1-Aug 31"}}, {"type": "Feature", "geometry": {"type": "Point", "coordinates": [16.89668, 58.25501]}, "properties": {"id": "osm-n-6660065068", "country": "se", "source": "OSM", "updated": "2026-09-12", "name": "Ämtö", "type": "quai", "operateur": "Skärgårdslinjen"}}, {"type": "Feature", "geometry": {"type": "Point", "coordinates": [16.85085, 58.19111]}, "properties": {"id": "osm-n-6660065093", "country": "se", "source": "OSM", "updated": "2026-09-12", "name": "Fyrudden", "type": "quai", "operateur": "Skärgårdslinjen"}}, {"type": "Feature", "geometry": {"type": "Point", "coordinates": [13.90473, 59.26977]}, "properties": {"id": "osm-n-6665288449", "country": "se", "source": "OSM", "updated": "2026-09-12", "name": "embarcadère", "type": "quai"}}, {"type": "Feature", "geometry": {"type": "Point", "coordinates": [14.05041, 59.27615]}, "properties": {"id": "osm-n-6683466620", "country": "se", "source": "OSM", "updated": "2026-09-12", "name": "embarcadère", "type": "quai"}}, {"type": "Feature", "geometry": {"type": "Point", "coordinates": [16.57283, 59.5993]}, "properties": {"id": "osm-n-6698848224", "country": "se", "source": "OSM", "updated": "2026-09-12", "name": "Elbafärjan", "type": "quai"}}, {"type": "Feature", "geometry": {"type": "Point", "coordinates": [16.54862, 59.603]}, "properties": {"id": "osm-n-6698848227", "country": "se", "source": "OSM", "updated": "2026-09-12", "name": "Elbafärjan", "type": "quai", "horaires": "Mo-Su 10:15-18:40"}}, {"type": "Feature", "geometry": {"type": "Point", "coordinates": [16.52931, 59.57499]}, "properties": {"id": "osm-n-6698848242", "country": "se", "source": "OSM", "updated": "2026-09-12", "name": "Elbafärjan", "type": "quai", "payant": "yes"}}, {"type": "Feature", "geometry": {"type": "Point", "coordinates": [16.56716, 59.583]}, "properties": {"id": "osm-n-6698848283", "country": "se", "source": "OSM", "updated": "2026-09-12", "name": "Elbafärjan", "type": "quai", "payant": "yes"}}, {"type": "Feature", "geometry": {"type": "Point", "coordinates": [18.21831, 59.33011]}, "properties": {"id": "osm-n-7160212532", "country": "se", "source": "OSM", "updated": "2026-09-12", "name": "Talludden", "type": "quai"}}, {"type": "Feature", "geometry": {"type": "Point", "coordinates": [18.07613, 59.32298]}, "properties": {"id": "osm-n-7161105018", "country": "se", "source": "OSM", "updated": "2026-09-12", "name": "Slussen", "type": "quai"}}, {"type": "Feature", "geometry": {"type": "Point", "coordinates": [18.12455, 59.34544]}, "properties": {"id": "osm-n-7255728121", "country": "se", "source": "OSM", "updated": "2026-09-12", "name": "Frihamnen, Stockholm", "type": "quai"}}, {"type": "Feature", "geometry": {"type": "Point", "coordinates": [11.70355, 57.92]}, "properties": {"id": "osm-n-7522504836", "country": "se", "source": "OSM", "updated": "2026-09-12", "name": "Älgön", "type": "quai", "operateur": "Västtrafik"}}, {"type": "Feature", "geometry": {"type": "Point", "coordinates": [11.64505, 57.93164]}, "properties": {"id": "osm-n-7522711562", "country": "se", "source": "OSM", "updated": "2026-09-12", "name": "Risön", "type": "quai", "operateur": "Västtrafik"}}, {"type": "Feature", "geometry": {"type": "Point", "coordinates": [17.98553, 59.32881]}, "properties": {"id": "osm-n-7593157345", "country": "se", "source": "OSM", "updated": "2026-09-12", "name": "Alviks Strand", "type": "quai", "operateur": "E/S Movitz"}}, {"type": "Feature", "geometry": {"type": "Point", "coordinates": [17.96914, 59.35392]}, "properties": {"id": "osm-n-7593182562", "country": "se", "source": "OSM", "updated": "2026-09-12", "name": "Solna Strand", "type": "quai", "operateur": "Arkipelag rederi"}}, {"type": "Feature", "geometry": {"type": "Point", "coordinates": [18.00467, 59.33998]}, "properties": {"id": "osm-n-7593206974", "country": "se", "source": "OSM", "updated": "2026-09-12", "name": "Hornsbergs Strand", "type": "quai", "operateur": "E/S Movitz"}}, {"type": "Feature", "geometry": {"type": "Point", "coordinates": [18.00889, 59.32328]}, "properties": {"id": "osm-n-7597797021", "country": "se", "source": "OSM", "updated": "2026-09-12", "name": "Lilla Essingen", "type": "quai", "operateur": "E/S Movitz"}}, {"type": "Feature", "geometry": {"type": "Point", "coordinates": [18.33596, 59.37218]}, "properties": {"id": "osm-n-7659223230", "country": "se", "source": "OSM", "updated": "2026-09-12", "name": "Furuholmen", "type": "quai"}}, {"type": "Feature", "geometry": {"type": "Point", "coordinates": [18.42075, 59.47007]}, "properties": {"id": "osm-n-7659223236", "country": "se", "source": "OSM", "updated": "2026-09-12", "name": "Ekholmen", "type": "quai"}}, {"type": "Feature", "geometry": {"type": "Point", "coordinates": [18.5193, 59.46057]}, "properties": {"id": "osm-n-7659223241", "country": "se", "source": "OSM", "updated": "2026-09-12", "name": "Grundvik", "type": "quai"}}, {"type": "Feature", "geometry": {"type": "Point", "coordinates": [18.3526, 59.41232]}, "properties": {"id": "osm-n-7659583981", "country": "se", "source": "OSM", "updated": "2026-09-12", "name": "Edholma", "type": "quai"}}, {"type": "Feature", "geometry": {"type": "Point", "coordinates": [18.36502, 59.37769]}, "properties": {"id": "osm-n-7659583983", "country": "se", "source": "OSM", "updated": "2026-09-12", "name": "Kalvholmen", "type": "quai"}}, {"type": "Feature", "geometry": {"type": "Point", "coordinates": [18.46751, 59.483]}, "properties": {"id": "osm-n-7660925721", "country": "se", "source": "OSM", "updated": "2026-09-12", "name": "Seglarö", "type": "quai"}}, {"type": "Feature", "geometry": {"type": "Point", "coordinates": [18.58458, 59.4413]}, "properties": {"id": "osm-n-7674861534", "country": "se", "source": "OSM", "updated": "2026-09-12", "name": "Storängen", "type": "quai"}}, {"type": "Feature", "geometry": {"type": "Point", "coordinates": [18.74575, 59.45199]}, "properties": {"id": "osm-n-7678186414", "country": "se", "source": "OSM", "updated": "2026-09-12", "name": "Gistholmen", "type": "quai"}}, {"type": "Feature", "geometry": {"type": "Point", "coordinates": [18.69985, 59.44203]}, "properties": {"id": "osm-n-7678186421", "country": "se", "source": "OSM", "updated": "2026-09-12", "name": "Träskökvarn", "type": "quai"}}, {"type": "Feature", "geometry": {"type": "Point", "coordinates": [18.70203, 59.4338]}, "properties": {"id": "osm-n-7678186425", "country": "se", "source": "OSM", "updated": "2026-09-12", "name": "Lådna", "type": "quai"}}, {"type": "Feature", "geometry": {"type": "Point", "coordinates": [18.68948, 59.43429]}, "properties": {"id": "osm-n-7678186429", "country": "se", "source": "OSM", "updated": "2026-09-12", "name": "Karlshem", "type": "quai"}}, {"type": "Feature", "geometry": {"type": "Point", "coordinates": [18.67587, 59.43148]}, "properties": {"id": "osm-n-7678186437", "country": "se", "source": "OSM", "updated": "2026-09-12", "name": "Trädgårdarna", "type": "quai"}}, {"type": "Feature", "geometry": {"type": "Point", "coordinates": [18.61728, 59.39774]}, "properties": {"id": "osm-n-7681276641", "country": "se", "source": "OSM", "updated": "2026-09-12", "name": "Hägerö", "type": "quai"}}, {"type": "Feature", "geometry": {"type": "Point", "coordinates": [18.6905, 59.38486]}, "properties": {"id": "osm-n-7681276644", "country": "se", "source": "OSM", "updated": "2026-09-12", "name": "Galtholmen", "type": "quai"}}, {"type": "Feature", "geometry": {"type": "Point", "coordinates": [18.72951, 59.37747]}, "properties": {"id": "osm-n-7681276650", "country": "se", "source": "OSM", "updated": "2026-09-12", "name": "Arbodaö", "type": "quai"}}, {"type": "Feature", "geometry": {"type": "Point", "coordinates": [18.80675, 59.49449]}, "properties": {"id": "osm-n-7683934977", "country": "se", "source": "OSM", "updated": "2026-09-12", "name": "Norra Ekskäret", "type": "quai"}}, {"type": "Feature", "geometry": {"type": "Point", "coordinates": [18.74909, 59.47713]}, "properties": {"id": "osm-n-7683934978", "country": "se", "source": "OSM", "updated": "2026-09-12", "name": "Norra Ingmarsö", "type": "quai"}}, {"type": "Feature", "geometry": {"type": "Point", "coordinates": [18.72522, 59.48544]}, "properties": {"id": "osm-n-7683934980", "country": "se", "source": "OSM", "updated": "2026-09-12", "name": "Äpplarö", "type": "quai"}}, {"type": "Feature", "geometry": {"type": "Point", "coordinates": [18.41166, 59.35538]}, "properties": {"id": "osm-n-7762516963", "country": "se", "source": "OSM", "updated": "2026-09-12", "name": "Norra Lagnö", "type": "quai"}}, {"type": "Feature", "geometry": {"type": "Point", "coordinates": [18.41155, 59.3554]}, "properties": {"id": "osm-n-7762516964", "country": "se", "source": "OSM", "updated": "2026-09-12", "name": "Norra Lagnö brygga", "type": "quai"}}, {"type": "Feature", "geometry": {"type": "Point", "coordinates": [18.43374, 59.36629]}, "properties": {"id": "osm-n-7762516979", "country": "se", "source": "OSM", "updated": "2026-09-12", "name": "Skogsö udde", "type": "quai"}}, {"type": "Feature", "geometry": {"type": "Point", "coordinates": [18.43496, 59.37646]}, "properties": {"id": "osm-n-7762535586", "country": "se", "source": "OSM", "updated": "2026-09-12", "name": "Knutsholmen", "type": "quai"}}, {"type": "Feature", "geometry": {"type": "Point", "coordinates": [18.41898, 59.38454]}, "properties": {"id": "osm-n-7762535591", "country": "se", "source": "OSM", "updated": "2026-09-12", "name": "Ramsöberg", "type": "quai"}}, {"type": "Feature", "geometry": {"type": "Point", "coordinates": [18.39405, 59.38406]}, "properties": {"id": "osm-n-7762535608", "country": "se", "source": "OSM", "updated": "2026-09-12", "name": "Norehill", "type": "quai"}}, {"type": "Feature", "geometry": {"type": "Point", "coordinates": [18.37638, 59.39298]}, "properties": {"id": "osm-n-7762535622", "country": "se", "source": "OSM", "updated": "2026-09-12", "name": "Norra Tynningö", "type": "quai"}}, {"type": "Feature", "geometry": {"type": "Point", "coordinates": [18.70696, 59.18753]}, "properties": {"id": "osm-n-7782282789", "country": "se", "source": "OSM", "updated": "2026-09-12", "name": "Västanvik", "type": "quai"}}, {"type": "Feature", "geometry": {"type": "Point", "coordinates": [18.62894, 59.16249]}, "properties": {"id": "osm-n-7782282804", "country": "se", "source": "OSM", "updated": "2026-09-12", "name": "Mörtö", "type": "quai"}}, {"type": "Feature", "geometry": {"type": "Point", "coordinates": [18.73139, 59.28023]}, "properties": {"id": "osm-n-7784981225", "country": "se", "source": "OSM", "updated": "2026-09-12", "name": "Styrsvik", "type": "quai"}}, {"type": "Feature", "geometry": {"type": "Point", "coordinates": [18.89938, 59.34614]}, "properties": {"id": "osm-n-7786848365", "country": "se", "source": "OSM", "updated": "2026-09-12", "name": "Hagede", "type": "quai"}}, {"type": "Feature", "geometry": {"type": "Point", "coordinates": [18.90045, 59.33909]}, "properties": {"id": "osm-n-7786848370", "country": "se", "source": "OSM", "updated": "2026-09-12", "name": "Harö", "type": "quai"}}, {"type": "Feature", "geometry": {"type": "Point", "coordinates": [18.84495, 59.31651]}, "properties": {"id": "osm-n-7786848383", "country": "se", "source": "OSM", "updated": "2026-09-12", "name": "Hasselö", "type": "quai"}}, {"type": "Feature", "geometry": {"type": "Point", "coordinates": [18.83287, 59.31462]}, "properties": {"id": "osm-n-7786882491", "country": "se", "source": "OSM", "updated": "2026-09-12", "name": "Hasselkobben", "type": "quai"}}, {"type": "Feature", "geometry": {"type": "Point", "coordinates": [18.77189, 59.29636]}, "properties": {"id": "osm-n-7786882522", "country": "se", "source": "OSM", "updated": "2026-09-12", "name": "Långvik", "type": "quai"}}, {"type": "Feature", "geometry": {"type": "Point", "coordinates": [18.8774, 59.37285]}, "properties": {"id": "osm-n-7816008196", "country": "se", "source": "OSM", "updated": "2026-09-12", "name": "Granholmen", "type": "quai"}}, {"type": "Feature", "geometry": {"type": "Point", "coordinates": [18.84425, 59.50197]}, "properties": {"id": "osm-n-7816225160", "country": "se", "source": "OSM", "updated": "2026-09-12", "name": "Husarö", "type": "quai"}}, {"type": "Feature", "geometry": {"type": "Point", "coordinates": [18.07643, 59.3238]}, "properties": {"id": "osm-n-7816288901", "country": "se", "source": "OSM", "updated": "2026-09-12", "name": "Slussen", "type": "quai"}}, {"type": "Feature", "geometry": {"type": "Point", "coordinates": [18.34133, 59.0491]}, "properties": {"id": "osm-n-7816933605", "country": "se", "source": "OSM", "updated": "2026-09-12", "name": "Björksund", "type": "quai"}}, {"type": "Feature", "geometry": {"type": "Point", "coordinates": [18.39872, 59.10405]}, "properties": {"id": "osm-n-7816933618", "country": "se", "source": "OSM", "updated": "2026-09-12", "name": "Fåglarö", "type": "quai"}}, {"type": "Feature", "geometry": {"type": "Point", "coordinates": [18.41275, 59.11381]}, "properties": {"id": "osm-n-7816933630", "country": "se", "source": "OSM", "updated": "2026-09-12", "name": "Stora Segelholmen", "type": "quai"}}, {"type": "Feature", "geometry": {"type": "Point", "coordinates": [18.40934, 59.12534]}, "properties": {"id": "osm-n-7816933641", "country": "se", "source": "OSM", "updated": "2026-09-12", "name": "Jutholmen", "type": "quai"}}, {"type": "Feature", "geometry": {"type": "Point", "coordinates": [18.14986, 58.9051]}, "properties": {"id": "osm-n-7817708463", "country": "se", "source": "OSM", "updated": "2026-09-12", "name": "Norrö", "type": "quai"}}, {"type": "Feature", "geometry": {"type": "Point", "coordinates": [18.24971, 59.29565]}, "properties": {"id": "osm-n-7821206880", "country": "se", "source": "OSM", "updated": "2026-09-12", "name": "Fisksätra Marina", "type": "quai"}}, {"type": "Feature", "geometry": {"type": "Point", "coordinates": [18.22421, 59.32017]}, "properties": {"id": "osm-n-7821236495", "country": "se", "source": "OSM", "updated": "2026-09-12", "name": "Lilla Björknäs", "type": "quai"}}, {"type": "Feature", "geometry": {"type": "Point", "coordinates": [18.07424, 59.32943]}, "properties": {"id": "osm-n-7837932953", "country": "se", "source": "OSM", "updated": "2026-09-12", "name": "Strömkajen", "type": "quai"}}, {"type": "Feature", "geometry": {"type": "Point", "coordinates": [18.07408, 59.32943]}, "properties": {"id": "osm-n-7837932954", "country": "se", "source": "OSM", "updated": "2026-09-12", "name": "Strömkajen", "type": "quai"}}, {"type": "Feature", "geometry": {"type": "Point", "coordinates": [18.07378, 59.32942]}, "properties": {"id": "osm-n-7837932955", "country": "se", "source": "OSM", "updated": "2026-09-12", "name": "Strömkajen", "type": "quai"}}, {"type": "Feature", "geometry": {"type": "Point", "coordinates": [15.59686, 56.1633]}, "properties": {"id": "osm-n-7924113116", "country": "se", "source": "OSM", "updated": "2026-09-12", "name": "Handelshamnen", "type": "quai"}}, {"type": "Feature", "geometry": {"type": "Point", "coordinates": [18.28779, 67.14371]}, "properties": {"id": "osm-n-7969211324", "country": "se", "source": "OSM", "updated": "2026-09-12", "name": "embarcadère", "type": "quai"}}, {"type": "Feature", "geometry": {"type": "Point", "coordinates": [18.93808, 59.64896]}, "properties": {"id": "osm-n-7982187796", "country": "se", "source": "OSM", "updated": "2026-09-12", "name": "Norrsund", "type": "quai"}}, {"type": "Feature", "geometry": {"type": "Point", "coordinates": [13.1565, 55.36969]}, "properties": {"id": "osm-n-8084814609", "country": "se", "source": "OSM", "updated": "2026-09-12", "name": "embarcadère", "type": "quai"}}, {"type": "Feature", "geometry": {"type": "Point", "coordinates": [17.97869, 58.93981]}, "properties": {"id": "osm-n-8129638972", "country": "se", "source": "OSM", "updated": "2026-09-12", "name": "embarcadère", "type": "quai"}}, {"type": "Feature", "geometry": {"type": "Point", "coordinates": [17.97567, 58.94131]}, "properties": {"id": "osm-n-8129638978", "country": "se", "source": "OSM", "updated": "2026-09-12", "name": "embarcadère", "type": "quai"}}, {"type": "Feature", "geometry": {"type": "Point", "coordinates": [13.5268, 59.33752]}, "properties": {"id": "osm-n-8221405097", "country": "se", "source": "OSM", "updated": "2026-09-12", "name": "embarcadère", "type": "quai"}}, {"type": "Feature", "geometry": {"type": "Point", "coordinates": [12.2333, 59.02499]}, "properties": {"id": "osm-n-8662837256", "country": "se", "source": "OSM", "updated": "2026-09-12", "name": "Dalslands Kanaltrafik AB", "type": "quai", "operateur": "Dalslands Kanaltrafik AB"}}, {"type": "Feature", "geometry": {"type": "Point", "coordinates": [17.86827, 58.74381]}, "properties": {"id": "osm-n-8685215061", "country": "se", "source": "OSM", "updated": "2026-09-12", "name": "Landsort (Österhamn)", "type": "quai"}}, {"type": "Feature", "geometry": {"type": "Point", "coordinates": [18.36507, 59.40316]}, "properties": {"id": "osm-n-8722087049", "country": "se", "source": "OSM", "updated": "2026-09-12", "name": "Rindö västra", "type": "quai"}}, {"type": "Feature", "geometry": {"type": "Point", "coordinates": [18.43423, 59.39096]}, "properties": {"id": "osm-n-8722087059", "country": "se", "source": "OSM", "updated": "2026-09-12", "name": "Grenadjärbryggan", "type": "quai"}}, {"type": "Feature", "geometry": {"type": "Point", "coordinates": [17.84798, 58.90775]}, "properties": {"id": "osm-n-8728769795", "country": "se", "source": "OSM", "updated": "2026-09-12", "name": "embarcadère", "type": "quai"}}, {"type": "Feature", "geometry": {"type": "Point", "coordinates": [17.84856, 58.90699]}, "properties": {"id": "osm-n-8728804380", "country": "se", "source": "OSM", "updated": "2026-09-12", "name": "embarcadère", "type": "quai"}}, {"type": "Feature", "geometry": {"type": "Point", "coordinates": [13.46629, 59.37097]}, "properties": {"id": "osm-n-8795657797", "country": "se", "source": "OSM", "updated": "2026-09-12", "name": "Romstad", "type": "quai", "operateur": "Karlstadsbuss", "horaires": "Jun 1-Aug 31"}}, {"type": "Feature", "geometry": {"type": "Point", "coordinates": [13.50603, 59.39956]}, "properties": {"id": "osm-n-8795657798", "country": "se", "source": "OSM", "updated": "2026-09-12", "name": "Färjestad", "type": "quai", "exploitation": "saisonnier", "operateur": "Karlstadsbuss"}}, {"type": "Feature", "geometry": {"type": "Point", "coordinates": [13.51599, 59.36913]}, "properties": {"id": "osm-n-8802945676", "country": "se", "source": "OSM", "updated": "2026-09-12", "name": "Kanikenäset", "type": "quai", "exploitation": "saisonnier", "operateur": "Karlstadsbuss"}}, {"type": "Feature", "geometry": {"type": "Point", "coordinates": [12.7223, 55.90354]}, "properties": {"id": "osm-n-8892052671", "country": "se", "source": "OSM", "updated": "2026-09-12", "name": "Helsingborg - Ven", "type": "quai", "operateur": "Hartford Rederi AB"}}, {"type": "Feature", "geometry": {"type": "Point", "coordinates": [12.69284, 56.04473]}, "properties": {"id": "osm-n-8892052752", "country": "se", "source": "OSM", "updated": "2026-09-12", "name": "Helsingborg - Ven", "type": "quai", "operateur": "Hartford Rederi AB"}}, {"type": "Feature", "geometry": {"type": "Point", "coordinates": [18.17945, 59.32753]}, "properties": {"id": "osm-n-8898660241", "country": "se", "source": "OSM", "updated": "2026-09-12", "name": "Fjäderholmarna", "type": "quai"}}, {"type": "Feature", "geometry": {"type": "Point", "coordinates": [15.7855, 56.09909]}, "properties": {"id": "osm-n-8929375600", "country": "se", "source": "OSM", "updated": "2026-09-12", "name": "embarcadère", "type": "quai"}}, {"type": "Feature", "geometry": {"type": "Point", "coordinates": [13.4661, 59.31535]}, "properties": {"id": "osm-n-8942453101", "country": "se", "source": "OSM", "updated": "2026-09-12", "name": "Lillängshamnen", "type": "quai", "exploitation": "saisonnier", "operateur": "Karlstadsbuss"}}, {"type": "Feature", "geometry": {"type": "Point", "coordinates": [13.49318, 59.31294]}, "properties": {"id": "osm-n-8942453110", "country": "se", "source": "OSM", "updated": "2026-09-12", "name": "Mörudden", "type": "quai", "exploitation": "saisonnier", "operateur": "Karlstadsbuss"}}, {"type": "Feature", "geometry": {"type": "Point", "coordinates": [13.47877, 59.29797]}, "properties": {"id": "osm-n-8942487394", "country": "se", "source": "OSM", "updated": "2026-09-12", "name": "Västra Söön", "type": "quai", "exploitation": "saisonnier", "operateur": "Karlstadsbuss"}}, {"type": "Feature", "geometry": {"type": "Point", "coordinates": [17.30425, 59.24582]}, "properties": {"id": "osm-n-9008432610", "country": "se", "source": "OSM", "updated": "2026-09-12", "name": "Taxinge", "type": "quai"}}, {"type": "Feature", "geometry": {"type": "Point", "coordinates": [15.92724, 58.94163]}, "properties": {"id": "osm-n-9137503800", "country": "se", "source": "OSM", "updated": "2026-09-12", "name": "embarcadère", "type": "quai"}}, {"type": "Feature", "geometry": {"type": "Point", "coordinates": [15.92744, 58.93937]}, "properties": {"id": "osm-n-9137503801", "country": "se", "source": "OSM", "updated": "2026-09-12", "name": "embarcadère", "type": "quai"}}, {"type": "Feature", "geometry": {"type": "Point", "coordinates": [14.87075, 60.76573]}, "properties": {"id": "osm-n-9139392327", "country": "se", "source": "OSM", "updated": "2026-09-12", "name": "embarcadère", "type": "quai"}}, {"type": "Feature", "geometry": {"type": "Point", "coordinates": [14.8719, 60.76512]}, "properties": {"id": "osm-n-9139638064", "country": "se", "source": "OSM", "updated": "2026-09-12", "name": "embarcadère", "type": "quai"}}, {"type": "Feature", "geometry": {"type": "Point", "coordinates": [17.87502, 59.26283]}, "properties": {"id": "osm-n-9167180324", "country": "se", "source": "OSM", "updated": "2026-09-12", "name": "Vårby brygga", "type": "quai"}}, {"type": "Feature", "geometry": {"type": "Point", "coordinates": [17.85849, 58.76885]}, "properties": {"id": "osm-n-9724390439", "country": "se", "source": "OSM", "updated": "2026-09-12", "name": "Landsort (Norrhamn)", "type": "quai"}}, {"type": "Feature", "geometry": {"type": "Point", "coordinates": [18.43337, 59.42849]}, "properties": {"id": "osm-n-9855372454", "country": "se", "source": "OSM", "updated": "2026-09-12", "name": "Lilla Betsö", "type": "quai"}}, {"type": "Feature", "geometry": {"type": "Point", "coordinates": [18.44012, 59.42722]}, "properties": {"id": "osm-n-9855542072", "country": "se", "source": "OSM", "updated": "2026-09-12", "name": "Stora Isskär", "type": "quai"}}, {"type": "Feature", "geometry": {"type": "Point", "coordinates": [17.40821, 59.30784]}, "properties": {"id": "osm-n-9879424706", "country": "se", "source": "OSM", "updated": "2026-09-12", "name": "Enhörna-Ekensberg", "type": "quai", "operateur": "Gripsholms -Mariefreds Ångfartygs AB"}}, {"type": "Feature", "geometry": {"type": "Point", "coordinates": [11.61806, 57.92556]}, "properties": {"id": "osm-n-9920969777", "country": "se", "source": "OSM", "updated": "2026-09-12", "name": "Dyrön södra", "type": "quai", "operateur": "Västtrafik"}}, {"type": "Feature", "geometry": {"type": "Point", "coordinates": [18.32816, 63.05261]}, "properties": {"id": "osm-n-9930173390", "country": "se", "source": "OSM", "updated": "2026-09-12", "name": "Höga Kusten båtarna", "type": "quai"}}, {"type": "Feature", "geometry": {"type": "Point", "coordinates": [11.70311, 57.70844]}, "properties": {"id": "osm-n-9946596272", "country": "se", "source": "OSM", "updated": "2026-09-12", "name": "Lilla Varholmen", "type": "quai"}}, {"type": "Feature", "geometry": {"type": "Point", "coordinates": [11.65864, 57.71081]}, "properties": {"id": "osm-n-9947787410", "country": "se", "source": "OSM", "updated": "2026-09-12", "name": "Öckerö färjeläge", "type": "quai", "route": "D"}}, {"type": "Feature", "geometry": {"type": "Point", "coordinates": [11.6669, 57.69875]}, "properties": {"id": "osm-n-9960955521", "country": "se", "source": "OSM", "updated": "2026-09-12", "name": "Hönö färjeläge", "type": "quai"}}, {"type": "Feature", "geometry": {"type": "Point", "coordinates": [17.95673, 58.90672]}, "properties": {"id": "osm-n-9961101331", "country": "se", "source": "OSM", "updated": "2026-09-12", "name": "Nynäshamn", "type": "quai"}}, {"type": "Feature", "geometry": {"type": "Point", "coordinates": [18.89354, 59.62766]}, "properties": {"id": "osm-n-9966741815", "country": "se", "source": "OSM", "updated": "2026-09-12", "name": "Duvnäs", "type": "quai"}}, {"type": "Feature", "geometry": {"type": "Point", "coordinates": [11.92948, 58.34864]}, "properties": {"id": "osm-n-9979568007", "country": "se", "source": "OSM", "updated": "2026-09-12", "name": "Uddevalla", "type": "quai"}}, {"type": "Feature", "geometry": {"type": "Point", "coordinates": [11.83667, 58.31993]}, "properties": {"id": "osm-n-9979568009", "country": "se", "source": "OSM", "updated": "2026-09-12", "name": "Skäret brygga", "type": "quai"}}, {"type": "Feature", "geometry": {"type": "Point", "coordinates": [11.82526, 58.31696]}, "properties": {"id": "osm-n-9979583620", "country": "se", "source": "OSM", "updated": "2026-09-12", "name": "Ammenäs", "type": "quai"}}, {"type": "Feature", "geometry": {"type": "Point", "coordinates": [11.8237, 58.3266]}, "properties": {"id": "osm-n-9979583622", "country": "se", "source": "OSM", "updated": "2026-09-12", "name": "Unda", "type": "quai"}}, {"type": "Feature", "geometry": {"type": "Point", "coordinates": [11.84883, 58.32844]}, "properties": {"id": "osm-n-9979583628", "country": "se", "source": "OSM", "updated": "2026-09-12", "name": "Sunningen brygga", "type": "quai"}}, {"type": "Feature", "geometry": {"type": "Point", "coordinates": [18.26768, 57.62966]}, "properties": {"id": "osm-n-9979711827", "country": "se", "source": "OSM", "updated": "2026-09-12", "name": "Visby kryssningskaj", "type": "quai", "operateur": "Copenhagen Malmö Port"}}, {"type": "Feature", "geometry": {"type": "Point", "coordinates": [11.94694, 57.70191]}, "properties": {"id": "osm-n-9991840922", "country": "se", "source": "OSM", "updated": "2026-09-12", "name": "embarcadère", "type": "quai"}}, {"type": "Feature", "geometry": {"type": "Point", "coordinates": [11.94699, 57.70177]}, "properties": {"id": "osm-n-9991840926", "country": "se", "source": "OSM", "updated": "2026-09-12", "name": "embarcadère", "type": "quai"}}, {"type": "Feature", "geometry": {"type": "Point", "coordinates": [11.94375, 57.70141]}, "properties": {"id": "osm-n-9991841045", "country": "se", "source": "OSM", "updated": "2026-09-12", "name": "embarcadère", "type": "quai"}}, {"type": "Feature", "geometry": {"type": "Point", "coordinates": [14.35152, 58.03253]}, "properties": {"id": "osm-n-10002334522", "country": "se", "source": "OSM", "updated": "2026-09-12", "name": "Visingsö", "type": "quai"}}, {"type": "Feature", "geometry": {"type": "Point", "coordinates": [14.45601, 58.029]}, "properties": {"id": "osm-n-10002778191", "country": "se", "source": "OSM", "updated": "2026-09-12", "name": "Gränna", "type": "quai"}}, {"type": "Feature", "geometry": {"type": "Point", "coordinates": [20.86764, 63.80525]}, "properties": {"id": "osm-n-10020230337", "country": "se", "source": "OSM", "updated": "2026-09-12", "name": "Holmön", "type": "quai"}}, {"type": "Feature", "geometry": {"type": "Point", "coordinates": [13.82929, 55.42225]}, "properties": {"id": "osm-n-10021172427", "country": "se", "source": "OSM", "updated": "2026-09-12", "name": "embarcadère", "type": "quai"}}, {"type": "Feature", "geometry": {"type": "Point", "coordinates": [13.82967, 55.42164]}, "properties": {"id": "osm-n-10021172428", "country": "se", "source": "OSM", "updated": "2026-09-12", "name": "embarcadère", "type": "quai"}}, {"type": "Feature", "geometry": {"type": "Point", "coordinates": [15.59718, 56.16299]}, "properties": {"id": "osm-n-10026417937", "country": "se", "source": "OSM", "updated": "2026-09-12", "name": "Vägfärja till Aspö", "type": "quai"}}, {"type": "Feature", "geometry": {"type": "Point", "coordinates": [15.47468, 56.10247]}, "properties": {"id": "osm-n-10044348553", "country": "se", "source": "OSM", "updated": "2026-09-12", "name": "Garpahamnen", "type": "quai"}}, {"type": "Feature", "geometry": {"type": "Point", "coordinates": [11.91342, 57.6953]}, "properties": {"id": "osm-n-10076501404", "country": "se", "source": "OSM", "updated": "2026-09-12", "name": "embarcadère", "type": "quai"}}, {"type": "Feature", "geometry": {"type": "Point", "coordinates": [22.7795, 66.48653]}, "properties": {"id": "osm-n-10086908513", "country": "se", "source": "OSM", "updated": "2026-09-12", "name": "embarcadère", "type": "quai"}}, {"type": "Feature", "geometry": {"type": "Point", "coordinates": [14.12863, 58.71178]}, "properties": {"id": "osm-n-10103947743", "country": "se", "source": "OSM", "updated": "2026-09-12", "name": "Töreboda (M/S Bellevue)", "type": "quai"}}, {"type": "Feature", "geometry": {"type": "Point", "coordinates": [18.04435, 59.30996]}, "properties": {"id": "osm-n-10126712868", "country": "se", "source": "OSM", "updated": "2026-09-12", "name": "embarcadère", "type": "quai", "exploitation": "saisonnier"}}, {"type": "Feature", "geometry": {"type": "Point", "coordinates": [18.70432, 59.28657]}, "properties": {"id": "osm-n-10129832321", "country": "se", "source": "OSM", "updated": "2026-09-12", "name": "Stavsnäs vinterhamn", "type": "quai"}}, {"type": "Feature", "geometry": {"type": "Point", "coordinates": [18.09519, 59.31692]}, "properties": {"id": "osm-n-10151488182", "country": "se", "source": "OSM", "updated": "2026-09-12", "name": "Viking Line: Stadsgården, Stockholm", "type": "quai"}}, {"type": "Feature", "geometry": {"type": "Point", "coordinates": [12.99167, 55.62653]}, "properties": {"id": "osm-n-10208022337", "country": "se", "source": "OSM", "updated": "2026-09-12", "name": "embarcadère", "type": "quai", "route": "704"}}, {"type": "Feature", "geometry": {"type": "Point", "coordinates": [14.81906, 56.1588]}, "properties": {"id": "osm-n-10621526333", "country": "se", "source": "OSM", "updated": "2026-09-12", "name": "embarcadère", "type": "quai"}}, {"type": "Feature", "geometry": {"type": "Point", "coordinates": [14.81731, 56.15925]}, "properties": {"id": "osm-n-10642662552", "country": "se", "source": "OSM", "updated": "2026-09-12", "name": "embarcadère", "type": "quai"}}, {"type": "Feature", "geometry": {"type": "Point", "coordinates": [18.42429, 59.42386]}, "properties": {"id": "osm-n-10895489112", "country": "se", "source": "OSM", "updated": "2026-09-12", "name": "Skäggaudd", "type": "quai"}}, {"type": "Feature", "geometry": {"type": "Point", "coordinates": [18.46772, 59.42039]}, "properties": {"id": "osm-n-10895492107", "country": "se", "source": "OSM", "updated": "2026-09-12", "name": "Skärmaräng", "type": "quai"}}, {"type": "Feature", "geometry": {"type": "Point", "coordinates": [17.97999, 59.31356]}, "properties": {"id": "osm-n-10925853658", "country": "se", "source": "OSM", "updated": "2026-09-12", "name": "Lindholmen", "type": "quai"}}, {"type": "Feature", "geometry": {"type": "Point", "coordinates": [13.46956, 59.34914]}, "properties": {"id": "osm-n-10932234384", "country": "se", "source": "OSM", "updated": "2026-09-12", "name": "Vidön", "type": "quai", "operateur": "Karlstadsbuss", "horaires": "Jun 01-Aug 31"}}, {"type": "Feature", "geometry": {"type": "Point", "coordinates": [19.12482, 59.77198]}, "properties": {"id": "osm-n-11019518988", "country": "se", "source": "OSM", "updated": "2026-09-12", "name": "Tyvö", "type": "quai"}}, {"type": "Feature", "geometry": {"type": "Point", "coordinates": [18.23483, 59.3001]}, "properties": {"id": "osm-n-11064006067", "country": "se", "source": "OSM", "updated": "2026-09-12", "name": "Tollare", "type": "quai"}}, {"type": "Feature", "geometry": {"type": "Point", "coordinates": [11.97, 57.70359]}, "properties": {"id": "osm-n-11094197032", "country": "se", "source": "OSM", "updated": "2026-09-12", "name": "Paddan", "type": "quai", "operateur": "Strömma Skärgårdsbåtar"}}, {"type": "Feature", "geometry": {"type": "Point", "coordinates": [16.44325, 59.06806]}, "properties": {"id": "osm-n-11165628036", "country": "se", "source": "OSM", "updated": "2026-09-12", "name": "embarcadère", "type": "quai"}}, {"type": "Feature", "geometry": {"type": "Point", "coordinates": [16.44405, 59.06624]}, "properties": {"id": "osm-n-11165628037", "country": "se", "source": "OSM", "updated": "2026-09-12", "name": "embarcadère", "type": "quai"}}, {"type": "Feature", "geometry": {"type": "Point", "coordinates": [12.99001, 55.6273]}, "properties": {"id": "osm-n-11171009141", "country": "se", "source": "OSM", "updated": "2026-09-12", "name": "embarcadère", "type": "quai", "route": "702"}}, {"type": "Feature", "geometry": {"type": "Point", "coordinates": [16.084, 58.50447]}, "properties": {"id": "osm-n-11394583996", "country": "se", "source": "OSM", "updated": "2026-09-12", "name": "Hulta", "type": "quai"}}, {"type": "Feature", "geometry": {"type": "Point", "coordinates": [18.04408, 59.32618]}, "properties": {"id": "osm-n-11436946066", "country": "se", "source": "OSM", "updated": "2026-09-12", "name": "Zeam", "type": "quai"}}, {"type": "Feature", "geometry": {"type": "Point", "coordinates": [18.05044, 59.32136]}, "properties": {"id": "osm-n-11437420087", "country": "se", "source": "OSM", "updated": "2026-09-12", "name": "embarcadère", "type": "quai"}}, {"type": "Feature", "geometry": {"type": "Point", "coordinates": [11.93973, 57.70555]}, "properties": {"id": "osm-n-11530492565", "country": "se", "source": "OSM", "updated": "2026-09-12", "name": "Lindholmspiren", "type": "quai", "route": "A"}}, {"type": "Feature", "geometry": {"type": "Point", "coordinates": [17.66362, 59.16541]}, "properties": {"id": "osm-n-11822280108", "country": "se", "source": "OSM", "updated": "2026-09-12", "name": "embarcadère", "type": "quai"}}, {"type": "Feature", "geometry": {"type": "Point", "coordinates": [17.66328, 59.16469]}, "properties": {"id": "osm-n-11822297829", "country": "se", "source": "OSM", "updated": "2026-09-12", "name": "embarcadère", "type": "quai"}}, {"type": "Feature", "geometry": {"type": "Point", "coordinates": [18.92991, 59.66001]}, "properties": {"id": "osm-n-11834945686", "country": "se", "source": "OSM", "updated": "2026-09-12", "name": "Köpmanholm", "type": "quai", "operateur": "Waxholmsbolaget", "route": "6260"}}, {"type": "Feature", "geometry": {"type": "Point", "coordinates": [18.2258, 59.34147]}, "properties": {"id": "osm-n-11891927693", "country": "se", "source": "OSM", "updated": "2026-09-12", "name": "Telegrafberget", "type": "quai"}}, {"type": "Feature", "geometry": {"type": "Point", "coordinates": [18.42452, 59.42721]}, "properties": {"id": "osm-n-11994646082", "country": "se", "source": "OSM", "updated": "2026-09-12", "name": "Björknäs", "type": "quai"}}, {"type": "Feature", "geometry": {"type": "Point", "coordinates": [13.30253, 63.43589]}, "properties": {"id": "osm-n-12038352414", "country": "se", "source": "OSM", "updated": "2026-09-12", "name": "embarcadère", "type": "quai"}}, {"type": "Feature", "geometry": {"type": "Point", "coordinates": [18.37629, 59.39707]}, "properties": {"id": "osm-n-12045143191", "country": "se", "source": "OSM", "updated": "2026-09-12", "name": "Rindöbaden", "type": "quai"}}, {"type": "Feature", "geometry": {"type": "Point", "coordinates": [17.66992, 59.2742]}, "properties": {"id": "osm-n-12058630698", "country": "se", "source": "OSM", "updated": "2026-09-12", "name": "Kaggeholm Helgö", "type": "quai"}}, {"type": "Feature", "geometry": {"type": "Point", "coordinates": [18.31635, 59.27904]}, "properties": {"id": "osm-n-12097745948", "country": "se", "source": "OSM", "updated": "2026-09-12", "name": "Saltsjöbaden", "type": "quai", "operateur": "Waxholmsbolaget"}}, {"type": "Feature", "geometry": {"type": "Point", "coordinates": [18.28905, 67.11755]}, "properties": {"id": "osm-n-12097813901", "country": "se", "source": "OSM", "updated": "2026-09-12", "name": "embarcadère", "type": "quai"}}, {"type": "Feature", "geometry": {"type": "Point", "coordinates": [18.63805, 59.50473]}, "properties": {"id": "osm-n-12182575619", "country": "se", "source": "OSM", "updated": "2026-09-12", "name": "Åsättra brygga", "type": "quai", "operateur": "Waxholmsbolaget"}}, {"type": "Feature", "geometry": {"type": "Point", "coordinates": [16.45401, 57.26557]}, "properties": {"id": "osm-n-12429973020", "country": "se", "source": "OSM", "updated": "2026-09-12", "name": "Oskarshamn - Blå Jungfrun", "type": "quai"}}, {"type": "Feature", "geometry": {"type": "Point", "coordinates": [11.16909, 58.93963]}, "properties": {"id": "osm-n-12673403321", "country": "se", "source": "OSM", "updated": "2026-09-12", "name": "Norra Hamnen", "type": "quai", "route": "D"}}, {"type": "Feature", "geometry": {"type": "Point", "coordinates": [11.16916, 58.93886]}, "properties": {"id": "osm-n-12824864923", "country": "se", "source": "OSM", "updated": "2026-09-12", "name": "Norra Hamnen", "type": "quai", "route": "B"}}, {"type": "Feature", "geometry": {"type": "Point", "coordinates": [11.16993, 58.93885]}, "properties": {"id": "osm-n-12824864924", "country": "se", "source": "OSM", "updated": "2026-09-12", "name": "Norra Hamnen", "type": "quai", "route": "A"}}, {"type": "Feature", "geometry": {"type": "Point", "coordinates": [18.34503, 59.39367]}, "properties": {"id": "osm-n-12925845276", "country": "se", "source": "OSM", "updated": "2026-09-12", "name": "Stora Ekholmen", "type": "quai", "operateur": "Waxholmsbolaget"}}, {"type": "Feature", "geometry": {"type": "Point", "coordinates": [15.55054, 56.12365]}, "properties": {"id": "osm-n-12952720167", "country": "se", "source": "OSM", "updated": "2026-09-12", "name": "embarcadère", "type": "quai", "operateur": "Trafikverket Färjerederiet"}}, {"type": "Feature", "geometry": {"type": "Point", "coordinates": [18.84518, 59.49154]}, "properties": {"id": "osm-n-12953540454", "country": "se", "source": "OSM", "updated": "2026-09-12", "name": "Särsö", "type": "quai"}}, {"type": "Feature", "geometry": {"type": "Point", "coordinates": [22.60988, 65.46021]}, "properties": {"id": "osm-n-13018056701", "country": "se", "source": "OSM", "updated": "2026-09-12", "name": "embarcadère", "type": "quai"}}, {"type": "Feature", "geometry": {"type": "Point", "coordinates": [16.88586, 58.36628]}, "properties": {"id": "osm-n-13052184138", "country": "se", "source": "OSM", "updated": "2026-09-12", "name": "embarcadère", "type": "quai"}}, {"type": "Feature", "geometry": {"type": "Point", "coordinates": [16.8854, 58.36511]}, "properties": {"id": "osm-n-13052184139", "country": "se", "source": "OSM", "updated": "2026-09-12", "name": "embarcadère", "type": "quai"}}, {"type": "Feature", "geometry": {"type": "Point", "coordinates": [18.85095, 59.3056]}, "properties": {"id": "osm-n-13458844195", "country": "se", "source": "OSM", "updated": "2026-09-12", "name": "Eknö", "type": "quai"}}, {"type": "Feature", "geometry": {"type": "Point", "coordinates": [18.8569, 59.29901]}, "properties": {"id": "osm-n-13458844196", "country": "se", "source": "OSM", "updated": "2026-09-12", "name": "Idholmen", "type": "quai"}}, {"type": "Feature", "geometry": {"type": "Point", "coordinates": [18.84308, 59.30266]}, "properties": {"id": "osm-n-13458844197", "country": "se", "source": "OSM", "updated": "2026-09-12", "name": "Mjölkkilen", "type": "quai"}}, {"type": "Feature", "geometry": {"type": "Point", "coordinates": [15.30635, 62.82768]}, "properties": {"id": "osm-n-13658605962", "country": "se", "source": "OSM", "updated": "2026-09-12", "name": "Ångbåten Alma", "type": "quai"}}, {"type": "Feature", "geometry": {"type": "Point", "coordinates": [12.69127, 56.04424]}, "properties": {"id": "osm-n-13671971573", "country": "se", "source": "OSM", "updated": "2026-09-12", "name": "embarcadère", "type": "quai"}}, {"type": "Feature", "geometry": {"type": "Point", "coordinates": [12.69131, 56.04432]}, "properties": {"id": "osm-n-13671971579", "country": "se", "source": "OSM", "updated": "2026-09-12", "name": "embarcadère", "type": "quai"}}, {"type": "Feature", "geometry": {"type": "Point", "coordinates": [11.72305, 57.93706]}, "properties": {"id": "osm-n-13687446714", "country": "se", "source": "OSM", "updated": "2026-09-12", "name": "Lövön", "type": "quai", "operateur": "Västtrafik"}}, {"type": "Feature", "geometry": {"type": "Point", "coordinates": [11.66326, 57.9325]}, "properties": {"id": "osm-n-13687446782", "country": "se", "source": "OSM", "updated": "2026-09-12", "name": "Krokholmen", "type": "quai", "operateur": "Västtrafik"}}, {"type": "Feature", "geometry": {"type": "Point", "coordinates": [11.59526, 57.88104]}, "properties": {"id": "osm-n-13687447140", "country": "se", "source": "OSM", "updated": "2026-09-12", "name": "Klåverön", "type": "quai", "operateur": "Västtrafik"}}, {"type": "Feature", "geometry": {"type": "Point", "coordinates": [18.9884, 59.62613]}, "properties": {"id": "osm-n-13857138427", "country": "se", "source": "OSM", "updated": "2026-09-12", "name": "Bromskär", "type": "quai"}}, {"type": "Feature", "geometry": {"type": "Point", "coordinates": [11.7763, 58.04955]}, "properties": {"id": "osm-n-13994508625", "country": "se", "source": "OSM", "updated": "2026-09-12", "name": "embarcadère", "type": "quai"}}, {"type": "Feature", "geometry": {"type": "Point", "coordinates": [11.77095, 58.05548]}, "properties": {"id": "osm-n-14023251785", "country": "se", "source": "OSM", "updated": "2026-09-12", "name": "Almöbryggan", "type": "quai"}}, {"type": "Feature", "geometry": {"type": "Point", "coordinates": [18.78053, 59.3944]}, "properties": {"id": "osm-n-14039569335", "country": "se", "source": "OSM", "updated": "2026-09-12", "name": "Karsholm", "type": "quai", "operateur": "Karsholms bryggförening"}}, {"type": "Feature", "geometry": {"type": "Point", "coordinates": [18.07695, 59.32828]}, "properties": {"id": "osm-n-14047312646", "country": "se", "source": "OSM", "updated": "2026-09-12", "name": "Strömkajen", "type": "quai"}}, {"type": "Feature", "geometry": {"type": "Point", "coordinates": [18.07612, 59.32882]}, "properties": {"id": "osm-n-14047312658", "country": "se", "source": "OSM", "updated": "2026-09-12", "name": "Strömkajen", "type": "quai"}}, {"type": "Feature", "geometry": {"type": "Point", "coordinates": [18.07653, 59.32855]}, "properties": {"id": "osm-n-14047312659", "country": "se", "source": "OSM", "updated": "2026-09-12", "name": "Strömkajen", "type": "quai"}}, {"type": "Feature", "geometry": {"type": "Point", "coordinates": [18.0773, 59.32805]}, "properties": {"id": "osm-n-14047312662", "country": "se", "source": "OSM", "updated": "2026-09-12", "name": "Strömkajen", "type": "quai"}}, {"type": "Feature", "geometry": {"type": "Point", "coordinates": [18.07667, 59.32846]}, "properties": {"id": "osm-n-14047312663", "country": "se", "source": "OSM", "updated": "2026-09-12", "name": "Strömkajen", "type": "quai"}}, {"type": "Feature", "geometry": {"type": "Point", "coordinates": [18.07681, 59.32837]}, "properties": {"id": "osm-n-14047312664", "country": "se", "source": "OSM", "updated": "2026-09-12", "name": "Strömkajen", "type": "quai"}}, {"type": "Feature", "geometry": {"type": "Point", "coordinates": [18.0764, 59.32864]}, "properties": {"id": "osm-n-14047312665", "country": "se", "source": "OSM", "updated": "2026-09-12", "name": "Strömkajen", "type": "quai"}}, {"type": "Feature", "geometry": {"type": "Point", "coordinates": [18.07626, 59.32873]}, "properties": {"id": "osm-n-14047312666", "country": "se", "source": "OSM", "updated": "2026-09-12", "name": "Strömkajen", "type": "quai"}}, {"type": "Feature", "geometry": {"type": "Point", "coordinates": [18.35564, 59.40203]}, "properties": {"id": "osm-n-14047312679", "country": "se", "source": "OSM", "updated": "2026-09-12", "name": "Vaxholm", "type": "quai"}}, {"type": "Feature", "geometry": {"type": "Point", "coordinates": [18.35568, 59.40218]}, "properties": {"id": "osm-n-14047312681", "country": "se", "source": "OSM", "updated": "2026-09-12", "name": "Vaxholm", "type": "quai"}}, {"type": "Feature", "geometry": {"type": "Point", "coordinates": [18.35568, 59.40226]}, "properties": {"id": "osm-n-14047312683", "country": "se", "source": "OSM", "updated": "2026-09-12", "name": "Vaxholm", "type": "quai"}}, {"type": "Feature", "geometry": {"type": "Point", "coordinates": [18.35568, 59.40234]}, "properties": {"id": "osm-n-14047312685", "country": "se", "source": "OSM", "updated": "2026-09-12", "name": "Vaxholm", "type": "quai"}}, {"type": "Feature", "geometry": {"type": "Point", "coordinates": [18.35564, 59.40248]}, "properties": {"id": "osm-n-14047312687", "country": "se", "source": "OSM", "updated": "2026-09-12", "name": "Vaxholm", "type": "quai"}}, {"type": "Feature", "geometry": {"type": "Point", "coordinates": [18.3556, 59.40255]}, "properties": {"id": "osm-n-14047312689", "country": "se", "source": "OSM", "updated": "2026-09-12", "name": "Vaxholm", "type": "quai"}}, {"type": "Feature", "geometry": {"type": "Point", "coordinates": [18.35555, 59.4018]}, "properties": {"id": "osm-n-14047312700", "country": "se", "source": "OSM", "updated": "2026-09-12", "name": "Vaxholm", "type": "quai"}}, {"type": "Feature", "geometry": {"type": "Point", "coordinates": [18.35556, 59.40186]}, "properties": {"id": "osm-n-14047314901", "country": "se", "source": "OSM", "updated": "2026-09-12", "name": "Vaxholm", "type": "quai"}}, {"type": "Feature", "geometry": {"type": "Point", "coordinates": [18.35558, 59.40192]}, "properties": {"id": "osm-n-14047314902", "country": "se", "source": "OSM", "updated": "2026-09-12", "name": "Vaxholm", "type": "quai"}}, {"type": "Feature", "geometry": {"type": "Point", "coordinates": [18.07563, 59.32907]}, "properties": {"id": "osm-n-14047315164", "country": "se", "source": "OSM", "updated": "2026-09-12", "name": "Strömkajen", "type": "quai"}}, {"type": "Feature", "geometry": {"type": "Point", "coordinates": [18.0758, 59.32901]}, "properties": {"id": "osm-n-14047315165", "country": "se", "source": "OSM", "updated": "2026-09-12", "name": "Strömkajen", "type": "quai"}}, {"type": "Feature", "geometry": {"type": "Point", "coordinates": [18.07479, 59.32931]}, "properties": {"id": "osm-n-14047315166", "country": "se", "source": "OSM", "updated": "2026-09-12", "name": "Strömkajen", "type": "quai"}}, {"type": "Feature", "geometry": {"type": "Point", "coordinates": [18.07494, 59.32927]}, "properties": {"id": "osm-n-14047315167", "country": "se", "source": "OSM", "updated": "2026-09-12", "name": "Strömkajen", "type": "quai"}}, {"type": "Feature", "geometry": {"type": "Point", "coordinates": [18.07527, 59.32918]}, "properties": {"id": "osm-n-14047315168", "country": "se", "source": "OSM", "updated": "2026-09-12", "name": "Strömkajen", "type": "quai"}}, {"type": "Feature", "geometry": {"type": "Point", "coordinates": [18.07509, 59.32923]}, "properties": {"id": "osm-n-14047315169", "country": "se", "source": "OSM", "updated": "2026-09-12", "name": "Strömkajen", "type": "quai"}}, {"type": "Feature", "geometry": {"type": "Point", "coordinates": [18.35957, 59.40228]}, "properties": {"id": "osm-n-14047315450", "country": "se", "source": "OSM", "updated": "2026-09-12", "name": "Kastellet", "type": "quai"}}, {"type": "Feature", "geometry": {"type": "Point", "coordinates": [18.35917, 59.40237]}, "properties": {"id": "osm-n-14047315459", "country": "se", "source": "OSM", "updated": "2026-09-12", "name": "Kastellet", "type": "quai"}}, {"type": "Feature", "geometry": {"type": "Point", "coordinates": [18.40693, 59.37704]}, "properties": {"id": "osm-n-14047315895", "country": "se", "source": "OSM", "updated": "2026-09-12", "name": "Orrlunda", "type": "quai"}}, {"type": "Feature", "geometry": {"type": "Point", "coordinates": [22.15166, 65.58031]}, "properties": {"id": "osm-n-14047518701", "country": "se", "source": "OSM", "updated": "2026-09-12", "name": "Södra hamnplan", "type": "quai"}}, {"type": "Feature", "geometry": {"type": "Point", "coordinates": [11.95656, 57.70594]}, "properties": {"id": "osm-n-14058658327", "country": "se", "source": "OSM", "updated": "2026-09-12", "name": "Stenpiren", "type": "quai", "route": "E2"}}, {"type": "Feature", "geometry": {"type": "Point", "coordinates": [11.95651, 57.7062]}, "properties": {"id": "osm-n-14058658328", "country": "se", "source": "OSM", "updated": "2026-09-12", "name": "Stenpiren", "type": "quai", "route": "E4"}}, {"type": "Feature", "geometry": {"type": "Point", "coordinates": [11.9516, 57.71049]}, "properties": {"id": "osm-n-14058769013", "country": "se", "source": "OSM", "updated": "2026-09-12", "name": "Lundbystrand", "type": "quai", "route": "A"}}, {"type": "Feature", "geometry": {"type": "Point", "coordinates": [19.07722, 59.86986]}, "properties": {"id": "osm-n-14075355526", "country": "se", "source": "OSM", "updated": "2026-09-12", "name": "Simpnäs", "type": "quai"}}, {"type": "Feature", "geometry": {"type": "Point", "coordinates": [18.40531, 59.12954]}, "properties": {"id": "osm-n-14075355593", "country": "se", "source": "OSM", "updated": "2026-09-12", "name": "Dalarö", "type": "quai"}}, {"type": "Feature", "geometry": {"type": "Point", "coordinates": [12.65376, 56.03801]}, "properties": {"id": "osm-w-4066778", "country": "se", "source": "OSM", "updated": "2026-09-12", "name": "Helsingør (DK) - Helsingborg (SE)", "type": "liaison", "categorie": "ferry", "operateur": "Öresundslinjen", "duree": "0:20", "vehicules": "yes"}}, {"type": "Feature", "geometry": {"type": "Point", "coordinates": [11.69607, 57.71095]}, "properties": {"id": "osm-w-4305057", "country": "se", "source": "OSM", "updated": "2026-09-12", "name": "Björköleden", "type": "liaison", "categorie": "ferry", "operateur": "Trafikverket Färjerederiet", "duree": "00:08", "vehicules": "yes", "route": "O 1135"}}, {"type": "Feature", "geometry": {"type": "Point", "coordinates": [11.51964, 58.30135]}, "properties": {"id": "osm-w-4361073", "country": "se", "source": "OSM", "updated": "2026-09-12", "name": "Gullmarsleden", "type": "liaison", "categorie": "ferry", "operateur": "Trafikverket Färjerederiet", "duree": "00:10", "vehicules": "yes", "route": "161"}}, {"type": "Feature", "geometry": {"type": "Point", "coordinates": [18.92878, 59.66148]}, "properties": {"id": "osm-w-4631654", "country": "se", "source": "OSM", "updated": "2026-09-12", "name": "Furusundsleden", "type": "liaison", "categorie": "ferry", "operateur": "Trafikverket Färjerederiet", "duree": "00:04", "vehicules": "yes", "route": "AB 1025"}}, {"type": "Feature", "geometry": {"type": "Point", "coordinates": [16.59524, 58.63327]}, "properties": {"id": "osm-w-8268949", "country": "se", "source": "OSM", "updated": "2026-09-12", "name": "Skenäsleden", "type": "liaison", "categorie": "ferry", "operateur": "Trafikverket", "duree": "0:05", "vehicules": "yes", "payant": "no", "horaires": "Mo-Fr 05:30-23:00; Sa 06:30-23:00; Su 06:30-22:00", "route": "E 891"}}, {"type": "Feature", "geometry": {"type": "Point", "coordinates": [18.44492, 59.39591]}, "properties": {"id": "osm-w-13024063", "country": "se", "source": "OSM", "updated": "2026-09-12", "name": "Oxdjupsleden", "type": "liaison", "categorie": "ferry", "operateur": "Trafikverket Färjerederiet", "duree": "00:03", "vehicules": "yes", "payant": "no"}}, {"type": "Feature", "geometry": {"type": "Point", "coordinates": [12.59587, 54.7561]}, "properties": {"id": "osm-w-13976956", "country": "se", "source": "OSM", "updated": "2026-09-12", "name": "Rostock - Trelleborg", "type": "liaison", "categorie": "ferry", "operateur": "Stena Line", "duree": "06:00"}}, {"type": "Feature", "geometry": {"type": "Point", "coordinates": [12.59552, 56.43752]}, "properties": {"id": "osm-w-13990371", "country": "se", "source": "OSM", "updated": "2026-09-12", "name": "liaison", "type": "liaison", "categorie": "ferry"}}, {"type": "Feature", "geometry": {"type": "Point", "coordinates": [11.87855, 57.8184]}, "properties": {"id": "osm-w-15089553", "country": "se", "source": "OSM", "updated": "2026-09-12", "name": "Kornhallsleden", "type": "liaison", "categorie": "ferry", "operateur": "Trafikverket Färjerederiet", "duree": "00:02:00", "vehicules": "yes"}}, {"type": "Feature", "geometry": {"type": "Point", "coordinates": [17.97722, 55.92158]}, "properties": {"id": "osm-w-16109940", "country": "se", "source": "OSM", "updated": "2026-09-12", "name": "Karlshamn (S) - Klaipėda (LT)", "type": "liaison", "categorie": "ferry", "operateur": "DFDS Seaways", "duree": "12:11", "vehicules": "yes"}}, {"type": "Feature", "geometry": {"type": "Point", "coordinates": [11.62907, 57.75783]}, "properties": {"id": "osm-w-16794766", "country": "se", "source": "OSM", "updated": "2026-09-12", "name": "Nordöleden", "type": "liaison", "categorie": "ferry", "operateur": "Trafikverket Färjerederiet", "duree": "00:20"}}, {"type": "Feature", "geometry": {"type": "Point", "coordinates": [18.11786, 58.2746]}, "properties": {"id": "osm-w-18644208", "country": "se", "source": "OSM", "updated": "2026-09-12", "name": "Nynäshamn - Visby - Nynäshamn", "type": "liaison", "categorie": "ferry", "operateur": "Destination Gotland", "duree": "03:15", "vehicules": "yes"}}, {"type": "Feature", "geometry": {"type": "Point", "coordinates": [17.36827, 57.44575]}, "properties": {"id": "osm-w-18675535", "country": "se", "source": "OSM", "updated": "2026-09-12", "name": "Oskarshamn - Visby - Oskarshamn", "type": "liaison", "categorie": "ferry", "operateur": "Destination Gotland", "duree": "02:55", "vehicules": "yes", "route": "Oskarshamn - Visby - Oskarshamn"}}, {"type": "Feature", "geometry": {"type": "Point", "coordinates": [13.70915, 57.00813]}, "properties": {"id": "osm-w-24874260", "country": "se", "source": "OSM", "updated": "2026-09-12", "name": "Bolmsöleden", "type": "liaison", "categorie": "ferry", "operateur": "Färjerederiet Trafikverket", "duree": "00:10", "vehicules": "yes", "route": "G555"}}, {"type": "Feature", "geometry": {"type": "Point", "coordinates": [18.09697, 59.31613]}, "properties": {"id": "osm-w-24967536", "country": "se", "source": "OSM", "updated": "2026-09-12", "name": "Viking Line terminal", "type": "quai", "operateur": "Viking Line"}}, {"type": "Feature", "geometry": {"type": "Point", "coordinates": [17.69153, 59.05105]}, "properties": {"id": "osm-w-25194772", "country": "se", "source": "OSM", "updated": "2026-09-12", "name": "Skanssundsleden", "type": "liaison", "categorie": "ferry", "operateur": "Vägverket Färjerederiet", "duree": "00:03", "vehicules": "yes", "payant": "no", "route": "AB 569"}}, {"type": "Feature", "geometry": {"type": "Point", "coordinates": [15.57726, 56.14389]}, "properties": {"id": "osm-w-25780601", "country": "se", "source": "OSM", "updated": "2026-09-12", "name": "Aspöleden", "type": "liaison", "categorie": "ferry", "operateur": "Trafikverket Färjerederiet", "duree": "00:25", "vehicules": "yes"}}, {"type": "Feature", "geometry": {"type": "Point", "coordinates": [19.06903, 57.86701]}, "properties": {"id": "osm-w-26008002", "country": "se", "source": "OSM", "updated": "2026-09-12", "name": "Fårösundsleden", "type": "liaison", "categorie": "ferry", "operateur": "Trafikverket Färjerederiet", "duree": "00:08", "vehicules": "yes", "route": "I 699"}}, {"type": "Feature", "geometry": {"type": "Point", "coordinates": [11.83774, 58.13646]}, "properties": {"id": "osm-w-26788896", "country": "se", "source": "OSM", "updated": "2026-09-12", "name": "Svanesundsleden", "type": "liaison", "categorie": "ferry", "operateur": "Trafikverket Färjerederiet", "duree": "00:05", "vehicules": "yes", "route": "O 770"}}, {"type": "Feature", "geometry": {"type": "Point", "coordinates": [11.54426, 58.23803]}, "properties": {"id": "osm-w-26984572", "country": "se", "source": "OSM", "updated": "2026-09-12", "name": "Ängöleden", "type": "liaison", "categorie": "ferry", "operateur": "Trafikverket Färjerederiet", "duree": "0:03", "vehicules": "yes", "route": "O 751"}}, {"type": "Feature", "geometry": {"type": "Point", "coordinates": [11.48708, 58.19556]}, "properties": {"id": "osm-w-26984575", "country": "se", "source": "OSM", "updated": "2026-09-12", "name": "Malöleden", "type": "liaison", "categorie": "ferry", "operateur": "Trafikverket Färjerederiet", "duree": "00:03", "vehicules": "yes", "route": "O 751"}}, {"type": "Feature", "geometry": {"type": "Point", "coordinates": [15.09119, 58.03035]}, "properties": {"id": "osm-w-27850045", "country": "se", "source": "OSM", "updated": "2026-09-12", "name": "Linfärjan Viktoria", "type": "liaison", "categorie": "ferry", "duree": "00:05", "vehicules": "yes"}}, {"type": "Feature", "geometry": {"type": "Point", "coordinates": [14.40369, 58.03072]}, "properties": {"id": "osm-w-27861647", "country": "se", "source": "OSM", "updated": "2026-09-12", "name": "Visingsöleden", "type": "liaison", "categorie": "ferry", "operateur": "Trafikverket Färjerederiet", "duree": "00:25", "vehicules": "yes", "payant": "yes"}}, {"type": "Feature", "geometry": {"type": "Point", "coordinates": [20.94761, 63.38377]}, "properties": {"id": "osm-w-28902127", "country": "se", "source": "OSM", "updated": "2026-09-12", "name": "Vaasa–Umeå", "type": "liaison", "categorie": "ferry", "operateur": "NLC Ferry", "duree": "04:00", "vehicules": "yes", "payant": "yes"}}, {"type": "Feature", "geometry": {"type": "Point", "coordinates": [18.25068, 59.02625]}, "properties": {"id": "osm-w-30170778", "country": "se", "source": "OSM", "updated": "2026-09-12", "name": "Årsta - Utö", "type": "liaison", "categorie": "ferry", "operateur": "Utö Rederi AB", "vehicules": "yes"}}, {"type": "Feature", "geometry": {"type": "Point", "coordinates": [14.03822, 54.66258]}, "properties": {"id": "osm-w-30349022", "country": "se", "source": "OSM", "updated": "2026-09-12", "name": "Świnoujście (PL) - Ystad (S)", "type": "liaison", "categorie": "ferry", "operateur": "Polferries AB / Unity Line Sverige", "vehicules": "yes"}}, {"type": "Feature", "geometry": {"type": "Point", "coordinates": [18.15009, 67.69146]}, "properties": {"id": "osm-w-30828694", "country": "se", "source": "OSM", "updated": "2026-09-12", "name": "liaison", "type": "liaison", "categorie": "ferry", "operateur": "STF", "payant": "yes"}}, {"type": "Feature", "geometry": {"type": "Point", "coordinates": [18.58348, 59.54498]}, "properties": {"id": "osm-w-31988315", "country": "se", "source": "OSM", "updated": "2026-09-12", "name": "Ljusteröleden", "type": "liaison", "categorie": "ferry", "operateur": "Trafikverket Färjerederiet", "duree": "00:07", "vehicules": "yes", "route": "AB 1036"}}, {"type": "Feature", "geometry": {"type": "Point", "coordinates": [14.37768, 56.1126]}, "properties": {"id": "osm-w-33685934", "country": "se", "source": "OSM", "updated": "2026-09-12", "name": "Ivöleden", "type": "liaison", "categorie": "ferry", "operateur": "Trafikverket Färjerederiet", "duree": "00:07", "vehicules": "yes", "payant": "no", "route": "M 2074"}}, {"type": "Feature", "geometry": {"type": "Point", "coordinates": [18.31836, 56.66003]}, "properties": {"id": "osm-w-34394208", "country": "se", "source": "OSM", "updated": "2026-09-12", "name": "Gdańsk (PL) - Nynäshamn (SE)", "type": "liaison", "categorie": "ferry", "duree": "19:00"}}, {"type": "Feature", "geometry": {"type": "Point", "coordinates": [17.85809, 59.26442]}, "properties": {"id": "osm-w-35262813", "country": "se", "source": "OSM", "updated": "2026-09-12", "name": "Ekeröleden", "type": "liaison", "categorie": "ferry", "operateur": "Trafikverket Färjerederiet", "duree": "00:10", "vehicules": "yes"}}, {"type": "Feature", "geometry": {"type": "Point", "coordinates": [17.9911, 62.69075]}, "properties": {"id": "osm-w-35443058", "country": "se", "source": "OSM", "updated": "2026-09-12", "name": "Hemsöleden", "type": "liaison", "categorie": "ferry", "duree": "00:04:00", "vehicules": "yes", "payant": "no", "route": "Y 729"}}, {"type": "Feature", "geometry": {"type": "Point", "coordinates": [11.82484, 57.65611]}, "properties": {"id": "osm-w-36969993", "country": "se", "source": "OSM", "updated": "2026-09-12", "name": "liaison", "type": "liaison", "categorie": "ferry"}}, {"type": "Feature", "geometry": {"type": "Point", "coordinates": [17.15296, 59.49903]}, "properties": {"id": "osm-w-37292695", "country": "se", "source": "OSM", "updated": "2026-09-12", "name": "Arnöleden", "type": "liaison", "categorie": "ferry", "operateur": "Trafikverket Färjerederoet", "duree": "00:07", "vehicules": "yes"}}, {"type": "Feature", "geometry": {"type": "Point", "coordinates": [20.70167, 69.04426]}, "properties": {"id": "osm-w-37299297", "country": "se", "source": "OSM", "updated": "2026-09-12", "name": "liaison", "type": "liaison", "categorie": "ferry", "payant": "yes"}}, {"type": "Feature", "geometry": {"type": "Point", "coordinates": [17.64249, 59.29199]}, "properties": {"id": "osm-w-37333386", "country": "se", "source": "OSM", "updated": "2026-09-12", "name": "Ångfartyget Mariefred", "type": "liaison", "categorie": "ferry"}}, {"type": "Feature", "geometry": {"type": "Point", "coordinates": [18.49692, 59.06877]}, "properties": {"id": "osm-w-37337217", "country": "se", "source": "OSM", "updated": "2026-09-12", "name": "liaison", "type": "liaison", "categorie": "ferry"}}, {"type": "Feature", "geometry": {"type": "Point", "coordinates": [18.40155, 59.21307]}, "properties": {"id": "osm-w-37337219", "country": "se", "source": "OSM", "updated": "2026-09-12", "name": "liaison", "type": "liaison", "categorie": "ferry"}}, {"type": "Feature", "geometry": {"type": "Point", "coordinates": [18.3519, 59.2545]}, "properties": {"id": "osm-w-37337220", "country": "se", "source": "OSM", "updated": "2026-09-12", "name": "liaison", "type": "liaison", "categorie": "ferry", "operateur": "waxholmsbolaget"}}, {"type": "Feature", "geometry": {"type": "Point", "coordinates": [18.31047, 58.96638]}, "properties": {"id": "osm-w-37337231", "country": "se", "source": "OSM", "updated": "2026-09-12", "name": "liaison", "type": "liaison", "categorie": "ferry"}}, {"type": "Feature", "geometry": {"type": "Point", "coordinates": [18.45424, 60.34348]}, "properties": {"id": "osm-w-37574472", "country": "se", "source": "OSM", "updated": "2026-09-12", "name": "Gräsöleden", "type": "liaison", "categorie": "ferry", "operateur": "Trafikverket", "duree": "00:05", "vehicules": "yes", "payant": "no", "route": "C 1184"}}, {"type": "Feature", "geometry": {"type": "Point", "coordinates": [18.81487, 60.09914]}, "properties": {"id": "osm-w-38089162", "country": "se", "source": "OSM", "updated": "2026-09-12", "name": "Eckerölinjen", "type": "quai", "operateur": "Eckerölinjen"}}, {"type": "Feature", "geometry": {"type": "Point", "coordinates": [19.77718, 58.1674]}, "properties": {"id": "osm-w-38146830", "country": "se", "source": "OSM", "updated": "2026-09-12", "name": "Ventspils (LV) - Nynäshamn (SE)", "type": "liaison", "categorie": "ferry", "operateur": "Stena Line", "duree": "8:45", "vehicules": "yes"}}, {"type": "Feature", "geometry": {"type": "Point", "coordinates": [19.85019, 63.56025]}, "properties": {"id": "osm-w-38321236", "country": "se", "source": "OSM", "updated": "2026-09-12", "name": "liaison", "type": "liaison", "categorie": "ferry"}}, {"type": "Feature", "geometry": {"type": "Point", "coordinates": [16.59835, 58.44295]}, "properties": {"id": "osm-w-38526897", "country": "se", "source": "OSM", "updated": "2026-09-12", "name": "Stegeborgsleden", "type": "liaison", "categorie": "ferry", "operateur": "Trafikverket Färjerederiet", "vehicules": "yes"}}, {"type": "Feature", "geometry": {"type": "Point", "coordinates": [18.69817, 63.0738]}, "properties": {"id": "osm-w-38693714", "country": "se", "source": "OSM", "updated": "2026-09-12", "name": "Köpmanholmen-Trysunda-Ulvön", "type": "liaison", "categorie": "ferry", "duree": "02:00"}}, {"type": "Feature", "geometry": {"type": "Point", "coordinates": [18.67374, 63.15234]}, "properties": {"id": "osm-w-38693716", "country": "se", "source": "OSM", "updated": "2026-09-12", "name": "Köpmanholmen-Trysunda-Ulvön", "type": "liaison", "categorie": "ferry"}}, {"type": "Feature", "geometry": {"type": "Point", "coordinates": [20.80399, 63.83392]}, "properties": {"id": "osm-w-38722600", "country": "se", "source": "OSM", "updated": "2026-09-12", "name": "Holmöleden", "type": "liaison", "categorie": "ferry", "operateur": "Trafikverket", "duree": "45"}}, {"type": "Feature", "geometry": {"type": "Point", "coordinates": [16.69885, 57.86515]}, "properties": {"id": "osm-w-38750911", "country": "se", "source": "OSM", "updated": "2026-09-12", "name": "Loftahammar - Källvik - Rågö - Hasselö", "type": "liaison", "categorie": "ferry", "duree": "0:35"}}, {"type": "Feature", "geometry": {"type": "Point", "coordinates": [10.69769, 59.02764]}, "properties": {"id": "osm-w-38843231", "country": "se", "source": "OSM", "updated": "2026-09-12", "name": "Strömstad - Sandefjord", "type": "liaison", "categorie": "ferry", "operateur": "Color Line", "duree": "03:00", "vehicules": "yes"}}, {"type": "Feature", "geometry": {"type": "Point", "coordinates": [14.32288, 63.13662]}, "properties": {"id": "osm-w-39069279", "country": "se", "source": "OSM", "updated": "2026-09-12", "name": "Håkansta - Norderön", "type": "liaison", "categorie": "ferry", "operateur": "Trafikverket Färjerederiet"}}, {"type": "Feature", "geometry": {"type": "Point", "coordinates": [15.77904, 56.06477]}, "properties": {"id": "osm-w-39430322", "country": "se", "source": "OSM", "updated": "2026-09-12", "name": "Östra skärgården", "type": "liaison", "categorie": "ferry"}}, {"type": "Feature", "geometry": {"type": "Point", "coordinates": [15.77499, 56.05059]}, "properties": {"id": "osm-w-39430323", "country": "se", "source": "OSM", "updated": "2026-09-12", "name": "Östra Skärgården", "type": "liaison", "categorie": "ferry"}}, {"type": "Feature", "geometry": {"type": "Point", "coordinates": [15.79109, 56.04133]}, "properties": {"id": "osm-w-39430324", "country": "se", "source": "OSM", "updated": "2026-09-12", "name": "Östra Skärgården", "type": "liaison", "categorie": "ferry"}}, {"type": "Feature", "geometry": {"type": "Point", "coordinates": [15.78147, 56.04301]}, "properties": {"id": "osm-w-39430325", "country": "se", "source": "OSM", "updated": "2026-09-12", "name": "Östra Skärgården", "type": "liaison", "categorie": "ferry"}}, {"type": "Feature", "geometry": {"type": "Point", "coordinates": [15.79977, 56.07047]}, "properties": {"id": "osm-w-39430326", "country": "se", "source": "OSM", "updated": "2026-09-12", "name": "Östra Skärgården", "type": "liaison", "categorie": "ferry"}}, {"type": "Feature", "geometry": {"type": "Point", "coordinates": [15.79926, 56.08841]}, "properties": {"id": "osm-w-39430327", "country": "se", "source": "OSM", "updated": "2026-09-12", "name": "Östra Skärgården", "type": "liaison", "categorie": "ferry"}}, {"type": "Feature", "geometry": {"type": "Point", "coordinates": [18.9235, 59.28474]}, "properties": {"id": "osm-w-39773191", "country": "se", "source": "OSM", "updated": "2026-09-12", "name": "liaison", "type": "liaison", "categorie": "ferry", "vehicules": "yes"}}, {"type": "Feature", "geometry": {"type": "Point", "coordinates": [17.42916, 67.68881]}, "properties": {"id": "osm-w-39839365", "country": "se", "source": "OSM", "updated": "2026-09-12", "name": "Ritsem-Änonjálmme-Vaisaluokta", "type": "liaison", "categorie": "ferry"}}, {"type": "Feature", "geometry": {"type": "Point", "coordinates": [17.32001, 67.67378]}, "properties": {"id": "osm-w-39839367", "country": "se", "source": "OSM", "updated": "2026-09-12", "name": "Ritsem-Änonjálmme-Vaisaluokta", "type": "liaison", "categorie": "ferry"}}, {"type": "Feature", "geometry": {"type": "Point", "coordinates": [11.82484, 57.65613]}, "properties": {"id": "osm-w-40140216", "country": "se", "source": "OSM", "updated": "2026-09-12", "name": "liaison", "type": "liaison", "categorie": "ferry"}}, {"type": "Feature", "geometry": {"type": "Point", "coordinates": [18.07484, 59.32946]}, "properties": {"id": "osm-w-40285329", "country": "se", "source": "OSM", "updated": "2026-09-12", "name": "Waxholmsbolaget", "type": "quai", "operateur": "Waxholmsbolaget"}}, {"type": "Feature", "geometry": {"type": "Point", "coordinates": [18.42898, 59.10938]}, "properties": {"id": "osm-w-40527724", "country": "se", "source": "OSM", "updated": "2026-09-12", "name": "Dalarö - Ornö", "type": "liaison", "categorie": "ferry", "operateur": "Ornö sjötrafik AB;Waxholmsbolaget"}}, {"type": "Feature", "geometry": {"type": "Point", "coordinates": [18.43599, 67.21854]}, "properties": {"id": "osm-w-40730826", "country": "se", "source": "OSM", "updated": "2026-09-12", "name": "liaison", "type": "liaison", "categorie": "ferry"}}, {"type": "Feature", "geometry": {"type": "Point", "coordinates": [18.28892, 67.13032]}, "properties": {"id": "osm-w-40730829", "country": "se", "source": "OSM", "updated": "2026-09-12", "name": "Rowing boats", "type": "liaison", "categorie": "ferry"}}, {"type": "Feature", "geometry": {"type": "Point", "coordinates": [18.53296, 67.40438]}, "properties": {"id": "osm-w-40730830", "country": "se", "source": "OSM", "updated": "2026-09-12", "name": "liaison", "type": "liaison", "categorie": "ferry"}}, {"type": "Feature", "geometry": {"type": "Point", "coordinates": [18.15017, 58.90102]}, "properties": {"id": "osm-w-41516973", "country": "se", "source": "OSM", "updated": "2026-09-12", "name": "liaison", "type": "liaison", "categorie": "ferry"}}, {"type": "Feature", "geometry": {"type": "Point", "coordinates": [14.393, 63.13773]}, "properties": {"id": "osm-w-41920295", "country": "se", "source": "OSM", "updated": "2026-09-12", "name": "Isön - Norderön", "type": "liaison", "categorie": "ferry", "operateur": "Trafikverket Färjerederiet", "vehicules": "yes", "payant": "no"}}, {"type": "Feature", "geometry": {"type": "Point", "coordinates": [17.57014, 59.25388]}, "properties": {"id": "osm-w-43117803", "country": "se", "source": "OSM", "updated": "2026-09-12", "name": "liaison", "type": "liaison", "categorie": "ferry"}}, {"type": "Feature", "geometry": {"type": "Point", "coordinates": [17.52807, 59.31718]}, "properties": {"id": "osm-w-43117804", "country": "se", "source": "OSM", "updated": "2026-09-12", "name": "liaison", "type": "liaison", "categorie": "ferry"}}, {"type": "Feature", "geometry": {"type": "Point", "coordinates": [18.38877, 59.10938]}, "properties": {"id": "osm-w-46844509", "country": "se", "source": "OSM", "updated": "2026-09-12", "name": "Dalarö - Ornö", "type": "liaison", "categorie": "ferry", "operateur": "Ornö sjötrafik AB"}}, {"type": "Feature", "geometry": {"type": "Point", "coordinates": [21.82307, 65.67999]}, "properties": {"id": "osm-w-48269452", "country": "se", "source": "OSM", "updated": "2026-09-12", "name": "Avanleden", "type": "liaison", "exploitation": "saisonnier", "categorie": "ferry", "operateur": "Trafikverket Färjerederiet", "duree": "00:04", "vehicules": "yes", "route": "BD 585"}}, {"type": "Feature", "geometry": {"type": "Point", "coordinates": [11.52824, 58.09112]}, "properties": {"id": "osm-w-51571179", "country": "se", "source": "OSM", "updated": "2026-09-12", "name": "Lyrleden", "type": "liaison", "categorie": "ferry", "operateur": "Trafikverket Färjerederiet", "duree": "00:03", "vehicules": "yes", "route": "O 738"}}, {"type": "Feature", "geometry": {"type": "Point", "coordinates": [19.06913, 57.86672]}, "properties": {"id": "osm-w-54660830", "country": "se", "source": "OSM", "updated": "2026-09-12", "name": "Fårösundsleden", "type": "liaison", "categorie": "ferry", "operateur": "Trafikverket Färjerederiet", "duree": "00:08", "vehicules": "yes", "route": "I 699"}}, {"type": "Feature", "geometry": {"type": "Point", "coordinates": [17.69148, 59.0511]}, "properties": {"id": "osm-w-54964823", "country": "se", "source": "OSM", "updated": "2026-09-12", "name": "Skanssundsleden", "type": "liaison", "categorie": "ferry", "operateur": "Vägverket Färjerederiet", "vehicules": "yes", "payant": "no"}}, {"type": "Feature", "geometry": {"type": "Point", "coordinates": [15.28529, 56.16719]}, "properties": {"id": "osm-w-58120222", "country": "se", "source": "OSM", "updated": "2026-09-12", "name": "Ekenäs-Karön", "type": "liaison", "categorie": "ferry", "operateur": "Blekingetrafiken"}}, {"type": "Feature", "geometry": {"type": "Point", "coordinates": [12.59741, 56.43199]}, "properties": {"id": "osm-w-62382059", "country": "se", "source": "OSM", "updated": "2026-09-12", "name": "liaison", "type": "liaison", "categorie": "ferry"}}, {"type": "Feature", "geometry": {"type": "Point", "coordinates": [12.58354, 56.43807]}, "properties": {"id": "osm-w-67494690", "country": "se", "source": "OSM", "updated": "2026-09-12", "name": "liaison", "type": "liaison", "categorie": "ferry"}}, {"type": "Feature", "geometry": {"type": "Point", "coordinates": [16.7488, 57.70015]}, "properties": {"id": "osm-w-70191202", "country": "se", "source": "OSM", "updated": "2026-09-12", "name": "Västervik - Idö", "type": "liaison", "categorie": "ferry"}}, {"type": "Feature", "geometry": {"type": "Point", "coordinates": [16.69234, 57.72827]}, "properties": {"id": "osm-w-70191203", "country": "se", "source": "OSM", "updated": "2026-09-12", "name": "Västervik - Idö", "type": "liaison", "categorie": "ferry"}}, {"type": "Feature", "geometry": {"type": "Point", "coordinates": [14.12935, 58.70424]}, "properties": {"id": "osm-w-72300202", "country": "se", "source": "OSM", "updated": "2026-09-12", "name": "Färjan Lina Törboda", "type": "liaison", "categorie": "ferry", "duree": "00:01"}}, {"type": "Feature", "geometry": {"type": "Point", "coordinates": [18.46143, 59.44741]}, "properties": {"id": "osm-w-72724171", "country": "se", "source": "OSM", "updated": "2026-09-12", "name": "Waxholmsbolaget", "type": "liaison", "categorie": "ferry"}}, {"type": "Feature", "geometry": {"type": "Point", "coordinates": [18.41604, 59.35926]}, "properties": {"id": "osm-w-75479630", "country": "se", "source": "OSM", "updated": "2026-09-12", "name": "Tynningöleden", "type": "liaison", "categorie": "ferry", "operateur": "Trafikverket Färjerederiet", "duree": "00:08", "vehicules": "yes", "route": "AB 678"}}, {"type": "Feature", "geometry": {"type": "Point", "coordinates": [11.26757, 58.55245]}, "properties": {"id": "osm-w-75975457", "country": "se", "source": "OSM", "updated": "2026-09-12", "name": "Hamburgsundsleden", "type": "liaison", "categorie": "ferry", "operateur": "Trafikverket Färjerederiet", "duree": "00:03", "vehicules": "yes", "payant": "no", "route": "O 907"}}, {"type": "Feature", "geometry": {"type": "Point", "coordinates": [18.43132, 59.46743]}, "properties": {"id": "osm-w-76086440", "country": "se", "source": "OSM", "updated": "2026-09-12", "name": "liaison", "type": "liaison", "categorie": "ferry", "operateur": "Waxholmsbolaget"}}, {"type": "Feature", "geometry": {"type": "Point", "coordinates": [18.85304, 59.59557]}, "properties": {"id": "osm-w-76368975", "country": "se", "source": "OSM", "updated": "2026-09-12", "name": "liaison", "type": "liaison", "categorie": "ferry"}}, {"type": "Feature", "geometry": {"type": "Point", "coordinates": [18.97821, 59.65144]}, "properties": {"id": "osm-w-76368996", "country": "se", "source": "OSM", "updated": "2026-09-12", "name": "liaison", "type": "liaison", "categorie": "ferry"}}, {"type": "Feature", "geometry": {"type": "Point", "coordinates": [18.56078, 59.53269]}, "properties": {"id": "osm-w-76368998", "country": "se", "source": "OSM", "updated": "2026-09-12", "name": "liaison", "type": "liaison", "categorie": "ferry"}}, {"type": "Feature", "geometry": {"type": "Point", "coordinates": [18.44936, 59.45955]}, "properties": {"id": "osm-w-76369000", "country": "se", "source": "OSM", "updated": "2026-09-12", "name": "liaison", "type": "liaison", "categorie": "ferry"}}, {"type": "Feature", "geometry": {"type": "Point", "coordinates": [18.99579, 59.66369]}, "properties": {"id": "osm-w-76369005", "country": "se", "source": "OSM", "updated": "2026-09-12", "name": "liaison", "type": "liaison", "categorie": "ferry"}}, {"type": "Feature", "geometry": {"type": "Point", "coordinates": [18.9357, 59.65028]}, "properties": {"id": "osm-w-76369014", "country": "se", "source": "OSM", "updated": "2026-09-12", "name": "Blidöleden", "type": "liaison", "categorie": "ferry", "operateur": "Trafikverket Färjerederiet", "duree": "00:04", "vehicules": "yes", "route": "AB 1025"}}, {"type": "Feature", "geometry": {"type": "Point", "coordinates": [18.84371, 59.58728]}, "properties": {"id": "osm-w-76369018", "country": "se", "source": "OSM", "updated": "2026-09-12", "name": "liaison", "type": "liaison", "categorie": "ferry"}}, {"type": "Feature", "geometry": {"type": "Point", "coordinates": [11.84353, 57.64635]}, "properties": {"id": "osm-w-77350358", "country": "se", "source": "OSM", "updated": "2026-09-12", "name": "liaison", "type": "liaison", "categorie": "ferry"}}, {"type": "Feature", "geometry": {"type": "Point", "coordinates": [11.83106, 57.64441]}, "properties": {"id": "osm-w-77350926", "country": "se", "source": "OSM", "updated": "2026-09-12", "name": "liaison", "type": "liaison", "categorie": "ferry"}}, {"type": "Feature", "geometry": {"type": "Point", "coordinates": [15.29793, 62.82855]}, "properties": {"id": "osm-w-80888024", "country": "se", "source": "OSM", "updated": "2026-09-12", "name": "Ammeröleden", "type": "liaison", "categorie": "ferry", "operateur": "Trafikverket Färjerederiet"}}, {"type": "Feature", "geometry": {"type": "Point", "coordinates": [18.4486, 59.19193]}, "properties": {"id": "osm-w-81238925", "country": "se", "source": "OSM", "updated": "2026-09-12", "name": "liaison", "type": "liaison", "categorie": "ferry"}}, {"type": "Feature", "geometry": {"type": "Point", "coordinates": [14.86292, 56.16401]}, "properties": {"id": "osm-w-83921679", "country": "se", "source": "OSM", "updated": "2026-09-12", "name": "Karlshamn-Kastellet", "type": "liaison", "categorie": "ferry"}}, {"type": "Feature", "geometry": {"type": "Point", "coordinates": [14.78514, 56.00561]}, "properties": {"id": "osm-w-83949566", "country": "se", "source": "OSM", "updated": "2026-09-12", "name": "Nogersund-Hanö", "type": "liaison", "categorie": "ferry", "duree": "0:25"}}, {"type": "Feature", "geometry": {"type": "Point", "coordinates": [13.66314, 59.39312]}, "properties": {"id": "osm-w-85944720", "country": "se", "source": "OSM", "updated": "2026-09-12", "name": "liaison", "type": "liaison", "categorie": "ferry", "operateur": "Karlstads kommun", "vehicules": "designated"}}, {"type": "Feature", "geometry": {"type": "Point", "coordinates": [11.02445, 58.89784]}, "properties": {"id": "osm-w-90443050", "country": "se", "source": "OSM", "updated": "2026-09-12", "name": "Färja 899 Strömstad - Kosteröarna", "type": "liaison", "categorie": "ferry", "operateur": "Västtrafik"}}, {"type": "Feature", "geometry": {"type": "Point", "coordinates": [16.62482, 60.18382]}, "properties": {"id": "osm-w-96950368", "country": "se", "source": "OSM", "updated": "2026-09-12", "name": "Hovnäsfärjan", "type": "liaison", "categorie": "ferry", "duree": "00:05", "vehicules": "yes", "payant": "SEK 40 / vehicle", "horaires": "May 01-Oct 31 Mo-Su 07:00-19:00"}}, {"type": "Feature", "geometry": {"type": "Point", "coordinates": [11.34179, 58.36039]}, "properties": {"id": "osm-w-98385781", "country": "se", "source": "OSM", "updated": "2026-09-12", "name": "Bohus-Malmönleden", "type": "liaison", "categorie": "ferry", "operateur": "Trafikverket Färjerederiet", "duree": "00:08", "vehicules": "yes", "route": "O 873"}}, {"type": "Feature", "geometry": {"type": "Point", "coordinates": [13.21134, 59.29894]}, "properties": {"id": "osm-w-100185243", "country": "se", "source": "OSM", "updated": "2026-09-12", "name": "liaison", "type": "liaison", "categorie": "ferry"}}, {"type": "Feature", "geometry": {"type": "Point", "coordinates": [17.9253, 59.31741]}, "properties": {"id": "osm-w-119789472", "country": "se", "source": "OSM", "updated": "2026-09-12", "name": "liaison", "type": "liaison", "categorie": "ferry", "operateur": "Strömma Kanalbolaget"}}, {"type": "Feature", "geometry": {"type": "Point", "coordinates": [11.05115, 58.88603]}, "properties": {"id": "osm-w-120225664", "country": "se", "source": "OSM", "updated": "2026-09-12", "name": "Färja 899 Strömstad - Kosteröarna", "type": "liaison", "categorie": "ferry", "operateur": "Västtraffik"}}, {"type": "Feature", "geometry": {"type": "Point", "coordinates": [15.78421, 56.09855]}, "properties": {"id": "osm-w-121163571", "country": "se", "source": "OSM", "updated": "2026-09-12", "name": "Ytteröfärjan", "type": "liaison", "categorie": "ferry", "duree": "00:05", "vehicules": "yes"}}, {"type": "Feature", "geometry": {"type": "Point", "coordinates": [14.24629, 55.25556]}, "properties": {"id": "osm-w-122285824", "country": "se", "source": "OSM", "updated": "2026-09-12", "name": "Ystad - Rønne", "type": "liaison", "categorie": "ferry", "operateur": "Bornholmslinjen", "duree": "01:20", "vehicules": "yes", "payant": "yes"}}, {"type": "Feature", "geometry": {"type": "Point", "coordinates": [22.90637, 66.3061]}, "properties": {"id": "osm-w-122596418", "country": "se", "source": "OSM", "updated": "2026-09-12", "name": "Bohedenleden", "type": "liaison", "categorie": "ferry", "operateur": "Färjerederiet Trafikverket", "duree": "00:05", "vehicules": "yes", "route": "BD 797"}}, {"type": "Feature", "geometry": {"type": "Point", "coordinates": [18.9244, 59.28859]}, "properties": {"id": "osm-w-125055966", "country": "se", "source": "OSM", "updated": "2026-09-12", "name": "liaison", "type": "liaison", "categorie": "ferry", "payant": "no"}}, {"type": "Feature", "geometry": {"type": "Point", "coordinates": [15.55794, 56.18172]}, "properties": {"id": "osm-w-128099847", "country": "se", "source": "OSM", "updated": "2026-09-12", "name": "Fisktorget - Nättraby", "type": "liaison", "categorie": "ferry", "operateur": "Karlskrona Affärsverken"}}, {"type": "Feature", "geometry": {"type": "Point", "coordinates": [17.25563, 55.34923]}, "properties": {"id": "osm-w-128739276", "country": "se", "source": "OSM", "updated": "2026-09-12", "name": "Karlskrona (SE) - Gdynia (PL)", "type": "liaison", "categorie": "ferry", "operateur": "Stena Line", "duree": "10:30", "vehicules": "yes"}}, {"type": "Feature", "geometry": {"type": "Point", "coordinates": [13.71137, 54.63533]}, "properties": {"id": "osm-w-139931346", "country": "se", "source": "OSM", "updated": "2026-09-12", "name": "Świnoujście (PL) - Trelleborg (SE)", "type": "liaison", "categorie": "ferry", "operateur": "TT-Line / Unity Line Sverige", "duree": "07:30", "vehicules": "yes"}}, {"type": "Feature", "geometry": {"type": "Point", "coordinates": [18.75777, 59.58222]}, "properties": {"id": "osm-w-140517501", "country": "se", "source": "OSM", "updated": "2026-09-12", "name": "liaison", "type": "liaison", "categorie": "ferry", "vehicules": "yes", "route": "E 20"}}, {"type": "Feature", "geometry": {"type": "Point", "coordinates": [11.78244, 57.61961]}, "properties": {"id": "osm-w-141622981", "country": "se", "source": "OSM", "updated": "2026-09-12", "name": "liaison", "type": "liaison", "categorie": "ferry", "duree": "00:12"}}, {"type": "Feature", "geometry": {"type": "Point", "coordinates": [18.35237, 59.36712]}, "properties": {"id": "osm-w-146379920", "country": "se", "source": "OSM", "updated": "2026-09-12", "name": "liaison", "type": "liaison", "categorie": "ferry"}}, {"type": "Feature", "geometry": {"type": "Point", "coordinates": [18.35728, 59.4015]}, "properties": {"id": "osm-w-146379921", "country": "se", "source": "OSM", "updated": "2026-09-12", "name": "Vaxholmsleden", "type": "liaison", "categorie": "ferry", "operateur": "Trafikverket Färjerederiet", "duree": "00:06", "vehicules": "yes", "payant": "no", "route": "274"}}, {"type": "Feature", "geometry": {"type": "Point", "coordinates": [18.22427, 59.34497]}, "properties": {"id": "osm-w-146379929", "country": "se", "source": "OSM", "updated": "2026-09-12", "name": "Waxholmsbolaget", "type": "liaison", "categorie": "ferry"}}, {"type": "Feature", "geometry": {"type": "Point", "coordinates": [16.54896, 59.60341]}, "properties": {"id": "osm-w-152376110", "country": "se", "source": "OSM", "updated": "2026-09-12", "name": "Rederi Mälarstaden AB", "type": "quai"}}, {"type": "Feature", "geometry": {"type": "Point", "coordinates": [16.56073, 59.59977]}, "properties": {"id": "osm-w-152376112", "country": "se", "source": "OSM", "updated": "2026-09-12", "name": "Elbafärjan", "type": "liaison", "categorie": "ferry", "payant": "yes"}}, {"type": "Feature", "geometry": {"type": "Point", "coordinates": [17.53072, 59.38805]}, "properties": {"id": "osm-w-152905168", "country": "se", "source": "OSM", "updated": "2026-09-12", "name": "Adelsöleden", "type": "liaison", "categorie": "ferry", "operateur": "Trafikverket Färjerederiet", "duree": "00:06", "vehicules": "yes", "route": "AB 816"}}, {"type": "Feature", "geometry": {"type": "Point", "coordinates": [22.34544, 67.76707]}, "properties": {"id": "osm-w-155588535", "country": "se", "source": "OSM", "updated": "2026-09-12", "name": "liaison", "type": "liaison", "categorie": "ferry", "vehicules": "yes"}}, {"type": "Feature", "geometry": {"type": "Point", "coordinates": [13.44229, 55.2751]}, "properties": {"id": "osm-w-157082988", "country": "se", "source": "OSM", "updated": "2026-09-12", "name": "Køge - Rønne", "type": "liaison", "categorie": "ferry", "operateur": "Bornholmslinjen", "duree": "5:30", "vehicules": "yes", "payant": "yes"}}, {"type": "Feature", "geometry": {"type": "Point", "coordinates": [17.72258, 66.93821]}, "properties": {"id": "osm-w-163288012", "country": "se", "source": "OSM", "updated": "2026-09-12", "name": "Kungsleden - Kvikkjokk", "type": "liaison", "categorie": "ferry", "operateur": "Båttrafik i Kvikkjokk"}}, {"type": "Feature", "geometry": {"type": "Point", "coordinates": [16.95095, 66.42444]}, "properties": {"id": "osm-w-163714441", "country": "se", "source": "OSM", "updated": "2026-09-12", "name": "liaison", "type": "liaison", "categorie": "ferry"}}, {"type": "Feature", "geometry": {"type": "Point", "coordinates": [20.33999, 63.68113]}, "properties": {"id": "osm-w-169275364", "country": "se", "source": "OSM", "updated": "2026-09-12", "name": "embarcadère", "type": "quai"}}, {"type": "Feature", "geometry": {"type": "Point", "coordinates": [11.04301, 58.898]}, "properties": {"id": "osm-w-171499618", "country": "se", "source": "OSM", "updated": "2026-09-12", "name": "Färja 899 Strömstad - Kosteröarna", "type": "liaison", "categorie": "ferry"}}, {"type": "Feature", "geometry": {"type": "Point", "coordinates": [13.83654, 57.26353]}, "properties": {"id": "osm-w-172171149", "country": "se", "source": "OSM", "updated": "2026-09-12", "name": "Natchez", "type": "liaison", "categorie": "ferry"}}, {"type": "Feature", "geometry": {"type": "Point", "coordinates": [19.06415, 59.72175]}, "properties": {"id": "osm-w-172983549", "country": "se", "source": "OSM", "updated": "2026-09-12", "name": "Kapellskär", "type": "quai"}}, {"type": "Feature", "geometry": {"type": "Point", "coordinates": [11.12867, 58.9251]}, "properties": {"id": "osm-w-173129160", "country": "se", "source": "OSM", "updated": "2026-09-12", "name": "Färja 899 Strömstad - Kosteröarna", "type": "liaison", "categorie": "ferry"}}, {"type": "Feature", "geometry": {"type": "Point", "coordinates": [11.10755, 58.91629]}, "properties": {"id": "osm-w-173129161", "country": "se", "source": "OSM", "updated": "2026-09-12", "name": "Färja 899 Strömstad - Kosteröarna", "type": "liaison", "categorie": "ferry"}}, {"type": "Feature", "geometry": {"type": "Point", "coordinates": [11.1034, 58.91123]}, "properties": {"id": "osm-w-173129162", "country": "se", "source": "OSM", "updated": "2026-09-12", "name": "Färja 899 Strömstad - Kosteröarna", "type": "liaison", "categorie": "ferry"}}, {"type": "Feature", "geometry": {"type": "Point", "coordinates": [11.16744, 58.94364]}, "properties": {"id": "osm-w-173777063", "country": "se", "source": "OSM", "updated": "2026-09-12", "name": "liaison", "type": "liaison", "categorie": "ferry"}}, {"type": "Feature", "geometry": {"type": "Point", "coordinates": [11.89222, 59.1378]}, "properties": {"id": "osm-w-173915186", "country": "se", "source": "OSM", "updated": "2026-09-12", "name": "Vägfärja Sund-Jarenleden", "type": "liaison", "categorie": "ferry", "operateur": "Trafikverket Färjerederiet", "duree": "00:10", "vehicules": "yes", "payant": "no", "route": "O 2206"}}, {"type": "Feature", "geometry": {"type": "Point", "coordinates": [15.68936, 59.16427]}, "properties": {"id": "osm-w-174179351", "country": "se", "source": "OSM", "updated": "2026-09-12", "name": "Vinöleden", "type": "liaison", "categorie": "ferry", "duree": "00:20", "payant": "no", "route": "T 665"}}, {"type": "Feature", "geometry": {"type": "Point", "coordinates": [18.43483, 62.86547]}, "properties": {"id": "osm-w-174192945", "country": "se", "source": "OSM", "updated": "2026-09-12", "name": "liaison", "type": "liaison", "categorie": "ferry", "operateur": "Höga Kusten-båtarna", "duree": "00:15"}}, {"type": "Feature", "geometry": {"type": "Point", "coordinates": [18.46088, 62.87352]}, "properties": {"id": "osm-w-174269629", "country": "se", "source": "OSM", "updated": "2026-09-12", "name": "liaison", "type": "liaison", "categorie": "ferry", "operateur": "Höga Kusten-båtarna", "duree": "00:15"}}, {"type": "Feature", "geometry": {"type": "Point", "coordinates": [18.42648, 63.02694]}, "properties": {"id": "osm-w-174297194", "country": "se", "source": "OSM", "updated": "2026-09-12", "name": "liaison", "type": "liaison", "categorie": "ferry", "operateur": "Höga Kusten-båtarna", "duree": "02:00"}}, {"type": "Feature", "geometry": {"type": "Point", "coordinates": [11.07371, 58.89499]}, "properties": {"id": "osm-w-174982296", "country": "se", "source": "OSM", "updated": "2026-09-12", "name": "Färja 899 Strömstad - Kosteröarna", "type": "liaison", "categorie": "ferry", "operateur": "Västtrafik"}}, {"type": "Feature", "geometry": {"type": "Point", "coordinates": [12.27239, 62.13373]}, "properties": {"id": "osm-w-175370915", "country": "se", "source": "OSM", "updated": "2026-09-12", "name": "M/S Sylöra", "type": "liaison", "categorie": "ferry"}}, {"type": "Feature", "geometry": {"type": "Point", "coordinates": [19.08225, 59.76094]}, "properties": {"id": "osm-w-176915665", "country": "se", "source": "OSM", "updated": "2026-09-12", "name": "Räfsnäs - Tjockö - Lidö - Fejan", "type": "liaison", "categorie": "ferry", "operateur": "Waxholmsbolaget"}}, {"type": "Feature", "geometry": {"type": "Point", "coordinates": [18.44474, 68.15992]}, "properties": {"id": "osm-w-177886920", "country": "se", "source": "OSM", "updated": "2026-09-12", "name": "liaison", "type": "liaison", "categorie": "ferry", "operateur": "Roland Enoksson"}}, {"type": "Feature", "geometry": {"type": "Point", "coordinates": [13.88365, 56.36256]}, "properties": {"id": "osm-w-204189304", "country": "se", "source": "OSM", "updated": "2026-09-12", "name": "liaison", "type": "liaison", "categorie": "ferry", "horaires": "May-Oct"}}, {"type": "Feature", "geometry": {"type": "Point", "coordinates": [21.55562, 59.57241]}, "properties": {"id": "osm-w-212119427", "country": "se", "source": "OSM", "updated": "2026-09-12", "name": "Paldiski (EST) - Kapellskär (S)", "type": "liaison", "categorie": "ferry", "operateur": "DFDS", "duree": "10:00", "vehicules": "yes"}}, {"type": "Feature", "geometry": {"type": "Point", "coordinates": [18.78015, 59.66186]}, "properties": {"id": "osm-w-216598131", "country": "se", "source": "OSM", "updated": "2026-09-12", "name": "liaison", "type": "liaison", "categorie": "ferry"}}, {"type": "Feature", "geometry": {"type": "Point", "coordinates": [18.81751, 59.64459]}, "properties": {"id": "osm-w-216598133", "country": "se", "source": "OSM", "updated": "2026-09-12", "name": "liaison", "type": "liaison", "categorie": "ferry"}}, {"type": "Feature", "geometry": {"type": "Point", "coordinates": [18.86721, 59.64837]}, "properties": {"id": "osm-w-216598134", "country": "se", "source": "OSM", "updated": "2026-09-12", "name": "liaison", "type": "liaison", "categorie": "ferry"}}, {"type": "Feature", "geometry": {"type": "Point", "coordinates": [18.80412, 59.64409]}, "properties": {"id": "osm-w-216598137", "country": "se", "source": "OSM", "updated": "2026-09-12", "name": "liaison", "type": "liaison", "categorie": "ferry"}}, {"type": "Feature", "geometry": {"type": "Point", "coordinates": [18.79397, 59.64578]}, "properties": {"id": "osm-w-216598138", "country": "se", "source": "OSM", "updated": "2026-09-12", "name": "liaison", "type": "liaison", "categorie": "ferry"}}, {"type": "Feature", "geometry": {"type": "Point", "coordinates": [18.81282, 59.62299]}, "properties": {"id": "osm-w-216638219", "country": "se", "source": "OSM", "updated": "2026-09-12", "name": "liaison", "type": "liaison", "categorie": "ferry"}}, {"type": "Feature", "geometry": {"type": "Point", "coordinates": [18.45343, 59.42251]}, "properties": {"id": "osm-w-220794596", "country": "se", "source": "OSM", "updated": "2026-09-12", "name": "Waxholmsbolaget", "type": "liaison", "categorie": "ferry", "operateur": "Waxholmsbolaget", "route": "11"}}, {"type": "Feature", "geometry": {"type": "Point", "coordinates": [18.72715, 59.57211]}, "properties": {"id": "osm-w-220800722", "country": "se", "source": "OSM", "updated": "2026-09-12", "name": "liaison", "type": "liaison", "categorie": "ferry"}}, {"type": "Feature", "geometry": {"type": "Point", "coordinates": [18.8895, 59.64514]}, "properties": {"id": "osm-w-220800724", "country": "se", "source": "OSM", "updated": "2026-09-12", "name": "liaison", "type": "liaison", "categorie": "ferry"}}, {"type": "Feature", "geometry": {"type": "Point", "coordinates": [22.77781, 66.48563]}, "properties": {"id": "osm-w-224796102", "country": "se", "source": "OSM", "updated": "2026-09-12", "name": "Röduppleden", "type": "liaison", "categorie": "ferry", "operateur": "Trafikverket", "route": "BD 836.1"}}, {"type": "Feature", "geometry": {"type": "Point", "coordinates": [18.75459, 59.38865]}, "properties": {"id": "osm-w-226062072", "country": "se", "source": "OSM", "updated": "2026-09-12", "name": "liaison", "type": "liaison", "categorie": "ferry"}}, {"type": "Feature", "geometry": {"type": "Point", "coordinates": [12.77402, 55.8846]}, "properties": {"id": "osm-w-229139747", "country": "se", "source": "OSM", "updated": "2026-09-12", "name": "Landskrona - Bäckviken", "type": "liaison", "categorie": "ferry", "operateur": "Ventrafiken", "duree": "30", "vehicules": "yes"}}, {"type": "Feature", "geometry": {"type": "Point", "coordinates": [18.33938, 59.31664]}, "properties": {"id": "osm-w-229564885", "country": "se", "source": "OSM", "updated": "2026-09-12", "name": "liaison", "type": "liaison", "categorie": "ferry"}}, {"type": "Feature", "geometry": {"type": "Point", "coordinates": [16.73044, 57.29144]}, "properties": {"id": "osm-w-231019382", "country": "se", "source": "OSM", "updated": "2026-09-12", "name": "Oskarshamn-Byxelkrok-Oskarshamn", "type": "liaison", "exploitation": "saisonnier", "categorie": "ferry", "operateur": "Ölandsfärjan", "vehicules": "yes"}}, {"type": "Feature", "geometry": {"type": "Point", "coordinates": [17.70743, 58.97107]}, "properties": {"id": "osm-w-231383026", "country": "se", "source": "OSM", "updated": "2026-09-12", "name": "liaison", "type": "liaison", "categorie": "ferry", "route": "Oaxen-Mörkö"}}, {"type": "Feature", "geometry": {"type": "Point", "coordinates": [11.78235, 57.61908]}, "properties": {"id": "osm-w-236165129", "country": "se", "source": "OSM", "updated": "2026-09-12", "name": "liaison", "type": "liaison", "categorie": "ferry", "duree": "00:11"}}, {"type": "Feature", "geometry": {"type": "Point", "coordinates": [12.00876, 54.65472]}, "properties": {"id": "osm-w-239309340", "country": "se", "source": "OSM", "updated": "2026-09-12", "name": "Travemünde (D) – Trelleborg (SE)", "type": "liaison", "categorie": "ferry", "operateur": "TT-Line", "duree": "08:30", "vehicules": "yes"}}, {"type": "Feature", "geometry": {"type": "Point", "coordinates": [18.71811, 59.28328]}, "properties": {"id": "osm-w-241188671", "country": "se", "source": "OSM", "updated": "2026-09-12", "name": "liaison", "type": "liaison", "categorie": "ferry", "operateur": "Waxholmsbolaget"}}, {"type": "Feature", "geometry": {"type": "Point", "coordinates": [18.70021, 60.23789]}, "properties": {"id": "osm-w-242655433", "country": "se", "source": "OSM", "updated": "2026-09-12", "name": "Singö - Vässarö", "type": "liaison", "categorie": "ferry", "operateur": "Vässarö Rederiet"}}, {"type": "Feature", "geometry": {"type": "Point", "coordinates": [17.95611, 58.90453]}, "properties": {"id": "osm-w-249199709", "country": "se", "source": "OSM", "updated": "2026-09-12", "name": "Färjeterminal Nynäshamn", "type": "quai"}}, {"type": "Feature", "geometry": {"type": "Point", "coordinates": [12.80985, 59.34909]}, "properties": {"id": "osm-w-258215704", "country": "se", "source": "OSM", "updated": "2026-09-12", "name": "Högsäterleden", "type": "liaison", "categorie": "ferry", "operateur": "Trafikverket Färjerederiet", "duree": "00:03", "vehicules": "yes", "horaires": "Mo-Fr 06:00-09:35,10:00-17:35,18:00-21:50; Sa-Su 08:00-12:35,13:00-15:50", "route": "S 665"}}, {"type": "Feature", "geometry": {"type": "Point", "coordinates": [21.94747, 68.04608]}, "properties": {"id": "osm-w-277902013", "country": "se", "source": "OSM", "updated": "2026-09-12", "name": "liaison", "type": "liaison", "categorie": "ferry"}}, {"type": "Feature", "geometry": {"type": "Point", "coordinates": [16.68062, 57.77201]}, "properties": {"id": "osm-w-283589116", "country": "se", "source": "OSM", "updated": "2026-09-12", "name": "liaison", "type": "liaison", "categorie": "ferry"}}, {"type": "Feature", "geometry": {"type": "Point", "coordinates": [18.79053, 59.47292]}, "properties": {"id": "osm-w-287246354", "country": "se", "source": "OSM", "updated": "2026-09-12", "name": "liaison", "type": "liaison", "categorie": "ferry"}}, {"type": "Feature", "geometry": {"type": "Point", "coordinates": [12.31925, 58.92335]}, "properties": {"id": "osm-w-294225500", "country": "se", "source": "OSM", "updated": "2026-09-12", "name": "M/S Storholmen - M/S Dalslandia", "type": "liaison", "categorie": "ferry", "operateur": "Dalslands Kanaltrafik AB", "duree": "05:00"}}, {"type": "Feature", "geometry": {"type": "Point", "coordinates": [12.7333, 55.94781]}, "properties": {"id": "osm-w-296081369", "country": "se", "source": "OSM", "updated": "2026-09-12", "name": "Råå - Bäckviken", "type": "liaison", "categorie": "ferry"}}, {"type": "Feature", "geometry": {"type": "Point", "coordinates": [19.17533, 60.16014]}, "properties": {"id": "osm-w-296301127", "country": "se", "source": "OSM", "updated": "2026-09-12", "name": "Grisslehamn-Eckerö", "type": "liaison", "categorie": "ferry", "operateur": "Eckerö Linjen", "duree": "1:45", "vehicules": "yes"}}, {"type": "Feature", "geometry": {"type": "Point", "coordinates": [16.44365, 59.06715]}, "properties": {"id": "osm-w-297192650", "country": "se", "source": "OSM", "updated": "2026-09-12", "name": "liaison", "type": "liaison", "categorie": "ferry", "vehicules": "yes"}}, {"type": "Feature", "geometry": {"type": "Point", "coordinates": [16.91822, 58.50165]}, "properties": {"id": "osm-w-297550164", "country": "se", "source": "OSM", "updated": "2026-09-12", "name": "liaison", "type": "liaison", "categorie": "ferry"}}, {"type": "Feature", "geometry": {"type": "Point", "coordinates": [11.62684, 57.80261]}, "properties": {"id": "osm-w-299847757", "country": "se", "source": "OSM", "updated": "2026-09-12", "name": "København (DK) – Oslo (N)", "type": "liaison", "categorie": "ferry", "operateur": "Alvina Shipping", "duree": "17:30"}}, {"type": "Feature", "geometry": {"type": "Point", "coordinates": [10.99881, 57.11332]}, "properties": {"id": "osm-w-299847759", "country": "se", "source": "OSM", "updated": "2026-09-12", "name": "Kiel (D) – Oslo (N)", "type": "liaison", "categorie": "ferry", "operateur": "Color Line", "duree": "19:00", "vehicules": "yes"}}, {"type": "Feature", "geometry": {"type": "Point", "coordinates": [15.58576, 60.46211]}, "properties": {"id": "osm-w-306593063", "country": "se", "source": "OSM", "updated": "2026-09-12", "name": "liaison", "type": "liaison", "categorie": "ferry"}}, {"type": "Feature", "geometry": {"type": "Point", "coordinates": [18.28016, 57.63433]}, "properties": {"id": "osm-w-311120396", "country": "se", "source": "OSM", "updated": "2026-09-12", "name": "Hamnterminalen", "type": "quai"}}, {"type": "Feature", "geometry": {"type": "Point", "coordinates": [22.18036, 65.54015]}, "properties": {"id": "osm-w-313120788", "country": "se", "source": "OSM", "updated": "2026-09-12", "name": "liaison", "type": "liaison", "categorie": "ferry"}}, {"type": "Feature", "geometry": {"type": "Point", "coordinates": [11.73745, 58.48753]}, "properties": {"id": "osm-w-322327632", "country": "se", "source": "OSM", "updated": "2026-09-12", "name": "liaison", "type": "liaison", "categorie": "ferry", "operateur": "Västkuststiftelsen"}}, {"type": "Feature", "geometry": {"type": "Point", "coordinates": [11.64896, 57.74635]}, "properties": {"id": "osm-w-341893592", "country": "se", "source": "OSM", "updated": "2026-09-12", "name": "Nordöleden", "type": "liaison", "categorie": "ferry", "operateur": "Trafikverket Färjerederiet", "duree": "00:07", "vehicules": "yes"}}, {"type": "Feature", "geometry": {"type": "Point", "coordinates": [19.17533, 60.16035]}, "properties": {"id": "osm-w-342899626", "country": "se", "source": "OSM", "updated": "2026-09-12", "name": "Eckerö - Grisslehamn", "type": "liaison", "categorie": "ferry", "operateur": "Eckerö Linjen", "duree": "1:45", "vehicules": "yes"}}, {"type": "Feature", "geometry": {"type": "Point", "coordinates": [11.84211, 57.62986]}, "properties": {"id": "osm-w-346776896", "country": "se", "source": "OSM", "updated": "2026-09-12", "name": "liaison", "type": "liaison", "categorie": "ferry"}}, {"type": "Feature", "geometry": {"type": "Point", "coordinates": [12.40947, 58.82127]}, "properties": {"id": "osm-w-348709556", "country": "se", "source": "OSM", "updated": "2026-09-12", "name": "liaison", "type": "liaison", "categorie": "ferry"}}, {"type": "Feature", "geometry": {"type": "Point", "coordinates": [14.82345, 60.86671]}, "properties": {"id": "osm-w-362439678", "country": "se", "source": "OSM", "updated": "2026-09-12", "name": "M/S Gustaf Wasa", "type": "liaison", "categorie": "ferry"}}, {"type": "Feature", "geometry": {"type": "Point", "coordinates": [16.90061, 57.29135]}, "properties": {"id": "osm-w-362704814", "country": "se", "source": "OSM", "updated": "2026-09-12", "name": "Byxelkrok - Blå Jungfrun", "type": "liaison", "categorie": "ferry"}}, {"type": "Feature", "geometry": {"type": "Point", "coordinates": [18.03022, 57.31093]}, "properties": {"id": "osm-w-363913754", "country": "se", "source": "OSM", "updated": "2026-09-12", "name": "liaison", "type": "liaison", "categorie": "ferry"}}, {"type": "Feature", "geometry": {"type": "Point", "coordinates": [18.1295, 57.35004]}, "properties": {"id": "osm-w-363914445", "country": "se", "source": "OSM", "updated": "2026-09-12", "name": "liaison", "type": "liaison", "categorie": "ferry"}}, {"type": "Feature", "geometry": {"type": "Point", "coordinates": [17.84983, 58.7729]}, "properties": {"id": "osm-w-387810221", "country": "se", "source": "OSM", "updated": "2026-09-12", "name": "liaison", "type": "liaison", "categorie": "ferry", "operateur": "Waxholmsbolaget", "duree": "00:30", "route": "29"}}, {"type": "Feature", "geometry": {"type": "Point", "coordinates": [18.85724, 59.65824]}, "properties": {"id": "osm-w-395588078", "country": "se", "source": "OSM", "updated": "2026-09-12", "name": "Högmarsöfärjan", "type": "liaison", "categorie": "ferry"}}, {"type": "Feature", "geometry": {"type": "Point", "coordinates": [18.078, 57.33955]}, "properties": {"id": "osm-w-404747941", "country": "se", "source": "OSM", "updated": "2026-09-12", "name": "liaison", "type": "liaison", "categorie": "ferry"}}, {"type": "Feature", "geometry": {"type": "Point", "coordinates": [11.0256, 56.00671]}, "properties": {"id": "osm-w-409892450", "country": "se", "source": "OSM", "updated": "2026-09-12", "name": "Kiel (D) – Göteborg (S)", "type": "liaison", "categorie": "ferry", "operateur": "Stena Line", "duree": "14:30", "vehicules": "yes"}}, {"type": "Feature", "geometry": {"type": "Point", "coordinates": [13.70874, 58.81157]}, "properties": {"id": "osm-w-420142515", "country": "se", "source": "OSM", "updated": "2026-09-12", "name": "Brommöfärjan", "type": "liaison", "categorie": "ferry", "vehicules": "yes"}}, {"type": "Feature", "geometry": {"type": "Point", "coordinates": [17.37834, 67.65327]}, "properties": {"id": "osm-w-421352242", "country": "se", "source": "OSM", "updated": "2026-09-12", "name": "Ritsem-Änonjálmme-Vaisaluokta", "type": "liaison", "categorie": "ferry"}}, {"type": "Feature", "geometry": {"type": "Point", "coordinates": [12.99947, 59.29447]}, "properties": {"id": "osm-w-432930997", "country": "se", "source": "OSM", "updated": "2026-09-12", "name": "liaison", "type": "liaison", "categorie": "ferry", "horaires": "24/7"}}, {"type": "Feature", "geometry": {"type": "Point", "coordinates": [11.62921, 57.75126]}, "properties": {"id": "osm-w-436150291", "country": "se", "source": "OSM", "updated": "2026-09-12", "name": "Nordöleden", "type": "liaison", "categorie": "ferry", "operateur": "Trafikverket Färjerederiet"}}, {"type": "Feature", "geometry": {"type": "Point", "coordinates": [12.28197, 59.45523]}, "properties": {"id": "osm-w-440565264", "country": "se", "source": "OSM", "updated": "2026-09-12", "name": "Lenången båtbrygga", "type": "liaison", "categorie": "ferry"}}, {"type": "Feature", "geometry": {"type": "Point", "coordinates": [22.81609, 68.38381]}, "properties": {"id": "osm-w-453850622", "country": "se", "source": "OSM", "updated": "2026-09-12", "name": "liaison", "type": "liaison", "categorie": "ferry"}}, {"type": "Feature", "geometry": {"type": "Point", "coordinates": [11.1015, 58.91668]}, "properties": {"id": "osm-w-477827911", "country": "se", "source": "OSM", "updated": "2026-09-12", "name": "Färja 899 Strömstad - Kosteröarna", "type": "liaison", "categorie": "ferry", "operateur": "Västtrafik"}}, {"type": "Feature", "geometry": {"type": "Point", "coordinates": [11.05174, 58.90736]}, "properties": {"id": "osm-w-477827912", "country": "se", "source": "OSM", "updated": "2026-09-12", "name": "Färja 899 Strömstad - Kosteröarna", "type": "liaison", "categorie": "ferry", "operateur": "Västtrafik"}}, {"type": "Feature", "geometry": {"type": "Point", "coordinates": [11.08056, 58.91186]}, "properties": {"id": "osm-w-477827914", "country": "se", "source": "OSM", "updated": "2026-09-12", "name": "Färja 899 Strömstad - Kosteröarna", "type": "liaison", "categorie": "ferry"}}, {"type": "Feature", "geometry": {"type": "Point", "coordinates": [11.08744, 58.91708]}, "properties": {"id": "osm-w-477827915", "country": "se", "source": "OSM", "updated": "2026-09-12", "name": "Färja 899 Strömstad - Kosteröarna", "type": "liaison", "categorie": "ferry", "operateur": "Västtrafik"}}, {"type": "Feature", "geometry": {"type": "Point", "coordinates": [11.13051, 58.9278]}, "properties": {"id": "osm-w-477827917", "country": "se", "source": "OSM", "updated": "2026-09-12", "name": "Färja 899 Strömstad - Kosteröarna", "type": "liaison", "categorie": "ferry", "operateur": "Västtrafik"}}, {"type": "Feature", "geometry": {"type": "Point", "coordinates": [11.13302, 58.92615]}, "properties": {"id": "osm-w-477827920", "country": "se", "source": "OSM", "updated": "2026-09-12", "name": "Färja 899 Strömstad - Kosteröarna", "type": "liaison", "categorie": "ferry"}}, {"type": "Feature", "geometry": {"type": "Point", "coordinates": [11.11708, 58.92432]}, "properties": {"id": "osm-w-477827923", "country": "se", "source": "OSM", "updated": "2026-09-12", "name": "Färja 899 Strömstad - Kosteröarna", "type": "liaison", "categorie": "ferry", "operateur": "Västtrafik"}}, {"type": "Feature", "geometry": {"type": "Point", "coordinates": [12.53294, 58.91146]}, "properties": {"id": "osm-w-513934228", "country": "se", "source": "OSM", "updated": "2026-09-12", "name": "liaison", "type": "liaison", "categorie": "ferry"}}, {"type": "Feature", "geometry": {"type": "Point", "coordinates": [18.11184, 59.35136]}, "properties": {"id": "osm-w-533755501", "country": "se", "source": "OSM", "updated": "2026-09-12", "name": "Värtaterminalen", "type": "quai", "operateur": "Stockholms Hamnar / Tallink-Silja Line", "horaires": "08:30-17:30; May 01-Sep 03 05:45-17:30"}}, {"type": "Feature", "geometry": {"type": "Point", "coordinates": [17.86369, 59.27962]}, "properties": {"id": "osm-w-545730462", "country": "se", "source": "OSM", "updated": "2026-09-12", "name": "liaison", "type": "liaison", "categorie": "ferry", "vehicules": "yes"}}, {"type": "Feature", "geometry": {"type": "Point", "coordinates": [15.90227, 65.96688]}, "properties": {"id": "osm-w-563455729", "country": "se", "source": "OSM", "updated": "2026-09-12", "name": "liaison", "type": "liaison", "categorie": "ferry"}}, {"type": "Feature", "geometry": {"type": "Point", "coordinates": [18.69394, 59.58601]}, "properties": {"id": "osm-w-580179165", "country": "se", "source": "OSM", "updated": "2026-09-12", "name": "liaison", "type": "liaison", "categorie": "ferry", "operateur": "Waxholmsbolaget"}}, {"type": "Feature", "geometry": {"type": "Point", "coordinates": [16.67504, 57.7495]}, "properties": {"id": "osm-w-586353021", "country": "se", "source": "OSM", "updated": "2026-09-12", "name": "embarcadère", "type": "quai", "operateur": "Destination Gotland"}}, {"type": "Feature", "geometry": {"type": "Point", "coordinates": [15.52793, 57.98966]}, "properties": {"id": "osm-w-601805008", "country": "se", "source": "OSM", "updated": "2026-09-12", "name": "liaison", "type": "liaison", "exploitation": "saisonnier", "categorie": "ferry"}}, {"type": "Feature", "geometry": {"type": "Point", "coordinates": [14.97246, 56.14407]}, "properties": {"id": "osm-w-608661351", "country": "se", "source": "OSM", "updated": "2026-09-12", "name": "Matvik - Tärnö", "type": "liaison", "categorie": "ferry", "operateur": "Blekingetrafiken"}}, {"type": "Feature", "geometry": {"type": "Point", "coordinates": [15.01489, 56.15731]}, "properties": {"id": "osm-w-608661643", "country": "se", "source": "OSM", "updated": "2026-09-12", "name": "Karlshamn - Tjärö (Blekingetrafiken)", "type": "liaison", "categorie": "ferry", "operateur": "Blekingetrafiken"}}, {"type": "Feature", "geometry": {"type": "Point", "coordinates": [15.06182, 56.17514]}, "properties": {"id": "osm-w-608662076", "country": "se", "source": "OSM", "updated": "2026-09-12", "name": "Järnavik - Tjärö", "type": "liaison", "categorie": "ferry"}}, {"type": "Feature", "geometry": {"type": "Point", "coordinates": [14.93143, 56.15802]}, "properties": {"id": "osm-w-608662710", "country": "se", "source": "OSM", "updated": "2026-09-12", "name": "Karlshamn - Tjärö", "type": "liaison", "categorie": "ferry", "operateur": "Blekingetrafiken"}}, {"type": "Feature", "geometry": {"type": "Point", "coordinates": [12.3261, 58.38828]}, "properties": {"id": "osm-w-616381888", "country": "se", "source": "OSM", "updated": "2026-09-12", "name": "embarcadère", "type": "quai"}}, {"type": "Feature", "geometry": {"type": "Point", "coordinates": [12.32676, 58.41784]}, "properties": {"id": "osm-w-616382381", "country": "se", "source": "OSM", "updated": "2026-09-12", "name": "embarcadère", "type": "quai"}}, {"type": "Feature", "geometry": {"type": "Point", "coordinates": [18.73926, 59.46517]}, "properties": {"id": "osm-w-620363973", "country": "se", "source": "OSM", "updated": "2026-09-12", "name": "liaison", "type": "liaison", "categorie": "ferry"}}, {"type": "Feature", "geometry": {"type": "Point", "coordinates": [17.89903, 59.29485]}, "properties": {"id": "osm-w-627250276", "country": "se", "source": "OSM", "updated": "2026-09-12", "name": "Pendelbåt 89", "type": "liaison", "categorie": "ferry", "vehicules": "yes"}}, {"type": "Feature", "geometry": {"type": "Point", "coordinates": [18.48441, 60.16963]}, "properties": {"id": "osm-w-631282485", "country": "se", "source": "OSM", "updated": "2026-09-12", "name": "embarcadère", "type": "quai", "operateur": "Hargs Hamn"}}, {"type": "Feature", "geometry": {"type": "Point", "coordinates": [18.42895, 59.42083]}, "properties": {"id": "osm-w-673881322", "country": "se", "source": "OSM", "updated": "2026-09-12", "name": "liaison", "type": "liaison", "categorie": "ferry"}}, {"type": "Feature", "geometry": {"type": "Point", "coordinates": [17.68596, 66.94673]}, "properties": {"id": "osm-w-686397933", "country": "se", "source": "OSM", "updated": "2026-09-12", "name": "Padjelantaleden - Kvikkjokk", "type": "liaison", "categorie": "ferry", "operateur": "Båttrafik i Kvikkjokk"}}, {"type": "Feature", "geometry": {"type": "Point", "coordinates": [17.71452, 66.94941]}, "properties": {"id": "osm-w-686407687", "country": "se", "source": "OSM", "updated": "2026-09-12", "name": "Kvikkjokk - Vallevárre", "type": "liaison", "categorie": "ferry", "operateur": "Båttrafik i Kvikkjokk"}}, {"type": "Feature", "geometry": {"type": "Point", "coordinates": [15.83821, 65.97558]}, "properties": {"id": "osm-w-687856477", "country": "se", "source": "OSM", "updated": "2026-09-12", "name": "liaison", "type": "liaison", "categorie": "ferry"}}, {"type": "Feature", "geometry": {"type": "Point", "coordinates": [15.85969, 65.97271]}, "properties": {"id": "osm-w-687856478", "country": "se", "source": "OSM", "updated": "2026-09-12", "name": "Servvejuhka", "type": "liaison", "categorie": "ferry"}}, {"type": "Feature", "geometry": {"type": "Point", "coordinates": [15.9846, 65.96224]}, "properties": {"id": "osm-w-687856479", "country": "se", "source": "OSM", "updated": "2026-09-12", "name": "liaison", "type": "liaison", "categorie": "ferry"}}, {"type": "Feature", "geometry": {"type": "Point", "coordinates": [12.59135, 54.75962]}, "properties": {"id": "osm-w-690694736", "country": "se", "source": "OSM", "updated": "2026-09-12", "name": "Rostock (D) - Trelleborg (SE)", "type": "liaison", "categorie": "ferry", "operateur": "TT-Line", "duree": "6:00"}}, {"type": "Feature", "geometry": {"type": "Point", "coordinates": [11.24611, 57.56193]}, "properties": {"id": "osm-w-693547643", "country": "se", "source": "OSM", "updated": "2026-09-12", "name": "Frederikshavn - Göteborg", "type": "liaison", "categorie": "ferry", "operateur": "Stena Line", "duree": "03:30", "vehicules": "yes"}}, {"type": "Feature", "geometry": {"type": "Point", "coordinates": [18.16828, 59.3418]}, "properties": {"id": "osm-w-693946872", "country": "se", "source": "OSM", "updated": "2026-09-12", "name": "liaison", "type": "liaison", "categorie": "ferry", "payant": "yes", "route": "E 20"}}, {"type": "Feature", "geometry": {"type": "Point", "coordinates": [18.15171, 59.32702]}, "properties": {"id": "osm-w-693946873", "country": "se", "source": "OSM", "updated": "2026-09-12", "name": "liaison", "type": "liaison", "categorie": "ferry"}}, {"type": "Feature", "geometry": {"type": "Point", "coordinates": [19.38014, 59.77212]}, "properties": {"id": "osm-w-693978428", "country": "se", "source": "OSM", "updated": "2026-09-12", "name": "Stockholm/Kapellskär – Mariehamn/Långnäs", "type": "liaison", "categorie": "ferry", "vehicules": "yes", "route": "E18;E 20"}}, {"type": "Feature", "geometry": {"type": "Point", "coordinates": [19.68469, 59.93765]}, "properties": {"id": "osm-w-693978437", "country": "se", "source": "OSM", "updated": "2026-09-12", "name": "Stockholm/Kapellskär – Mariehamn", "type": "liaison", "categorie": "ferry", "vehicules": "yes"}}, {"type": "Feature", "geometry": {"type": "Point", "coordinates": [19.74019, 59.8753]}, "properties": {"id": "osm-w-693978438", "country": "se", "source": "OSM", "updated": "2026-09-12", "name": "Stockholm/Kapellskär – Långnäs – Åbo/Nådendal", "type": "liaison", "categorie": "ferry", "route": "E 18"}}, {"type": "Feature", "geometry": {"type": "Point", "coordinates": [18.11814, 59.35053]}, "properties": {"id": "osm-w-694006262", "country": "se", "source": "OSM", "updated": "2026-09-12", "name": "liaison", "type": "liaison", "categorie": "ferry", "payant": "yes"}}, {"type": "Feature", "geometry": {"type": "Point", "coordinates": [18.11926, 59.35153]}, "properties": {"id": "osm-w-694006263", "country": "se", "source": "OSM", "updated": "2026-09-12", "name": "liaison", "type": "liaison", "categorie": "ferry", "payant": "yes", "route": "E 20"}}, {"type": "Feature", "geometry": {"type": "Point", "coordinates": [18.12145, 59.3503]}, "properties": {"id": "osm-w-694008052", "country": "se", "source": "OSM", "updated": "2026-09-12", "name": "liaison", "type": "liaison", "categorie": "ferry", "payant": "yes", "route": "E 20"}}, {"type": "Feature", "geometry": {"type": "Point", "coordinates": [18.11594, 59.35031]}, "properties": {"id": "osm-w-694008053", "country": "se", "source": "OSM", "updated": "2026-09-12", "name": "liaison", "type": "liaison", "categorie": "ferry", "vehicules": "yes"}}, {"type": "Feature", "geometry": {"type": "Point", "coordinates": [18.32724, 59.38972]}, "properties": {"id": "osm-w-694008054", "country": "se", "source": "OSM", "updated": "2026-09-12", "name": "liaison", "type": "liaison", "categorie": "ferry", "route": "E 20"}}, {"type": "Feature", "geometry": {"type": "Point", "coordinates": [19.21924, 59.74205]}, "properties": {"id": "osm-w-694013124", "country": "se", "source": "OSM", "updated": "2026-09-12", "name": "liaison", "type": "liaison", "categorie": "ferry", "vehicules": "yes", "route": "E18;E 20"}}, {"type": "Feature", "geometry": {"type": "Point", "coordinates": [19.0697, 59.72074]}, "properties": {"id": "osm-w-694016950", "country": "se", "source": "OSM", "updated": "2026-09-12", "name": "liaison", "type": "liaison", "categorie": "ferry", "vehicules": "yes", "route": "E 18"}}, {"type": "Feature", "geometry": {"type": "Point", "coordinates": [19.09625, 59.72204]}, "properties": {"id": "osm-w-694016951", "country": "se", "source": "OSM", "updated": "2026-09-12", "name": "liaison", "type": "liaison", "categorie": "ferry", "vehicules": "yes", "route": "E 18"}}, {"type": "Feature", "geometry": {"type": "Point", "coordinates": [18.59612, 59.38863]}, "properties": {"id": "osm-w-699192497", "country": "se", "source": "OSM", "updated": "2026-09-12", "name": "liaison", "type": "liaison", "categorie": "ferry", "operateur": "Waxholmsbolaget"}}, {"type": "Feature", "geometry": {"type": "Point", "coordinates": [18.04187, 57.08073]}, "properties": {"id": "osm-w-707334351", "country": "se", "source": "OSM", "updated": "2026-09-12", "name": "Travemünde (D) – Helsinki (FIN)", "type": "liaison", "categorie": "ferry", "operateur": "Finnlines", "duree": "30:30", "vehicules": "yes", "payant": "yes"}}, {"type": "Feature", "geometry": {"type": "Point", "coordinates": [11.02888, 58.90246]}, "properties": {"id": "osm-w-709893000", "country": "se", "source": "OSM", "updated": "2026-09-12", "name": "Färja 899 Strömstad - Kosteröarna", "type": "liaison", "categorie": "ferry", "operateur": "Västtrafik"}}, {"type": "Feature", "geometry": {"type": "Point", "coordinates": [13.97712, 59.28314]}, "properties": {"id": "osm-w-710885234", "country": "se", "source": "OSM", "updated": "2026-09-12", "name": "Båtbuss linje 95/96", "type": "liaison", "exploitation": "saisonnier", "categorie": "ferry", "operateur": "Karlstadsbuss", "payant": "yes"}}, {"type": "Feature", "geometry": {"type": "Point", "coordinates": [14.0719, 59.29669]}, "properties": {"id": "osm-w-710885235", "country": "se", "source": "OSM", "updated": "2026-09-12", "name": "Båtbuss linje 95/96", "type": "liaison", "categorie": "ferry"}}, {"type": "Feature", "geometry": {"type": "Point", "coordinates": [16.54056, 59.589]}, "properties": {"id": "osm-w-712484009", "country": "se", "source": "OSM", "updated": "2026-09-12", "name": "Elbafärjan", "type": "liaison", "categorie": "ferry", "payant": "yes"}}, {"type": "Feature", "geometry": {"type": "Point", "coordinates": [16.57276, 59.59299]}, "properties": {"id": "osm-w-712484012", "country": "se", "source": "OSM", "updated": "2026-09-12", "name": "Elbafärjan", "type": "liaison", "categorie": "ferry", "payant": "yes"}}, {"type": "Feature", "geometry": {"type": "Point", "coordinates": [16.57047, 59.58488]}, "properties": {"id": "osm-w-712484013", "country": "se", "source": "OSM", "updated": "2026-09-12", "name": "Elbafärjan", "type": "liaison", "categorie": "ferry", "payant": "yes"}}, {"type": "Feature", "geometry": {"type": "Point", "coordinates": [16.54823, 59.579]}, "properties": {"id": "osm-w-712484014", "country": "se", "source": "OSM", "updated": "2026-09-12", "name": "Elbafärjan", "type": "liaison", "categorie": "ferry", "payant": "yes"}}, {"type": "Feature", "geometry": {"type": "Point", "coordinates": [12.23878, 59.01438]}, "properties": {"id": "osm-w-712682785", "country": "se", "source": "OSM", "updated": "2026-09-12", "name": "M/S Storholmen - M/S Dalslandia", "type": "liaison", "categorie": "ferry", "operateur": "Dalslands Kanaltrafik AB", "duree": "05:00"}}, {"type": "Feature", "geometry": {"type": "Point", "coordinates": [18.12566, 59.34939]}, "properties": {"id": "osm-w-777502521", "country": "se", "source": "OSM", "updated": "2026-09-12", "name": "liaison", "type": "liaison", "categorie": "ferry", "payant": "yes", "route": "E 20"}}, {"type": "Feature", "geometry": {"type": "Point", "coordinates": [13.60022, 59.29894]}, "properties": {"id": "osm-w-810389180", "country": "se", "source": "OSM", "updated": "2026-09-12", "name": "Västra Långholmen", "type": "quai", "exploitation": "saisonnier", "operateur": "Karlstadsbuss"}}, {"type": "Feature", "geometry": {"type": "Point", "coordinates": [18.15585, 59.32047]}, "properties": {"id": "osm-w-820246508", "country": "se", "source": "OSM", "updated": "2026-09-12", "name": "Pendelbåt 84 / Waxholmsbolaget", "type": "liaison", "categorie": "ferry"}}, {"type": "Feature", "geometry": {"type": "Point", "coordinates": [18.48259, 59.47059]}, "properties": {"id": "osm-w-820246518", "country": "se", "source": "OSM", "updated": "2026-09-12", "name": "liaison", "type": "liaison", "categorie": "ferry", "operateur": "Waxholmsbolaget"}}, {"type": "Feature", "geometry": {"type": "Point", "coordinates": [18.49477, 59.47257]}, "properties": {"id": "osm-w-820246519", "country": "se", "source": "OSM", "updated": "2026-09-12", "name": "Waxholmsbolaget", "type": "liaison", "categorie": "ferry", "operateur": "Waxholmsbolaget"}}, {"type": "Feature", "geometry": {"type": "Point", "coordinates": [18.51383, 59.46663]}, "properties": {"id": "osm-w-820246520", "country": "se", "source": "OSM", "updated": "2026-09-12", "name": "liaison", "type": "liaison", "categorie": "ferry", "operateur": "Waxholmsbolaget"}}, {"type": "Feature", "geometry": {"type": "Point", "coordinates": [18.53099, 59.49711]}, "properties": {"id": "osm-w-820246523", "country": "se", "source": "OSM", "updated": "2026-09-12", "name": "Stockholm-Vaxholm-Linanäs-Väsbystrand", "type": "liaison", "categorie": "ferry", "operateur": "Waxholmsbolaget"}}, {"type": "Feature", "geometry": {"type": "Point", "coordinates": [18.4808, 59.45951]}, "properties": {"id": "osm-w-820246524", "country": "se", "source": "OSM", "updated": "2026-09-12", "name": "Waxholmsbolaget", "type": "liaison", "categorie": "ferry", "operateur": "Waxholmsbolaget"}}, {"type": "Feature", "geometry": {"type": "Point", "coordinates": [18.52057, 59.4347]}, "properties": {"id": "osm-w-820246525", "country": "se", "source": "OSM", "updated": "2026-09-12", "name": "Waxholmsbolaget", "type": "liaison", "categorie": "ferry", "operateur": "Waxholmsbolaget"}}, {"type": "Feature", "geometry": {"type": "Point", "coordinates": [18.50333, 59.46418]}, "properties": {"id": "osm-w-820290530", "country": "se", "source": "OSM", "updated": "2026-09-12", "name": "liaison", "type": "liaison", "categorie": "ferry", "operateur": "Waxholmsbolaget"}}, {"type": "Feature", "geometry": {"type": "Point", "coordinates": [18.28217, 59.36878]}, "properties": {"id": "osm-w-820290537", "country": "se", "source": "OSM", "updated": "2026-09-12", "name": "liaison", "type": "liaison", "categorie": "ferry"}}, {"type": "Feature", "geometry": {"type": "Point", "coordinates": [18.35104, 59.37923]}, "properties": {"id": "osm-w-820290543", "country": "se", "source": "OSM", "updated": "2026-09-12", "name": "liaison", "type": "liaison", "categorie": "ferry"}}, {"type": "Feature", "geometry": {"type": "Point", "coordinates": [18.37484, 59.44036]}, "properties": {"id": "osm-w-820430081", "country": "se", "source": "OSM", "updated": "2026-09-12", "name": "liaison", "type": "liaison", "categorie": "ferry"}}, {"type": "Feature", "geometry": {"type": "Point", "coordinates": [18.3378, 59.38291]}, "properties": {"id": "osm-w-820430085", "country": "se", "source": "OSM", "updated": "2026-09-12", "name": "liaison", "type": "liaison", "categorie": "ferry"}}, {"type": "Feature", "geometry": {"type": "Point", "coordinates": [18.2887, 59.3623]}, "properties": {"id": "osm-w-820430086", "country": "se", "source": "OSM", "updated": "2026-09-12", "name": "liaison", "type": "liaison", "categorie": "ferry"}}, {"type": "Feature", "geometry": {"type": "Point", "coordinates": [18.31383, 59.36369]}, "properties": {"id": "osm-w-820430087", "country": "se", "source": "OSM", "updated": "2026-09-12", "name": "Pendelbåt 84", "type": "liaison", "categorie": "ferry"}}, {"type": "Feature", "geometry": {"type": "Point", "coordinates": [18.2398, 59.35292]}, "properties": {"id": "osm-w-820430089", "country": "se", "source": "OSM", "updated": "2026-09-12", "name": "Waxholmsbolaget", "type": "liaison", "categorie": "ferry"}}, {"type": "Feature", "geometry": {"type": "Point", "coordinates": [18.50837, 59.49297]}, "properties": {"id": "osm-w-820434726", "country": "se", "source": "OSM", "updated": "2026-09-12", "name": "Stockholm-Vaxholm-Linanäs-Väsbystrand", "type": "liaison", "categorie": "ferry", "operateur": "Waxholmsbolaget"}}, {"type": "Feature", "geometry": {"type": "Point", "coordinates": [18.50846, 59.48194]}, "properties": {"id": "osm-w-820434727", "country": "se", "source": "OSM", "updated": "2026-09-12", "name": "liaison", "type": "liaison", "categorie": "ferry", "operateur": "Waxholmsbolaget"}}, {"type": "Feature", "geometry": {"type": "Point", "coordinates": [18.50561, 59.49415]}, "properties": {"id": "osm-w-820434728", "country": "se", "source": "OSM", "updated": "2026-09-12", "name": "liaison", "type": "liaison", "categorie": "ferry"}}, {"type": "Feature", "geometry": {"type": "Point", "coordinates": [18.72478, 59.44716]}, "properties": {"id": "osm-w-822320901", "country": "se", "source": "OSM", "updated": "2026-09-12", "name": "liaison", "type": "liaison", "categorie": "ferry"}}, {"type": "Feature", "geometry": {"type": "Point", "coordinates": [18.67995, 59.44031]}, "properties": {"id": "osm-w-822320902", "country": "se", "source": "OSM", "updated": "2026-09-12", "name": "liaison", "type": "liaison", "categorie": "ferry"}}, {"type": "Feature", "geometry": {"type": "Point", "coordinates": [18.67995, 59.43177]}, "properties": {"id": "osm-w-822320903", "country": "se", "source": "OSM", "updated": "2026-09-12", "name": "liaison", "type": "liaison", "categorie": "ferry"}}, {"type": "Feature", "geometry": {"type": "Point", "coordinates": [18.65176, 59.43372]}, "properties": {"id": "osm-w-822320907", "country": "se", "source": "OSM", "updated": "2026-09-12", "name": "liaison", "type": "liaison", "categorie": "ferry"}}, {"type": "Feature", "geometry": {"type": "Point", "coordinates": [18.63597, 59.42328]}, "properties": {"id": "osm-w-822320909", "country": "se", "source": "OSM", "updated": "2026-09-12", "name": "liaison", "type": "liaison", "categorie": "ferry"}}, {"type": "Feature", "geometry": {"type": "Point", "coordinates": [18.64505, 59.42908]}, "properties": {"id": "osm-w-822320910", "country": "se", "source": "OSM", "updated": "2026-09-12", "name": "liaison", "type": "liaison", "categorie": "ferry"}}, {"type": "Feature", "geometry": {"type": "Point", "coordinates": [18.62796, 59.41711]}, "properties": {"id": "osm-w-822320911", "country": "se", "source": "OSM", "updated": "2026-09-12", "name": "liaison", "type": "liaison", "categorie": "ferry"}}, {"type": "Feature", "geometry": {"type": "Point", "coordinates": [18.58988, 59.40849]}, "properties": {"id": "osm-w-822320913", "country": "se", "source": "OSM", "updated": "2026-09-12", "name": "liaison", "type": "liaison", "categorie": "ferry"}}, {"type": "Feature", "geometry": {"type": "Point", "coordinates": [18.53618, 59.40928]}, "properties": {"id": "osm-w-822320914", "country": "se", "source": "OSM", "updated": "2026-09-12", "name": "Waxholmsbolaget", "type": "liaison", "categorie": "ferry", "operateur": "Waxholmsbolaget"}}, {"type": "Feature", "geometry": {"type": "Point", "coordinates": [18.23081, 59.34663]}, "properties": {"id": "osm-w-822643412", "country": "se", "source": "OSM", "updated": "2026-09-12", "name": "liaison", "type": "liaison", "categorie": "ferry"}}, {"type": "Feature", "geometry": {"type": "Point", "coordinates": [18.18271, 59.32888]}, "properties": {"id": "osm-w-822643413", "country": "se", "source": "OSM", "updated": "2026-09-12", "name": "Pendelbåt 84 / Waxholmsbolaget", "type": "liaison", "categorie": "ferry"}}, {"type": "Feature", "geometry": {"type": "Point", "coordinates": [18.46617, 59.43754]}, "properties": {"id": "osm-w-822678099", "country": "se", "source": "OSM", "updated": "2026-09-12", "name": "liaison", "type": "liaison", "categorie": "ferry"}}, {"type": "Feature", "geometry": {"type": "Point", "coordinates": [18.44219, 59.4399]}, "properties": {"id": "osm-w-822678101", "country": "se", "source": "OSM", "updated": "2026-09-12", "name": "liaison", "type": "liaison", "categorie": "ferry"}}, {"type": "Feature", "geometry": {"type": "Point", "coordinates": [18.512, 59.41513]}, "properties": {"id": "osm-w-822678103", "country": "se", "source": "OSM", "updated": "2026-09-12", "name": "Waxholmsbolaget", "type": "liaison", "categorie": "ferry", "operateur": "Waxholmsbolaget"}}, {"type": "Feature", "geometry": {"type": "Point", "coordinates": [18.52591, 59.4119]}, "properties": {"id": "osm-w-822678104", "country": "se", "source": "OSM", "updated": "2026-09-12", "name": "liaison", "type": "liaison", "categorie": "ferry"}}, {"type": "Feature", "geometry": {"type": "Point", "coordinates": [18.5453, 59.40787]}, "properties": {"id": "osm-w-822678105", "country": "se", "source": "OSM", "updated": "2026-09-12", "name": "liaison", "type": "liaison", "categorie": "ferry"}}, {"type": "Feature", "geometry": {"type": "Point", "coordinates": [18.45358, 59.42245]}, "properties": {"id": "osm-w-822678106", "country": "se", "source": "OSM", "updated": "2026-09-12", "name": "liaison", "type": "liaison", "categorie": "ferry"}}, {"type": "Feature", "geometry": {"type": "Point", "coordinates": [18.50243, 59.42412]}, "properties": {"id": "osm-w-822678107", "country": "se", "source": "OSM", "updated": "2026-09-12", "name": "liaison", "type": "liaison", "categorie": "ferry"}}, {"type": "Feature", "geometry": {"type": "Point", "coordinates": [18.50092, 59.41606]}, "properties": {"id": "osm-w-822678111", "country": "se", "source": "OSM", "updated": "2026-09-12", "name": "Waxholmsbolaget", "type": "liaison", "categorie": "ferry", "operateur": "Waxholmsbolaget"}}, {"type": "Feature", "geometry": {"type": "Point", "coordinates": [18.50092, 59.41762]}, "properties": {"id": "osm-w-822678112", "country": "se", "source": "OSM", "updated": "2026-09-12", "name": "Waxholmsbolaget", "type": "liaison", "categorie": "ferry", "operateur": "Waxholmsbolaget", "route": "11"}}, {"type": "Feature", "geometry": {"type": "Point", "coordinates": [18.33461, 59.38137]}, "properties": {"id": "osm-w-822683440", "country": "se", "source": "OSM", "updated": "2026-09-12", "name": "liaison", "type": "liaison", "categorie": "ferry"}}, {"type": "Feature", "geometry": {"type": "Point", "coordinates": [18.32532, 59.37781]}, "properties": {"id": "osm-w-822683442", "country": "se", "source": "OSM", "updated": "2026-09-12", "name": "Waxholmsbolaget", "type": "liaison", "categorie": "ferry"}}, {"type": "Feature", "geometry": {"type": "Point", "coordinates": [18.33064, 59.38095]}, "properties": {"id": "osm-w-822683443", "country": "se", "source": "OSM", "updated": "2026-09-12", "name": "Waxholmsbolaget", "type": "liaison", "categorie": "ferry"}}, {"type": "Feature", "geometry": {"type": "Point", "coordinates": [18.85432, 59.45128]}, "properties": {"id": "osm-w-822998545", "country": "se", "source": "OSM", "updated": "2026-09-12", "name": "liaison", "type": "liaison", "categorie": "ferry"}}, {"type": "Feature", "geometry": {"type": "Point", "coordinates": [18.41275, 59.38784]}, "properties": {"id": "osm-w-831386739", "country": "se", "source": "OSM", "updated": "2026-09-12", "name": "Waxholmsbolaget", "type": "liaison", "categorie": "ferry"}}, {"type": "Feature", "geometry": {"type": "Point", "coordinates": [18.81841, 59.31319]}, "properties": {"id": "osm-w-834163073", "country": "se", "source": "OSM", "updated": "2026-09-12", "name": "liaison", "type": "liaison", "categorie": "ferry"}}, {"type": "Feature", "geometry": {"type": "Point", "coordinates": [18.91042, 59.63535]}, "properties": {"id": "osm-w-835876404", "country": "se", "source": "OSM", "updated": "2026-09-12", "name": "liaison", "type": "liaison", "categorie": "ferry"}}, {"type": "Feature", "geometry": {"type": "Point", "coordinates": [18.89575, 59.62792]}, "properties": {"id": "osm-w-835876407", "country": "se", "source": "OSM", "updated": "2026-09-12", "name": "liaison", "type": "liaison", "categorie": "ferry"}}, {"type": "Feature", "geometry": {"type": "Point", "coordinates": [18.8708, 59.6102]}, "properties": {"id": "osm-w-835876411", "country": "se", "source": "OSM", "updated": "2026-09-12", "name": "liaison", "type": "liaison", "categorie": "ferry"}}, {"type": "Feature", "geometry": {"type": "Point", "coordinates": [18.90702, 59.44563]}, "properties": {"id": "osm-w-835876415", "country": "se", "source": "OSM", "updated": "2026-09-12", "name": "liaison", "type": "liaison", "categorie": "ferry"}}, {"type": "Feature", "geometry": {"type": "Point", "coordinates": [18.91086, 59.4251]}, "properties": {"id": "osm-w-835876418", "country": "se", "source": "OSM", "updated": "2026-09-12", "name": "liaison", "type": "liaison", "categorie": "ferry"}}, {"type": "Feature", "geometry": {"type": "Point", "coordinates": [18.74883, 59.20083]}, "properties": {"id": "osm-w-836061223", "country": "se", "source": "OSM", "updated": "2026-09-12", "name": "liaison", "type": "liaison", "categorie": "ferry"}}, {"type": "Feature", "geometry": {"type": "Point", "coordinates": [18.45662, 59.05547]}, "properties": {"id": "osm-w-836061229", "country": "se", "source": "OSM", "updated": "2026-09-12", "name": "liaison", "type": "liaison", "categorie": "ferry"}}, {"type": "Feature", "geometry": {"type": "Point", "coordinates": [18.50009, 59.0914]}, "properties": {"id": "osm-w-836061233", "country": "se", "source": "OSM", "updated": "2026-09-12", "name": "liaison", "type": "liaison", "categorie": "ferry"}}, {"type": "Feature", "geometry": {"type": "Point", "coordinates": [18.47105, 59.15008]}, "properties": {"id": "osm-w-836061236", "country": "se", "source": "OSM", "updated": "2026-09-12", "name": "liaison", "type": "liaison", "categorie": "ferry"}}, {"type": "Feature", "geometry": {"type": "Point", "coordinates": [18.51849, 59.17532]}, "properties": {"id": "osm-w-836061241", "country": "se", "source": "OSM", "updated": "2026-09-12", "name": "liaison", "type": "liaison", "categorie": "ferry"}}, {"type": "Feature", "geometry": {"type": "Point", "coordinates": [18.64018, 59.16853]}, "properties": {"id": "osm-w-836061246", "country": "se", "source": "OSM", "updated": "2026-09-12", "name": "liaison", "type": "liaison", "categorie": "ferry"}}, {"type": "Feature", "geometry": {"type": "Point", "coordinates": [18.72018, 59.1908]}, "properties": {"id": "osm-w-836061250", "country": "se", "source": "OSM", "updated": "2026-09-12", "name": "liaison", "type": "liaison", "categorie": "ferry"}}, {"type": "Feature", "geometry": {"type": "Point", "coordinates": [18.80195, 59.25741]}, "properties": {"id": "osm-w-836061253", "country": "se", "source": "OSM", "updated": "2026-09-12", "name": "liaison", "type": "liaison", "categorie": "ferry", "vehicules": "yes"}}, {"type": "Feature", "geometry": {"type": "Point", "coordinates": [18.38305, 59.41363]}, "properties": {"id": "osm-w-837464718", "country": "se", "source": "OSM", "updated": "2026-09-12", "name": "liaison", "type": "liaison", "categorie": "ferry"}}, {"type": "Feature", "geometry": {"type": "Point", "coordinates": [18.53287, 59.41869]}, "properties": {"id": "osm-w-837464719", "country": "se", "source": "OSM", "updated": "2026-09-12", "name": "Waxholmsbolaget", "type": "liaison", "categorie": "ferry", "operateur": "Waxholmsbolaget"}}, {"type": "Feature", "geometry": {"type": "Point", "coordinates": [18.37186, 59.06717]}, "properties": {"id": "osm-w-837539134", "country": "se", "source": "OSM", "updated": "2026-09-12", "name": "liaison", "type": "liaison", "categorie": "ferry"}}, {"type": "Feature", "geometry": {"type": "Point", "coordinates": [18.39347, 59.10938]}, "properties": {"id": "osm-w-837539137", "country": "se", "source": "OSM", "updated": "2026-09-12", "name": "liaison", "type": "liaison", "categorie": "ferry"}}, {"type": "Feature", "geometry": {"type": "Point", "coordinates": [18.30776, 59.29377]}, "properties": {"id": "osm-w-837632123", "country": "se", "source": "OSM", "updated": "2026-09-12", "name": "liaison", "type": "liaison", "categorie": "ferry"}}, {"type": "Feature", "geometry": {"type": "Point", "coordinates": [18.2952, 59.30769]}, "properties": {"id": "osm-w-837632124", "country": "se", "source": "OSM", "updated": "2026-09-12", "name": "liaison", "type": "liaison", "categorie": "ferry"}}, {"type": "Feature", "geometry": {"type": "Point", "coordinates": [18.29275, 59.30675]}, "properties": {"id": "osm-w-837632125", "country": "se", "source": "OSM", "updated": "2026-09-12", "name": "liaison", "type": "liaison", "categorie": "ferry"}}, {"type": "Feature", "geometry": {"type": "Point", "coordinates": [18.27155, 59.30253]}, "properties": {"id": "osm-w-837632126", "country": "se", "source": "OSM", "updated": "2026-09-12", "name": "liaison", "type": "liaison", "categorie": "ferry"}}, {"type": "Feature", "geometry": {"type": "Point", "coordinates": [18.29271, 59.30676]}, "properties": {"id": "osm-w-837632127", "country": "se", "source": "OSM", "updated": "2026-09-12", "name": "liaison", "type": "liaison", "categorie": "ferry"}}, {"type": "Feature", "geometry": {"type": "Point", "coordinates": [18.21652, 59.34054]}, "properties": {"id": "osm-w-837632129", "country": "se", "source": "OSM", "updated": "2026-09-12", "name": "liaison", "type": "liaison", "categorie": "ferry"}}, {"type": "Feature", "geometry": {"type": "Point", "coordinates": [18.24875, 59.29829]}, "properties": {"id": "osm-w-837995493", "country": "se", "source": "OSM", "updated": "2026-09-12", "name": "liaison", "type": "liaison", "categorie": "ferry"}}, {"type": "Feature", "geometry": {"type": "Point", "coordinates": [18.23344, 59.30869]}, "properties": {"id": "osm-w-837995494", "country": "se", "source": "OSM", "updated": "2026-09-12", "name": "liaison", "type": "liaison", "categorie": "ferry"}}, {"type": "Feature", "geometry": {"type": "Point", "coordinates": [18.24875, 59.29705]}, "properties": {"id": "osm-w-837995495", "country": "se", "source": "OSM", "updated": "2026-09-12", "name": "liaison", "type": "liaison", "categorie": "ferry"}}, {"type": "Feature", "geometry": {"type": "Point", "coordinates": [18.22332, 59.32016]}, "properties": {"id": "osm-w-837995496", "country": "se", "source": "OSM", "updated": "2026-09-12", "name": "liaison", "type": "liaison", "categorie": "ferry"}}, {"type": "Feature", "geometry": {"type": "Point", "coordinates": [18.22051, 59.32517]}, "properties": {"id": "osm-w-837995497", "country": "se", "source": "OSM", "updated": "2026-09-12", "name": "liaison", "type": "liaison", "categorie": "ferry"}}, {"type": "Feature", "geometry": {"type": "Point", "coordinates": [18.22376, 59.32016]}, "properties": {"id": "osm-w-837995498", "country": "se", "source": "OSM", "updated": "2026-09-12", "name": "liaison", "type": "liaison", "categorie": "ferry"}}, {"type": "Feature", "geometry": {"type": "Point", "coordinates": [18.21795, 59.33011]}, "properties": {"id": "osm-w-837995499", "country": "se", "source": "OSM", "updated": "2026-09-12", "name": "liaison", "type": "liaison", "categorie": "ferry"}}, {"type": "Feature", "geometry": {"type": "Point", "coordinates": [18.21765, 59.33011]}, "properties": {"id": "osm-w-837995500", "country": "se", "source": "OSM", "updated": "2026-09-12", "name": "liaison", "type": "liaison", "categorie": "ferry"}}, {"type": "Feature", "geometry": {"type": "Point", "coordinates": [18.21291, 59.33366]}, "properties": {"id": "osm-w-837995501", "country": "se", "source": "OSM", "updated": "2026-09-12", "name": "liaison", "type": "liaison", "categorie": "ferry"}}, {"type": "Feature", "geometry": {"type": "Point", "coordinates": [18.59623, 59.39765]}, "properties": {"id": "osm-w-839731711", "country": "se", "source": "OSM", "updated": "2026-09-12", "name": "liaison", "type": "liaison", "categorie": "ferry"}}, {"type": "Feature", "geometry": {"type": "Point", "coordinates": [18.40235, 59.43596]}, "properties": {"id": "osm-w-839731713", "country": "se", "source": "OSM", "updated": "2026-09-12", "name": "Waxholmsbolaget", "type": "liaison", "categorie": "ferry"}}, {"type": "Feature", "geometry": {"type": "Point", "coordinates": [18.2406, 59.34922]}, "properties": {"id": "osm-w-839731717", "country": "se", "source": "OSM", "updated": "2026-09-12", "name": "Waxholmsbolaget", "type": "liaison", "categorie": "ferry"}}, {"type": "Feature", "geometry": {"type": "Point", "coordinates": [18.23626, 59.35314]}, "properties": {"id": "osm-w-839731718", "country": "se", "source": "OSM", "updated": "2026-09-12", "name": "liaison", "type": "liaison", "categorie": "ferry"}}, {"type": "Feature", "geometry": {"type": "Point", "coordinates": [18.37047, 59.42675]}, "properties": {"id": "osm-w-839734542", "country": "se", "source": "OSM", "updated": "2026-09-12", "name": "liaison", "type": "liaison", "categorie": "ferry"}}, {"type": "Feature", "geometry": {"type": "Point", "coordinates": [18.35799, 59.42352]}, "properties": {"id": "osm-w-857786652", "country": "se", "source": "OSM", "updated": "2026-09-12", "name": "liaison", "type": "liaison", "categorie": "ferry"}}, {"type": "Feature", "geometry": {"type": "Point", "coordinates": [18.36266, 59.42534]}, "properties": {"id": "osm-w-857786653", "country": "se", "source": "OSM", "updated": "2026-09-12", "name": "liaison", "type": "liaison", "categorie": "ferry"}}, {"type": "Feature", "geometry": {"type": "Point", "coordinates": [20.38804, 66.15928]}, "properties": {"id": "osm-w-894567236", "country": "se", "source": "OSM", "updated": "2026-09-12", "name": "liaison", "type": "liaison", "categorie": "ferry"}}, {"type": "Feature", "geometry": {"type": "Point", "coordinates": [18.27195, 59.36667]}, "properties": {"id": "osm-w-941857991", "country": "se", "source": "OSM", "updated": "2026-09-12", "name": "Waxholmsbolaget", "type": "liaison", "categorie": "ferry"}}, {"type": "Feature", "geometry": {"type": "Point", "coordinates": [17.84827, 58.90737]}, "properties": {"id": "osm-w-942640271", "country": "se", "source": "OSM", "updated": "2026-09-12", "name": "liaison", "type": "liaison", "categorie": "ferry"}}, {"type": "Feature", "geometry": {"type": "Point", "coordinates": [14.23744, 59.49661]}, "properties": {"id": "osm-w-955902916", "country": "se", "source": "OSM", "updated": "2026-09-12", "name": "Bergslagskanalen Farled", "type": "liaison", "categorie": "ferry"}}, {"type": "Feature", "geometry": {"type": "Point", "coordinates": [18.93993, 59.65753]}, "properties": {"id": "osm-w-957351599", "country": "se", "source": "OSM", "updated": "2026-09-12", "name": "liaison", "type": "liaison", "categorie": "ferry"}}, {"type": "Feature", "geometry": {"type": "Point", "coordinates": [18.30682, 58.9791]}, "properties": {"id": "osm-w-965447459", "country": "se", "source": "OSM", "updated": "2026-09-12", "name": "Årsta - Utö", "type": "liaison", "categorie": "ferry"}}, {"type": "Feature", "geometry": {"type": "Point", "coordinates": [20.05384, 63.67339]}, "properties": {"id": "osm-w-971124348", "country": "se", "source": "OSM", "updated": "2026-09-12", "name": "liaison", "type": "liaison", "exploitation": "saisonnier", "categorie": "ferry"}}, {"type": "Feature", "geometry": {"type": "Point", "coordinates": [15.92734, 58.9405]}, "properties": {"id": "osm-w-988562846", "country": "se", "source": "OSM", "updated": "2026-09-12", "name": "Tisenö", "type": "liaison", "categorie": "ferry", "vehicules": "yes"}}, {"type": "Feature", "geometry": {"type": "Point", "coordinates": [14.641, 65.75052]}, "properties": {"id": "osm-w-1002419410", "country": "se", "source": "OSM", "updated": "2026-09-12", "name": "Roddled", "type": "liaison", "categorie": "ferry", "operateur": "Länsstyrelsen Västerbotten"}}, {"type": "Feature", "geometry": {"type": "Point", "coordinates": [16.53979, 57.18887]}, "properties": {"id": "osm-w-1061999836", "country": "se", "source": "OSM", "updated": "2026-09-12", "name": "Travemünde (D) – Turku (FIN)", "type": "liaison", "categorie": "ferry", "operateur": "Finnlines", "duree": "29:00"}}, {"type": "Feature", "geometry": {"type": "Point", "coordinates": [11.6324, 57.75858]}, "properties": {"id": "osm-w-1071965997", "country": "se", "source": "OSM", "updated": "2026-09-12", "name": "Nordöleden", "type": "liaison", "categorie": "ferry"}}, {"type": "Feature", "geometry": {"type": "Point", "coordinates": [16.69284, 57.77988]}, "properties": {"id": "osm-w-1074925941", "country": "se", "source": "OSM", "updated": "2026-09-12", "name": "Västervik - Hasselö", "type": "liaison", "categorie": "ferry", "duree": "1:00"}}, {"type": "Feature", "geometry": {"type": "Point", "coordinates": [16.73972, 57.80508]}, "properties": {"id": "osm-w-1074930947", "country": "se", "source": "OSM", "updated": "2026-09-12", "name": "liaison", "type": "liaison", "categorie": "ferry"}}, {"type": "Feature", "geometry": {"type": "Point", "coordinates": [13.71287, 59.32153]}, "properties": {"id": "osm-w-1082546355", "country": "se", "source": "OSM", "updated": "2026-09-12", "name": "Båtbuss linje 93", "type": "liaison", "exploitation": "saisonnier", "categorie": "ferry", "operateur": "Karlstadsbuss", "payant": "yes"}}, {"type": "Feature", "geometry": {"type": "Point", "coordinates": [13.89745, 59.27803]}, "properties": {"id": "osm-w-1082546356", "country": "se", "source": "OSM", "updated": "2026-09-12", "name": "Båtbuss linje 95/96", "type": "liaison", "exploitation": "saisonnier", "categorie": "ferry", "operateur": "Karlstadsbuss", "payant": "yes"}}, {"type": "Feature", "geometry": {"type": "Point", "coordinates": [11.68501, 57.7036]}, "properties": {"id": "osm-w-1087416185", "country": "se", "source": "OSM", "updated": "2026-09-12", "name": "liaison", "type": "liaison", "categorie": "ferry", "vehicules": "yes"}}, {"type": "Feature", "geometry": {"type": "Point", "coordinates": [18.8333, 59.76882]}, "properties": {"id": "osm-w-1087558747", "country": "se", "source": "OSM", "updated": "2026-09-12", "name": "liaison", "type": "liaison", "categorie": "ferry"}}, {"type": "Feature", "geometry": {"type": "Point", "coordinates": [18.73443, 59.4605]}, "properties": {"id": "osm-w-1087747086", "country": "se", "source": "OSM", "updated": "2026-09-12", "name": "liaison", "type": "liaison", "categorie": "ferry"}}, {"type": "Feature", "geometry": {"type": "Point", "coordinates": [18.44936, 59.45919]}, "properties": {"id": "osm-w-1087788394", "country": "se", "source": "OSM", "updated": "2026-09-12", "name": "liaison", "type": "liaison", "categorie": "ferry"}}, {"type": "Feature", "geometry": {"type": "Point", "coordinates": [18.59929, 59.55202]}, "properties": {"id": "osm-w-1087788395", "country": "se", "source": "OSM", "updated": "2026-09-12", "name": "liaison", "type": "liaison", "categorie": "ferry", "operateur": "Waxholmsbolaget"}}, {"type": "Feature", "geometry": {"type": "Point", "coordinates": [18.58372, 59.5364]}, "properties": {"id": "osm-w-1087788396", "country": "se", "source": "OSM", "updated": "2026-09-12", "name": "liaison", "type": "liaison", "categorie": "ferry"}}, {"type": "Feature", "geometry": {"type": "Point", "coordinates": [11.94696, 57.70184]}, "properties": {"id": "osm-w-1090884527", "country": "se", "source": "OSM", "updated": "2026-09-12", "name": "liaison", "type": "liaison", "categorie": "ferry"}}, {"type": "Feature", "geometry": {"type": "Point", "coordinates": [11.94689, 57.70196]}, "properties": {"id": "osm-w-1090884528", "country": "se", "source": "OSM", "updated": "2026-09-12", "name": "liaison", "type": "liaison", "categorie": "ferry"}}, {"type": "Feature", "geometry": {"type": "Point", "coordinates": [11.9469, 57.70193]}, "properties": {"id": "osm-w-1090884529", "country": "se", "source": "OSM", "updated": "2026-09-12", "name": "liaison", "type": "liaison", "categorie": "ferry"}}, {"type": "Feature", "geometry": {"type": "Point", "coordinates": [11.94692, 57.70188]}, "properties": {"id": "osm-w-1090884530", "country": "se", "source": "OSM", "updated": "2026-09-12", "name": "liaison", "type": "liaison", "categorie": "ferry"}}, {"type": "Feature", "geometry": {"type": "Point", "coordinates": [11.94693, 57.70185]}, "properties": {"id": "osm-w-1090884531", "country": "se", "source": "OSM", "updated": "2026-09-12", "name": "liaison", "type": "liaison", "categorie": "ferry"}}, {"type": "Feature", "geometry": {"type": "Point", "coordinates": [11.94302, 57.70142]}, "properties": {"id": "osm-w-1090884545", "country": "se", "source": "OSM", "updated": "2026-09-12", "name": "liaison", "type": "liaison", "categorie": "ferry", "vehicules": "yes"}}, {"type": "Feature", "geometry": {"type": "Point", "coordinates": [14.40369, 58.03064]}, "properties": {"id": "osm-w-1092141547", "country": "se", "source": "OSM", "updated": "2026-09-12", "name": "Visingsöleden", "type": "liaison", "categorie": "ferry", "operateur": "Trafikverket Färjerederiet", "duree": "00:25", "vehicules": "yes", "payant": "yes"}}, {"type": "Feature", "geometry": {"type": "Point", "coordinates": [14.40376, 58.03076]}, "properties": {"id": "osm-w-1092185505", "country": "se", "source": "OSM", "updated": "2026-09-12", "name": "Visingsöleden", "type": "liaison", "categorie": "ferry", "operateur": "Trafikverket Färjerederiet", "duree": "00:25", "vehicules": "yes", "payant": "yes"}}, {"type": "Feature", "geometry": {"type": "Point", "coordinates": [20.86799, 63.80516]}, "properties": {"id": "osm-w-1094062743", "country": "se", "source": "OSM", "updated": "2026-09-12", "name": "liaison", "type": "liaison", "categorie": "ferry", "vehicules": "yes"}}, {"type": "Feature", "geometry": {"type": "Point", "coordinates": [14.0383, 54.66212]}, "properties": {"id": "osm-w-1094106766", "country": "se", "source": "OSM", "updated": "2026-09-12", "name": "Świnoujście (PL) - Ystad (SE)", "type": "liaison", "categorie": "ferry", "operateur": "Polferries AB / Unity Line Sverige", "vehicules": "yes"}}, {"type": "Feature", "geometry": {"type": "Point", "coordinates": [13.82566, 55.42154]}, "properties": {"id": "osm-w-1094196406", "country": "se", "source": "OSM", "updated": "2026-09-12", "name": "Świnoujście - Ystad", "type": "liaison", "categorie": "ferry", "operateur": "Polferries AB"}}, {"type": "Feature", "geometry": {"type": "Point", "coordinates": [13.82528, 55.42076]}, "properties": {"id": "osm-w-1094196407", "country": "se", "source": "OSM", "updated": "2026-09-12", "name": "Świnoujście - Ystad", "type": "liaison", "categorie": "ferry", "operateur": "Polferries AB"}}, {"type": "Feature", "geometry": {"type": "Point", "coordinates": [15.59821, 56.16323]}, "properties": {"id": "osm-w-1094708822", "country": "se", "source": "OSM", "updated": "2026-09-12", "name": "Aspöleden", "type": "liaison", "categorie": "ferry", "operateur": "Trafikverket Färjerederiet", "duree": "00:25", "vehicules": "yes"}}, {"type": "Feature", "geometry": {"type": "Point", "coordinates": [11.94246, 57.70136]}, "properties": {"id": "osm-w-1101404240", "country": "se", "source": "OSM", "updated": "2026-09-12", "name": "liaison", "type": "liaison", "categorie": "ferry", "vehicules": "yes"}}, {"type": "Feature", "geometry": {"type": "Point", "coordinates": [11.02474, 56.00631]}, "properties": {"id": "osm-w-1101404413", "country": "se", "source": "OSM", "updated": "2026-09-12", "name": "Göteborg (SE) - Kiel (D)", "type": "liaison", "categorie": "ferry", "duree": "14:00", "vehicules": "yes"}}, {"type": "Feature", "geometry": {"type": "Point", "coordinates": [18.35736, 59.40152]}, "properties": {"id": "osm-w-1101876364", "country": "se", "source": "OSM", "updated": "2026-09-12", "name": "Vaxholmsleden", "type": "liaison", "categorie": "ferry", "operateur": "Trafikverket Färjerederiet", "duree": "00:06", "vehicules": "yes", "payant": "no", "route": "274"}}, {"type": "Feature", "geometry": {"type": "Point", "coordinates": [18.09487, 59.31732]}, "properties": {"id": "osm-w-1109627921", "country": "se", "source": "OSM", "updated": "2026-09-12", "name": "liaison", "type": "liaison", "categorie": "ferry", "vehicules": "yes"}}, {"type": "Feature", "geometry": {"type": "Point", "coordinates": [14.02426, 55.6832]}, "properties": {"id": "osm-w-1139737055", "country": "se", "source": "OSM", "updated": "2026-09-12", "name": "Trelleborg - Karlshamn", "type": "liaison", "categorie": "ferry", "operateur": "TT Line"}}, {"type": "Feature", "geometry": {"type": "Point", "coordinates": [18.68207, 59.3849]}, "properties": {"id": "osm-w-1189788211", "country": "se", "source": "OSM", "updated": "2026-09-12", "name": "liaison", "type": "liaison", "categorie": "ferry"}}, {"type": "Feature", "geometry": {"type": "Point", "coordinates": [12.56288, 57.12605]}, "properties": {"id": "osm-w-1201010802", "country": "se", "source": "OSM", "updated": "2026-09-12", "name": "liaison", "type": "liaison", "categorie": "ferry", "payant": "no"}}, {"type": "Feature", "geometry": {"type": "Point", "coordinates": [16.517, 57.02165]}, "properties": {"id": "osm-w-1206918952", "country": "se", "source": "OSM", "updated": "2026-09-12", "name": "liaison", "type": "liaison", "categorie": "ferry"}}, {"type": "Feature", "geometry": {"type": "Point", "coordinates": [13.47408, 54.76261]}, "properties": {"id": "osm-w-1212750572", "country": "se", "source": "OSM", "updated": "2026-09-12", "name": "Świnoujście (PL) - Malmö (SE)", "type": "liaison", "categorie": "ferry", "operateur": "Finnlines", "duree": "9:00"}}, {"type": "Feature", "geometry": {"type": "Point", "coordinates": [11.92491, 54.78754]}, "properties": {"id": "osm-w-1212750573", "country": "se", "source": "OSM", "updated": "2026-09-12", "name": "Travemünde (D) – Malmö (SE)", "type": "liaison", "categorie": "ferry", "operateur": "Finnlines", "duree": "09:00", "vehicules": "yes", "payant": "yes"}}, {"type": "Feature", "geometry": {"type": "Point", "coordinates": [18.34793, 67.13143]}, "properties": {"id": "osm-w-1227426235", "country": "se", "source": "OSM", "updated": "2026-09-12", "name": "liaison", "type": "liaison", "categorie": "ferry"}}, {"type": "Feature", "geometry": {"type": "Point", "coordinates": [18.21123, 67.14544]}, "properties": {"id": "osm-w-1227426237", "country": "se", "source": "OSM", "updated": "2026-09-12", "name": "liaison", "type": "liaison", "categorie": "ferry"}}, {"type": "Feature", "geometry": {"type": "Point", "coordinates": [18.84869, 59.38938]}, "properties": {"id": "osm-w-1229619660", "country": "se", "source": "OSM", "updated": "2026-09-12", "name": "liaison", "type": "liaison", "categorie": "ferry"}}, {"type": "Feature", "geometry": {"type": "Point", "coordinates": [18.04726, 59.32377]}, "properties": {"id": "osm-w-1232867909", "country": "se", "source": "OSM", "updated": "2026-09-12", "name": "Zeam", "type": "liaison", "categorie": "ferry", "operateur": "Zeam", "horaires": "Mo-Th 07:00-21:00; Fr 07:00-22:00; Sa 09:00-22:00; Su 09:00-21:00"}}, {"type": "Feature", "geometry": {"type": "Point", "coordinates": [11.68492, 57.70355]}, "properties": {"id": "osm-w-1242619770", "country": "se", "source": "OSM", "updated": "2026-09-12", "name": "Hönöleden", "type": "liaison", "categorie": "ferry", "operateur": "Trafikverket Färjerederiet", "duree": "00:12", "vehicules": "yes", "route": "155"}}, {"type": "Feature", "geometry": {"type": "Point", "coordinates": [18.26117, 59.35524]}, "properties": {"id": "osm-w-1269159655", "country": "se", "source": "OSM", "updated": "2026-09-12", "name": "Pendelbåt 84", "type": "liaison", "categorie": "ferry"}}, {"type": "Feature", "geometry": {"type": "Point", "coordinates": [18.37695, 59.36183]}, "properties": {"id": "osm-w-1269159663", "country": "se", "source": "OSM", "updated": "2026-09-12", "name": "Pendelbåt 84", "type": "liaison", "categorie": "ferry"}}, {"type": "Feature", "geometry": {"type": "Point", "coordinates": [18.43923, 59.33596]}, "properties": {"id": "osm-w-1269159665", "country": "se", "source": "OSM", "updated": "2026-09-12", "name": "Pendelbåt 84", "type": "liaison", "categorie": "ferry"}}, {"type": "Feature", "geometry": {"type": "Point", "coordinates": [18.28892, 67.13063]}, "properties": {"id": "osm-w-1306249051", "country": "se", "source": "OSM", "updated": "2026-09-12", "name": "liaison", "type": "liaison", "categorie": "ferry"}}, {"type": "Feature", "geometry": {"type": "Point", "coordinates": [18.14855, 67.69189]}, "properties": {"id": "osm-w-1306249054", "country": "se", "source": "OSM", "updated": "2026-09-12", "name": "Rowing boats", "type": "liaison", "categorie": "ferry"}}, {"type": "Feature", "geometry": {"type": "Point", "coordinates": [18.6604, 59.49516]}, "properties": {"id": "osm-w-1316200433", "country": "se", "source": "OSM", "updated": "2026-09-12", "name": "Waxholmsbolaget", "type": "liaison", "categorie": "ferry", "operateur": "Waxholmsbolaget"}}, {"type": "Feature", "geometry": {"type": "Point", "coordinates": [15.88484, 65.96927]}, "properties": {"id": "osm-w-1340725241", "country": "se", "source": "OSM", "updated": "2026-09-12", "name": "Servvejuhka", "type": "liaison", "categorie": "ferry"}}, {"type": "Feature", "geometry": {"type": "Point", "coordinates": [15.91974, 65.96438]}, "properties": {"id": "osm-w-1340725243", "country": "se", "source": "OSM", "updated": "2026-09-12", "name": "liaison", "type": "liaison", "categorie": "ferry"}}, {"type": "Feature", "geometry": {"type": "Point", "coordinates": [17.98647, 55.90898]}, "properties": {"id": "osm-w-1349651162", "country": "se", "source": "OSM", "updated": "2026-09-12", "name": "Karlshamn (S) - Klaipėda (LT)", "type": "liaison", "categorie": "ferry", "operateur": "TT-Line", "duree": "13:30"}}, {"type": "Feature", "geometry": {"type": "Point", "coordinates": [15.17641, 56.15643]}, "properties": {"id": "osm-w-1368437072", "country": "se", "source": "OSM", "updated": "2026-09-12", "name": "Ronneby-Tjärö (Blekingetrafiken)", "type": "liaison", "categorie": "ferry", "operateur": "Blekingetrafiken"}}, {"type": "Feature", "geometry": {"type": "Point", "coordinates": [15.29098, 56.1879]}, "properties": {"id": "osm-w-1368443387", "country": "se", "source": "OSM", "updated": "2026-09-12", "name": "Ronneby-Ekenäs (Blekingetrafiken)", "type": "liaison", "categorie": "ferry", "operateur": "Bekingetrafiken"}}, {"type": "Feature", "geometry": {"type": "Point", "coordinates": [13.82528, 55.42076]}, "properties": {"id": "osm-w-1368747464", "country": "se", "source": "OSM", "updated": "2026-09-12", "name": "Trasa morska Świnoujście - Ystad", "type": "liaison", "categorie": "ferry"}}, {"type": "Feature", "geometry": {"type": "Point", "coordinates": [18.46722, 59.42223]}, "properties": {"id": "osm-w-1409553563", "country": "se", "source": "OSM", "updated": "2026-09-12", "name": "liaison", "type": "liaison", "categorie": "ferry"}}, {"type": "Feature", "geometry": {"type": "Point", "coordinates": [18.69164, 59.47222]}, "properties": {"id": "osm-w-1409880693", "country": "se", "source": "OSM", "updated": "2026-09-12", "name": "Waxholmsbolaget", "type": "liaison", "categorie": "ferry", "operateur": "Waxholmsbolaget"}}, {"type": "Feature", "geometry": {"type": "Point", "coordinates": [18.70349, 59.48331]}, "properties": {"id": "osm-w-1409880694", "country": "se", "source": "OSM", "updated": "2026-09-12", "name": "liaison", "type": "liaison", "categorie": "ferry"}}, {"type": "Feature", "geometry": {"type": "Point", "coordinates": [18.74123, 59.49273]}, "properties": {"id": "osm-w-1409880696", "country": "se", "source": "OSM", "updated": "2026-09-12", "name": "liaison", "type": "liaison", "categorie": "ferry"}}, {"type": "Feature", "geometry": {"type": "Point", "coordinates": [18.73239, 59.49257]}, "properties": {"id": "osm-w-1409880697", "country": "se", "source": "OSM", "updated": "2026-09-12", "name": "liaison", "type": "liaison", "categorie": "ferry"}}, {"type": "Feature", "geometry": {"type": "Point", "coordinates": [18.81674, 59.48866]}, "properties": {"id": "osm-w-1409880698", "country": "se", "source": "OSM", "updated": "2026-09-12", "name": "liaison", "type": "liaison", "categorie": "ferry"}}, {"type": "Feature", "geometry": {"type": "Point", "coordinates": [18.19706, 59.33761]}, "properties": {"id": "osm-w-1416494961", "country": "se", "source": "OSM", "updated": "2026-09-12", "name": "liaison", "type": "liaison", "categorie": "ferry"}}, {"type": "Feature", "geometry": {"type": "Point", "coordinates": [18.29469, 59.37949]}, "properties": {"id": "osm-w-1416494962", "country": "se", "source": "OSM", "updated": "2026-09-12", "name": "liaison", "type": "liaison", "categorie": "ferry"}}, {"type": "Feature", "geometry": {"type": "Point", "coordinates": [18.15385, 59.32015]}, "properties": {"id": "osm-w-1454900439", "country": "se", "source": "OSM", "updated": "2026-09-12", "name": "Pendelbåt 84 / Waxholmsbolaget", "type": "liaison", "categorie": "ferry"}}, {"type": "Feature", "geometry": {"type": "Point", "coordinates": [18.0923, 59.32383]}, "properties": {"id": "osm-w-1454900443", "country": "se", "source": "OSM", "updated": "2026-09-12", "name": "Pendelbåt 80X", "type": "liaison", "categorie": "ferry"}}, {"type": "Feature", "geometry": {"type": "Point", "coordinates": [12.65357, 56.03808]}, "properties": {"id": "osm-w-1476699074", "country": "se", "source": "OSM", "updated": "2026-09-12", "name": "Helsingør (DK) - Helsingborg (SE)", "type": "liaison", "categorie": "ferry"}}, {"type": "Feature", "geometry": {"type": "Point", "coordinates": [13.1576, 55.371]}, "properties": {"id": "osm-w-1516248708", "country": "se", "source": "OSM", "updated": "2026-09-12", "name": "Terminal C", "type": "quai"}}, {"type": "Feature", "geometry": {"type": "Point", "coordinates": [12.41027, 58.82134]}, "properties": {"id": "osm-w-1517484662", "country": "se", "source": "OSM", "updated": "2026-09-12", "name": "liaison", "type": "liaison", "categorie": "ferry"}}, {"type": "Feature", "geometry": {"type": "Point", "coordinates": [15.59732, 56.1487]}, "properties": {"id": "osm-w-1528236060", "country": "se", "source": "OSM", "updated": "2026-09-12", "name": "Aspöleden", "type": "liaison", "categorie": "ferry", "operateur": "Trafikverket Färjerederiet", "duree": "00:25", "vehicules": "yes"}}, {"type": "Feature", "geometry": {"type": "Point", "coordinates": [11.77363, 58.05252]}, "properties": {"id": "osm-w-1536116634", "country": "se", "source": "OSM", "updated": "2026-09-12", "name": "liaison", "type": "liaison", "categorie": "ferry"}}, {"type": "Feature", "geometry": {"type": "Point", "coordinates": [21.50451, 65.05333]}, "properties": {"id": "osm-w-1537800356", "country": "se", "source": "OSM", "updated": "2026-09-12", "name": "Kinnbäck - Pite-Rönnskär", "type": "liaison", "categorie": "ferry", "operateur": "Nordisk Sjötaxi"}}, {"type": "Feature", "geometry": {"type": "Point", "coordinates": [18.77371, 59.38954]}, "properties": {"id": "osm-w-1542989332", "country": "se", "source": "OSM", "updated": "2026-09-12", "name": "liaison", "type": "liaison", "categorie": "ferry"}}, {"type": "Feature", "geometry": {"type": "Point", "coordinates": [18.78319, 59.39932]}, "properties": {"id": "osm-w-1542989334", "country": "se", "source": "OSM", "updated": "2026-09-12", "name": "liaison", "type": "liaison", "categorie": "ferry"}}, {"type": "Feature", "geometry": {"type": "Point", "coordinates": [18.33064, 59.38046]}, "properties": {"id": "osm-w-1544284167", "country": "se", "source": "OSM", "updated": "2026-09-12", "name": "liaison", "type": "liaison", "categorie": "ferry"}}, {"type": "Feature", "geometry": {"type": "Point", "coordinates": [18.30405, 59.36237]}, "properties": {"id": "osm-w-1544284170", "country": "se", "source": "OSM", "updated": "2026-09-12", "name": "liaison", "type": "liaison", "categorie": "ferry"}}, {"type": "Feature", "geometry": {"type": "Point", "coordinates": [18.19136, 59.3298]}, "properties": {"id": "osm-w-1544284171", "country": "se", "source": "OSM", "updated": "2026-09-12", "name": "liaison", "type": "liaison", "categorie": "ferry"}}, {"type": "Feature", "geometry": {"type": "Point", "coordinates": [18.14672, 59.31811]}, "properties": {"id": "osm-w-1544284172", "country": "se", "source": "OSM", "updated": "2026-09-12", "name": "liaison", "type": "liaison", "categorie": "ferry"}}, {"type": "Feature", "geometry": {"type": "Point", "coordinates": [18.20263, 59.33459]}, "properties": {"id": "osm-w-1544284173", "country": "se", "source": "OSM", "updated": "2026-09-12", "name": "liaison", "type": "liaison", "categorie": "ferry"}}, {"type": "Feature", "geometry": {"type": "Point", "coordinates": [18.09403, 59.32361]}, "properties": {"id": "osm-w-1544284175", "country": "se", "source": "OSM", "updated": "2026-09-12", "name": "Pendelbåt 80", "type": "liaison", "categorie": "ferry"}}, {"type": "Feature", "geometry": {"type": "Point", "coordinates": [18.23406, 59.34772]}, "properties": {"id": "osm-w-1544284177", "country": "se", "source": "OSM", "updated": "2026-09-12", "name": "liaison", "type": "liaison", "categorie": "ferry"}}, {"type": "Feature", "geometry": {"type": "Point", "coordinates": [18.11668, 59.32085]}, "properties": {"id": "osm-w-1544284179", "country": "se", "source": "OSM", "updated": "2026-09-12", "name": "liaison", "type": "liaison", "categorie": "ferry"}}, {"type": "Feature", "geometry": {"type": "Point", "coordinates": [18.26037, 59.35938]}, "properties": {"id": "osm-w-1544284180", "country": "se", "source": "OSM", "updated": "2026-09-12", "name": "liaison", "type": "liaison", "categorie": "ferry"}}, {"type": "Feature", "geometry": {"type": "Point", "coordinates": [18.32722, 59.37403]}, "properties": {"id": "osm-w-1544284181", "country": "se", "source": "OSM", "updated": "2026-09-12", "name": "liaison", "type": "liaison", "categorie": "ferry"}}, {"type": "Feature", "geometry": {"type": "Point", "coordinates": [18.33235, 59.36439]}, "properties": {"id": "osm-w-1544284182", "country": "se", "source": "OSM", "updated": "2026-09-12", "name": "liaison", "type": "liaison", "categorie": "ferry"}}, {"type": "Feature", "geometry": {"type": "Point", "coordinates": [18.31357, 59.37568]}, "properties": {"id": "osm-w-1544284183", "country": "se", "source": "OSM", "updated": "2026-09-12", "name": "liaison", "type": "liaison", "categorie": "ferry"}}, {"type": "Feature", "geometry": {"type": "Point", "coordinates": [18.32532, 59.3783]}, "properties": {"id": "osm-w-1544284185", "country": "se", "source": "OSM", "updated": "2026-09-12", "name": "liaison", "type": "liaison", "categorie": "ferry"}}, {"type": "Feature", "geometry": {"type": "Point", "coordinates": [18.36381, 59.37398]}, "properties": {"id": "osm-w-1544284186", "country": "se", "source": "OSM", "updated": "2026-09-12", "name": "liaison", "type": "liaison", "categorie": "ferry"}}, {"type": "Feature", "geometry": {"type": "Point", "coordinates": [18.33916, 59.37956]}, "properties": {"id": "osm-w-1544284189", "country": "se", "source": "OSM", "updated": "2026-09-12", "name": "liaison", "type": "liaison", "categorie": "ferry"}}, {"type": "Feature", "geometry": {"type": "Point", "coordinates": [18.33406, 59.37683]}, "properties": {"id": "osm-w-1544284190", "country": "se", "source": "OSM", "updated": "2026-09-12", "name": "liaison", "type": "liaison", "categorie": "ferry"}}, {"type": "Feature", "geometry": {"type": "Point", "coordinates": [18.34819, 59.3944]}, "properties": {"id": "osm-w-1544284193", "country": "se", "source": "OSM", "updated": "2026-09-12", "name": "liaison", "type": "liaison", "categorie": "ferry"}}, {"type": "Feature", "geometry": {"type": "Point", "coordinates": [18.34838, 59.39455]}, "properties": {"id": "osm-w-1544284194", "country": "se", "source": "OSM", "updated": "2026-09-12", "name": "liaison", "type": "liaison", "categorie": "ferry"}}, {"type": "Feature", "geometry": {"type": "Point", "coordinates": [18.35041, 59.39792]}, "properties": {"id": "osm-w-1544284195", "country": "se", "source": "OSM", "updated": "2026-09-12", "name": "liaison", "type": "liaison", "categorie": "ferry"}}, {"type": "Feature", "geometry": {"type": "Point", "coordinates": [18.34831, 59.39446]}, "properties": {"id": "osm-w-1544284196", "country": "se", "source": "OSM", "updated": "2026-09-12", "name": "liaison", "type": "liaison", "categorie": "ferry"}}, {"type": "Feature", "geometry": {"type": "Point", "coordinates": [18.34476, 59.40058]}, "properties": {"id": "osm-w-1544284197", "country": "se", "source": "OSM", "updated": "2026-09-12", "name": "liaison", "type": "liaison", "categorie": "ferry"}}, {"type": "Feature", "geometry": {"type": "Point", "coordinates": [18.34479, 59.40059]}, "properties": {"id": "osm-w-1544284198", "country": "se", "source": "OSM", "updated": "2026-09-12", "name": "liaison", "type": "liaison", "categorie": "ferry"}}, {"type": "Feature", "geometry": {"type": "Point", "coordinates": [18.34481, 59.40062]}, "properties": {"id": "osm-w-1544284199", "country": "se", "source": "OSM", "updated": "2026-09-12", "name": "liaison", "type": "liaison", "categorie": "ferry"}}, {"type": "Feature", "geometry": {"type": "Point", "coordinates": [18.34271, 59.39033]}, "properties": {"id": "osm-w-1544284200", "country": "se", "source": "OSM", "updated": "2026-09-12", "name": "liaison", "type": "liaison", "categorie": "ferry"}}, {"type": "Feature", "geometry": {"type": "Point", "coordinates": [18.35762, 59.40217]}, "properties": {"id": "osm-w-1544284204", "country": "se", "source": "OSM", "updated": "2026-09-12", "name": "liaison", "type": "liaison", "categorie": "ferry"}}, {"type": "Feature", "geometry": {"type": "Point", "coordinates": [18.3576, 59.40214]}, "properties": {"id": "osm-w-1544284205", "country": "se", "source": "OSM", "updated": "2026-09-12", "name": "liaison", "type": "liaison", "categorie": "ferry"}}, {"type": "Feature", "geometry": {"type": "Point", "coordinates": [18.35757, 59.4021]}, "properties": {"id": "osm-w-1544284206", "country": "se", "source": "OSM", "updated": "2026-09-12", "name": "liaison", "type": "liaison", "categorie": "ferry"}}, {"type": "Feature", "geometry": {"type": "Point", "coordinates": [18.37734, 59.39621]}, "properties": {"id": "osm-w-1544284207", "country": "se", "source": "OSM", "updated": "2026-09-12", "name": "liaison", "type": "liaison", "categorie": "ferry"}}, {"type": "Feature", "geometry": {"type": "Point", "coordinates": [18.3677, 59.39956]}, "properties": {"id": "osm-w-1544284208", "country": "se", "source": "OSM", "updated": "2026-09-12", "name": "liaison", "type": "liaison", "categorie": "ferry"}}, {"type": "Feature", "geometry": {"type": "Point", "coordinates": [18.35757, 59.40207]}, "properties": {"id": "osm-w-1544284209", "country": "se", "source": "OSM", "updated": "2026-09-12", "name": "liaison", "type": "liaison", "categorie": "ferry"}}, {"type": "Feature", "geometry": {"type": "Point", "coordinates": [18.42885, 59.36996]}, "properties": {"id": "osm-w-1544284214", "country": "se", "source": "OSM", "updated": "2026-09-12", "name": "Waxholmsbolaget", "type": "liaison", "categorie": "ferry"}}, {"type": "Feature", "geometry": {"type": "Point", "coordinates": [18.21638, 59.36013]}, "properties": {"id": "osm-w-1544284215", "country": "se", "source": "OSM", "updated": "2026-09-12", "name": "liaison", "type": "liaison", "categorie": "ferry"}}, {"type": "Feature", "geometry": {"type": "Point", "coordinates": [18.20065, 59.33362]}, "properties": {"id": "osm-w-1544284216", "country": "se", "source": "OSM", "updated": "2026-09-12", "name": "liaison", "type": "liaison", "categorie": "ferry"}}, {"type": "Feature", "geometry": {"type": "Point", "coordinates": [18.35322, 59.38074]}, "properties": {"id": "osm-w-1544284217", "country": "se", "source": "OSM", "updated": "2026-09-12", "name": "liaison", "type": "liaison", "categorie": "ferry"}}, {"type": "Feature", "geometry": {"type": "Point", "coordinates": [18.36597, 59.39742]}, "properties": {"id": "osm-w-1544284218", "country": "se", "source": "OSM", "updated": "2026-09-12", "name": "liaison", "type": "liaison", "categorie": "ferry"}}, {"type": "Feature", "geometry": {"type": "Point", "coordinates": [18.36593, 59.39927]}, "properties": {"id": "osm-w-1544284219", "country": "se", "source": "OSM", "updated": "2026-09-12", "name": "liaison", "type": "liaison", "categorie": "ferry"}}, {"type": "Feature", "geometry": {"type": "Point", "coordinates": [18.29564, 59.37953]}, "properties": {"id": "osm-w-1544284220", "country": "se", "source": "OSM", "updated": "2026-09-12", "name": "liaison", "type": "liaison", "categorie": "ferry"}}, {"type": "Feature", "geometry": {"type": "Point", "coordinates": [18.33937, 59.38276]}, "properties": {"id": "osm-w-1544284221", "country": "se", "source": "OSM", "updated": "2026-09-12", "name": "liaison", "type": "liaison", "categorie": "ferry"}}, {"type": "Feature", "geometry": {"type": "Point", "coordinates": [18.36036, 59.40233]}, "properties": {"id": "osm-w-1544284222", "country": "se", "source": "OSM", "updated": "2026-09-12", "name": "liaison", "type": "liaison", "categorie": "ferry"}}, {"type": "Feature", "geometry": {"type": "Point", "coordinates": [18.14928, 59.33205]}, "properties": {"id": "osm-w-1544284223", "country": "se", "source": "OSM", "updated": "2026-09-12", "name": "liaison", "type": "liaison", "categorie": "ferry"}}, {"type": "Feature", "geometry": {"type": "Point", "coordinates": [18.34408, 59.39169]}, "properties": {"id": "osm-w-1544284224", "country": "se", "source": "OSM", "updated": "2026-09-12", "name": "liaison", "type": "liaison", "categorie": "ferry"}}, {"type": "Feature", "geometry": {"type": "Point", "coordinates": [18.29575, 59.37958]}, "properties": {"id": "osm-w-1544284225", "country": "se", "source": "OSM", "updated": "2026-09-12", "name": "liaison", "type": "liaison", "categorie": "ferry"}}, {"type": "Feature", "geometry": {"type": "Point", "coordinates": [18.36775, 59.39763]}, "properties": {"id": "osm-w-1544284226", "country": "se", "source": "OSM", "updated": "2026-09-12", "name": "liaison", "type": "liaison", "categorie": "ferry"}}, {"type": "Feature", "geometry": {"type": "Point", "coordinates": [18.16041, 59.33367]}, "properties": {"id": "osm-w-1544284227", "country": "se", "source": "OSM", "updated": "2026-09-12", "name": "liaison", "type": "liaison", "categorie": "ferry"}}, {"type": "Feature", "geometry": {"type": "Point", "coordinates": [18.15954, 59.33372]}, "properties": {"id": "osm-w-1544284228", "country": "se", "source": "OSM", "updated": "2026-09-12", "name": "liaison", "type": "liaison", "categorie": "ferry"}}, {"type": "Feature", "geometry": {"type": "Point", "coordinates": [18.2789, 59.36098]}, "properties": {"id": "osm-w-1544284229", "country": "se", "source": "OSM", "updated": "2026-09-12", "name": "liaison", "type": "liaison", "categorie": "ferry"}}, {"type": "Feature", "geometry": {"type": "Point", "coordinates": [18.41666, 59.39026]}, "properties": {"id": "osm-w-1544284230", "country": "se", "source": "OSM", "updated": "2026-09-12", "name": "liaison", "type": "liaison", "categorie": "ferry"}}, {"type": "Feature", "geometry": {"type": "Point", "coordinates": [18.12916, 59.32297]}, "properties": {"id": "osm-w-1544284231", "country": "se", "source": "OSM", "updated": "2026-09-12", "name": "liaison", "type": "liaison", "categorie": "ferry"}}, {"type": "Feature", "geometry": {"type": "Point", "coordinates": [18.33301, 59.37397]}, "properties": {"id": "osm-w-1544284232", "country": "se", "source": "OSM", "updated": "2026-09-12", "name": "liaison", "type": "liaison", "categorie": "ferry"}}, {"type": "Feature", "geometry": {"type": "Point", "coordinates": [18.37064, 59.40004]}, "properties": {"id": "osm-w-1544284233", "country": "se", "source": "OSM", "updated": "2026-09-12", "name": "liaison", "type": "liaison", "categorie": "ferry"}}, {"type": "Feature", "geometry": {"type": "Point", "coordinates": [18.15111, 59.32978]}, "properties": {"id": "osm-w-1544284234", "country": "se", "source": "OSM", "updated": "2026-09-12", "name": "liaison", "type": "liaison", "categorie": "ferry"}}, {"type": "Feature", "geometry": {"type": "Point", "coordinates": [18.37639, 59.39503]}, "properties": {"id": "osm-w-1544284235", "country": "se", "source": "OSM", "updated": "2026-09-12", "name": "liaison", "type": "liaison", "categorie": "ferry"}}, {"type": "Feature", "geometry": {"type": "Point", "coordinates": [18.27685, 59.36801]}, "properties": {"id": "osm-w-1544284236", "country": "se", "source": "OSM", "updated": "2026-09-12", "name": "liaison", "type": "liaison", "categorie": "ferry"}}, {"type": "Feature", "geometry": {"type": "Point", "coordinates": [18.33726, 59.38421]}, "properties": {"id": "osm-w-1544284237", "country": "se", "source": "OSM", "updated": "2026-09-12", "name": "liaison", "type": "liaison", "categorie": "ferry"}}, {"type": "Feature", "geometry": {"type": "Point", "coordinates": [18.16951, 59.32287]}, "properties": {"id": "osm-w-1544284238", "country": "se", "source": "OSM", "updated": "2026-09-12", "name": "liaison", "type": "liaison", "categorie": "ferry"}}, {"type": "Feature", "geometry": {"type": "Point", "coordinates": [18.22477, 59.34365]}, "properties": {"id": "osm-w-1544284239", "country": "se", "source": "OSM", "updated": "2026-09-12", "name": "liaison", "type": "liaison", "categorie": "ferry"}}, {"type": "Feature", "geometry": {"type": "Point", "coordinates": [18.27249, 59.36792]}, "properties": {"id": "osm-w-1544284240", "country": "se", "source": "OSM", "updated": "2026-09-12", "name": "liaison", "type": "liaison", "categorie": "ferry"}}, {"type": "Feature", "geometry": {"type": "Point", "coordinates": [18.33938, 59.39687]}, "properties": {"id": "osm-w-1544284241", "country": "se", "source": "OSM", "updated": "2026-09-12", "name": "liaison", "type": "liaison", "categorie": "ferry"}}, {"type": "Feature", "geometry": {"type": "Point", "coordinates": [18.3623, 59.40241]}, "properties": {"id": "osm-w-1544284242", "country": "se", "source": "OSM", "updated": "2026-09-12", "name": "liaison", "type": "liaison", "categorie": "ferry"}}, {"type": "Feature", "geometry": {"type": "Point", "coordinates": [18.07587, 59.32655]}, "properties": {"id": "osm-w-1544284243", "country": "se", "source": "OSM", "updated": "2026-09-12", "name": "liaison", "type": "liaison", "categorie": "ferry"}}, {"type": "Feature", "geometry": {"type": "Point", "coordinates": [18.28879, 59.37204]}, "properties": {"id": "osm-w-1544284244", "country": "se", "source": "OSM", "updated": "2026-09-12", "name": "liaison", "type": "liaison", "categorie": "ferry"}}, {"type": "Feature", "geometry": {"type": "Point", "coordinates": [18.36038, 59.40237]}, "properties": {"id": "osm-w-1544284245", "country": "se", "source": "OSM", "updated": "2026-09-12", "name": "liaison", "type": "liaison", "categorie": "ferry"}}, {"type": "Feature", "geometry": {"type": "Point", "coordinates": [18.37072, 59.39807]}, "properties": {"id": "osm-w-1544284246", "country": "se", "source": "OSM", "updated": "2026-09-12", "name": "liaison", "type": "liaison", "categorie": "ferry"}}, {"type": "Feature", "geometry": {"type": "Point", "coordinates": [18.36598, 59.39948]}, "properties": {"id": "osm-w-1544284247", "country": "se", "source": "OSM", "updated": "2026-09-12", "name": "liaison", "type": "liaison", "categorie": "ferry"}}, {"type": "Feature", "geometry": {"type": "Point", "coordinates": [18.36607, 59.39773]}, "properties": {"id": "osm-w-1544284248", "country": "se", "source": "OSM", "updated": "2026-09-12", "name": "liaison", "type": "liaison", "categorie": "ferry"}}, {"type": "Feature", "geometry": {"type": "Point", "coordinates": [18.36601, 59.39751]}, "properties": {"id": "osm-w-1544284249", "country": "se", "source": "OSM", "updated": "2026-09-12", "name": "liaison", "type": "liaison", "categorie": "ferry"}}, {"type": "Feature", "geometry": {"type": "Point", "coordinates": [18.35198, 59.38175]}, "properties": {"id": "osm-w-1544284250", "country": "se", "source": "OSM", "updated": "2026-09-12", "name": "liaison", "type": "liaison", "categorie": "ferry"}}, {"type": "Feature", "geometry": {"type": "Point", "coordinates": [18.11617, 59.32355]}, "properties": {"id": "osm-w-1544284251", "country": "se", "source": "OSM", "updated": "2026-09-12", "name": "liaison", "type": "liaison", "categorie": "ferry"}}, {"type": "Feature", "geometry": {"type": "Point", "coordinates": [18.36826, 59.40503]}, "properties": {"id": "osm-w-1544284252", "country": "se", "source": "OSM", "updated": "2026-09-12", "name": "liaison", "type": "liaison", "categorie": "ferry"}}, {"type": "Feature", "geometry": {"type": "Point", "coordinates": [18.36038, 59.40243]}, "properties": {"id": "osm-w-1544284253", "country": "se", "source": "OSM", "updated": "2026-09-12", "name": "liaison", "type": "liaison", "categorie": "ferry"}}, {"type": "Feature", "geometry": {"type": "Point", "coordinates": [18.36604, 59.39766]}, "properties": {"id": "osm-w-1544284254", "country": "se", "source": "OSM", "updated": "2026-09-12", "name": "liaison", "type": "liaison", "categorie": "ferry"}}, {"type": "Feature", "geometry": {"type": "Point", "coordinates": [18.35758, 59.40239]}, "properties": {"id": "osm-w-1544284255", "country": "se", "source": "OSM", "updated": "2026-09-12", "name": "liaison", "type": "liaison", "categorie": "ferry"}}, {"type": "Feature", "geometry": {"type": "Point", "coordinates": [18.37508, 59.3932]}, "properties": {"id": "osm-w-1544284256", "country": "se", "source": "OSM", "updated": "2026-09-12", "name": "liaison", "type": "liaison", "categorie": "ferry"}}, {"type": "Feature", "geometry": {"type": "Point", "coordinates": [18.4102, 59.38067]}, "properties": {"id": "osm-w-1544284257", "country": "se", "source": "OSM", "updated": "2026-09-12", "name": "liaison", "type": "liaison", "categorie": "ferry"}}, {"type": "Feature", "geometry": {"type": "Point", "coordinates": [18.37514, 59.39331]}, "properties": {"id": "osm-w-1544284258", "country": "se", "source": "OSM", "updated": "2026-09-12", "name": "liaison", "type": "liaison", "categorie": "ferry"}}, {"type": "Feature", "geometry": {"type": "Point", "coordinates": [18.36038, 59.4024]}, "properties": {"id": "osm-w-1544284259", "country": "se", "source": "OSM", "updated": "2026-09-12", "name": "liaison", "type": "liaison", "categorie": "ferry"}}, {"type": "Feature", "geometry": {"type": "Point", "coordinates": [18.07593, 59.32653]}, "properties": {"id": "osm-w-1544284260", "country": "se", "source": "OSM", "updated": "2026-09-12", "name": "liaison", "type": "liaison", "categorie": "ferry"}}, {"type": "Feature", "geometry": {"type": "Point", "coordinates": [18.41639, 59.38075]}, "properties": {"id": "osm-w-1544284261", "country": "se", "source": "OSM", "updated": "2026-09-12", "name": "liaison", "type": "liaison", "categorie": "ferry"}}, {"type": "Feature", "geometry": {"type": "Point", "coordinates": [18.40064, 59.38062]}, "properties": {"id": "osm-w-1544284262", "country": "se", "source": "OSM", "updated": "2026-09-12", "name": "liaison", "type": "liaison", "categorie": "ferry"}}, {"type": "Feature", "geometry": {"type": "Point", "coordinates": [18.35762, 59.40223]}, "properties": {"id": "osm-w-1544284263", "country": "se", "source": "OSM", "updated": "2026-09-12", "name": "liaison", "type": "liaison", "categorie": "ferry"}}, {"type": "Feature", "geometry": {"type": "Point", "coordinates": [18.33247, 59.37528]}, "properties": {"id": "osm-w-1544284264", "country": "se", "source": "OSM", "updated": "2026-09-12", "name": "liaison", "type": "liaison", "categorie": "ferry"}}, {"type": "Feature", "geometry": {"type": "Point", "coordinates": [18.16024, 59.33383]}, "properties": {"id": "osm-w-1544284265", "country": "se", "source": "OSM", "updated": "2026-09-12", "name": "liaison", "type": "liaison", "categorie": "ferry"}}, {"type": "Feature", "geometry": {"type": "Point", "coordinates": [18.16038, 59.33377]}, "properties": {"id": "osm-w-1544284266", "country": "se", "source": "OSM", "updated": "2026-09-12", "name": "liaison", "type": "liaison", "categorie": "ferry"}}, {"type": "Feature", "geometry": {"type": "Point", "coordinates": [18.38763, 59.39378]}, "properties": {"id": "osm-w-1544284267", "country": "se", "source": "OSM", "updated": "2026-09-12", "name": "liaison", "type": "liaison", "categorie": "ferry"}}, {"type": "Feature", "geometry": {"type": "Point", "coordinates": [18.36593, 59.39932]}, "properties": {"id": "osm-w-1544284268", "country": "se", "source": "OSM", "updated": "2026-09-12", "name": "liaison", "type": "liaison", "categorie": "ferry"}}, {"type": "Feature", "geometry": {"type": "Point", "coordinates": [18.15026, 59.33206]}, "properties": {"id": "osm-w-1544284269", "country": "se", "source": "OSM", "updated": "2026-09-12", "name": "liaison", "type": "liaison", "categorie": "ferry"}}, {"type": "Feature", "geometry": {"type": "Point", "coordinates": [18.1509, 59.32984]}, "properties": {"id": "osm-w-1544284270", "country": "se", "source": "OSM", "updated": "2026-09-12", "name": "liaison", "type": "liaison", "categorie": "ferry"}}, {"type": "Feature", "geometry": {"type": "Point", "coordinates": [18.15085, 59.32981]}, "properties": {"id": "osm-w-1544284271", "country": "se", "source": "OSM", "updated": "2026-09-12", "name": "liaison", "type": "liaison", "categorie": "ferry"}}, {"type": "Feature", "geometry": {"type": "Point", "coordinates": [18.36843, 59.40308]}, "properties": {"id": "osm-w-1544284272", "country": "se", "source": "OSM", "updated": "2026-09-12", "name": "liaison", "type": "liaison", "categorie": "ferry"}}, {"type": "Feature", "geometry": {"type": "Point", "coordinates": [18.3627, 59.40773]}, "properties": {"id": "osm-w-1544284273", "country": "se", "source": "OSM", "updated": "2026-09-12", "name": "liaison", "type": "liaison", "categorie": "ferry"}}, {"type": "Feature", "geometry": {"type": "Point", "coordinates": [18.35013, 59.39779]}, "properties": {"id": "osm-w-1544284274", "country": "se", "source": "OSM", "updated": "2026-09-12", "name": "liaison", "type": "liaison", "categorie": "ferry"}}, {"type": "Feature", "geometry": {"type": "Point", "coordinates": [18.11608, 59.32355]}, "properties": {"id": "osm-w-1544284275", "country": "se", "source": "OSM", "updated": "2026-09-12", "name": "liaison", "type": "liaison", "categorie": "ferry"}}, {"type": "Feature", "geometry": {"type": "Point", "coordinates": [18.3576, 59.40233]}, "properties": {"id": "osm-w-1544284276", "country": "se", "source": "OSM", "updated": "2026-09-12", "name": "liaison", "type": "liaison", "categorie": "ferry"}}, {"type": "Feature", "geometry": {"type": "Point", "coordinates": [18.34514, 59.40073]}, "properties": {"id": "osm-w-1544284277", "country": "se", "source": "OSM", "updated": "2026-09-12", "name": "liaison", "type": "liaison", "categorie": "ferry"}}, {"type": "Feature", "geometry": {"type": "Point", "coordinates": [18.36033, 59.40229]}, "properties": {"id": "osm-w-1544284278", "country": "se", "source": "OSM", "updated": "2026-09-12", "name": "liaison", "type": "liaison", "categorie": "ferry"}}, {"type": "Feature", "geometry": {"type": "Point", "coordinates": [18.36036, 59.40247]}, "properties": {"id": "osm-w-1544284279", "country": "se", "source": "OSM", "updated": "2026-09-12", "name": "liaison", "type": "liaison", "categorie": "ferry"}}, {"type": "Feature", "geometry": {"type": "Point", "coordinates": [18.4267, 59.38775]}, "properties": {"id": "osm-w-1544284280", "country": "se", "source": "OSM", "updated": "2026-09-12", "name": "liaison", "type": "liaison", "categorie": "ferry"}}, {"type": "Feature", "geometry": {"type": "Point", "coordinates": [18.35575, 59.4021]}, "properties": {"id": "osm-w-1544284281", "country": "se", "source": "OSM", "updated": "2026-09-12", "name": "liaison", "type": "liaison", "categorie": "ferry"}}, {"type": "Feature", "geometry": {"type": "Point", "coordinates": [18.07604, 59.32649]}, "properties": {"id": "osm-w-1544284282", "country": "se", "source": "OSM", "updated": "2026-09-12", "name": "liaison", "type": "liaison", "categorie": "ferry"}}, {"type": "Feature", "geometry": {"type": "Point", "coordinates": [18.35561, 59.40189]}, "properties": {"id": "osm-w-1544284283", "country": "se", "source": "OSM", "updated": "2026-09-12", "name": "liaison", "type": "liaison", "categorie": "ferry"}}, {"type": "Feature", "geometry": {"type": "Point", "coordinates": [18.31394, 59.37351]}, "properties": {"id": "osm-w-1544284284", "country": "se", "source": "OSM", "updated": "2026-09-12", "name": "liaison", "type": "liaison", "categorie": "ferry"}}, {"type": "Feature", "geometry": {"type": "Point", "coordinates": [18.07661, 59.32626]}, "properties": {"id": "osm-w-1544284285", "country": "se", "source": "OSM", "updated": "2026-09-12", "name": "liaison", "type": "liaison", "categorie": "ferry"}}, {"type": "Feature", "geometry": {"type": "Point", "coordinates": [18.07666, 59.32622]}, "properties": {"id": "osm-w-1544284286", "country": "se", "source": "OSM", "updated": "2026-09-12", "name": "liaison", "type": "liaison", "categorie": "ferry"}}, {"type": "Feature", "geometry": {"type": "Point", "coordinates": [18.35565, 59.40197]}, "properties": {"id": "osm-w-1544284287", "country": "se", "source": "OSM", "updated": "2026-09-12", "name": "liaison", "type": "liaison", "categorie": "ferry"}}, {"type": "Feature", "geometry": {"type": "Point", "coordinates": [18.0764, 59.32641]}, "properties": {"id": "osm-w-1544284288", "country": "se", "source": "OSM", "updated": "2026-09-12", "name": "liaison", "type": "liaison", "categorie": "ferry"}}, {"type": "Feature", "geometry": {"type": "Point", "coordinates": [18.35756, 59.40205]}, "properties": {"id": "osm-w-1544284289", "country": "se", "source": "OSM", "updated": "2026-09-12", "name": "liaison", "type": "liaison", "categorie": "ferry"}}, {"type": "Feature", "geometry": {"type": "Point", "coordinates": [18.35565, 59.40192]}, "properties": {"id": "osm-w-1544284290", "country": "se", "source": "OSM", "updated": "2026-09-12", "name": "liaison", "type": "liaison", "categorie": "ferry"}}, {"type": "Feature", "geometry": {"type": "Point", "coordinates": [18.10647, 59.3207]}, "properties": {"id": "osm-w-1544284291", "country": "se", "source": "OSM", "updated": "2026-09-12", "name": "liaison", "type": "liaison", "categorie": "ferry"}}, {"type": "Feature", "geometry": {"type": "Point", "coordinates": [18.07598, 59.32651]}, "properties": {"id": "osm-w-1544284292", "country": "se", "source": "OSM", "updated": "2026-09-12", "name": "liaison", "type": "liaison", "categorie": "ferry"}}, {"type": "Feature", "geometry": {"type": "Point", "coordinates": [18.23509, 59.34528]}, "properties": {"id": "osm-w-1544284293", "country": "se", "source": "OSM", "updated": "2026-09-12", "name": "liaison", "type": "liaison", "categorie": "ferry"}}, {"type": "Feature", "geometry": {"type": "Point", "coordinates": [18.44937, 59.35338]}, "properties": {"id": "osm-w-1544284294", "country": "se", "source": "OSM", "updated": "2026-09-12", "name": "liaison", "type": "liaison", "categorie": "ferry"}}, {"type": "Feature", "geometry": {"type": "Point", "coordinates": [18.36033, 59.4025]}, "properties": {"id": "osm-w-1544284295", "country": "se", "source": "OSM", "updated": "2026-09-12", "name": "liaison", "type": "liaison", "categorie": "ferry"}}, {"type": "Feature", "geometry": {"type": "Point", "coordinates": [18.42037, 59.39028]}, "properties": {"id": "osm-w-1544284296", "country": "se", "source": "OSM", "updated": "2026-09-12", "name": "liaison", "type": "liaison", "categorie": "ferry"}}, {"type": "Feature", "geometry": {"type": "Point", "coordinates": [18.38774, 59.39189]}, "properties": {"id": "osm-w-1544284297", "country": "se", "source": "OSM", "updated": "2026-09-12", "name": "liaison", "type": "liaison", "categorie": "ferry"}}, {"type": "Feature", "geometry": {"type": "Point", "coordinates": [18.33805, 59.39346]}, "properties": {"id": "osm-w-1544284298", "country": "se", "source": "OSM", "updated": "2026-09-12", "name": "liaison", "type": "liaison", "categorie": "ferry"}}, {"type": "Feature", "geometry": {"type": "Point", "coordinates": [18.28879, 59.37204]}, "properties": {"id": "osm-w-1544284299", "country": "se", "source": "OSM", "updated": "2026-09-12", "name": "liaison", "type": "liaison", "categorie": "ferry"}}, {"type": "Feature", "geometry": {"type": "Point", "coordinates": [18.07635, 59.32643]}, "properties": {"id": "osm-w-1544284300", "country": "se", "source": "OSM", "updated": "2026-09-12", "name": "liaison", "type": "liaison", "categorie": "ferry"}}, {"type": "Feature", "geometry": {"type": "Point", "coordinates": [18.99181, 59.77391]}, "properties": {"id": "osm-w-1547530238", "country": "se", "source": "OSM", "updated": "2026-09-12", "name": "liaison", "type": "liaison", "categorie": "ferry"}}, {"type": "Feature", "geometry": {"type": "Point", "coordinates": [19.05526, 59.7687]}, "properties": {"id": "osm-w-1547530239", "country": "se", "source": "OSM", "updated": "2026-09-12", "name": "liaison", "type": "liaison", "categorie": "ferry"}}, {"type": "Feature", "geometry": {"type": "Point", "coordinates": [18.8857, 59.62492]}, "properties": {"id": "osm-w-1547530240", "country": "se", "source": "OSM", "updated": "2026-09-12", "name": "liaison", "type": "liaison", "categorie": "ferry"}}, {"type": "Feature", "geometry": {"type": "Point", "coordinates": [18.86295, 59.60351]}, "properties": {"id": "osm-w-1547530241", "country": "se", "source": "OSM", "updated": "2026-09-12", "name": "liaison", "type": "liaison", "categorie": "ferry"}}, {"type": "Feature", "geometry": {"type": "Point", "coordinates": [19.04423, 59.70141]}, "properties": {"id": "osm-w-1547530244", "country": "se", "source": "OSM", "updated": "2026-09-12", "name": "liaison", "type": "liaison", "categorie": "ferry"}}, {"type": "Feature", "geometry": {"type": "Point", "coordinates": [19.09263, 59.84373]}, "properties": {"id": "osm-w-1547530247", "country": "se", "source": "OSM", "updated": "2026-09-12", "name": "liaison", "type": "liaison", "categorie": "ferry"}}, {"type": "Feature", "geometry": {"type": "Point", "coordinates": [18.87757, 59.44137]}, "properties": {"id": "osm-w-1547530252", "country": "se", "source": "OSM", "updated": "2026-09-12", "name": "liaison", "type": "liaison", "categorie": "ferry"}}, {"type": "Feature", "geometry": {"type": "Point", "coordinates": [18.90202, 59.41488]}, "properties": {"id": "osm-w-1547530253", "country": "se", "source": "OSM", "updated": "2026-09-12", "name": "liaison", "type": "liaison", "categorie": "ferry"}}, {"type": "Feature", "geometry": {"type": "Point", "coordinates": [18.49487, 59.14751]}, "properties": {"id": "osm-w-1547530254", "country": "se", "source": "OSM", "updated": "2026-09-12", "name": "liaison", "type": "liaison", "categorie": "ferry"}}, {"type": "Feature", "geometry": {"type": "Point", "coordinates": [18.46663, 59.07925]}, "properties": {"id": "osm-w-1547530256", "country": "se", "source": "OSM", "updated": "2026-09-12", "name": "liaison", "type": "liaison", "categorie": "ferry"}}, {"type": "Feature", "geometry": {"type": "Point", "coordinates": [18.81068, 59.29709]}, "properties": {"id": "osm-w-1547530261", "country": "se", "source": "OSM", "updated": "2026-09-12", "name": "liaison", "type": "liaison", "categorie": "ferry"}}, {"type": "Feature", "geometry": {"type": "Point", "coordinates": [18.03144, 58.89827]}, "properties": {"id": "osm-w-1547530262", "country": "se", "source": "OSM", "updated": "2026-09-12", "name": "liaison", "type": "liaison", "categorie": "ferry"}}, {"type": "Feature", "geometry": {"type": "Point", "coordinates": [18.21789, 58.92854]}, "properties": {"id": "osm-w-1547530263", "country": "se", "source": "OSM", "updated": "2026-09-12", "name": "liaison", "type": "liaison", "categorie": "ferry"}}, {"type": "Feature", "geometry": {"type": "Point", "coordinates": [18.97314, 59.67253]}, "properties": {"id": "osm-w-1547530264", "country": "se", "source": "OSM", "updated": "2026-09-12", "name": "liaison", "type": "liaison", "categorie": "ferry"}}, {"type": "Feature", "geometry": {"type": "Point", "coordinates": [16.88228, 55.28185]}, "properties": {"id": "osm-w-1550075468", "country": "se", "source": "OSM", "updated": "2026-09-12", "name": "Gdańsk (PL) - Karlshamn (SE)", "type": "liaison", "categorie": "ferry", "duree": "13", "vehicules": "yes"}}, {"type": "Feature", "geometry": {"type": "Point", "coordinates": [28.97435, 62.14782]}, "properties": {"id": "osm-n-53216227", "country": "fi", "source": "OSM", "updated": "2026-09-12", "name": "embarcadère", "type": "quai"}}, {"type": "Feature", "geometry": {"type": "Point", "coordinates": [24.96585, 60.16399]}, "properties": {"id": "osm-n-59631552", "country": "fi", "source": "OSM", "updated": "2026-09-12", "name": "Katajanokan laituri EK7", "type": "quai", "operateur": "Viking Line"}}, {"type": "Feature", "geometry": {"type": "Point", "coordinates": [23.10958, 59.88876]}, "properties": {"id": "osm-n-132243436", "country": "fi", "source": "OSM", "updated": "2026-09-12", "name": "Bengtsårin laituri", "type": "quai", "operateur": "Helsingin kaupunki"}}, {"type": "Feature", "geometry": {"type": "Point", "coordinates": [23.50735, 59.93075]}, "properties": {"id": "osm-n-241461248", "country": "fi", "source": "OSM", "updated": "2026-09-12", "name": "embarcadère", "type": "quai"}}, {"type": "Feature", "geometry": {"type": "Point", "coordinates": [28.46625, 62.20363]}, "properties": {"id": "osm-n-243857336", "country": "fi", "source": "OSM", "updated": "2026-09-12", "name": "embarcadère", "type": "quai"}}, {"type": "Feature", "geometry": {"type": "Point", "coordinates": [24.7709, 60.15519]}, "properties": {"id": "osm-n-245956337", "country": "fi", "source": "OSM", "updated": "2026-09-12", "name": "Haukilahden saaristovenelaituri", "type": "quai"}}, {"type": "Feature", "geometry": {"type": "Point", "coordinates": [28.97193, 62.14974]}, "properties": {"id": "osm-n-248892395", "country": "fi", "source": "OSM", "updated": "2026-09-12", "name": "embarcadère", "type": "quai"}}, {"type": "Feature", "geometry": {"type": "Point", "coordinates": [29.57118, 62.39416]}, "properties": {"id": "osm-n-250103680", "country": "fi", "source": "OSM", "updated": "2026-09-12", "name": "embarcadère", "type": "quai"}}, {"type": "Feature", "geometry": {"type": "Point", "coordinates": [29.32533, 63.27828]}, "properties": {"id": "osm-n-252927578", "country": "fi", "source": "OSM", "updated": "2026-09-12", "name": "embarcadère", "type": "quai"}}, {"type": "Feature", "geometry": {"type": "Point", "coordinates": [29.3178, 63.27744]}, "properties": {"id": "osm-n-253343881", "country": "fi", "source": "OSM", "updated": "2026-09-12", "name": "embarcadère", "type": "quai"}}, {"type": "Feature", "geometry": {"type": "Point", "coordinates": [23.76125, 61.49515]}, "properties": {"id": "osm-n-255820676", "country": "fi", "source": "OSM", "updated": "2026-09-12", "name": "Laukontori", "type": "quai", "operateur": "Hopealinjat"}}, {"type": "Feature", "geometry": {"type": "Point", "coordinates": [29.56681, 62.39055]}, "properties": {"id": "osm-n-257084086", "country": "fi", "source": "OSM", "updated": "2026-09-12", "name": "embarcadère", "type": "quai"}}, {"type": "Feature", "geometry": {"type": "Point", "coordinates": [22.13703, 60.14806]}, "properties": {"id": "osm-n-262441186", "country": "fi", "source": "OSM", "updated": "2026-09-12", "name": "Pensar I", "type": "quai"}}, {"type": "Feature", "geometry": {"type": "Point", "coordinates": [22.17539, 60.16564]}, "properties": {"id": "osm-n-262441407", "country": "fi", "source": "OSM", "updated": "2026-09-12", "name": "Aspholm", "type": "quai", "operateur": "Finferries"}}, {"type": "Feature", "geometry": {"type": "Point", "coordinates": [22.18413, 60.17]}, "properties": {"id": "osm-n-262441477", "country": "fi", "source": "OSM", "updated": "2026-09-12", "name": "Ramsholm", "type": "quai"}}, {"type": "Feature", "geometry": {"type": "Point", "coordinates": [22.23599, 60.18519]}, "properties": {"id": "osm-n-262441490", "country": "fi", "source": "OSM", "updated": "2026-09-12", "name": "Björkholm", "type": "quai", "operateur": "Finferries"}}, {"type": "Feature", "geometry": {"type": "Point", "coordinates": [24.95786, 60.152]}, "properties": {"id": "osm-n-265727457", "country": "fi", "source": "OSM", "updated": "2026-09-12", "name": "Harakanlaituri", "type": "quai"}}, {"type": "Feature", "geometry": {"type": "Point", "coordinates": [24.9521, 60.15382]}, "properties": {"id": "osm-n-265727487", "country": "fi", "source": "OSM", "updated": "2026-09-12", "name": "Uunisaarenlaituri", "type": "quai"}}, {"type": "Feature", "geometry": {"type": "Point", "coordinates": [20.75141, 60.31823]}, "properties": {"id": "osm-n-266033396", "country": "fi", "source": "OSM", "updated": "2026-09-12", "name": "Enklinge", "type": "quai"}}, {"type": "Feature", "geometry": {"type": "Point", "coordinates": [21.69152, 60.16589]}, "properties": {"id": "osm-n-266853960", "country": "fi", "source": "OSM", "updated": "2026-09-12", "name": "Retais", "type": "quai"}}, {"type": "Feature", "geometry": {"type": "Point", "coordinates": [25.66245, 60.38895]}, "properties": {"id": "osm-n-269209726", "country": "fi", "source": "OSM", "updated": "2026-09-12", "name": "embarcadère", "type": "quai"}}, {"type": "Feature", "geometry": {"type": "Point", "coordinates": [27.83604, 62.90576]}, "properties": {"id": "osm-n-272378558", "country": "fi", "source": "OSM", "updated": "2026-09-12", "name": "embarcadère", "type": "quai"}}, {"type": "Feature", "geometry": {"type": "Point", "coordinates": [27.84033, 62.9056]}, "properties": {"id": "osm-n-272378560", "country": "fi", "source": "OSM", "updated": "2026-09-12", "name": "embarcadère", "type": "quai"}}, {"type": "Feature", "geometry": {"type": "Point", "coordinates": [20.37243, 60.32235]}, "properties": {"id": "osm-n-274374871", "country": "fi", "source": "OSM", "updated": "2026-09-12", "name": "Norra Sandö", "type": "quai"}}, {"type": "Feature", "geometry": {"type": "Point", "coordinates": [28.34267, 61.32593]}, "properties": {"id": "osm-n-277311695", "country": "fi", "source": "OSM", "updated": "2026-09-12", "name": "embarcadère", "type": "quai"}}, {"type": "Feature", "geometry": {"type": "Point", "coordinates": [28.34218, 61.32998]}, "properties": {"id": "osm-n-277317379", "country": "fi", "source": "OSM", "updated": "2026-09-12", "name": "embarcadère", "type": "quai"}}, {"type": "Feature", "geometry": {"type": "Point", "coordinates": [22.1613, 60.14802]}, "properties": {"id": "osm-n-280327289", "country": "fi", "source": "OSM", "updated": "2026-09-12", "name": "Kuggö", "type": "quai"}}, {"type": "Feature", "geometry": {"type": "Point", "coordinates": [21.91214, 60.19428]}, "properties": {"id": "osm-n-280398492", "country": "fi", "source": "OSM", "updated": "2026-09-12", "name": "Nagu hamn", "type": "quai"}}, {"type": "Feature", "geometry": {"type": "Point", "coordinates": [21.955, 60.23644]}, "properties": {"id": "osm-n-280416030", "country": "fi", "source": "OSM", "updated": "2026-09-12", "name": "Själö", "type": "quai"}}, {"type": "Feature", "geometry": {"type": "Point", "coordinates": [21.58577, 60.18546]}, "properties": {"id": "osm-n-280457070", "country": "fi", "source": "OSM", "updated": "2026-09-12", "name": "Galtby", "type": "quai"}}, {"type": "Feature", "geometry": {"type": "Point", "coordinates": [21.39557, 60.21743]}, "properties": {"id": "osm-n-280480770", "country": "fi", "source": "OSM", "updated": "2026-09-12", "name": "Näsby", "type": "quai"}}, {"type": "Feature", "geometry": {"type": "Point", "coordinates": [21.43954, 60.28877]}, "properties": {"id": "osm-n-280484139", "country": "fi", "source": "OSM", "updated": "2026-09-12", "name": "Mossala (Houtskär)", "type": "quai"}}, {"type": "Feature", "geometry": {"type": "Point", "coordinates": [21.34945, 60.37231]}, "properties": {"id": "osm-n-280502001", "country": "fi", "source": "OSM", "updated": "2026-09-12", "name": "Keistiö", "type": "quai"}}, {"type": "Feature", "geometry": {"type": "Point", "coordinates": [21.39611, 60.43943]}, "properties": {"id": "osm-n-280523095", "country": "fi", "source": "OSM", "updated": "2026-09-12", "name": "Kannvik (Iniö)", "type": "quai"}}, {"type": "Feature", "geometry": {"type": "Point", "coordinates": [20.94208, 60.31095]}, "properties": {"id": "osm-n-281453352", "country": "fi", "source": "OSM", "updated": "2026-09-12", "name": "Björkö", "type": "quai"}}, {"type": "Feature", "geometry": {"type": "Point", "coordinates": [21.43464, 60.48535]}, "properties": {"id": "osm-n-281826597", "country": "fi", "source": "OSM", "updated": "2026-09-12", "name": "Heponiemi (Kustavi)", "type": "quai"}}, {"type": "Feature", "geometry": {"type": "Point", "coordinates": [21.36994, 60.41155]}, "properties": {"id": "osm-n-282029875", "country": "fi", "source": "OSM", "updated": "2026-09-12", "name": "Jumo", "type": "quai"}}, {"type": "Feature", "geometry": {"type": "Point", "coordinates": [21.36854, 60.40604]}, "properties": {"id": "osm-n-282029877", "country": "fi", "source": "OSM", "updated": "2026-09-12", "name": "Skagen", "type": "quai"}}, {"type": "Feature", "geometry": {"type": "Point", "coordinates": [21.37171, 60.38145]}, "properties": {"id": "osm-n-282042746", "country": "fi", "source": "OSM", "updated": "2026-09-12", "name": "Dalen (Iniö)", "type": "quai"}}, {"type": "Feature", "geometry": {"type": "Point", "coordinates": [21.40599, 60.26879]}, "properties": {"id": "osm-n-282079424", "country": "fi", "source": "OSM", "updated": "2026-09-12", "name": "Mossala", "type": "quai"}}, {"type": "Feature", "geometry": {"type": "Point", "coordinates": [21.40593, 60.26562]}, "properties": {"id": "osm-n-282079426", "country": "fi", "source": "OSM", "updated": "2026-09-12", "name": "Björkö", "type": "quai"}}, {"type": "Feature", "geometry": {"type": "Point", "coordinates": [21.33565, 60.23508]}, "properties": {"id": "osm-n-282079550", "country": "fi", "source": "OSM", "updated": "2026-09-12", "name": "Kivimo", "type": "quai"}}, {"type": "Feature", "geometry": {"type": "Point", "coordinates": [21.33481, 60.23371]}, "properties": {"id": "osm-n-282079555", "country": "fi", "source": "OSM", "updated": "2026-09-12", "name": "Roslax", "type": "quai"}}, {"type": "Feature", "geometry": {"type": "Point", "coordinates": [21.43852, 60.18678]}, "properties": {"id": "osm-n-282079801", "country": "fi", "source": "OSM", "updated": "2026-09-12", "name": "Kittuis", "type": "quai"}}, {"type": "Feature", "geometry": {"type": "Point", "coordinates": [22.09839, 60.22239]}, "properties": {"id": "osm-n-282100855", "country": "fi", "source": "OSM", "updated": "2026-09-12", "name": "Prostvik", "type": "quai"}}, {"type": "Feature", "geometry": {"type": "Point", "coordinates": [28.17126, 61.45307]}, "properties": {"id": "osm-n-283827798", "country": "fi", "source": "OSM", "updated": "2026-09-12", "name": "embarcadère", "type": "quai"}}, {"type": "Feature", "geometry": {"type": "Point", "coordinates": [28.16719, 61.45191]}, "properties": {"id": "osm-n-283827805", "country": "fi", "source": "OSM", "updated": "2026-09-12", "name": "embarcadère", "type": "quai"}}, {"type": "Feature", "geometry": {"type": "Point", "coordinates": [24.83875, 60.18569]}, "properties": {"id": "osm-n-288077020", "country": "fi", "source": "OSM", "updated": "2026-09-12", "name": "Otaniemen saaristovenelaituri", "type": "quai"}}, {"type": "Feature", "geometry": {"type": "Point", "coordinates": [24.9549, 60.16687]}, "properties": {"id": "osm-n-288337150", "country": "fi", "source": "OSM", "updated": "2026-09-12", "name": "embarcadère", "type": "quai"}}, {"type": "Feature", "geometry": {"type": "Point", "coordinates": [27.76422, 62.72037]}, "properties": {"id": "osm-n-294627116", "country": "fi", "source": "OSM", "updated": "2026-09-12", "name": "embarcadère", "type": "quai"}}, {"type": "Feature", "geometry": {"type": "Point", "coordinates": [27.75594, 62.72244]}, "properties": {"id": "osm-n-294627237", "country": "fi", "source": "OSM", "updated": "2026-09-12", "name": "embarcadère", "type": "quai"}}, {"type": "Feature", "geometry": {"type": "Point", "coordinates": [25.90261, 60.24498]}, "properties": {"id": "osm-n-303987959", "country": "fi", "source": "OSM", "updated": "2026-09-12", "name": "embarcadère", "type": "quai"}}, {"type": "Feature", "geometry": {"type": "Point", "coordinates": [28.31685, 61.09633]}, "properties": {"id": "osm-n-308220164", "country": "fi", "source": "OSM", "updated": "2026-09-12", "name": "embarcadère", "type": "quai"}}, {"type": "Feature", "geometry": {"type": "Point", "coordinates": [29.92735, 62.99068]}, "properties": {"id": "osm-n-308296597", "country": "fi", "source": "OSM", "updated": "2026-09-12", "name": "embarcadère", "type": "quai"}}, {"type": "Feature", "geometry": {"type": "Point", "coordinates": [29.9282, 62.99073]}, "properties": {"id": "osm-n-308297192", "country": "fi", "source": "OSM", "updated": "2026-09-12", "name": "embarcadère", "type": "quai"}}, {"type": "Feature", "geometry": {"type": "Point", "coordinates": [28.72753, 61.82032]}, "properties": {"id": "osm-n-367933044", "country": "fi", "source": "OSM", "updated": "2026-09-12", "name": "embarcadère", "type": "quai"}}, {"type": "Feature", "geometry": {"type": "Point", "coordinates": [22.30399, 60.21681]}, "properties": {"id": "osm-n-386459423", "country": "fi", "source": "OSM", "updated": "2026-09-12", "name": "Våno", "type": "quai"}}, {"type": "Feature", "geometry": {"type": "Point", "coordinates": [20.89137, 59.94531]}, "properties": {"id": "osm-n-413734193", "country": "fi", "source": "OSM", "updated": "2026-09-12", "name": "Kökar", "type": "quai"}}, {"type": "Feature", "geometry": {"type": "Point", "coordinates": [20.51055, 60.11152]}, "properties": {"id": "osm-n-413734197", "country": "fi", "source": "OSM", "updated": "2026-09-12", "name": "Överö", "type": "quai"}}, {"type": "Feature", "geometry": {"type": "Point", "coordinates": [20.68202, 60.11003]}, "properties": {"id": "osm-n-413734203", "country": "fi", "source": "OSM", "updated": "2026-09-12", "name": "Sottunga", "type": "quai"}}, {"type": "Feature", "geometry": {"type": "Point", "coordinates": [20.80731, 60.06467]}, "properties": {"id": "osm-n-419001670", "country": "fi", "source": "OSM", "updated": "2026-09-12", "name": "Husö", "type": "quai"}}, {"type": "Feature", "geometry": {"type": "Point", "coordinates": [20.26755, 60.06656]}, "properties": {"id": "osm-n-419008955", "country": "fi", "source": "OSM", "updated": "2026-09-12", "name": "Svinö", "type": "quai"}}, {"type": "Feature", "geometry": {"type": "Point", "coordinates": [21.64792, 60.46093]}, "properties": {"id": "osm-n-427498323", "country": "fi", "source": "OSM", "updated": "2026-09-12", "name": "Palva", "type": "quai"}}, {"type": "Feature", "geometry": {"type": "Point", "coordinates": [21.67558, 60.46788]}, "properties": {"id": "osm-n-427498333", "country": "fi", "source": "OSM", "updated": "2026-09-12", "name": "Palva", "type": "quai"}}, {"type": "Feature", "geometry": {"type": "Point", "coordinates": [21.31948, 60.54097]}, "properties": {"id": "osm-n-427686451", "country": "fi", "source": "OSM", "updated": "2026-09-12", "name": "Vartsala", "type": "quai"}}, {"type": "Feature", "geometry": {"type": "Point", "coordinates": [25.06855, 60.18011]}, "properties": {"id": "osm-n-428264829", "country": "fi", "source": "OSM", "updated": "2026-09-12", "name": "Vartiosaari", "type": "quai"}}, {"type": "Feature", "geometry": {"type": "Point", "coordinates": [28.3854, 61.60437]}, "properties": {"id": "osm-n-439358370", "country": "fi", "source": "OSM", "updated": "2026-09-12", "name": "embarcadère", "type": "quai"}}, {"type": "Feature", "geometry": {"type": "Point", "coordinates": [28.38607, 61.60899]}, "properties": {"id": "osm-n-439410367", "country": "fi", "source": "OSM", "updated": "2026-09-12", "name": "embarcadère", "type": "quai"}}, {"type": "Feature", "geometry": {"type": "Point", "coordinates": [21.05824, 60.50328]}, "properties": {"id": "osm-n-439527023", "country": "fi", "source": "OSM", "updated": "2026-09-12", "name": "Åva (Brändö)", "type": "quai"}}, {"type": "Feature", "geometry": {"type": "Point", "coordinates": [25.06741, 60.17921]}, "properties": {"id": "osm-n-442846392", "country": "fi", "source": "OSM", "updated": "2026-09-12", "name": "Laajasalon saaristovenelaituri", "type": "quai"}}, {"type": "Feature", "geometry": {"type": "Point", "coordinates": [25.34575, 60.17398]}, "properties": {"id": "osm-n-459500960", "country": "fi", "source": "OSM", "updated": "2026-09-12", "name": "Kaunissaari", "type": "quai"}}, {"type": "Feature", "geometry": {"type": "Point", "coordinates": [25.14092, 60.19883]}, "properties": {"id": "osm-n-459500961", "country": "fi", "source": "OSM", "updated": "2026-09-12", "name": "Kalkkihiekantorin laivalaituri", "type": "quai"}}, {"type": "Feature", "geometry": {"type": "Point", "coordinates": [21.03808, 60.35658]}, "properties": {"id": "osm-n-460399981", "country": "fi", "source": "OSM", "updated": "2026-09-12", "name": "Torsholma", "type": "quai"}}, {"type": "Feature", "geometry": {"type": "Point", "coordinates": [21.37108, 59.78259]}, "properties": {"id": "osm-n-464711622", "country": "fi", "source": "OSM", "updated": "2026-09-12", "name": "Utö (Storabron)", "type": "quai"}}, {"type": "Feature", "geometry": {"type": "Point", "coordinates": [20.79393, 69.04725]}, "properties": {"id": "osm-n-465236201", "country": "fi", "source": "OSM", "updated": "2026-09-12", "name": "Kilpisjärvi - Koltalukta", "type": "quai"}}, {"type": "Feature", "geometry": {"type": "Point", "coordinates": [25.12913, 60.18163]}, "properties": {"id": "osm-n-475381892", "country": "fi", "source": "OSM", "updated": "2026-09-12", "name": "Iiluoto", "type": "quai"}}, {"type": "Feature", "geometry": {"type": "Point", "coordinates": [27.92273, 66.57869]}, "properties": {"id": "osm-n-538952332", "country": "fi", "source": "OSM", "updated": "2026-09-12", "name": "Räisälä", "type": "quai"}}, {"type": "Feature", "geometry": {"type": "Point", "coordinates": [19.53554, 60.22564]}, "properties": {"id": "osm-n-542003209", "country": "fi", "source": "OSM", "updated": "2026-09-12", "name": "Eckerölinjen", "type": "quai"}}, {"type": "Feature", "geometry": {"type": "Point", "coordinates": [21.96885, 60.28573]}, "properties": {"id": "osm-n-619387546", "country": "fi", "source": "OSM", "updated": "2026-09-12", "name": "Hanka", "type": "quai"}}, {"type": "Feature", "geometry": {"type": "Point", "coordinates": [21.96154, 60.31377]}, "properties": {"id": "osm-n-619387630", "country": "fi", "source": "OSM", "updated": "2026-09-12", "name": "Aasla", "type": "quai"}}, {"type": "Feature", "geometry": {"type": "Point", "coordinates": [21.96331, 60.31624]}, "properties": {"id": "osm-n-619387631", "country": "fi", "source": "OSM", "updated": "2026-09-12", "name": "Airismaa", "type": "quai"}}, {"type": "Feature", "geometry": {"type": "Point", "coordinates": [20.72672, 60.21913]}, "properties": {"id": "osm-n-681670202", "country": "fi", "source": "OSM", "updated": "2026-09-12", "name": "Snäckö", "type": "quai"}}, {"type": "Feature", "geometry": {"type": "Point", "coordinates": [20.79015, 60.29042]}, "properties": {"id": "osm-n-681670237", "country": "fi", "source": "OSM", "updated": "2026-09-12", "name": "Kumlinge", "type": "quai"}}, {"type": "Feature", "geometry": {"type": "Point", "coordinates": [20.996, 60.31746]}, "properties": {"id": "osm-n-681771254", "country": "fi", "source": "OSM", "updated": "2026-09-12", "name": "Lappo", "type": "quai"}}, {"type": "Feature", "geometry": {"type": "Point", "coordinates": [20.41367, 60.22422]}, "properties": {"id": "osm-n-704399473", "country": "fi", "source": "OSM", "updated": "2026-09-12", "name": "Hummelvik", "type": "quai"}}, {"type": "Feature", "geometry": {"type": "Point", "coordinates": [25.46261, 65.01374]}, "properties": {"id": "osm-n-708488511", "country": "fi", "source": "OSM", "updated": "2026-09-12", "name": "M/S Alexandra lähtölaituri", "type": "quai", "operateur": "Oulu Lines", "horaires": "sopimuksesta"}}, {"type": "Feature", "geometry": {"type": "Point", "coordinates": [24.94735, 60.15198]}, "properties": {"id": "osm-n-718912467", "country": "fi", "source": "OSM", "updated": "2026-09-12", "name": "embarcadère", "type": "quai"}}, {"type": "Feature", "geometry": {"type": "Point", "coordinates": [24.91611, 60.14065]}, "properties": {"id": "osm-n-738027493", "country": "fi", "source": "OSM", "updated": "2026-09-12", "name": "Pihlajasaari: laituri", "type": "quai"}}, {"type": "Feature", "geometry": {"type": "Point", "coordinates": [21.18723, 62.93456]}, "properties": {"id": "osm-n-766636169", "country": "fi", "source": "OSM", "updated": "2026-09-12", "name": "Bergö färjan", "type": "quai"}}, {"type": "Feature", "geometry": {"type": "Point", "coordinates": [21.17739, 62.944]}, "properties": {"id": "osm-n-766636170", "country": "fi", "source": "OSM", "updated": "2026-09-12", "name": "Bergöfärjan", "type": "quai"}}, {"type": "Feature", "geometry": {"type": "Point", "coordinates": [24.90989, 60.17637]}, "properties": {"id": "osm-n-769190690", "country": "fi", "source": "OSM", "updated": "2026-09-12", "name": "Taivallahti", "type": "quai"}}, {"type": "Feature", "geometry": {"type": "Point", "coordinates": [21.55858, 60.21629]}, "properties": {"id": "osm-n-795005698", "country": "fi", "source": "OSM", "updated": "2026-09-12", "name": "Olofnäs", "type": "quai"}}, {"type": "Feature", "geometry": {"type": "Point", "coordinates": [23.90682, 61.19229]}, "properties": {"id": "osm-n-805736476", "country": "fi", "source": "OSM", "updated": "2026-09-12", "name": "Toijalan satama", "type": "quai"}}, {"type": "Feature", "geometry": {"type": "Point", "coordinates": [23.05354, 61.7747]}, "properties": {"id": "osm-n-810173977", "country": "fi", "source": "OSM", "updated": "2026-09-12", "name": "Ikaalisten Laivaranta", "type": "quai", "operateur": "M/S Ikaalinen"}}, {"type": "Feature", "geometry": {"type": "Point", "coordinates": [23.02426, 61.77712]}, "properties": {"id": "osm-n-810173981", "country": "fi", "source": "OSM", "updated": "2026-09-12", "name": "Ikaalinen Spa laivalaituri", "type": "quai", "operateur": "Ikaalinen Spa & Resort"}}, {"type": "Feature", "geometry": {"type": "Point", "coordinates": [20.3654, 60.33121]}, "properties": {"id": "osm-n-842286290", "country": "fi", "source": "OSM", "updated": "2026-09-12", "name": "Östra Simskäla", "type": "quai"}}, {"type": "Feature", "geometry": {"type": "Point", "coordinates": [21.2161, 62.38307]}, "properties": {"id": "osm-n-871743895", "country": "fi", "source": "OSM", "updated": "2026-09-12", "name": "embarcadère", "type": "quai"}}, {"type": "Feature", "geometry": {"type": "Point", "coordinates": [21.21978, 62.38308]}, "properties": {"id": "osm-n-871744017", "country": "fi", "source": "OSM", "updated": "2026-09-12", "name": "embarcadère", "type": "quai"}}, {"type": "Feature", "geometry": {"type": "Point", "coordinates": [25.57867, 61.4918]}, "properties": {"id": "osm-n-897906785", "country": "fi", "source": "OSM", "updated": "2026-09-12", "name": "embarcadère", "type": "quai"}}, {"type": "Feature", "geometry": {"type": "Point", "coordinates": [22.44886, 59.87284]}, "properties": {"id": "osm-n-960509787", "country": "fi", "source": "OSM", "updated": "2026-09-12", "name": "Långnäs", "type": "quai"}}, {"type": "Feature", "geometry": {"type": "Point", "coordinates": [22.06437, 60.18003]}, "properties": {"id": "osm-n-984270972", "country": "fi", "source": "OSM", "updated": "2026-09-12", "name": "embarcadère", "type": "quai"}}, {"type": "Feature", "geometry": {"type": "Point", "coordinates": [25.89908, 60.24649]}, "properties": {"id": "osm-n-987820760", "country": "fi", "source": "OSM", "updated": "2026-09-12", "name": "embarcadère", "type": "quai"}}, {"type": "Feature", "geometry": {"type": "Point", "coordinates": [23.87992, 59.97586]}, "properties": {"id": "osm-n-987820937", "country": "fi", "source": "OSM", "updated": "2026-09-12", "name": "embarcadère", "type": "quai"}}, {"type": "Feature", "geometry": {"type": "Point", "coordinates": [23.87634, 59.97719]}, "properties": {"id": "osm-n-987821164", "country": "fi", "source": "OSM", "updated": "2026-09-12", "name": "embarcadère", "type": "quai"}}, {"type": "Feature", "geometry": {"type": "Point", "coordinates": [24.95047, 60.15511]}, "properties": {"id": "osm-n-1028548039", "country": "fi", "source": "OSM", "updated": "2026-09-12", "name": "Kompassitorin laituri", "type": "quai", "route": "9586"}}, {"type": "Feature", "geometry": {"type": "Point", "coordinates": [24.91969, 60.15196]}, "properties": {"id": "osm-n-1037914683", "country": "fi", "source": "OSM", "updated": "2026-09-12", "name": "embarcadère", "type": "quai"}}, {"type": "Feature", "geometry": {"type": "Point", "coordinates": [26.23639, 60.4519]}, "properties": {"id": "osm-n-1227743620", "country": "fi", "source": "OSM", "updated": "2026-09-12", "name": "Laivasilta (Loviisa)", "type": "quai"}}, {"type": "Feature", "geometry": {"type": "Point", "coordinates": [21.05748, 60.50322]}, "properties": {"id": "osm-n-1296525555", "country": "fi", "source": "OSM", "updated": "2026-09-12", "name": "Åva (Brändö)", "type": "quai"}}, {"type": "Feature", "geometry": {"type": "Point", "coordinates": [21.07502, 60.51597]}, "properties": {"id": "osm-n-1296525561", "country": "fi", "source": "OSM", "updated": "2026-09-12", "name": "Jurmo (Brändö)", "type": "quai"}}, {"type": "Feature", "geometry": {"type": "Point", "coordinates": [21.0344, 60.30416]}, "properties": {"id": "osm-n-1296525563", "country": "fi", "source": "OSM", "updated": "2026-09-12", "name": "Asterholma;Asterholma färjfäste", "type": "quai"}}, {"type": "Feature", "geometry": {"type": "Point", "coordinates": [21.03807, 60.35669]}, "properties": {"id": "osm-n-1296525565", "country": "fi", "source": "OSM", "updated": "2026-09-12", "name": "Torsholma", "type": "quai"}}, {"type": "Feature", "geometry": {"type": "Point", "coordinates": [24.64383, 60.13702]}, "properties": {"id": "osm-n-1302125179", "country": "fi", "source": "OSM", "updated": "2026-09-12", "name": "Ristiniemen saaristovenelaituri", "type": "quai", "vehicules": "no"}}, {"type": "Feature", "geometry": {"type": "Point", "coordinates": [22.39514, 59.94915]}, "properties": {"id": "osm-n-1304588252", "country": "fi", "source": "OSM", "updated": "2026-09-12", "name": "Svartnäs", "type": "quai"}}, {"type": "Feature", "geometry": {"type": "Point", "coordinates": [26.95085, 60.4605]}, "properties": {"id": "osm-n-1329449163", "country": "fi", "source": "OSM", "updated": "2026-09-12", "name": "Sapokka", "type": "quai"}}, {"type": "Feature", "geometry": {"type": "Point", "coordinates": [26.95527, 60.44703]}, "properties": {"id": "osm-n-1329449166", "country": "fi", "source": "OSM", "updated": "2026-09-12", "name": "Varissaari", "type": "quai"}}, {"type": "Feature", "geometry": {"type": "Point", "coordinates": [20.2723, 60.20789]}, "properties": {"id": "osm-n-1332424226", "country": "fi", "source": "OSM", "updated": "2026-09-12", "name": "Prästö", "type": "quai"}}, {"type": "Feature", "geometry": {"type": "Point", "coordinates": [20.2776, 60.2057]}, "properties": {"id": "osm-n-1332424227", "country": "fi", "source": "OSM", "updated": "2026-09-12", "name": "Töftö", "type": "quai"}}, {"type": "Feature", "geometry": {"type": "Point", "coordinates": [24.98394, 60.14927]}, "properties": {"id": "osm-n-1373187565", "country": "fi", "source": "OSM", "updated": "2026-09-12", "name": "Suomenlinna, päälaituri", "type": "quai", "route": "H0098"}}, {"type": "Feature", "geometry": {"type": "Point", "coordinates": [25.00721, 60.14059]}, "properties": {"id": "osm-n-1374303983", "country": "fi", "source": "OSM", "updated": "2026-09-12", "name": "Vallisaari (Luotsipiha)", "type": "quai"}}, {"type": "Feature", "geometry": {"type": "Point", "coordinates": [24.94152, 60.15341]}, "properties": {"id": "osm-n-1379511122", "country": "fi", "source": "OSM", "updated": "2026-09-12", "name": "Kaivopuisto (Merisatama): laituri 2", "type": "quai"}}, {"type": "Feature", "geometry": {"type": "Point", "coordinates": [24.94651, 60.1543]}, "properties": {"id": "osm-n-1379511203", "country": "fi", "source": "OSM", "updated": "2026-09-12", "name": "embarcadère", "type": "quai"}}, {"type": "Feature", "geometry": {"type": "Point", "coordinates": [21.40318, 60.2168]}, "properties": {"id": "osm-n-1380882304", "country": "fi", "source": "OSM", "updated": "2026-09-12", "name": "Saverkeit", "type": "quai"}}, {"type": "Feature", "geometry": {"type": "Point", "coordinates": [24.95402, 60.16735]}, "properties": {"id": "osm-n-1396392020", "country": "fi", "source": "OSM", "updated": "2026-09-12", "name": "embarcadère", "type": "quai"}}, {"type": "Feature", "geometry": {"type": "Point", "coordinates": [25.19224, 60.20972]}, "properties": {"id": "osm-n-1415998589", "country": "fi", "source": "OSM", "updated": "2026-09-12", "name": "embarcadère", "type": "quai"}}, {"type": "Feature", "geometry": {"type": "Point", "coordinates": [25.19656, 60.22004]}, "properties": {"id": "osm-n-1416013478", "country": "fi", "source": "OSM", "updated": "2026-09-12", "name": "Finnlines Helsinki-Travemünde", "type": "quai"}}, {"type": "Feature", "geometry": {"type": "Point", "coordinates": [25.11858, 60.17482]}, "properties": {"id": "osm-n-1431369312", "country": "fi", "source": "OSM", "updated": "2026-09-12", "name": "Kivisaari", "type": "quai"}}, {"type": "Feature", "geometry": {"type": "Point", "coordinates": [28.95707, 61.66848]}, "properties": {"id": "osm-n-1456588072", "country": "fi", "source": "OSM", "updated": "2026-09-12", "name": "embarcadère", "type": "quai"}}, {"type": "Feature", "geometry": {"type": "Point", "coordinates": [28.95017, 61.66847]}, "properties": {"id": "osm-n-1456588078", "country": "fi", "source": "OSM", "updated": "2026-09-12", "name": "embarcadère", "type": "quai"}}, {"type": "Feature", "geometry": {"type": "Point", "coordinates": [28.88582, 61.86691]}, "properties": {"id": "osm-n-1457077205", "country": "fi", "source": "OSM", "updated": "2026-09-12", "name": "Savonlinnan matkustajasatama", "type": "quai"}}, {"type": "Feature", "geometry": {"type": "Point", "coordinates": [20.38579, 60.03189]}, "properties": {"id": "osm-n-1535990119", "country": "fi", "source": "OSM", "updated": "2026-09-12", "name": "Degerby", "type": "quai"}}, {"type": "Feature", "geometry": {"type": "Point", "coordinates": [20.71025, 60.21522]}, "properties": {"id": "osm-n-1536010767", "country": "fi", "source": "OSM", "updated": "2026-09-12", "name": "Seglinge", "type": "quai"}}, {"type": "Feature", "geometry": {"type": "Point", "coordinates": [22.21909, 60.43633]}, "properties": {"id": "osm-n-1536029324", "country": "fi", "source": "OSM", "updated": "2026-09-12", "name": "Silja Line: Turku", "type": "quai"}}, {"type": "Feature", "geometry": {"type": "Point", "coordinates": [20.30008, 60.11707]}, "properties": {"id": "osm-n-1536029326", "country": "fi", "source": "OSM", "updated": "2026-09-12", "name": "Långnäs", "type": "quai"}}, {"type": "Feature", "geometry": {"type": "Point", "coordinates": [24.9575, 60.16259]}, "properties": {"id": "osm-n-1537270194", "country": "fi", "source": "OSM", "updated": "2026-09-12", "name": "Olympiaterminaali", "type": "quai"}}, {"type": "Feature", "geometry": {"type": "Point", "coordinates": [19.92799, 60.09225]}, "properties": {"id": "osm-n-1537477147", "country": "fi", "source": "OSM", "updated": "2026-09-12", "name": "Mariehamn", "type": "quai", "route": "4"}}, {"type": "Feature", "geometry": {"type": "Point", "coordinates": [25.75758, 62.23599]}, "properties": {"id": "osm-n-1561684876", "country": "fi", "source": "OSM", "updated": "2026-09-12", "name": "embarcadère", "type": "quai"}}, {"type": "Feature", "geometry": {"type": "Point", "coordinates": [23.33427, 61.47703]}, "properties": {"id": "osm-n-1640941672", "country": "fi", "source": "OSM", "updated": "2026-09-12", "name": "Jokisenjärven laivalaituri", "type": "quai"}}, {"type": "Feature", "geometry": {"type": "Point", "coordinates": [19.92816, 60.09143]}, "properties": {"id": "osm-n-1675218194", "country": "fi", "source": "OSM", "updated": "2026-09-12", "name": "embarcadère", "type": "quai"}}, {"type": "Feature", "geometry": {"type": "Point", "coordinates": [27.84593, 61.55435]}, "properties": {"id": "osm-n-1679648164", "country": "fi", "source": "OSM", "updated": "2026-09-12", "name": "embarcadère", "type": "quai"}}, {"type": "Feature", "geometry": {"type": "Point", "coordinates": [27.84949, 61.55484]}, "properties": {"id": "osm-n-1679648330", "country": "fi", "source": "OSM", "updated": "2026-09-12", "name": "embarcadère", "type": "quai"}}, {"type": "Feature", "geometry": {"type": "Point", "coordinates": [20.95209, 60.31124]}, "properties": {"id": "osm-n-1689137344", "country": "fi", "source": "OSM", "updated": "2026-09-12", "name": "Lappo", "type": "quai"}}, {"type": "Feature", "geometry": {"type": "Point", "coordinates": [23.70014, 61.48443]}, "properties": {"id": "osm-n-1723252561", "country": "fi", "source": "OSM", "updated": "2026-09-12", "name": "Viikinsaari", "type": "quai", "operateur": "Hopealinjat"}}, {"type": "Feature", "geometry": {"type": "Point", "coordinates": [24.91201, 60.16147]}, "properties": {"id": "osm-n-1754200750", "country": "fi", "source": "OSM", "updated": "2026-09-12", "name": "Ruoholahti (Kellosaaren laituri)", "type": "quai"}}, {"type": "Feature", "geometry": {"type": "Point", "coordinates": [28.3234, 61.09652]}, "properties": {"id": "osm-n-1754203548", "country": "fi", "source": "OSM", "updated": "2026-09-12", "name": "embarcadère", "type": "quai"}}, {"type": "Feature", "geometry": {"type": "Point", "coordinates": [26.86302, 61.17561]}, "properties": {"id": "osm-n-1802523989", "country": "fi", "source": "OSM", "updated": "2026-09-12", "name": "Kuutinlahti", "type": "quai"}}, {"type": "Feature", "geometry": {"type": "Point", "coordinates": [21.61368, 60.49928]}, "properties": {"id": "osm-n-1813899484", "country": "fi", "source": "OSM", "updated": "2026-09-12", "name": "Hakkenpää", "type": "quai"}}, {"type": "Feature", "geometry": {"type": "Point", "coordinates": [21.69379, 60.46742]}, "properties": {"id": "osm-n-1814104584", "country": "fi", "source": "OSM", "updated": "2026-09-12", "name": "Teersalo", "type": "quai"}}, {"type": "Feature", "geometry": {"type": "Point", "coordinates": [21.69768, 60.44889]}, "properties": {"id": "osm-n-1814133896", "country": "fi", "source": "OSM", "updated": "2026-09-12", "name": "Rauhala", "type": "quai"}}, {"type": "Feature", "geometry": {"type": "Point", "coordinates": [21.66668, 60.45482]}, "properties": {"id": "osm-n-1814133897", "country": "fi", "source": "OSM", "updated": "2026-09-12", "name": "Lailuoto", "type": "quai"}}, {"type": "Feature", "geometry": {"type": "Point", "coordinates": [21.68133, 60.45701]}, "properties": {"id": "osm-n-1814146729", "country": "fi", "source": "OSM", "updated": "2026-09-12", "name": "Talosmeri", "type": "quai"}}, {"type": "Feature", "geometry": {"type": "Point", "coordinates": [24.98773, 60.14488]}, "properties": {"id": "osm-n-1815986108", "country": "fi", "source": "OSM", "updated": "2026-09-12", "name": "Suomenlinna (Tykistölahti)", "type": "quai"}}, {"type": "Feature", "geometry": {"type": "Point", "coordinates": [24.95337, 60.1673]}, "properties": {"id": "osm-n-1815986142", "country": "fi", "source": "OSM", "updated": "2026-09-12", "name": "Kauppatori (Kolera-allas)", "type": "quai", "operateur": "JT-LINES"}}, {"type": "Feature", "geometry": {"type": "Point", "coordinates": [24.99002, 60.14001]}, "properties": {"id": "osm-n-1816015050", "country": "fi", "source": "OSM", "updated": "2026-09-12", "name": "Suomenlinna (Kuninkaanportti)", "type": "quai"}}, {"type": "Feature", "geometry": {"type": "Point", "coordinates": [21.9557, 60.3452]}, "properties": {"id": "osm-n-1819545479", "country": "fi", "source": "OSM", "updated": "2026-09-12", "name": "Röölä", "type": "quai"}}, {"type": "Feature", "geometry": {"type": "Point", "coordinates": [22.09819, 60.22269]}, "properties": {"id": "osm-n-1821998415", "country": "fi", "source": "OSM", "updated": "2026-09-12", "name": "Prostvik", "type": "quai"}}, {"type": "Feature", "geometry": {"type": "Point", "coordinates": [22.11227, 60.23557]}, "properties": {"id": "osm-n-1821998484", "country": "fi", "source": "OSM", "updated": "2026-09-12", "name": "Lillmälö", "type": "quai"}}, {"type": "Feature", "geometry": {"type": "Point", "coordinates": [26.76518, 61.19108]}, "properties": {"id": "osm-n-1848411751", "country": "fi", "source": "OSM", "updated": "2026-09-12", "name": "Mäntysaari", "type": "quai"}}, {"type": "Feature", "geometry": {"type": "Point", "coordinates": [26.83816, 61.17542]}, "properties": {"id": "osm-n-1848850067", "country": "fi", "source": "OSM", "updated": "2026-09-12", "name": "embarcadère", "type": "quai"}}, {"type": "Feature", "geometry": {"type": "Point", "coordinates": [23.20005, 61.63405]}, "properties": {"id": "osm-n-1855371181", "country": "fi", "source": "OSM", "updated": "2026-09-12", "name": "Yrttitarha", "type": "quai"}}, {"type": "Feature", "geometry": {"type": "Point", "coordinates": [20.72619, 60.21944]}, "properties": {"id": "osm-n-1860434529", "country": "fi", "source": "OSM", "updated": "2026-09-12", "name": "Snäckö", "type": "quai"}}, {"type": "Feature", "geometry": {"type": "Point", "coordinates": [27.00867, 60.44098]}, "properties": {"id": "osm-n-1866337416", "country": "fi", "source": "OSM", "updated": "2026-09-12", "name": "Kuutsalo", "type": "quai"}}, {"type": "Feature", "geometry": {"type": "Point", "coordinates": [20.825, 60.03123]}, "properties": {"id": "osm-n-1937327514", "country": "fi", "source": "OSM", "updated": "2026-09-12", "name": "Kyrkogårdsö", "type": "quai"}}, {"type": "Feature", "geometry": {"type": "Point", "coordinates": [28.61022, 61.24832]}, "properties": {"id": "osm-n-1941066949", "country": "fi", "source": "OSM", "updated": "2026-09-12", "name": "embarcadère", "type": "quai"}}, {"type": "Feature", "geometry": {"type": "Point", "coordinates": [28.59923, 61.24385]}, "properties": {"id": "osm-n-1941268005", "country": "fi", "source": "OSM", "updated": "2026-09-12", "name": "embarcadère", "type": "quai"}}, {"type": "Feature", "geometry": {"type": "Point", "coordinates": [28.57975, 61.55148]}, "properties": {"id": "osm-n-1959166842", "country": "fi", "source": "OSM", "updated": "2026-09-12", "name": "embarcadère", "type": "quai"}}, {"type": "Feature", "geometry": {"type": "Point", "coordinates": [28.58648, 61.55163]}, "properties": {"id": "osm-n-1959166896", "country": "fi", "source": "OSM", "updated": "2026-09-12", "name": "embarcadère", "type": "quai"}}, {"type": "Feature", "geometry": {"type": "Point", "coordinates": [26.78646, 61.19537]}, "properties": {"id": "osm-n-1992081014", "country": "fi", "source": "OSM", "updated": "2026-09-12", "name": "Hillosensalmi", "type": "quai"}}, {"type": "Feature", "geometry": {"type": "Point", "coordinates": [26.77436, 61.2076]}, "properties": {"id": "osm-n-1992081871", "country": "fi", "source": "OSM", "updated": "2026-09-12", "name": "Orilammen lomakeskus", "type": "quai", "horaires": "Jun 10 - Aug 20"}}, {"type": "Feature", "geometry": {"type": "Point", "coordinates": [20.52715, 60.0764]}, "properties": {"id": "osm-n-1996270106", "country": "fi", "source": "OSM", "updated": "2026-09-12", "name": "Jyddö", "type": "quai"}}, {"type": "Feature", "geometry": {"type": "Point", "coordinates": [20.52675, 60.07451]}, "properties": {"id": "osm-n-1996270109", "country": "fi", "source": "OSM", "updated": "2026-09-12", "name": "Finholma", "type": "quai"}}, {"type": "Feature", "geometry": {"type": "Point", "coordinates": [24.71974, 60.14582]}, "properties": {"id": "osm-n-2039942577", "country": "fi", "source": "OSM", "updated": "2026-09-12", "name": "Suomenojan saaristovenelaituri", "type": "quai"}}, {"type": "Feature", "geometry": {"type": "Point", "coordinates": [22.04887, 60.07129]}, "properties": {"id": "osm-n-2111277619", "country": "fi", "source": "OSM", "updated": "2026-09-12", "name": "Stenskär", "type": "quai"}}, {"type": "Feature", "geometry": {"type": "Point", "coordinates": [26.8242, 61.18431]}, "properties": {"id": "osm-n-2185511756", "country": "fi", "source": "OSM", "updated": "2026-09-12", "name": "embarcadère", "type": "quai"}}, {"type": "Feature", "geometry": {"type": "Point", "coordinates": [22.03555, 60.45816]}, "properties": {"id": "osm-n-2278747790", "country": "fi", "source": "OSM", "updated": "2026-09-12", "name": "Naantali", "type": "quai"}}, {"type": "Feature", "geometry": {"type": "Point", "coordinates": [22.25241, 60.44381]}, "properties": {"id": "osm-n-2278866490", "country": "fi", "source": "OSM", "updated": "2026-09-12", "name": "Rosita", "type": "quai"}}, {"type": "Feature", "geometry": {"type": "Point", "coordinates": [20.2896, 60.15313]}, "properties": {"id": "osm-n-2291909290", "country": "fi", "source": "OSM", "updated": "2026-09-12", "name": "embarcadère", "type": "quai"}}, {"type": "Feature", "geometry": {"type": "Point", "coordinates": [20.29424, 60.15414]}, "properties": {"id": "osm-n-2291910203", "country": "fi", "source": "OSM", "updated": "2026-09-12", "name": "Ängö", "type": "quai"}}, {"type": "Feature", "geometry": {"type": "Point", "coordinates": [21.96962, 60.19913]}, "properties": {"id": "osm-n-2300195113", "country": "fi", "source": "OSM", "updated": "2026-09-12", "name": "Lillandet P", "type": "quai"}}, {"type": "Feature", "geometry": {"type": "Point", "coordinates": [21.70453, 60.16382]}, "properties": {"id": "osm-n-2300460762", "country": "fi", "source": "OSM", "updated": "2026-09-12", "name": "Pärnäs", "type": "quai"}}, {"type": "Feature", "geometry": {"type": "Point", "coordinates": [26.77659, 60.34535]}, "properties": {"id": "osm-n-2367897646", "country": "fi", "source": "OSM", "updated": "2026-09-12", "name": "Kaunissaari", "type": "quai"}}, {"type": "Feature", "geometry": {"type": "Point", "coordinates": [28.72838, 61.81392]}, "properties": {"id": "osm-n-2377343434", "country": "fi", "source": "OSM", "updated": "2026-09-12", "name": "embarcadère", "type": "quai"}}, {"type": "Feature", "geometry": {"type": "Point", "coordinates": [22.94394, 60.31286]}, "properties": {"id": "osm-n-2421593835", "country": "fi", "source": "OSM", "updated": "2026-09-12", "name": "Angelniemi", "type": "quai"}}, {"type": "Feature", "geometry": {"type": "Point", "coordinates": [23.32179, 61.57209]}, "properties": {"id": "osm-n-2441127862", "country": "fi", "source": "OSM", "updated": "2026-09-12", "name": "Mihari ferry stop", "type": "quai"}}, {"type": "Feature", "geometry": {"type": "Point", "coordinates": [25.11848, 60.1792]}, "properties": {"id": "osm-n-2504115580", "country": "fi", "source": "OSM", "updated": "2026-09-12", "name": "Satamasaari", "type": "quai"}}, {"type": "Feature", "geometry": {"type": "Point", "coordinates": [27.01416, 60.4047]}, "properties": {"id": "osm-n-2588525862", "country": "fi", "source": "OSM", "updated": "2026-09-12", "name": "Kirkonmaa", "type": "quai"}}, {"type": "Feature", "geometry": {"type": "Point", "coordinates": [27.91489, 66.5802]}, "properties": {"id": "osm-n-2588875468", "country": "fi", "source": "OSM", "updated": "2026-09-12", "name": "Haaparanta", "type": "quai"}}, {"type": "Feature", "geometry": {"type": "Point", "coordinates": [22.25905, 60.17726]}, "properties": {"id": "osm-n-2686765038", "country": "fi", "source": "OSM", "updated": "2026-09-12", "name": "Heisala", "type": "quai"}}, {"type": "Feature", "geometry": {"type": "Point", "coordinates": [23.51126, 59.92709]}, "properties": {"id": "osm-n-2693172463", "country": "fi", "source": "OSM", "updated": "2026-09-12", "name": "embarcadère", "type": "quai"}}, {"type": "Feature", "geometry": {"type": "Point", "coordinates": [21.55425, 63.0877]}, "properties": {"id": "osm-n-3062830054", "country": "fi", "source": "OSM", "updated": "2026-09-12", "name": "embarcadère", "type": "quai"}}, {"type": "Feature", "geometry": {"type": "Point", "coordinates": [21.336, 60.54258]}, "properties": {"id": "osm-n-3407435426", "country": "fi", "source": "OSM", "updated": "2026-09-12", "name": "Kivimaa", "type": "quai"}}, {"type": "Feature", "geometry": {"type": "Point", "coordinates": [30.01292, 63.30824]}, "properties": {"id": "osm-n-3458934267", "country": "fi", "source": "OSM", "updated": "2026-09-12", "name": "Lieksa", "type": "quai"}}, {"type": "Feature", "geometry": {"type": "Point", "coordinates": [28.10921, 61.35195]}, "properties": {"id": "osm-n-3494562198", "country": "fi", "source": "OSM", "updated": "2026-09-12", "name": "embarcadère", "type": "quai"}}, {"type": "Feature", "geometry": {"type": "Point", "coordinates": [22.92257, 60.03861]}, "properties": {"id": "osm-n-3540055639", "country": "fi", "source": "OSM", "updated": "2026-09-12", "name": "Pettu", "type": "quai"}}, {"type": "Feature", "geometry": {"type": "Point", "coordinates": [22.91476, 60.0413]}, "properties": {"id": "osm-n-3540056335", "country": "fi", "source": "OSM", "updated": "2026-09-12", "name": "Ulkoluoto", "type": "quai"}}, {"type": "Feature", "geometry": {"type": "Point", "coordinates": [21.63662, 60.45512]}, "properties": {"id": "osm-n-3573237193", "country": "fi", "source": "OSM", "updated": "2026-09-12", "name": "Velkuanmaa", "type": "quai"}}, {"type": "Feature", "geometry": {"type": "Point", "coordinates": [30.01198, 63.30849]}, "properties": {"id": "osm-n-3664069535", "country": "fi", "source": "OSM", "updated": "2026-09-12", "name": "Lieksa", "type": "quai"}}, {"type": "Feature", "geometry": {"type": "Point", "coordinates": [21.6808, 60.36561]}, "properties": {"id": "osm-n-3704857595", "country": "fi", "source": "OSM", "updated": "2026-09-12", "name": "Korvenmaa", "type": "quai"}}, {"type": "Feature", "geometry": {"type": "Point", "coordinates": [21.68783, 60.35529]}, "properties": {"id": "osm-n-3704860802", "country": "fi", "source": "OSM", "updated": "2026-09-12", "name": "embarcadère", "type": "quai"}}, {"type": "Feature", "geometry": {"type": "Point", "coordinates": [28.18651, 61.06429]}, "properties": {"id": "osm-n-4176366150", "country": "fi", "source": "OSM", "updated": "2026-09-12", "name": "embarcadère", "type": "quai"}}, {"type": "Feature", "geometry": {"type": "Point", "coordinates": [25.1467, 60.19962]}, "properties": {"id": "osm-n-4585111450", "country": "fi", "source": "OSM", "updated": "2026-09-12", "name": "Aurinkolahti: venesatama", "type": "quai", "operateur": "FRS Finland Oy"}}, {"type": "Feature", "geometry": {"type": "Point", "coordinates": [27.18584, 60.28609]}, "properties": {"id": "osm-n-4748196795", "country": "fi", "source": "OSM", "updated": "2026-09-12", "name": "Haapasaari", "type": "quai"}}, {"type": "Feature", "geometry": {"type": "Point", "coordinates": [24.95981, 60.15469]}, "properties": {"id": "osm-n-4827861526", "country": "fi", "source": "OSM", "updated": "2026-09-12", "name": "Ullanlinnanlaituri", "type": "quai"}}, {"type": "Feature", "geometry": {"type": "Point", "coordinates": [22.20637, 60.43668]}, "properties": {"id": "osm-n-4907800780", "country": "fi", "source": "OSM", "updated": "2026-09-12", "name": "Vesibussi, Ruissalon telakka", "type": "quai", "operateur": "Föli", "route": "9002"}}, {"type": "Feature", "geometry": {"type": "Point", "coordinates": [21.87893, 60.16967]}, "properties": {"id": "osm-n-4970997688", "country": "fi", "source": "OSM", "updated": "2026-09-12", "name": "Grännäs", "type": "quai"}}, {"type": "Feature", "geometry": {"type": "Point", "coordinates": [22.01839, 60.12129]}, "properties": {"id": "osm-n-4971219677", "country": "fi", "source": "OSM", "updated": "2026-09-12", "name": "Kirjais", "type": "quai"}}, {"type": "Feature", "geometry": {"type": "Point", "coordinates": [25.01065, 60.13766]}, "properties": {"id": "osm-n-5076525729", "country": "fi", "source": "OSM", "updated": "2026-09-12", "name": "Vallisaari (Torpedolahti)", "type": "quai"}}, {"type": "Feature", "geometry": {"type": "Point", "coordinates": [22.98576, 60.249]}, "properties": {"id": "osm-n-5084651231", "country": "fi", "source": "OSM", "updated": "2026-09-12", "name": "embarcadère", "type": "quai"}}, {"type": "Feature", "geometry": {"type": "Point", "coordinates": [22.98595, 60.24838]}, "properties": {"id": "osm-n-5084651232", "country": "fi", "source": "OSM", "updated": "2026-09-12", "name": "embarcadère", "type": "quai"}}, {"type": "Feature", "geometry": {"type": "Point", "coordinates": [22.98508, 60.24723]}, "properties": {"id": "osm-n-5084651237", "country": "fi", "source": "OSM", "updated": "2026-09-12", "name": "embarcadère", "type": "quai"}}, {"type": "Feature", "geometry": {"type": "Point", "coordinates": [22.9852, 60.24646]}, "properties": {"id": "osm-n-5084651238", "country": "fi", "source": "OSM", "updated": "2026-09-12", "name": "embarcadère", "type": "quai"}}, {"type": "Feature", "geometry": {"type": "Point", "coordinates": [21.58616, 60.18459]}, "properties": {"id": "osm-n-5145050202", "country": "fi", "source": "OSM", "updated": "2026-09-12", "name": "Galtby", "type": "quai"}}, {"type": "Feature", "geometry": {"type": "Point", "coordinates": [21.36807, 59.7868]}, "properties": {"id": "osm-n-5404261478", "country": "fi", "source": "OSM", "updated": "2026-09-12", "name": "Utö (Armebron)", "type": "quai"}}, {"type": "Feature", "geometry": {"type": "Point", "coordinates": [21.70507, 60.16443]}, "properties": {"id": "osm-n-5404261486", "country": "fi", "source": "OSM", "updated": "2026-09-12", "name": "Pärnäs", "type": "quai"}}, {"type": "Feature", "geometry": {"type": "Point", "coordinates": [22.28546, 60.15046]}, "properties": {"id": "osm-n-5508168353", "country": "fi", "source": "OSM", "updated": "2026-09-12", "name": "Jermo", "type": "quai"}}, {"type": "Feature", "geometry": {"type": "Point", "coordinates": [22.28264, 60.15106]}, "properties": {"id": "osm-n-5508168622", "country": "fi", "source": "OSM", "updated": "2026-09-12", "name": "Sorpo", "type": "quai"}}, {"type": "Feature", "geometry": {"type": "Point", "coordinates": [22.19507, 60.42538]}, "properties": {"id": "osm-n-5625281421", "country": "fi", "source": "OSM", "updated": "2026-09-12", "name": "Vesibussi, Pikisaari", "type": "quai", "route": "9004"}}, {"type": "Feature", "geometry": {"type": "Point", "coordinates": [22.23889, 60.43704]}, "properties": {"id": "osm-n-5658981077", "country": "fi", "source": "OSM", "updated": "2026-09-12", "name": "Vesibussi, Forum Marinum", "type": "quai", "operateur": "Föli", "route": "9001"}}, {"type": "Feature", "geometry": {"type": "Point", "coordinates": [22.18628, 60.42656]}, "properties": {"id": "osm-n-5658983223", "country": "fi", "source": "OSM", "updated": "2026-09-12", "name": "Vesibussi, Kansanpuisto", "type": "quai", "operateur": "Föli", "route": "9003"}}, {"type": "Feature", "geometry": {"type": "Point", "coordinates": [24.75498, 60.14819]}, "properties": {"id": "osm-n-5765584387", "country": "fi", "source": "OSM", "updated": "2026-09-12", "name": "Risteilyvenelaituri", "type": "quai"}}, {"type": "Feature", "geometry": {"type": "Point", "coordinates": [20.27792, 60.20588]}, "properties": {"id": "osm-n-5816660169", "country": "fi", "source": "OSM", "updated": "2026-09-12", "name": "Töftö", "type": "quai"}}, {"type": "Feature", "geometry": {"type": "Point", "coordinates": [20.27267, 60.20808]}, "properties": {"id": "osm-n-5816660174", "country": "fi", "source": "OSM", "updated": "2026-09-12", "name": "Prästö", "type": "quai"}}, {"type": "Feature", "geometry": {"type": "Point", "coordinates": [20.39275, 60.16269]}, "properties": {"id": "osm-n-5818383516", "country": "fi", "source": "OSM", "updated": "2026-09-12", "name": "embarcadère", "type": "quai"}}, {"type": "Feature", "geometry": {"type": "Point", "coordinates": [28.46641, 62.20078]}, "properties": {"id": "osm-n-5976317751", "country": "fi", "source": "OSM", "updated": "2026-09-12", "name": "embarcadère", "type": "quai"}}, {"type": "Feature", "geometry": {"type": "Point", "coordinates": [24.62152, 60.15661]}, "properties": {"id": "osm-n-6021796091", "country": "fi", "source": "OSM", "updated": "2026-09-12", "name": "Kivenlahden saaristovenelaituri (Marinsatama)", "type": "quai"}}, {"type": "Feature", "geometry": {"type": "Point", "coordinates": [25.152, 60.17128]}, "properties": {"id": "osm-n-6428378656", "country": "fi", "source": "OSM", "updated": "2026-09-12", "name": "Leikosaari", "type": "quai"}}, {"type": "Feature", "geometry": {"type": "Point", "coordinates": [24.97921, 60.17515]}, "properties": {"id": "osm-n-6461325196", "country": "fi", "source": "OSM", "updated": "2026-09-12", "name": "Korkeasaari", "type": "quai"}}, {"type": "Feature", "geometry": {"type": "Point", "coordinates": [24.95657, 60.16751]}, "properties": {"id": "osm-n-6541966573", "country": "fi", "source": "OSM", "updated": "2026-09-12", "name": "Linnanlaituri", "type": "quai", "operateur": "m/s J.L. Runeberg"}}, {"type": "Feature", "geometry": {"type": "Point", "coordinates": [25.0283, 60.18547]}, "properties": {"id": "osm-n-6558150255", "country": "fi", "source": "OSM", "updated": "2026-09-12", "name": "Herttoniemen saaristovenelaituri", "type": "quai", "operateur": "Suomen Saaristokuljetus Oy"}}, {"type": "Feature", "geometry": {"type": "Point", "coordinates": [28.18645, 61.06329]}, "properties": {"id": "osm-n-6585993046", "country": "fi", "source": "OSM", "updated": "2026-09-12", "name": "Saimaan Risteilyt Oy", "type": "quai"}}, {"type": "Feature", "geometry": {"type": "Point", "coordinates": [25.06247, 60.10563]}, "properties": {"id": "osm-n-6622464769", "country": "fi", "source": "OSM", "updated": "2026-09-12", "name": "Isosaari", "type": "quai"}}, {"type": "Feature", "geometry": {"type": "Point", "coordinates": [25.19281, 60.20889]}, "properties": {"id": "osm-n-6647141384", "country": "fi", "source": "OSM", "updated": "2026-09-12", "name": "embarcadère", "type": "quai"}}, {"type": "Feature", "geometry": {"type": "Point", "coordinates": [21.88025, 60.1671]}, "properties": {"id": "osm-n-6661360506", "country": "fi", "source": "OSM", "updated": "2026-09-12", "name": "Ängholm", "type": "quai"}}, {"type": "Feature", "geometry": {"type": "Point", "coordinates": [21.63716, 60.28329]}, "properties": {"id": "osm-n-6812397805", "country": "fi", "source": "OSM", "updated": "2026-09-12", "name": "Maskinnamo", "type": "quai"}}, {"type": "Feature", "geometry": {"type": "Point", "coordinates": [25.06728, 65.03776]}, "properties": {"id": "osm-n-7228897581", "country": "fi", "source": "OSM", "updated": "2026-09-12", "name": "Hailuodon lauttaranta", "type": "quai", "operateur": "Finferries"}}, {"type": "Feature", "geometry": {"type": "Point", "coordinates": [22.3716, 60.3952]}, "properties": {"id": "osm-n-7282642706", "country": "fi", "source": "OSM", "updated": "2026-09-12", "name": "Kuusisto Line (Kaarinan lähtölaituri)", "type": "quai", "operateur": "Kuusisto Line"}}, {"type": "Feature", "geometry": {"type": "Point", "coordinates": [22.2668, 60.44799]}, "properties": {"id": "osm-n-7282713712", "country": "fi", "source": "OSM", "updated": "2026-09-12", "name": "Kuusisto Line (Turun lähtölaituri)", "type": "quai"}}, {"type": "Feature", "geometry": {"type": "Point", "coordinates": [22.60819, 59.9648]}, "properties": {"id": "osm-n-7398783727", "country": "fi", "source": "OSM", "updated": "2026-09-12", "name": "Vänoxa släten (Bergö)", "type": "quai"}}, {"type": "Feature", "geometry": {"type": "Point", "coordinates": [22.9652, 59.8201]}, "properties": {"id": "osm-n-7553437037", "country": "fi", "source": "OSM", "updated": "2026-09-12", "name": "embarcadère", "type": "quai"}}, {"type": "Feature", "geometry": {"type": "Point", "coordinates": [25.49034, 65.02252]}, "properties": {"id": "osm-n-7598194071", "country": "fi", "source": "OSM", "updated": "2026-09-12", "name": "embarcadère", "type": "quai"}}, {"type": "Feature", "geometry": {"type": "Point", "coordinates": [25.49048, 65.02239]}, "properties": {"id": "osm-n-7598194072", "country": "fi", "source": "OSM", "updated": "2026-09-12", "name": "embarcadère", "type": "quai"}}, {"type": "Feature", "geometry": {"type": "Point", "coordinates": [22.36673, 59.90776]}, "properties": {"id": "osm-n-7615259642", "country": "fi", "source": "OSM", "updated": "2026-09-12", "name": "Holma", "type": "quai"}}, {"type": "Feature", "geometry": {"type": "Point", "coordinates": [23.16916, 61.68478]}, "properties": {"id": "osm-n-7695637393", "country": "fi", "source": "OSM", "updated": "2026-09-12", "name": "Kauhtuan laivalaituri", "type": "quai", "operateur": "M/S Ikaalinen"}}, {"type": "Feature", "geometry": {"type": "Point", "coordinates": [24.98206, 60.16236]}, "properties": {"id": "osm-n-7798188531", "country": "fi", "source": "OSM", "updated": "2026-09-12", "name": "Katajanokanluoto", "type": "quai"}}, {"type": "Feature", "geometry": {"type": "Point", "coordinates": [24.95543, 60.16688]}, "properties": {"id": "osm-n-7820683232", "country": "fi", "source": "OSM", "updated": "2026-09-12", "name": "Kauppatori (Keisarinluodonlaituri)", "type": "quai"}}, {"type": "Feature", "geometry": {"type": "Point", "coordinates": [22.01546, 60.07993]}, "properties": {"id": "osm-n-7847324350", "country": "fi", "source": "OSM", "updated": "2026-09-12", "name": "Grötö", "type": "quai"}}, {"type": "Feature", "geometry": {"type": "Point", "coordinates": [22.26145, 60.19653]}, "properties": {"id": "osm-n-8177173382", "country": "fi", "source": "OSM", "updated": "2026-09-12", "name": "Granvik", "type": "quai", "operateur": "Finnferries"}}, {"type": "Feature", "geometry": {"type": "Point", "coordinates": [24.81696, 60.17485]}, "properties": {"id": "osm-n-8207535374", "country": "fi", "source": "OSM", "updated": "2026-09-12", "name": "Otsolahden saaristovenelaituri", "type": "quai"}}, {"type": "Feature", "geometry": {"type": "Point", "coordinates": [24.67473, 60.10727]}, "properties": {"id": "osm-n-8207552055", "country": "fi", "source": "OSM", "updated": "2026-09-12", "name": "Pentalan saaristovenelaituri", "type": "quai", "vehicules": "no"}}, {"type": "Feature", "geometry": {"type": "Point", "coordinates": [24.64774, 60.13499]}, "properties": {"id": "osm-n-8207568828", "country": "fi", "source": "OSM", "updated": "2026-09-12", "name": "Soukan saaristovenelaituri", "type": "quai", "vehicules": "no"}}, {"type": "Feature", "geometry": {"type": "Point", "coordinates": [22.07361, 60.23067]}, "properties": {"id": "osm-n-8402895180", "country": "fi", "source": "OSM", "updated": "2026-09-12", "name": "embarcadère", "type": "quai"}}, {"type": "Feature", "geometry": {"type": "Point", "coordinates": [21.75573, 59.9539]}, "properties": {"id": "osm-n-8528170130", "country": "fi", "source": "OSM", "updated": "2026-09-12", "name": "Nötö", "type": "quai"}}, {"type": "Feature", "geometry": {"type": "Point", "coordinates": [21.58525, 59.82693]}, "properties": {"id": "osm-n-8528243242", "country": "fi", "source": "OSM", "updated": "2026-09-12", "name": "Jurmo", "type": "quai"}}, {"type": "Feature", "geometry": {"type": "Point", "coordinates": [21.80213, 60.0541]}, "properties": {"id": "osm-n-8528346685", "country": "fi", "source": "OSM", "updated": "2026-09-12", "name": "Berghamn", "type": "quai"}}, {"type": "Feature", "geometry": {"type": "Point", "coordinates": [23.75257, 62.23912]}, "properties": {"id": "osm-n-8602588100", "country": "fi", "source": "OSM", "updated": "2026-09-12", "name": "Virrat", "type": "quai"}}, {"type": "Feature", "geometry": {"type": "Point", "coordinates": [21.96826, 60.20405]}, "properties": {"id": "osm-n-8712153701", "country": "fi", "source": "OSM", "updated": "2026-09-12", "name": "Käldö", "type": "quai"}}, {"type": "Feature", "geometry": {"type": "Point", "coordinates": [21.57871, 60.29816]}, "properties": {"id": "osm-n-8737139818", "country": "fi", "source": "OSM", "updated": "2026-09-12", "name": "Åvensor", "type": "quai"}}, {"type": "Feature", "geometry": {"type": "Point", "coordinates": [21.59878, 60.25689]}, "properties": {"id": "osm-n-8742835141", "country": "fi", "source": "OSM", "updated": "2026-09-12", "name": "Lavarn", "type": "quai"}}, {"type": "Feature", "geometry": {"type": "Point", "coordinates": [21.75242, 60.24952]}, "properties": {"id": "osm-n-8742835172", "country": "fi", "source": "OSM", "updated": "2026-09-12", "name": "Innamo", "type": "quai"}}, {"type": "Feature", "geometry": {"type": "Point", "coordinates": [21.81161, 60.1378]}, "properties": {"id": "osm-n-8850416278", "country": "fi", "source": "OSM", "updated": "2026-09-12", "name": "Mattnäs", "type": "quai"}}, {"type": "Feature", "geometry": {"type": "Point", "coordinates": [21.55137, 60.24674]}, "properties": {"id": "osm-n-8963280862", "country": "fi", "source": "OSM", "updated": "2026-09-12", "name": "Lillpensor", "type": "quai"}}, {"type": "Feature", "geometry": {"type": "Point", "coordinates": [21.50846, 60.23252]}, "properties": {"id": "osm-n-8963281270", "country": "fi", "source": "OSM", "updated": "2026-09-12", "name": "Storpensor", "type": "quai"}}, {"type": "Feature", "geometry": {"type": "Point", "coordinates": [21.69584, 60.26121]}, "properties": {"id": "osm-n-8968187601", "country": "fi", "source": "OSM", "updated": "2026-09-12", "name": "Järvsor", "type": "quai"}}, {"type": "Feature", "geometry": {"type": "Point", "coordinates": [21.33517, 60.23337]}, "properties": {"id": "osm-n-8989626511", "country": "fi", "source": "OSM", "updated": "2026-09-12", "name": "Roslax", "type": "quai"}}, {"type": "Feature", "geometry": {"type": "Point", "coordinates": [21.37135, 60.38156]}, "properties": {"id": "osm-n-9026182322", "country": "fi", "source": "OSM", "updated": "2026-09-12", "name": "Dalen (Iniö)", "type": "quai"}}, {"type": "Feature", "geometry": {"type": "Point", "coordinates": [21.40984, 60.41861]}, "properties": {"id": "osm-n-9026259910", "country": "fi", "source": "OSM", "updated": "2026-09-12", "name": "Kolko", "type": "quai"}}, {"type": "Feature", "geometry": {"type": "Point", "coordinates": [21.39643, 60.4392]}, "properties": {"id": "osm-n-9045027005", "country": "fi", "source": "OSM", "updated": "2026-09-12", "name": "Kannvik", "type": "quai"}}, {"type": "Feature", "geometry": {"type": "Point", "coordinates": [22.4122, 59.92106]}, "properties": {"id": "osm-n-9063784123", "country": "fi", "source": "OSM", "updated": "2026-09-12", "name": "Kasnäs", "type": "quai"}}, {"type": "Feature", "geometry": {"type": "Point", "coordinates": [22.36925, 59.95461]}, "properties": {"id": "osm-n-9063784132", "country": "fi", "source": "OSM", "updated": "2026-09-12", "name": "Högsåra", "type": "quai"}}, {"type": "Feature", "geometry": {"type": "Point", "coordinates": [22.55991, 59.97108]}, "properties": {"id": "osm-n-9063784549", "country": "fi", "source": "OSM", "updated": "2026-09-12", "name": "Bisköpsö", "type": "quai"}}, {"type": "Feature", "geometry": {"type": "Point", "coordinates": [22.94341, 60.31807]}, "properties": {"id": "osm-n-9063784577", "country": "fi", "source": "OSM", "updated": "2026-09-12", "name": "Kokkila", "type": "quai"}}, {"type": "Feature", "geometry": {"type": "Point", "coordinates": [21.97545, 60.08613]}, "properties": {"id": "osm-n-9063863760", "country": "fi", "source": "OSM", "updated": "2026-09-12", "name": "Brännskär", "type": "quai"}}, {"type": "Feature", "geometry": {"type": "Point", "coordinates": [22.0832, 60.08833]}, "properties": {"id": "osm-n-9063863767", "country": "fi", "source": "OSM", "updated": "2026-09-12", "name": "Gullkrona", "type": "quai"}}, {"type": "Feature", "geometry": {"type": "Point", "coordinates": [21.2192, 60.31013]}, "properties": {"id": "osm-n-9063945528", "country": "fi", "source": "OSM", "updated": "2026-09-12", "name": "Äpplö", "type": "quai"}}, {"type": "Feature", "geometry": {"type": "Point", "coordinates": [21.19093, 60.31459]}, "properties": {"id": "osm-n-9063945529", "country": "fi", "source": "OSM", "updated": "2026-09-12", "name": "Bockholm", "type": "quai"}}, {"type": "Feature", "geometry": {"type": "Point", "coordinates": [21.17887, 60.35587]}, "properties": {"id": "osm-n-9063945530", "country": "fi", "source": "OSM", "updated": "2026-09-12", "name": "Härklot", "type": "quai"}}, {"type": "Feature", "geometry": {"type": "Point", "coordinates": [21.15714, 60.34121]}, "properties": {"id": "osm-n-9063945532", "country": "fi", "source": "OSM", "updated": "2026-09-12", "name": "Nåtö", "type": "quai"}}, {"type": "Feature", "geometry": {"type": "Point", "coordinates": [21.56379, 60.23536]}, "properties": {"id": "osm-n-9063945581", "country": "fi", "source": "OSM", "updated": "2026-09-12", "name": "Havträsk", "type": "quai"}}, {"type": "Feature", "geometry": {"type": "Point", "coordinates": [23.11353, 59.89596]}, "properties": {"id": "osm-n-9161314081", "country": "fi", "source": "OSM", "updated": "2026-09-12", "name": "embarcadère", "type": "quai"}}, {"type": "Feature", "geometry": {"type": "Point", "coordinates": [22.95419, 59.82237]}, "properties": {"id": "osm-n-9451026245", "country": "fi", "source": "OSM", "updated": "2026-09-12", "name": "RORO2", "type": "quai"}}, {"type": "Feature", "geometry": {"type": "Point", "coordinates": [22.94993, 59.82162]}, "properties": {"id": "osm-n-9451269157", "country": "fi", "source": "OSM", "updated": "2026-09-12", "name": "RORO4", "type": "quai"}}, {"type": "Feature", "geometry": {"type": "Point", "coordinates": [22.95599, 59.82181]}, "properties": {"id": "osm-n-9451269158", "country": "fi", "source": "OSM", "updated": "2026-09-12", "name": "RORO3", "type": "quai"}}, {"type": "Feature", "geometry": {"type": "Point", "coordinates": [22.95033, 59.8203]}, "properties": {"id": "osm-n-9451269159", "country": "fi", "source": "OSM", "updated": "2026-09-12", "name": "RORO5", "type": "quai"}}, {"type": "Feature", "geometry": {"type": "Point", "coordinates": [22.94819, 59.82361]}, "properties": {"id": "osm-n-9451269160", "country": "fi", "source": "OSM", "updated": "2026-09-12", "name": "RORO1", "type": "quai"}}, {"type": "Feature", "geometry": {"type": "Point", "coordinates": [22.11266, 60.23572]}, "properties": {"id": "osm-n-9455528254", "country": "fi", "source": "OSM", "updated": "2026-09-12", "name": "Lillmälö (Pargas)", "type": "quai", "operateur": "Finferries"}}, {"type": "Feature", "geometry": {"type": "Point", "coordinates": [22.098, 60.22237]}, "properties": {"id": "osm-n-9455528255", "country": "fi", "source": "OSM", "updated": "2026-09-12", "name": "Prostvik (Nagu)", "type": "quai", "operateur": "Finferries"}}, {"type": "Feature", "geometry": {"type": "Point", "coordinates": [21.70488, 60.16378]}, "properties": {"id": "osm-n-9455528256", "country": "fi", "source": "OSM", "updated": "2026-09-12", "name": "Pärnäs (Nagu)", "type": "quai", "operateur": "Finferries"}}, {"type": "Feature", "geometry": {"type": "Point", "coordinates": [21.58696, 60.18484]}, "properties": {"id": "osm-n-9455528258", "country": "fi", "source": "OSM", "updated": "2026-09-12", "name": "Galtby (Korpo)", "type": "quai", "operateur": "Finferries;Ålandstrafiken"}}, {"type": "Feature", "geometry": {"type": "Point", "coordinates": [21.55675, 60.17463]}, "properties": {"id": "osm-n-9455528259", "country": "fi", "source": "OSM", "updated": "2026-09-12", "name": "Verkan", "type": "quai"}}, {"type": "Feature", "geometry": {"type": "Point", "coordinates": [22.2499, 60.19053]}, "properties": {"id": "osm-n-9457519451", "country": "fi", "source": "OSM", "updated": "2026-09-12", "name": "Granholmen", "type": "quai"}}, {"type": "Feature", "geometry": {"type": "Point", "coordinates": [22.259, 60.17712]}, "properties": {"id": "osm-n-9457519452", "country": "fi", "source": "OSM", "updated": "2026-09-12", "name": "Heisala", "type": "quai"}}, {"type": "Feature", "geometry": {"type": "Point", "coordinates": [22.23627, 60.18525]}, "properties": {"id": "osm-n-9457519453", "country": "fi", "source": "OSM", "updated": "2026-09-12", "name": "Björkholm", "type": "quai", "operateur": "Finferries"}}, {"type": "Feature", "geometry": {"type": "Point", "coordinates": [22.18408, 60.16991]}, "properties": {"id": "osm-n-9457519454", "country": "fi", "source": "OSM", "updated": "2026-09-12", "name": "Ramsholm", "type": "quai"}}, {"type": "Feature", "geometry": {"type": "Point", "coordinates": [22.16502, 60.1704]}, "properties": {"id": "osm-n-9457519455", "country": "fi", "source": "OSM", "updated": "2026-09-12", "name": "Stenholm", "type": "quai"}}, {"type": "Feature", "geometry": {"type": "Point", "coordinates": [22.17551, 60.16558]}, "properties": {"id": "osm-n-9457519456", "country": "fi", "source": "OSM", "updated": "2026-09-12", "name": "Aspholm", "type": "quai", "operateur": "Finferries"}}, {"type": "Feature", "geometry": {"type": "Point", "coordinates": [22.16438, 60.1602]}, "properties": {"id": "osm-n-9457519465", "country": "fi", "source": "OSM", "updated": "2026-09-12", "name": "Östra Tallholm", "type": "quai"}}, {"type": "Feature", "geometry": {"type": "Point", "coordinates": [22.16155, 60.14799]}, "properties": {"id": "osm-n-9457519466", "country": "fi", "source": "OSM", "updated": "2026-09-12", "name": "Kuggö", "type": "quai"}}, {"type": "Feature", "geometry": {"type": "Point", "coordinates": [22.13685, 60.14797]}, "properties": {"id": "osm-n-9457519467", "country": "fi", "source": "OSM", "updated": "2026-09-12", "name": "Pensar Östra", "type": "quai"}}, {"type": "Feature", "geometry": {"type": "Point", "coordinates": [22.28163, 60.15093]}, "properties": {"id": "osm-n-9457782613", "country": "fi", "source": "OSM", "updated": "2026-09-12", "name": "Sorpo", "type": "quai"}}, {"type": "Feature", "geometry": {"type": "Point", "coordinates": [22.28564, 60.15032]}, "properties": {"id": "osm-n-9457782614", "country": "fi", "source": "OSM", "updated": "2026-09-12", "name": "Jermo", "type": "quai"}}, {"type": "Feature", "geometry": {"type": "Point", "coordinates": [22.30376, 60.21695]}, "properties": {"id": "osm-n-9457812160", "country": "fi", "source": "OSM", "updated": "2026-09-12", "name": "Våno", "type": "quai", "operateur": "Finnferries"}}, {"type": "Feature", "geometry": {"type": "Point", "coordinates": [22.30682, 60.21511]}, "properties": {"id": "osm-n-9457812161", "country": "fi", "source": "OSM", "updated": "2026-09-12", "name": "Mielisholm", "type": "quai", "operateur": "Finnferries"}}, {"type": "Feature", "geometry": {"type": "Point", "coordinates": [22.11002, 60.15125]}, "properties": {"id": "osm-n-9457828868", "country": "fi", "source": "OSM", "updated": "2026-09-12", "name": "Pensar L", "type": "quai", "operateur": "Ferentes Oy"}}, {"type": "Feature", "geometry": {"type": "Point", "coordinates": [22.10092, 60.14381]}, "properties": {"id": "osm-n-9457828869", "country": "fi", "source": "OSM", "updated": "2026-09-12", "name": "Peno", "type": "quai"}}, {"type": "Feature", "geometry": {"type": "Point", "coordinates": [22.01816, 60.12129]}, "properties": {"id": "osm-n-9457828870", "country": "fi", "source": "OSM", "updated": "2026-09-12", "name": "Kirjais", "type": "quai"}}, {"type": "Feature", "geometry": {"type": "Point", "coordinates": [22.08305, 60.08831]}, "properties": {"id": "osm-n-9457828874", "country": "fi", "source": "OSM", "updated": "2026-09-12", "name": "Gullkrona", "type": "quai"}}, {"type": "Feature", "geometry": {"type": "Point", "coordinates": [22.04914, 60.07131]}, "properties": {"id": "osm-n-9457828875", "country": "fi", "source": "OSM", "updated": "2026-09-12", "name": "Stenskär", "type": "quai"}}, {"type": "Feature", "geometry": {"type": "Point", "coordinates": [21.97533, 60.01144]}, "properties": {"id": "osm-n-9457828877", "country": "fi", "source": "OSM", "updated": "2026-09-12", "name": "Knivskär", "type": "quai"}}, {"type": "Feature", "geometry": {"type": "Point", "coordinates": [21.8999, 59.96783]}, "properties": {"id": "osm-n-9457828878", "country": "fi", "source": "OSM", "updated": "2026-09-12", "name": "Kopparholm", "type": "quai"}}, {"type": "Feature", "geometry": {"type": "Point", "coordinates": [21.75625, 59.95374]}, "properties": {"id": "osm-n-9457828879", "country": "fi", "source": "OSM", "updated": "2026-09-12", "name": "Nötö", "type": "quai"}}, {"type": "Feature", "geometry": {"type": "Point", "coordinates": [21.80201, 60.05415]}, "properties": {"id": "osm-n-9457828880", "country": "fi", "source": "OSM", "updated": "2026-09-12", "name": "Berghamn", "type": "quai"}}, {"type": "Feature", "geometry": {"type": "Point", "coordinates": [21.74193, 59.91335]}, "properties": {"id": "osm-n-9457828881", "country": "fi", "source": "OSM", "updated": "2026-09-12", "name": "Träskholm", "type": "quai"}}, {"type": "Feature", "geometry": {"type": "Point", "coordinates": [21.75031, 59.90843]}, "properties": {"id": "osm-n-9457828885", "country": "fi", "source": "OSM", "updated": "2026-09-12", "name": "Bodö", "type": "quai"}}, {"type": "Feature", "geometry": {"type": "Point", "coordinates": [21.69168, 59.91393]}, "properties": {"id": "osm-n-9457828886", "country": "fi", "source": "OSM", "updated": "2026-09-12", "name": "Björkö", "type": "quai"}}, {"type": "Feature", "geometry": {"type": "Point", "coordinates": [21.77194, 59.88247]}, "properties": {"id": "osm-n-9457828887", "country": "fi", "source": "OSM", "updated": "2026-09-12", "name": "Trunsö", "type": "quai"}}, {"type": "Feature", "geometry": {"type": "Point", "coordinates": [21.58556, 59.82693]}, "properties": {"id": "osm-n-9457828888", "country": "fi", "source": "OSM", "updated": "2026-09-12", "name": "Jurmo", "type": "quai"}}, {"type": "Feature", "geometry": {"type": "Point", "coordinates": [21.36793, 59.78655]}, "properties": {"id": "osm-n-9457828889", "country": "fi", "source": "OSM", "updated": "2026-09-12", "name": "Utö (Armebron)", "type": "quai"}}, {"type": "Feature", "geometry": {"type": "Point", "coordinates": [21.37014, 59.78187]}, "properties": {"id": "osm-n-9457828890", "country": "fi", "source": "OSM", "updated": "2026-09-12", "name": "Utö (Storabron)", "type": "quai"}}, {"type": "Feature", "geometry": {"type": "Point", "coordinates": [21.61381, 59.95146]}, "properties": {"id": "osm-n-9457828891", "country": "fi", "source": "OSM", "updated": "2026-09-12", "name": "Aspö", "type": "quai"}}, {"type": "Feature", "geometry": {"type": "Point", "coordinates": [21.7416, 60.12132]}, "properties": {"id": "osm-n-9457828892", "country": "fi", "source": "OSM", "updated": "2026-09-12", "name": "Lånholm", "type": "quai"}}, {"type": "Feature", "geometry": {"type": "Point", "coordinates": [21.73566, 60.12741]}, "properties": {"id": "osm-n-9457828901", "country": "fi", "source": "OSM", "updated": "2026-09-12", "name": "Krok", "type": "quai"}}, {"type": "Feature", "geometry": {"type": "Point", "coordinates": [22.30654, 60.2153]}, "properties": {"id": "osm-n-9457845180", "country": "fi", "source": "OSM", "updated": "2026-09-12", "name": "Mielisholm", "type": "quai"}}, {"type": "Feature", "geometry": {"type": "Point", "coordinates": [21.91165, 60.19401]}, "properties": {"id": "osm-n-9458153854", "country": "fi", "source": "OSM", "updated": "2026-09-12", "name": "Nagu hamn", "type": "quai"}}, {"type": "Feature", "geometry": {"type": "Point", "coordinates": [21.55833, 60.21695]}, "properties": {"id": "osm-n-9458153855", "country": "fi", "source": "OSM", "updated": "2026-09-12", "name": "Olofnäs", "type": "quai"}}, {"type": "Feature", "geometry": {"type": "Point", "coordinates": [21.43816, 60.18696]}, "properties": {"id": "osm-n-9458153856", "country": "fi", "source": "OSM", "updated": "2026-09-12", "name": "Kittuis (Houtskär)", "type": "quai"}}, {"type": "Feature", "geometry": {"type": "Point", "coordinates": [21.33459, 60.23343]}, "properties": {"id": "osm-n-9458153857", "country": "fi", "source": "OSM", "updated": "2026-09-12", "name": "Roslax (Houtskär)", "type": "quai"}}, {"type": "Feature", "geometry": {"type": "Point", "coordinates": [21.36762, 60.22429]}, "properties": {"id": "osm-n-9458153858", "country": "fi", "source": "OSM", "updated": "2026-09-12", "name": "Näsby", "type": "quai"}}, {"type": "Feature", "geometry": {"type": "Point", "coordinates": [21.33578, 60.23521]}, "properties": {"id": "osm-n-9458153859", "country": "fi", "source": "OSM", "updated": "2026-09-12", "name": "Kivimo", "type": "quai"}}, {"type": "Feature", "geometry": {"type": "Point", "coordinates": [21.40589, 60.26537]}, "properties": {"id": "osm-n-9458153860", "country": "fi", "source": "OSM", "updated": "2026-09-12", "name": "Björkö", "type": "quai"}}, {"type": "Feature", "geometry": {"type": "Point", "coordinates": [21.4059, 60.26901]}, "properties": {"id": "osm-n-9458153861", "country": "fi", "source": "OSM", "updated": "2026-09-12", "name": "Mossala", "type": "quai"}}, {"type": "Feature", "geometry": {"type": "Point", "coordinates": [21.43936, 60.28838]}, "properties": {"id": "osm-n-9458153862", "country": "fi", "source": "OSM", "updated": "2026-09-12", "name": "Mossala (Houtskär)", "type": "quai"}}, {"type": "Feature", "geometry": {"type": "Point", "coordinates": [21.37187, 60.3817]}, "properties": {"id": "osm-n-9458153864", "country": "fi", "source": "OSM", "updated": "2026-09-12", "name": "Dalen (Iniö)", "type": "quai"}}, {"type": "Feature", "geometry": {"type": "Point", "coordinates": [21.34906, 60.37231]}, "properties": {"id": "osm-n-9458153865", "country": "fi", "source": "OSM", "updated": "2026-09-12", "name": "Keistiö", "type": "quai"}}, {"type": "Feature", "geometry": {"type": "Point", "coordinates": [21.3901, 60.39697]}, "properties": {"id": "osm-n-9458153866", "country": "fi", "source": "OSM", "updated": "2026-09-12", "name": "Norrby (Iniö)", "type": "quai"}}, {"type": "Feature", "geometry": {"type": "Point", "coordinates": [21.36852, 60.40593]}, "properties": {"id": "osm-n-9458153867", "country": "fi", "source": "OSM", "updated": "2026-09-12", "name": "Skagen", "type": "quai"}}, {"type": "Feature", "geometry": {"type": "Point", "coordinates": [21.41004, 60.41859]}, "properties": {"id": "osm-n-9458153869", "country": "fi", "source": "OSM", "updated": "2026-09-12", "name": "Kolko", "type": "quai"}}, {"type": "Feature", "geometry": {"type": "Point", "coordinates": [21.39538, 60.43913]}, "properties": {"id": "osm-n-9458153870", "country": "fi", "source": "OSM", "updated": "2026-09-12", "name": "Kannvik (Iniö)", "type": "quai"}}, {"type": "Feature", "geometry": {"type": "Point", "coordinates": [21.4351, 60.48511]}, "properties": {"id": "osm-n-9458153872", "country": "fi", "source": "OSM", "updated": "2026-09-12", "name": "Heponiemi (Kustavi)", "type": "quai"}}, {"type": "Feature", "geometry": {"type": "Point", "coordinates": [21.2469, 60.50746]}, "properties": {"id": "osm-n-9458153876", "country": "fi", "source": "OSM", "updated": "2026-09-12", "name": "Vuosnainen (Kustavi)", "type": "quai"}}, {"type": "Feature", "geometry": {"type": "Point", "coordinates": [22.90357, 59.81148]}, "properties": {"id": "osm-n-9470928970", "country": "fi", "source": "OSM", "updated": "2026-09-12", "name": "OH1", "type": "quai"}}, {"type": "Feature", "geometry": {"type": "Point", "coordinates": [22.90279, 59.81084]}, "properties": {"id": "osm-n-9470928971", "country": "fi", "source": "OSM", "updated": "2026-09-12", "name": "OH2", "type": "quai"}}, {"type": "Feature", "geometry": {"type": "Point", "coordinates": [26.96366, 60.46012]}, "properties": {"id": "osm-n-9493503554", "country": "fi", "source": "OSM", "updated": "2026-09-12", "name": "Kuusinen", "type": "quai"}}, {"type": "Feature", "geometry": {"type": "Point", "coordinates": [26.95171, 60.4726]}, "properties": {"id": "osm-n-9551662115", "country": "fi", "source": "OSM", "updated": "2026-09-12", "name": "Risteilyalukset", "type": "quai", "operateur": "HaminaKotka Satama Oy"}}, {"type": "Feature", "geometry": {"type": "Point", "coordinates": [22.50628, 60.01911]}, "properties": {"id": "osm-n-9645717370", "country": "fi", "source": "OSM", "updated": "2026-09-12", "name": "Dalsbruk", "type": "quai"}}, {"type": "Feature", "geometry": {"type": "Point", "coordinates": [24.9541, 60.1665]}, "properties": {"id": "osm-n-9798109564", "country": "fi", "source": "OSM", "updated": "2026-09-12", "name": "Kauppatori (Lyypekinlaituri)", "type": "quai"}}, {"type": "Feature", "geometry": {"type": "Point", "coordinates": [24.98923, 60.15377]}, "properties": {"id": "osm-n-9800714994", "country": "fi", "source": "OSM", "updated": "2026-09-12", "name": "Lonna", "type": "quai", "route": "9568"}}, {"type": "Feature", "geometry": {"type": "Point", "coordinates": [24.94658, 60.1532]}, "properties": {"id": "osm-n-9833165196", "country": "fi", "source": "OSM", "updated": "2026-09-12", "name": "embarcadère", "type": "quai"}}, {"type": "Feature", "geometry": {"type": "Point", "coordinates": [24.9807, 60.18259]}, "properties": {"id": "osm-n-9849917847", "country": "fi", "source": "OSM", "updated": "2026-09-12", "name": "Kalasataman saaristovenelaituri", "type": "quai"}}, {"type": "Feature", "geometry": {"type": "Point", "coordinates": [25.01645, 60.15229]}, "properties": {"id": "osm-n-9856140525", "country": "fi", "source": "OSM", "updated": "2026-09-12", "name": "Vasikkasaari", "type": "quai"}}, {"type": "Feature", "geometry": {"type": "Point", "coordinates": [24.95359, 60.16688]}, "properties": {"id": "osm-n-9856140539", "country": "fi", "source": "OSM", "updated": "2026-09-12", "name": "Kauppatori (Laituripaikka 4)", "type": "quai"}}, {"type": "Feature", "geometry": {"type": "Point", "coordinates": [25.67402, 61.29191]}, "properties": {"id": "osm-n-9905520967", "country": "fi", "source": "OSM", "updated": "2026-09-12", "name": "Kalkkinen", "type": "quai"}}, {"type": "Feature", "geometry": {"type": "Point", "coordinates": [22.58003, 63.72772]}, "properties": {"id": "osm-n-9944650510", "country": "fi", "source": "OSM", "updated": "2026-09-12", "name": "Mässkär", "type": "quai"}}, {"type": "Feature", "geometry": {"type": "Point", "coordinates": [22.68506, 63.68419]}, "properties": {"id": "osm-n-9944661171", "country": "fi", "source": "OSM", "updated": "2026-09-12", "name": "Gamla Hamn", "type": "quai"}}, {"type": "Feature", "geometry": {"type": "Point", "coordinates": [22.09481, 60.21836]}, "properties": {"id": "osm-n-9980635271", "country": "fi", "source": "OSM", "updated": "2026-09-12", "name": "embarcadère", "type": "quai"}}, {"type": "Feature", "geometry": {"type": "Point", "coordinates": [23.63478, 63.25193]}, "properties": {"id": "osm-n-9981951045", "country": "fi", "source": "OSM", "updated": "2026-09-12", "name": "embarcadère", "type": "quai"}}, {"type": "Feature", "geometry": {"type": "Point", "coordinates": [23.63061, 63.25163]}, "properties": {"id": "osm-n-9981951046", "country": "fi", "source": "OSM", "updated": "2026-09-12", "name": "embarcadère", "type": "quai"}}, {"type": "Feature", "geometry": {"type": "Point", "coordinates": [22.66961, 63.80838]}, "properties": {"id": "osm-n-9990569694", "country": "fi", "source": "OSM", "updated": "2026-09-12", "name": "Köpmanholmen", "type": "quai"}}, {"type": "Feature", "geometry": {"type": "Point", "coordinates": [22.67708, 63.8036]}, "properties": {"id": "osm-n-9990569698", "country": "fi", "source": "OSM", "updated": "2026-09-12", "name": "Sonamo", "type": "quai"}}, {"type": "Feature", "geometry": {"type": "Point", "coordinates": [22.67108, 63.80658]}, "properties": {"id": "osm-n-9990569703", "country": "fi", "source": "OSM", "updated": "2026-09-12", "name": "Köpmanholmen", "type": "quai"}}, {"type": "Feature", "geometry": {"type": "Point", "coordinates": [23.11562, 63.85777]}, "properties": {"id": "osm-n-9990649216", "country": "fi", "source": "OSM", "updated": "2026-09-12", "name": "Kokkola", "type": "quai"}}, {"type": "Feature", "geometry": {"type": "Point", "coordinates": [22.8507, 63.94908]}, "properties": {"id": "osm-n-9990650217", "country": "fi", "source": "OSM", "updated": "2026-09-12", "name": "Tankar", "type": "quai"}}, {"type": "Feature", "geometry": {"type": "Point", "coordinates": [22.09571, 60.22122]}, "properties": {"id": "osm-n-10098044840", "country": "fi", "source": "OSM", "updated": "2026-09-12", "name": "embarcadère", "type": "quai"}}, {"type": "Feature", "geometry": {"type": "Point", "coordinates": [25.66204, 60.3893]}, "properties": {"id": "osm-n-11013421724", "country": "fi", "source": "OSM", "updated": "2026-09-12", "name": "embarcadère", "type": "quai"}}, {"type": "Feature", "geometry": {"type": "Point", "coordinates": [22.11239, 60.23525]}, "properties": {"id": "osm-n-11047990193", "country": "fi", "source": "OSM", "updated": "2026-09-12", "name": "Lillmälö", "type": "quai"}}, {"type": "Feature", "geometry": {"type": "Point", "coordinates": [21.29458, 60.30217]}, "properties": {"id": "osm-n-11215264460", "country": "fi", "source": "OSM", "updated": "2026-09-12", "name": "Lempnäs", "type": "quai"}}, {"type": "Feature", "geometry": {"type": "Point", "coordinates": [23.74707, 61.31418]}, "properties": {"id": "osm-n-11449444434", "country": "fi", "source": "OSM", "updated": "2026-09-12", "name": "Myllyranta", "type": "quai"}}, {"type": "Feature", "geometry": {"type": "Point", "coordinates": [23.7563, 61.30704]}, "properties": {"id": "osm-n-11449444435", "country": "fi", "source": "OSM", "updated": "2026-09-12", "name": "Lempäälän kanava", "type": "quai"}}, {"type": "Feature", "geometry": {"type": "Point", "coordinates": [21.24735, 60.50743]}, "properties": {"id": "osm-n-11586402663", "country": "fi", "source": "OSM", "updated": "2026-09-12", "name": "Vuosnainen", "type": "quai"}}, {"type": "Feature", "geometry": {"type": "Point", "coordinates": [24.95955, 60.16956]}, "properties": {"id": "osm-n-11822670795", "country": "fi", "source": "OSM", "updated": "2026-09-12", "name": "Meritullintori", "type": "quai"}}, {"type": "Feature", "geometry": {"type": "Point", "coordinates": [24.95302, 60.16681]}, "properties": {"id": "osm-n-11940512043", "country": "fi", "source": "OSM", "updated": "2026-09-12", "name": "embarcadère", "type": "quai"}}, {"type": "Feature", "geometry": {"type": "Point", "coordinates": [24.95274, 60.16698]}, "properties": {"id": "osm-n-11940512044", "country": "fi", "source": "OSM", "updated": "2026-09-12", "name": "embarcadère", "type": "quai", "operateur": "IHA-Lines"}}, {"type": "Feature", "geometry": {"type": "Point", "coordinates": [24.95303, 60.16742]}, "properties": {"id": "osm-n-11940512045", "country": "fi", "source": "OSM", "updated": "2026-09-12", "name": "Helsinki Sightseeing", "type": "quai"}}, {"type": "Feature", "geometry": {"type": "Point", "coordinates": [24.95352, 60.16744]}, "properties": {"id": "osm-n-11940512046", "country": "fi", "source": "OSM", "updated": "2026-09-12", "name": "Vesibussi Vallisaaren", "type": "quai"}}, {"type": "Feature", "geometry": {"type": "Point", "coordinates": [24.95635, 60.16751]}, "properties": {"id": "osm-n-11940512047", "country": "fi", "source": "OSM", "updated": "2026-09-12", "name": "Sunlines Party Cruises/J. L. Runeberg", "type": "quai"}}, {"type": "Feature", "geometry": {"type": "Point", "coordinates": [24.9532, 60.16693]}, "properties": {"id": "osm-n-11940512048", "country": "fi", "source": "OSM", "updated": "2026-09-12", "name": "embarcadère", "type": "quai"}}, {"type": "Feature", "geometry": {"type": "Point", "coordinates": [24.95341, 60.16696]}, "properties": {"id": "osm-n-11940512049", "country": "fi", "source": "OSM", "updated": "2026-09-12", "name": "embarcadère", "type": "quai"}}, {"type": "Feature", "geometry": {"type": "Point", "coordinates": [24.95513, 60.16705]}, "properties": {"id": "osm-n-11940512050", "country": "fi", "source": "OSM", "updated": "2026-09-12", "name": "embarcadère", "type": "quai"}}, {"type": "Feature", "geometry": {"type": "Point", "coordinates": [24.95554, 60.16688]}, "properties": {"id": "osm-n-11940512051", "country": "fi", "source": "OSM", "updated": "2026-09-12", "name": "embarcadère", "type": "quai"}}, {"type": "Feature", "geometry": {"type": "Point", "coordinates": [28.28865, 63.65889]}, "properties": {"id": "osm-n-12115537479", "country": "fi", "source": "OSM", "updated": "2026-09-12", "name": "Selkäsalmen ylitysveneet", "type": "quai"}}, {"type": "Feature", "geometry": {"type": "Point", "coordinates": [20.29625, 60.11771]}, "properties": {"id": "osm-n-12118663797", "country": "fi", "source": "OSM", "updated": "2026-09-12", "name": "Långnäs", "type": "quai", "operateur": "Ålandstrafiken"}}, {"type": "Feature", "geometry": {"type": "Point", "coordinates": [22.22238, 60.43322]}, "properties": {"id": "osm-n-12212097496", "country": "fi", "source": "OSM", "updated": "2026-09-12", "name": "Viking Line: Turku", "type": "quai"}}, {"type": "Feature", "geometry": {"type": "Point", "coordinates": [22.61054, 59.97064]}, "properties": {"id": "osm-n-12592787097", "country": "fi", "source": "OSM", "updated": "2026-09-12", "name": "Vänoxa by", "type": "quai"}}, {"type": "Feature", "geometry": {"type": "Point", "coordinates": [23.7479, 61.50459]}, "properties": {"id": "osm-n-12774708655", "country": "fi", "source": "OSM", "updated": "2026-09-12", "name": "Mustalahti", "type": "quai"}}, {"type": "Feature", "geometry": {"type": "Point", "coordinates": [25.29403, 60.25548]}, "properties": {"id": "osm-n-12974536601", "country": "fi", "source": "OSM", "updated": "2026-09-12", "name": "Gumbostrand", "type": "quai"}}, {"type": "Feature", "geometry": {"type": "Point", "coordinates": [25.3916, 60.25284]}, "properties": {"id": "osm-n-12974539401", "country": "fi", "source": "OSM", "updated": "2026-09-12", "name": "Kalkkiranta", "type": "quai"}}, {"type": "Feature", "geometry": {"type": "Point", "coordinates": [25.36871, 60.23541]}, "properties": {"id": "osm-n-12974542301", "country": "fi", "source": "OSM", "updated": "2026-09-12", "name": "Norrkullalandet", "type": "quai"}}, {"type": "Feature", "geometry": {"type": "Point", "coordinates": [26.29856, 60.381]}, "properties": {"id": "osm-n-13048849106", "country": "fi", "source": "OSM", "updated": "2026-09-12", "name": "Svartholma", "type": "quai"}}, {"type": "Feature", "geometry": {"type": "Point", "coordinates": [21.69152, 60.16571]}, "properties": {"id": "osm-n-13076030564", "country": "fi", "source": "OSM", "updated": "2026-09-12", "name": "Retais", "type": "quai"}}, {"type": "Feature", "geometry": {"type": "Point", "coordinates": [23.51634, 61.33014]}, "properties": {"id": "osm-n-13092625029", "country": "fi", "source": "OSM", "updated": "2026-09-12", "name": "Laukon kartano", "type": "quai"}}, {"type": "Feature", "geometry": {"type": "Point", "coordinates": [22.2614, 60.19657]}, "properties": {"id": "osm-n-13839665348", "country": "fi", "source": "OSM", "updated": "2026-09-12", "name": "Granvik", "type": "quai", "operateur": "Finnferries"}}, {"type": "Feature", "geometry": {"type": "Point", "coordinates": [22.01833, 60.12125]}, "properties": {"id": "osm-n-13895966165", "country": "fi", "source": "OSM", "updated": "2026-09-12", "name": "Kirjais", "type": "quai"}}, {"type": "Feature", "geometry": {"type": "Point", "coordinates": [23.64355, 68.38355]}, "properties": {"id": "osm-n-13898632043", "country": "fi", "source": "OSM", "updated": "2026-09-12", "name": "embarcadère", "type": "quai", "operateur": "Vihreä keino"}}, {"type": "Feature", "geometry": {"type": "Point", "coordinates": [22.25148, 60.44337]}, "properties": {"id": "osm-n-13920976039", "country": "fi", "source": "OSM", "updated": "2026-09-12", "name": "m/s Rosita", "type": "quai"}}, {"type": "Feature", "geometry": {"type": "Point", "coordinates": [22.25098, 60.44314]}, "properties": {"id": "osm-n-13920976042", "country": "fi", "source": "OSM", "updated": "2026-09-12", "name": "m/s Lövskär", "type": "quai", "operateur": "Rederi Ab Vitharun"}}, {"type": "Feature", "geometry": {"type": "Point", "coordinates": [25.17602, 60.22107]}, "properties": {"id": "osm-n-13943788201", "country": "fi", "source": "OSM", "updated": "2026-09-12", "name": "Bilar check-in Finnlines Helsinki-Travemünde", "type": "quai"}}, {"type": "Feature", "geometry": {"type": "Point", "coordinates": [23.77841, 60.7132]}, "properties": {"id": "osm-n-14122823800", "country": "fi", "source": "OSM", "updated": "2026-09-12", "name": "embarcadère", "type": "quai"}}, {"type": "Feature", "geometry": {"type": "Point", "coordinates": [23.77867, 60.71362]}, "properties": {"id": "osm-n-14122834801", "country": "fi", "source": "OSM", "updated": "2026-09-12", "name": "embarcadère", "type": "quai"}}, {"type": "Feature", "geometry": {"type": "Point", "coordinates": [25.90084, 60.24573]}, "properties": {"id": "osm-w-4817624", "country": "fi", "source": "OSM", "updated": "2026-09-12", "name": "Pellinki", "type": "liaison", "categorie": "ferry", "operateur": "Finferries", "duree": "00:02", "vehicules": "yes"}}, {"type": "Feature", "geometry": {"type": "Point", "coordinates": [23.50931, 59.92892]}, "properties": {"id": "osm-w-22492037", "country": "fi", "source": "OSM", "updated": "2026-09-12", "name": "Skåldö", "type": "liaison", "categorie": "ferry", "operateur": "Finferries", "duree": "00:05", "vehicules": "yes", "route": "1002"}}, {"type": "Feature", "geometry": {"type": "Point", "coordinates": [26.90473, 64.34235]}, "properties": {"id": "osm-w-23052606", "country": "fi", "source": "OSM", "updated": "2026-09-12", "name": "Alassalmen lossi", "type": "liaison", "categorie": "ferry", "operateur": "FinFerries", "duree": "00:05", "vehicules": "yes", "horaires": "05:00-23:00"}}, {"type": "Feature", "geometry": {"type": "Point", "coordinates": [20.32667, 60.04919]}, "properties": {"id": "osm-w-23103975", "country": "fi", "source": "OSM", "updated": "2026-09-12", "name": "Föglölinjen", "type": "liaison", "categorie": "ferry", "operateur": "Ålandstrafiken", "vehicules": "yes"}}, {"type": "Feature", "geometry": {"type": "Point", "coordinates": [24.96836, 60.16382]}, "properties": {"id": "osm-w-23192841", "country": "fi", "source": "OSM", "updated": "2026-09-12", "name": "Katajanokan terminaali", "type": "quai", "operateur": "Helsingin Satama Oy"}}, {"type": "Feature", "geometry": {"type": "Point", "coordinates": [24.97515, 60.16538]}, "properties": {"id": "osm-w-23461805", "country": "fi", "source": "OSM", "updated": "2026-09-12", "name": "embarcadère", "type": "quai"}}, {"type": "Feature", "geometry": {"type": "Point", "coordinates": [27.77889, 65.37161]}, "properties": {"id": "osm-w-23583231", "country": "fi", "source": "OSM", "updated": "2026-09-12", "name": "liaison", "type": "liaison", "categorie": "ferry", "vehicules": "yes"}}, {"type": "Feature", "geometry": {"type": "Point", "coordinates": [29.32156, 63.27786]}, "properties": {"id": "osm-w-23708909", "country": "fi", "source": "OSM", "updated": "2026-09-12", "name": "Hirvisalmi", "type": "liaison", "categorie": "ferry", "vehicules": "yes"}}, {"type": "Feature", "geometry": {"type": "Point", "coordinates": [29.56899, 62.39236]}, "properties": {"id": "osm-w-23737855", "country": "fi", "source": "OSM", "updated": "2026-09-12", "name": "Arvinsalmen lossi", "type": "liaison", "categorie": "ferry", "operateur": "Kymen saaristoliikenne Oy", "duree": "00:12", "vehicules": "yes"}}, {"type": "Feature", "geometry": {"type": "Point", "coordinates": [22.14916, 60.14954]}, "properties": {"id": "osm-w-24239114", "country": "fi", "source": "OSM", "updated": "2026-09-12", "name": "liaison", "type": "liaison", "categorie": "ferry", "payant": "no"}}, {"type": "Feature", "geometry": {"type": "Point", "coordinates": [22.17274, 60.16659]}, "properties": {"id": "osm-w-24239124", "country": "fi", "source": "OSM", "updated": "2026-09-12", "name": "liaison", "type": "liaison", "categorie": "ferry"}}, {"type": "Feature", "geometry": {"type": "Point", "coordinates": [21.87959, 60.16838]}, "properties": {"id": "osm-w-24878255", "country": "fi", "source": "OSM", "updated": "2026-09-12", "name": "Högsar", "type": "liaison", "categorie": "ferry", "operateur": "Finferries", "vehicules": "yes", "payant": "no", "horaires": "24/7", "route": "182"}}, {"type": "Feature", "geometry": {"type": "Point", "coordinates": [28.46633, 62.2022]}, "properties": {"id": "osm-w-24890040", "country": "fi", "source": "OSM", "updated": "2026-09-12", "name": "Tappuvirran lossi", "type": "liaison", "categorie": "ferry", "operateur": "FinFerries", "vehicules": "yes", "payant": "no"}}, {"type": "Feature", "geometry": {"type": "Point", "coordinates": [27.83819, 62.90568]}, "properties": {"id": "osm-w-25037333", "country": "fi", "source": "OSM", "updated": "2026-09-12", "name": "Kortesalmen lossi", "type": "liaison", "categorie": "ferry", "duree": "15", "vehicules": "yes"}}, {"type": "Feature", "geometry": {"type": "Point", "coordinates": [20.27495, 60.2068]}, "properties": {"id": "osm-w-25170379", "country": "fi", "source": "OSM", "updated": "2026-09-12", "name": "Töftölinjen", "type": "liaison", "categorie": "ferry", "duree": "00:04", "vehicules": "yes", "payant": "no", "horaires": "Mo-Fr 00:00-02:30,03:05-24:00; Sa,Su 00:00-02:30,03:05-09:10,09:30-11:45,12:15-17:45,18:30-19:55,20:15-24:00", "route": "2"}}, {"type": "Feature", "geometry": {"type": "Point", "coordinates": [28.34242, 61.32795]}, "properties": {"id": "osm-w-25457503", "country": "fi", "source": "OSM", "updated": "2026-09-12", "name": "Kyläniemi", "type": "liaison", "categorie": "ferry", "operateur": "Finferries", "vehicules": "yes"}}, {"type": "Feature", "geometry": {"type": "Point", "coordinates": [24.98032, 60.16737]}, "properties": {"id": "osm-w-25576807", "country": "fi", "source": "OSM", "updated": "2026-09-12", "name": "Katajanokka", "type": "quai", "route": "H0097"}}, {"type": "Feature", "geometry": {"type": "Point", "coordinates": [21.41537, 60.46273]}, "properties": {"id": "osm-w-25838298", "country": "fi", "source": "OSM", "updated": "2026-09-12", "name": "Heponiemi (Kustavi)-Kannvik (Iniö)", "type": "liaison", "categorie": "ferry", "operateur": "Finnferries", "duree": "00:25", "vehicules": "yes", "payant": "no"}}, {"type": "Feature", "geometry": {"type": "Point", "coordinates": [21.36924, 60.4088]}, "properties": {"id": "osm-w-25857027", "country": "fi", "source": "OSM", "updated": "2026-09-12", "name": "Jumo-Skagen", "type": "liaison", "categorie": "ferry", "operateur": "Kymen Saaristoliikenne", "vehicules": "yes"}}, {"type": "Feature", "geometry": {"type": "Point", "coordinates": [21.40276, 60.33511]}, "properties": {"id": "osm-w-25861515", "country": "fi", "source": "OSM", "updated": "2026-09-12", "name": "Dalen (Iniö)-Mossala (Houtskari)", "type": "liaison", "exploitation": "saisonnier", "categorie": "ferry", "operateur": "Finferries", "duree": "00:45", "vehicules": "yes", "payant": "yes"}}, {"type": "Feature", "geometry": {"type": "Point", "coordinates": [21.40596, 60.2672]}, "properties": {"id": "osm-w-25861517", "country": "fi", "source": "OSM", "updated": "2026-09-12", "name": "Mossala–Björkö", "type": "liaison", "categorie": "ferry", "operateur": "Finferries", "vehicules": "yes", "payant": "no"}}, {"type": "Feature", "geometry": {"type": "Point", "coordinates": [21.33523, 60.23439]}, "properties": {"id": "osm-w-25861519", "country": "fi", "source": "OSM", "updated": "2026-09-12", "name": "Kivimo-Roslax", "type": "liaison", "categorie": "ferry", "operateur": "Finnferries", "vehicules": "yes", "payant": "no"}}, {"type": "Feature", "geometry": {"type": "Point", "coordinates": [21.51214, 60.18736]}, "properties": {"id": "osm-w-25862408", "country": "fi", "source": "OSM", "updated": "2026-09-12", "name": "Kittuis-Galtby", "type": "liaison", "categorie": "ferry", "duree": "30", "vehicules": "yes", "route": "1800"}}, {"type": "Feature", "geometry": {"type": "Point", "coordinates": [21.69802, 60.16486]}, "properties": {"id": "osm-w-25863090", "country": "fi", "source": "OSM", "updated": "2026-09-12", "name": "Retais (Korpo)-Pärnäs (Nagu/Nauvo)", "type": "liaison", "categorie": "ferry", "duree": "5", "vehicules": "yes", "route": "180"}}, {"type": "Feature", "geometry": {"type": "Point", "coordinates": [22.10539, 60.22882]}, "properties": {"id": "osm-w-25863091", "country": "fi", "source": "OSM", "updated": "2026-09-12", "name": "Prostvik-Lillmälö", "type": "liaison", "categorie": "ferry", "operateur": "Finferries", "duree": "10", "vehicules": "yes", "payant": "no", "route": "180"}}, {"type": "Feature", "geometry": {"type": "Point", "coordinates": [28.16923, 61.45249]}, "properties": {"id": "osm-w-26012188", "country": "fi", "source": "OSM", "updated": "2026-09-12", "name": "Hätinvirta", "type": "liaison", "categorie": "ferry", "operateur": "Finnferries", "vehicules": "yes"}}, {"type": "Feature", "geometry": {"type": "Point", "coordinates": [28.12401, 61.22438]}, "properties": {"id": "osm-w-26231481", "country": "fi", "source": "OSM", "updated": "2026-09-12", "name": "Jussilansalmi", "type": "liaison", "categorie": "ferry", "vehicules": "yes"}}, {"type": "Feature", "geometry": {"type": "Point", "coordinates": [24.80495, 60.16856]}, "properties": {"id": "osm-w-26297515", "country": "fi", "source": "OSM", "updated": "2026-09-12", "name": "Otaniemi-Haukilahti", "type": "liaison", "categorie": "ferry"}}, {"type": "Feature", "geometry": {"type": "Point", "coordinates": [24.71565, 60.09033]}, "properties": {"id": "osm-w-26297600", "country": "fi", "source": "OSM", "updated": "2026-09-12", "name": "Gåsgrund-Rövaren", "type": "liaison", "categorie": "ferry"}}, {"type": "Feature", "geometry": {"type": "Point", "coordinates": [24.79037, 60.14008]}, "properties": {"id": "osm-w-26297637", "country": "fi", "source": "OSM", "updated": "2026-09-12", "name": "Gåsgrund-Otaniemi", "type": "liaison", "categorie": "ferry"}}, {"type": "Feature", "geometry": {"type": "Point", "coordinates": [21.18231, 62.93928]}, "properties": {"id": "osm-w-26359766", "country": "fi", "source": "OSM", "updated": "2026-09-12", "name": "Bergö-Bredskär", "type": "liaison", "categorie": "ferry", "operateur": "Kymen Saaristoliikenne Oy", "duree": "20", "vehicules": "yes"}}, {"type": "Feature", "geometry": {"type": "Point", "coordinates": [27.76008, 62.7214]}, "properties": {"id": "osm-w-26833180", "country": "fi", "source": "OSM", "updated": "2026-09-12", "name": "Puutossalmen lossi", "type": "liaison", "categorie": "ferry", "vehicules": "yes"}}, {"type": "Feature", "geometry": {"type": "Point", "coordinates": [28.32013, 61.09643]}, "properties": {"id": "osm-w-28069674", "country": "fi", "source": "OSM", "updated": "2026-09-12", "name": "Lamposaari", "type": "liaison", "categorie": "ferry", "vehicules": "yes"}}, {"type": "Feature", "geometry": {"type": "Point", "coordinates": [20.94761, 63.38377]}, "properties": {"id": "osm-w-28902127", "country": "fi", "source": "OSM", "updated": "2026-09-12", "name": "Vaasa–Umeå", "type": "liaison", "categorie": "ferry", "operateur": "NLC Ferry", "duree": "04:00", "vehicules": "yes", "payant": "yes"}}, {"type": "Feature", "geometry": {"type": "Point", "coordinates": [22.30526, 60.21605]}, "properties": {"id": "osm-w-33765862", "country": "fi", "source": "OSM", "updated": "2026-09-12", "name": "Våno", "type": "liaison", "categorie": "ferry", "operateur": "Finnferries", "duree": "00:03", "vehicules": "yes"}}, {"type": "Feature", "geometry": {"type": "Point", "coordinates": [25.17586, 60.22157]}, "properties": {"id": "osm-w-35214253", "country": "fi", "source": "OSM", "updated": "2026-09-12", "name": "Hansaterminaali", "type": "quai", "operateur": "Helsingin Satama Oy"}}, {"type": "Feature", "geometry": {"type": "Point", "coordinates": [21.68469, 60.46765]}, "properties": {"id": "osm-w-36767595", "country": "fi", "source": "OSM", "updated": "2026-09-12", "name": "Palvan lossi", "type": "liaison", "categorie": "ferry", "operateur": "Finferries", "duree": "00:07", "vehicules": "yes"}}, {"type": "Feature", "geometry": {"type": "Point", "coordinates": [21.32774, 60.54177]}, "properties": {"id": "osm-w-36787236", "country": "fi", "source": "OSM", "updated": "2026-09-12", "name": "Vartsala", "type": "liaison", "categorie": "ferry", "operateur": "Finnferries", "duree": "00:07", "vehicules": "yes", "payant": "no"}}, {"type": "Feature", "geometry": {"type": "Point", "coordinates": [20.70167, 69.04426]}, "properties": {"id": "osm-w-37299297", "country": "fi", "source": "OSM", "updated": "2026-09-12", "name": "liaison", "type": "liaison", "categorie": "ferry", "payant": "yes"}}, {"type": "Feature", "geometry": {"type": "Point", "coordinates": [28.38574, 61.60668]}, "properties": {"id": "osm-w-37528413", "country": "fi", "source": "OSM", "updated": "2026-09-12", "name": "Kietävälänvirta", "type": "liaison", "categorie": "ferry", "vehicules": "yes"}}, {"type": "Feature", "geometry": {"type": "Point", "coordinates": [24.7487, 60.09441]}, "properties": {"id": "osm-w-37596048", "country": "fi", "source": "OSM", "updated": "2026-09-12", "name": "Gåsgrund", "type": "quai"}}, {"type": "Feature", "geometry": {"type": "Point", "coordinates": [24.71559, 60.09774]}, "properties": {"id": "osm-w-37597228", "country": "fi", "source": "OSM", "updated": "2026-09-12", "name": "liaison", "type": "liaison", "categorie": "ferry"}}, {"type": "Feature", "geometry": {"type": "Point", "coordinates": [29.34576, 63.23009]}, "properties": {"id": "osm-w-38344460", "country": "fi", "source": "OSM", "updated": "2026-09-12", "name": "MS Princess of Saimaa", "type": "liaison", "categorie": "ferry"}}, {"type": "Feature", "geometry": {"type": "Point", "coordinates": [29.31694, 63.26307]}, "properties": {"id": "osm-w-38344461", "country": "fi", "source": "OSM", "updated": "2026-09-12", "name": "liaison", "type": "liaison", "categorie": "ferry"}}, {"type": "Feature", "geometry": {"type": "Point", "coordinates": [25.24669, 60.1868]}, "properties": {"id": "osm-w-38753319", "country": "fi", "source": "OSM", "updated": "2026-09-12", "name": "Vuosaari - Kaunissaari", "type": "liaison", "categorie": "ferry", "operateur": "FRS Finland", "duree": "01:00"}}, {"type": "Feature", "geometry": {"type": "Point", "coordinates": [20.71822, 60.21733]}, "properties": {"id": "osm-w-38809544", "country": "fi", "source": "OSM", "updated": "2026-09-12", "name": "Seglinge-Snäckö", "type": "liaison", "categorie": "ferry"}}, {"type": "Feature", "geometry": {"type": "Point", "coordinates": [28.97314, 62.14878]}, "properties": {"id": "osm-w-44327278", "country": "fi", "source": "OSM", "updated": "2026-09-12", "name": "Hanhivirran lossi", "type": "liaison", "categorie": "ferry", "vehicules": "yes", "payant": "no"}}, {"type": "Feature", "geometry": {"type": "Point", "coordinates": [21.96242, 60.31501]}, "properties": {"id": "osm-w-48821187", "country": "fi", "source": "OSM", "updated": "2026-09-12", "name": "Hämmärönsalmen lossi", "type": "liaison", "categorie": "ferry", "operateur": "Finnferries", "duree": "00:03", "vehicules": "yes", "payant": "no", "route": "1890"}}, {"type": "Feature", "geometry": {"type": "Point", "coordinates": [25.09357, 60.17746]}, "properties": {"id": "osm-w-51706292", "country": "fi", "source": "OSM", "updated": "2026-09-12", "name": "Vartiosaari - Kivisaari", "type": "liaison", "categorie": "ferry", "duree": "00:11"}}, {"type": "Feature", "geometry": {"type": "Point", "coordinates": [25.14053, 60.17781]}, "properties": {"id": "osm-w-51706296", "country": "fi", "source": "OSM", "updated": "2026-09-12", "name": "Iiluoto - Leikosaari", "type": "liaison", "categorie": "ferry", "duree": "00:10"}}, {"type": "Feature", "geometry": {"type": "Point", "coordinates": [22.17198, 60.15919]}, "properties": {"id": "osm-w-57934859", "country": "fi", "source": "OSM", "updated": "2026-09-12", "name": "liaison", "type": "liaison", "categorie": "ferry"}}, {"type": "Feature", "geometry": {"type": "Point", "coordinates": [22.2075, 60.17759]}, "properties": {"id": "osm-w-57934864", "country": "fi", "source": "OSM", "updated": "2026-09-12", "name": "liaison", "type": "liaison", "categorie": "ferry"}}, {"type": "Feature", "geometry": {"type": "Point", "coordinates": [24.88995, 60.17602]}, "properties": {"id": "osm-w-61730007", "country": "fi", "source": "OSM", "updated": "2026-09-12", "name": "Mustasaaren lautta", "type": "liaison", "categorie": "ferry"}}, {"type": "Feature", "geometry": {"type": "Point", "coordinates": [27.202, 60.40902]}, "properties": {"id": "osm-w-61943827", "country": "fi", "source": "OSM", "updated": "2026-09-12", "name": "Kotka - Ulko-Tammio", "type": "liaison", "categorie": "ferry"}}, {"type": "Feature", "geometry": {"type": "Point", "coordinates": [23.52966, 61.46954]}, "properties": {"id": "osm-w-66588328", "country": "fi", "source": "OSM", "updated": "2026-09-12", "name": "Nokia–Lempäälä", "type": "liaison", "categorie": "ferry"}}, {"type": "Feature", "geometry": {"type": "Point", "coordinates": [24.18493, 61.14779]}, "properties": {"id": "osm-w-66588330", "country": "fi", "source": "OSM", "updated": "2026-09-12", "name": "Sääksmäen silta–Lepaa", "type": "liaison", "categorie": "ferry"}}, {"type": "Feature", "geometry": {"type": "Point", "coordinates": [23.83319, 61.24984]}, "properties": {"id": "osm-w-66588332", "country": "fi", "source": "OSM", "updated": "2026-09-12", "name": "Lempäälä–Toijala", "type": "liaison", "categorie": "ferry"}}, {"type": "Feature", "geometry": {"type": "Point", "coordinates": [24.41582, 61.04329]}, "properties": {"id": "osm-w-66588337", "country": "fi", "source": "OSM", "updated": "2026-09-12", "name": "Hattula–Aulanko", "type": "liaison", "categorie": "ferry"}}, {"type": "Feature", "geometry": {"type": "Point", "coordinates": [23.96386, 61.18497]}, "properties": {"id": "osm-w-66588341", "country": "fi", "source": "OSM", "updated": "2026-09-12", "name": "Toijala–Visavuori", "type": "liaison", "categorie": "ferry"}}, {"type": "Feature", "geometry": {"type": "Point", "coordinates": [24.35629, 61.0877]}, "properties": {"id": "osm-w-66588345", "country": "fi", "source": "OSM", "updated": "2026-09-12", "name": "Lepaa–Hattula", "type": "liaison", "categorie": "ferry"}}, {"type": "Feature", "geometry": {"type": "Point", "coordinates": [24.03067, 61.18187]}, "properties": {"id": "osm-w-66588349", "country": "fi", "source": "OSM", "updated": "2026-09-12", "name": "Visavuori–Sääksmäen silta", "type": "liaison", "categorie": "ferry"}}, {"type": "Feature", "geometry": {"type": "Point", "coordinates": [23.64324, 61.48051]}, "properties": {"id": "osm-w-66588352", "country": "fi", "source": "OSM", "updated": "2026-09-12", "name": "Tampere–Nokia", "type": "liaison", "categorie": "ferry", "duree": "01:30", "horaires": "24/7"}}, {"type": "Feature", "geometry": {"type": "Point", "coordinates": [24.45728, 61.01008]}, "properties": {"id": "osm-w-66588355", "country": "fi", "source": "OSM", "updated": "2026-09-12", "name": "Aulanko–Hämeenlinna", "type": "liaison", "categorie": "ferry"}}, {"type": "Feature", "geometry": {"type": "Point", "coordinates": [23.03975, 61.77746]}, "properties": {"id": "osm-w-67043519", "country": "fi", "source": "OSM", "updated": "2026-09-12", "name": "liaison", "type": "liaison", "categorie": "ferry", "operateur": "Lohi", "payant": "yes"}}, {"type": "Feature", "geometry": {"type": "Point", "coordinates": [28.74511, 62.12937]}, "properties": {"id": "osm-w-68438292", "country": "fi", "source": "OSM", "updated": "2026-09-12", "name": "Heinäveden reitti", "type": "liaison", "categorie": "ferry", "duree": "10:30"}}, {"type": "Feature", "geometry": {"type": "Point", "coordinates": [20.84767, 59.98827]}, "properties": {"id": "osm-w-68704612", "country": "fi", "source": "OSM", "updated": "2026-09-12", "name": "Södra Linjen", "type": "liaison", "categorie": "ferry"}}, {"type": "Feature", "geometry": {"type": "Point", "coordinates": [21.91639, 60.21568]}, "properties": {"id": "osm-w-69146051", "country": "fi", "source": "OSM", "updated": "2026-09-12", "name": "liaison", "type": "liaison", "categorie": "ferry"}}, {"type": "Feature", "geometry": {"type": "Point", "coordinates": [22.5542, 61.22528]}, "properties": {"id": "osm-w-70317169", "country": "fi", "source": "OSM", "updated": "2026-09-12", "name": "liaison", "type": "liaison", "categorie": "ferry"}}, {"type": "Feature", "geometry": {"type": "Point", "coordinates": [20.36892, 60.32678]}, "properties": {"id": "osm-w-70582243", "country": "fi", "source": "OSM", "updated": "2026-09-12", "name": "Simskälalinjen", "type": "liaison", "categorie": "ferry", "vehicules": "yes", "payant": "no", "horaires": "Mo-Su 00:00-11:30,12:05-14:00,14:15-17:00,17:35-24:00; We 00:00-11:30,12:30-14:00,14:15-17:00,17:35-24:00"}}, {"type": "Feature", "geometry": {"type": "Point", "coordinates": [22.45745, 61.27402]}, "properties": {"id": "osm-w-70602890", "country": "fi", "source": "OSM", "updated": "2026-09-12", "name": "Parranluhdantie", "type": "liaison", "categorie": "ferry"}}, {"type": "Feature", "geometry": {"type": "Point", "coordinates": [21.57217, 60.20088]}, "properties": {"id": "osm-w-70673163", "country": "fi", "source": "OSM", "updated": "2026-09-12", "name": "Galtby-Norrskata", "type": "liaison", "categorie": "ferry", "duree": "15", "vehicules": "yes"}}, {"type": "Feature", "geometry": {"type": "Point", "coordinates": [25.80249, 62.18332]}, "properties": {"id": "osm-w-71039753", "country": "fi", "source": "OSM", "updated": "2026-09-12", "name": "liaison", "type": "liaison", "categorie": "ferry"}}, {"type": "Feature", "geometry": {"type": "Point", "coordinates": [25.78239, 62.14108]}, "properties": {"id": "osm-w-71039772", "country": "fi", "source": "OSM", "updated": "2026-09-12", "name": "liaison", "type": "liaison", "categorie": "ferry"}}, {"type": "Feature", "geometry": {"type": "Point", "coordinates": [25.63348, 61.98289]}, "properties": {"id": "osm-w-71039940", "country": "fi", "source": "OSM", "updated": "2026-09-12", "name": "liaison", "type": "liaison", "categorie": "ferry"}}, {"type": "Feature", "geometry": {"type": "Point", "coordinates": [25.47135, 61.82454]}, "properties": {"id": "osm-w-71043946", "country": "fi", "source": "OSM", "updated": "2026-09-12", "name": "liaison", "type": "liaison", "categorie": "ferry"}}, {"type": "Feature", "geometry": {"type": "Point", "coordinates": [25.48172, 61.76417]}, "properties": {"id": "osm-w-71043979", "country": "fi", "source": "OSM", "updated": "2026-09-12", "name": "liaison", "type": "liaison", "categorie": "ferry"}}, {"type": "Feature", "geometry": {"type": "Point", "coordinates": [25.45825, 61.63757]}, "properties": {"id": "osm-w-71044045", "country": "fi", "source": "OSM", "updated": "2026-09-12", "name": "liaison", "type": "liaison", "categorie": "ferry"}}, {"type": "Feature", "geometry": {"type": "Point", "coordinates": [25.47141, 61.82267]}, "properties": {"id": "osm-w-71055654", "country": "fi", "source": "OSM", "updated": "2026-09-12", "name": "liaison", "type": "liaison", "categorie": "ferry"}}, {"type": "Feature", "geometry": {"type": "Point", "coordinates": [21.8581, 60.16631]}, "properties": {"id": "osm-w-71208418", "country": "fi", "source": "OSM", "updated": "2026-09-12", "name": "liaison", "type": "liaison", "categorie": "ferry"}}, {"type": "Feature", "geometry": {"type": "Point", "coordinates": [27.71756, 62.84886]}, "properties": {"id": "osm-w-73287787", "country": "fi", "source": "OSM", "updated": "2026-09-12", "name": "liaison", "type": "liaison", "categorie": "ferry"}}, {"type": "Feature", "geometry": {"type": "Point", "coordinates": [27.69533, 62.87349]}, "properties": {"id": "osm-w-73287789", "country": "fi", "source": "OSM", "updated": "2026-09-12", "name": "liaison", "type": "liaison", "categorie": "ferry"}}, {"type": "Feature", "geometry": {"type": "Point", "coordinates": [27.72544, 62.87258]}, "properties": {"id": "osm-w-73287798", "country": "fi", "source": "OSM", "updated": "2026-09-12", "name": "liaison", "type": "liaison", "categorie": "ferry"}}, {"type": "Feature", "geometry": {"type": "Point", "coordinates": [27.69544, 62.85208]}, "properties": {"id": "osm-w-73287801", "country": "fi", "source": "OSM", "updated": "2026-09-12", "name": "Keilankannan kanava", "type": "liaison", "categorie": "ferry"}}, {"type": "Feature", "geometry": {"type": "Point", "coordinates": [21.21794, 62.38307]}, "properties": {"id": "osm-w-73541956", "country": "fi", "source": "OSM", "updated": "2026-09-12", "name": "Eskilsön lossi", "type": "liaison", "categorie": "ferry", "duree": "00:03", "vehicules": "yes"}}, {"type": "Feature", "geometry": {"type": "Point", "coordinates": [25.17599, 60.22115]}, "properties": {"id": "osm-w-77006738", "country": "fi", "source": "OSM", "updated": "2026-09-12", "name": "Autojen lähtöselvitys Hansaterminaaliin", "type": "quai"}}, {"type": "Feature", "geometry": {"type": "Point", "coordinates": [25.48915, 61.52798]}, "properties": {"id": "osm-w-77049920", "country": "fi", "source": "OSM", "updated": "2026-09-12", "name": "liaison", "type": "liaison", "categorie": "ferry"}}, {"type": "Feature", "geometry": {"type": "Point", "coordinates": [26.9546, 60.47278]}, "properties": {"id": "osm-w-82531464", "country": "fi", "source": "OSM", "updated": "2026-09-12", "name": "Matkustajaterminaali Satamakuuri I-5", "type": "quai", "operateur": "HaminaKotka Satama Oy"}}, {"type": "Feature", "geometry": {"type": "Point", "coordinates": [22.06632, 60.18051]}, "properties": {"id": "osm-w-84750298", "country": "fi", "source": "OSM", "updated": "2026-09-12", "name": "liaison", "type": "liaison", "categorie": "ferry", "payant": "yes"}}, {"type": "Feature", "geometry": {"type": "Point", "coordinates": [23.87813, 59.97653]}, "properties": {"id": "osm-w-85167237", "country": "fi", "source": "OSM", "updated": "2026-09-12", "name": "Barösund", "type": "liaison", "categorie": "ferry", "vehicules": "yes"}}, {"type": "Feature", "geometry": {"type": "Point", "coordinates": [22.22095, 60.43393]}, "properties": {"id": "osm-w-89568179", "country": "fi", "source": "OSM", "updated": "2026-09-12", "name": "Viking Line Terminal", "type": "quai", "operateur": "Viking Line"}}, {"type": "Feature", "geometry": {"type": "Point", "coordinates": [22.21939, 60.43527]}, "properties": {"id": "osm-w-114457759", "country": "fi", "source": "OSM", "updated": "2026-09-12", "name": "Tallink Silja Terminal", "type": "quai", "operateur": "Tallink Silja Oy"}}, {"type": "Feature", "geometry": {"type": "Point", "coordinates": [27.82576, 62.47437]}, "properties": {"id": "osm-w-115346645", "country": "fi", "source": "OSM", "updated": "2026-09-12", "name": "liaison", "type": "liaison", "categorie": "ferry"}}, {"type": "Feature", "geometry": {"type": "Point", "coordinates": [27.81008, 62.475]}, "properties": {"id": "osm-w-115346646", "country": "fi", "source": "OSM", "updated": "2026-09-12", "name": "liaison", "type": "liaison", "categorie": "ferry"}}, {"type": "Feature", "geometry": {"type": "Point", "coordinates": [27.86856, 62.45399]}, "properties": {"id": "osm-w-115346647", "country": "fi", "source": "OSM", "updated": "2026-09-12", "name": "liaison", "type": "liaison", "categorie": "ferry"}}, {"type": "Feature", "geometry": {"type": "Point", "coordinates": [27.84004, 62.43878]}, "properties": {"id": "osm-w-115346648", "country": "fi", "source": "OSM", "updated": "2026-09-12", "name": "liaison", "type": "liaison", "categorie": "ferry"}}, {"type": "Feature", "geometry": {"type": "Point", "coordinates": [22.3822, 59.95188]}, "properties": {"id": "osm-w-115477316", "country": "fi", "source": "OSM", "updated": "2026-09-12", "name": "Högsåra färja", "type": "liaison", "categorie": "ferry", "operateur": "Finnferries", "vehicules": "yes", "payant": "no"}}, {"type": "Feature", "geometry": {"type": "Point", "coordinates": [27.93641, 62.35151]}, "properties": {"id": "osm-w-115479141", "country": "fi", "source": "OSM", "updated": "2026-09-12", "name": "liaison", "type": "liaison", "categorie": "ferry"}}, {"type": "Feature", "geometry": {"type": "Point", "coordinates": [27.89585, 62.34101]}, "properties": {"id": "osm-w-115510689", "country": "fi", "source": "OSM", "updated": "2026-09-12", "name": "liaison", "type": "liaison", "categorie": "ferry"}}, {"type": "Feature", "geometry": {"type": "Point", "coordinates": [24.99246, 60.14644]}, "properties": {"id": "osm-w-117426281", "country": "fi", "source": "OSM", "updated": "2026-09-12", "name": "Suomenlinna, huoltolaituri", "type": "quai", "route": "H0096"}}, {"type": "Feature", "geometry": {"type": "Point", "coordinates": [25.8617, 62.51257]}, "properties": {"id": "osm-w-119494689", "country": "fi", "source": "OSM", "updated": "2026-09-12", "name": "liaison", "type": "liaison", "categorie": "ferry"}}, {"type": "Feature", "geometry": {"type": "Point", "coordinates": [26.92541, 61.68924]}, "properties": {"id": "osm-w-119947446", "country": "fi", "source": "OSM", "updated": "2026-09-12", "name": "liaison", "type": "liaison", "categorie": "ferry"}}, {"type": "Feature", "geometry": {"type": "Point", "coordinates": [26.73932, 61.66395]}, "properties": {"id": "osm-w-119947449", "country": "fi", "source": "OSM", "updated": "2026-09-12", "name": "liaison", "type": "liaison", "categorie": "ferry"}}, {"type": "Feature", "geometry": {"type": "Point", "coordinates": [26.79057, 61.79502]}, "properties": {"id": "osm-w-119947450", "country": "fi", "source": "OSM", "updated": "2026-09-12", "name": "liaison", "type": "liaison", "categorie": "ferry"}}, {"type": "Feature", "geometry": {"type": "Point", "coordinates": [26.76671, 61.79709]}, "properties": {"id": "osm-w-119947452", "country": "fi", "source": "OSM", "updated": "2026-09-12", "name": "liaison", "type": "liaison", "categorie": "ferry"}}, {"type": "Feature", "geometry": {"type": "Point", "coordinates": [26.70272, 61.73434]}, "properties": {"id": "osm-w-119947453", "country": "fi", "source": "OSM", "updated": "2026-09-12", "name": "liaison", "type": "liaison", "categorie": "ferry"}}, {"type": "Feature", "geometry": {"type": "Point", "coordinates": [26.76775, 61.64636]}, "properties": {"id": "osm-w-119947459", "country": "fi", "source": "OSM", "updated": "2026-09-12", "name": "liaison", "type": "liaison", "categorie": "ferry"}}, {"type": "Feature", "geometry": {"type": "Point", "coordinates": [26.72565, 61.78271]}, "properties": {"id": "osm-w-121380762", "country": "fi", "source": "OSM", "updated": "2026-09-12", "name": "liaison", "type": "liaison", "categorie": "ferry", "vehicules": "yes"}}, {"type": "Feature", "geometry": {"type": "Point", "coordinates": [26.73979, 61.83149]}, "properties": {"id": "osm-w-121380763", "country": "fi", "source": "OSM", "updated": "2026-09-12", "name": "liaison", "type": "liaison", "categorie": "ferry"}}, {"type": "Feature", "geometry": {"type": "Point", "coordinates": [26.69018, 61.77765]}, "properties": {"id": "osm-w-121380764", "country": "fi", "source": "OSM", "updated": "2026-09-12", "name": "liaison", "type": "liaison", "categorie": "ferry"}}, {"type": "Feature", "geometry": {"type": "Point", "coordinates": [27.64327, 61.54266]}, "properties": {"id": "osm-w-121402533", "country": "fi", "source": "OSM", "updated": "2026-09-12", "name": "liaison", "type": "liaison", "categorie": "ferry"}}, {"type": "Feature", "geometry": {"type": "Point", "coordinates": [27.68305, 61.39713]}, "properties": {"id": "osm-w-121402542", "country": "fi", "source": "OSM", "updated": "2026-09-12", "name": "liaison", "type": "liaison", "categorie": "ferry"}}, {"type": "Feature", "geometry": {"type": "Point", "coordinates": [27.84563, 61.58069]}, "properties": {"id": "osm-w-121402552", "country": "fi", "source": "OSM", "updated": "2026-09-12", "name": "liaison", "type": "liaison", "categorie": "ferry"}}, {"type": "Feature", "geometry": {"type": "Point", "coordinates": [27.36551, 61.59483]}, "properties": {"id": "osm-w-121402556", "country": "fi", "source": "OSM", "updated": "2026-09-12", "name": "liaison", "type": "liaison", "categorie": "ferry"}}, {"type": "Feature", "geometry": {"type": "Point", "coordinates": [29.33882, 61.78141]}, "properties": {"id": "osm-w-121409738", "country": "fi", "source": "OSM", "updated": "2026-09-12", "name": "liaison", "type": "liaison", "categorie": "ferry"}}, {"type": "Feature", "geometry": {"type": "Point", "coordinates": [28.50209, 61.7558]}, "properties": {"id": "osm-w-121409739", "country": "fi", "source": "OSM", "updated": "2026-09-12", "name": "liaison", "type": "liaison", "categorie": "ferry"}}, {"type": "Feature", "geometry": {"type": "Point", "coordinates": [28.69405, 61.80314]}, "properties": {"id": "osm-w-121409740", "country": "fi", "source": "OSM", "updated": "2026-09-12", "name": "liaison", "type": "liaison", "categorie": "ferry"}}, {"type": "Feature", "geometry": {"type": "Point", "coordinates": [28.37772, 61.67372]}, "properties": {"id": "osm-w-121409741", "country": "fi", "source": "OSM", "updated": "2026-09-12", "name": "liaison", "type": "liaison", "categorie": "ferry"}}, {"type": "Feature", "geometry": {"type": "Point", "coordinates": [28.36327, 61.62849]}, "properties": {"id": "osm-w-121409742", "country": "fi", "source": "OSM", "updated": "2026-09-12", "name": "liaison", "type": "liaison", "categorie": "ferry"}}, {"type": "Feature", "geometry": {"type": "Point", "coordinates": [25.09258, 59.8499]}, "properties": {"id": "osm-w-121748383", "country": "fi", "source": "OSM", "updated": "2026-09-12", "name": "Tallinn (Muuga) - Helsinki (Vuosaari)", "type": "liaison", "categorie": "ferry", "operateur": "Eckerö Line", "duree": "2:45", "vehicules": "yes"}}, {"type": "Feature", "geometry": {"type": "Point", "coordinates": [24.96989, 60.15827]}, "properties": {"id": "osm-w-123403659", "country": "fi", "source": "OSM", "updated": "2026-09-12", "name": "Kauppatori-Suomenlinna", "type": "liaison", "categorie": "ferry", "duree": "15", "vehicules": "yes", "route": "19"}}, {"type": "Feature", "geometry": {"type": "Point", "coordinates": [21.3604, 60.37693]}, "properties": {"id": "osm-w-123957391", "country": "fi", "source": "OSM", "updated": "2026-09-12", "name": "Dalen (Iniö)-Keistiö", "type": "liaison", "categorie": "ferry", "operateur": "Finferries", "vehicules": "yes", "payant": "no"}}, {"type": "Feature", "geometry": {"type": "Point", "coordinates": [21.39938, 60.21711]}, "properties": {"id": "osm-w-123957393", "country": "fi", "source": "OSM", "updated": "2026-09-12", "name": "Näsby-Saverkeit", "type": "liaison", "categorie": "ferry", "operateur": "Finferries", "vehicules": "yes", "payant": "no"}}, {"type": "Feature", "geometry": {"type": "Point", "coordinates": [21.48825, 61.68986]}, "properties": {"id": "osm-w-124198216", "country": "fi", "source": "OSM", "updated": "2026-09-12", "name": "liaison", "type": "liaison", "categorie": "ferry"}}, {"type": "Feature", "geometry": {"type": "Point", "coordinates": [25.18075, 60.13813]}, "properties": {"id": "osm-w-125809690", "country": "fi", "source": "OSM", "updated": "2026-09-12", "name": "Kauppatori-Söderskär", "type": "liaison", "categorie": "ferry"}}, {"type": "Feature", "geometry": {"type": "Point", "coordinates": [27.76941, 62.91318]}, "properties": {"id": "osm-w-126416577", "country": "fi", "source": "OSM", "updated": "2026-09-12", "name": "liaison", "type": "liaison", "categorie": "ferry"}}, {"type": "Feature", "geometry": {"type": "Point", "coordinates": [27.68357, 62.57204]}, "properties": {"id": "osm-w-126905094", "country": "fi", "source": "OSM", "updated": "2026-09-12", "name": "liaison", "type": "liaison", "categorie": "ferry"}}, {"type": "Feature", "geometry": {"type": "Point", "coordinates": [28.90173, 61.86398]}, "properties": {"id": "osm-w-127239250", "country": "fi", "source": "OSM", "updated": "2026-09-12", "name": "liaison", "type": "liaison", "categorie": "ferry"}}, {"type": "Feature", "geometry": {"type": "Point", "coordinates": [28.95362, 61.66847]}, "properties": {"id": "osm-w-132406953", "country": "fi", "source": "OSM", "updated": "2026-09-12", "name": "liaison", "type": "liaison", "categorie": "ferry", "vehicules": "yes"}}, {"type": "Feature", "geometry": {"type": "Point", "coordinates": [20.74448, 60.08593]}, "properties": {"id": "osm-w-140187906", "country": "fi", "source": "OSM", "updated": "2026-09-12", "name": "liaison", "type": "liaison", "categorie": "ferry"}}, {"type": "Feature", "geometry": {"type": "Point", "coordinates": [21.06592, 60.50963]}, "properties": {"id": "osm-w-140194285", "country": "fi", "source": "OSM", "updated": "2026-09-12", "name": "Åva-Jurmo", "type": "liaison", "categorie": "ferry", "operateur": "Ålandstrafiken", "vehicules": "yes"}}, {"type": "Feature", "geometry": {"type": "Point", "coordinates": [21.15322, 60.49689]}, "properties": {"id": "osm-w-140194287", "country": "fi", "source": "OSM", "updated": "2026-09-12", "name": "Åva (Brändö) - Vuosnainen (Kustavi)", "type": "liaison", "categorie": "ferry", "operateur": "Ålandstrafiken", "duree": "00:40", "vehicules": "yes", "payant": "yes"}}, {"type": "Feature", "geometry": {"type": "Point", "coordinates": [21.01711, 60.33702]}, "properties": {"id": "osm-w-140194288", "country": "fi", "source": "OSM", "updated": "2026-09-12", "name": "Norra Linjen", "type": "liaison", "categorie": "ferry", "operateur": "Ålandstrafiken", "vehicules": "yes"}}, {"type": "Feature", "geometry": {"type": "Point", "coordinates": [20.40309, 60.11074]}, "properties": {"id": "osm-w-140197869", "country": "fi", "source": "OSM", "updated": "2026-09-12", "name": "Tvärgående Linjen", "type": "liaison", "categorie": "ferry", "operateur": "Ålandstrafiken"}}, {"type": "Feature", "geometry": {"type": "Point", "coordinates": [20.60661, 60.11064]}, "properties": {"id": "osm-w-140197874", "country": "fi", "source": "OSM", "updated": "2026-09-12", "name": "Södra Linjen", "type": "liaison", "categorie": "ferry", "operateur": "Ålandstrafiken", "vehicules": "yes"}}, {"type": "Feature", "geometry": {"type": "Point", "coordinates": [20.77167, 60.30432]}, "properties": {"id": "osm-w-140197883", "country": "fi", "source": "OSM", "updated": "2026-09-12", "name": "Enklingelinjen", "type": "liaison", "categorie": "ferry", "operateur": "Ålandstrafiken", "vehicules": "yes"}}, {"type": "Feature", "geometry": {"type": "Point", "coordinates": [21.0172, 60.33702]}, "properties": {"id": "osm-w-140197886", "country": "fi", "source": "OSM", "updated": "2026-09-12", "name": "Brändö-Kumlingelinjen", "type": "liaison", "categorie": "ferry", "operateur": "Ålandstrafiken", "vehicules": "yes"}}, {"type": "Feature", "geometry": {"type": "Point", "coordinates": [20.4034, 60.11045]}, "properties": {"id": "osm-w-140206669", "country": "fi", "source": "OSM", "updated": "2026-09-12", "name": "Södra Linjen", "type": "liaison", "categorie": "ferry", "operateur": "Ålandstrafiken"}}, {"type": "Feature", "geometry": {"type": "Point", "coordinates": [21.08672, 60.14961]}, "properties": {"id": "osm-w-140515780", "country": "fi", "source": "OSM", "updated": "2026-09-12", "name": "Åbo/Nådendal – Mariehamn/Långnäs", "type": "liaison", "categorie": "ferry", "route": "E 18"}}, {"type": "Feature", "geometry": {"type": "Point", "coordinates": [24.84314, 59.80487]}, "properties": {"id": "osm-w-140671313", "country": "fi", "source": "OSM", "updated": "2026-09-12", "name": "Helsinki (FIN) – Tallinn (EST)", "type": "liaison", "categorie": "ferry", "operateur": "Viking Line", "duree": "2:30", "vehicules": "yes"}}, {"type": "Feature", "geometry": {"type": "Point", "coordinates": [24.80054, 59.79672]}, "properties": {"id": "osm-w-140673970", "country": "fi", "source": "OSM", "updated": "2026-09-12", "name": "Helsinki (FIN) – Tallinn (EST)", "type": "liaison", "categorie": "ferry", "operateur": "Tallink", "duree": "2:00", "vehicules": "yes"}}, {"type": "Feature", "geometry": {"type": "Point", "coordinates": [19.92902, 60.09208]}, "properties": {"id": "osm-w-155087370", "country": "fi", "source": "OSM", "updated": "2026-09-12", "name": "Mariehamn Västerhamn", "type": "quai"}}, {"type": "Feature", "geometry": {"type": "Point", "coordinates": [27.84771, 61.55459]}, "properties": {"id": "osm-w-155570016", "country": "fi", "source": "OSM", "updated": "2026-09-12", "name": "Kuparonvirran lossi", "type": "liaison", "categorie": "ferry", "vehicules": "yes", "payant": "no", "horaires": "Mo-Fr 06:00-09:59,10:20-17:59,18:20-22:00; Sa-Su 09:00-11:59,12:20-17:59,18:20-22:00"}}, {"type": "Feature", "geometry": {"type": "Point", "coordinates": [20.29757, 60.11648]}, "properties": {"id": "osm-w-162511334", "country": "fi", "source": "OSM", "updated": "2026-09-12", "name": "Långnäs", "type": "quai", "operateur": "Viking Line, Silja Line", "horaires": "Mo-Su 23:30-04:00;Mo-Fr 09:00-16:00;Sa-Su 13:30-15:30"}}, {"type": "Feature", "geometry": {"type": "Point", "coordinates": [19.92726, 60.09504]}, "properties": {"id": "osm-w-162992817", "country": "fi", "source": "OSM", "updated": "2026-09-12", "name": "embarcadère", "type": "quai"}}, {"type": "Feature", "geometry": {"type": "Point", "coordinates": [24.90826, 60.15106]}, "properties": {"id": "osm-w-163743253", "country": "fi", "source": "OSM", "updated": "2026-09-12", "name": "Ruoholahti - Pihlajasaari", "type": "liaison", "categorie": "ferry", "duree": "00:10"}}, {"type": "Feature", "geometry": {"type": "Point", "coordinates": [20.94709, 60.3111]}, "properties": {"id": "osm-w-165892834", "country": "fi", "source": "OSM", "updated": "2026-09-12", "name": "Björkölinjen", "type": "liaison", "categorie": "ferry", "duree": "00:04", "payant": "no", "horaires": "Mo-Su 00:00-11:10,11:45-17:30,18:05-22:00"}}, {"type": "Feature", "geometry": {"type": "Point", "coordinates": [24.68257, 62.2298]}, "properties": {"id": "osm-w-167036825", "country": "fi", "source": "OSM", "updated": "2026-09-12", "name": "Elias Lönnrot", "type": "liaison", "categorie": "ferry"}}, {"type": "Feature", "geometry": {"type": "Point", "coordinates": [21.68618, 60.46221]}, "properties": {"id": "osm-w-170260546", "country": "fi", "source": "OSM", "updated": "2026-09-12", "name": "Teersalo - Talosmeri", "type": "liaison", "categorie": "ferry", "operateur": "Finferries"}}, {"type": "Feature", "geometry": {"type": "Point", "coordinates": [21.67401, 60.45567]}, "properties": {"id": "osm-w-170263071", "country": "fi", "source": "OSM", "updated": "2026-09-12", "name": "liaison", "type": "liaison", "categorie": "ferry", "operateur": "Talosmeri - Lailuoto"}}, {"type": "Feature", "geometry": {"type": "Point", "coordinates": [22.10523, 60.22913]}, "properties": {"id": "osm-w-171112925", "country": "fi", "source": "OSM", "updated": "2026-09-12", "name": "Prostvik-Lillmälö", "type": "liaison", "categorie": "ferry", "operateur": "Finferries", "duree": "10", "vehicules": "yes", "payant": "no", "route": "180"}}, {"type": "Feature", "geometry": {"type": "Point", "coordinates": [26.3087, 62.35288]}, "properties": {"id": "osm-w-172406974", "country": "fi", "source": "OSM", "updated": "2026-09-12", "name": "Paanalansalmi", "type": "liaison", "categorie": "ferry"}}, {"type": "Feature", "geometry": {"type": "Point", "coordinates": [20.77127, 60.30432]}, "properties": {"id": "osm-w-172996628", "country": "fi", "source": "OSM", "updated": "2026-09-12", "name": "Norra Linjen", "type": "liaison", "categorie": "ferry", "operateur": "Ålandstrafiken", "vehicules": "yes"}}, {"type": "Feature", "geometry": {"type": "Point", "coordinates": [20.58358, 60.27114]}, "properties": {"id": "osm-w-172996629", "country": "fi", "source": "OSM", "updated": "2026-09-12", "name": "Norra Linjen", "type": "liaison", "categorie": "ferry", "operateur": "Ålandstrafiken", "vehicules": "yes"}}, {"type": "Feature", "geometry": {"type": "Point", "coordinates": [29.06632, 61.68346]}, "properties": {"id": "osm-w-173467362", "country": "fi", "source": "OSM", "updated": "2026-09-12", "name": "Kongonsaaren / Äitsaaren lossi", "type": "liaison", "categorie": "ferry"}}, {"type": "Feature", "geometry": {"type": "Point", "coordinates": [27.73191, 62.59502]}, "properties": {"id": "osm-w-173968384", "country": "fi", "source": "OSM", "updated": "2026-09-12", "name": "liaison", "type": "liaison", "categorie": "ferry"}}, {"type": "Feature", "geometry": {"type": "Point", "coordinates": [27.70257, 62.81161]}, "properties": {"id": "osm-w-174044447", "country": "fi", "source": "OSM", "updated": "2026-09-12", "name": "liaison", "type": "liaison", "categorie": "ferry"}}, {"type": "Feature", "geometry": {"type": "Point", "coordinates": [27.74621, 62.79055]}, "properties": {"id": "osm-w-174044448", "country": "fi", "source": "OSM", "updated": "2026-09-12", "name": "liaison", "type": "liaison", "categorie": "ferry"}}, {"type": "Feature", "geometry": {"type": "Point", "coordinates": [27.77295, 62.76024]}, "properties": {"id": "osm-w-174044449", "country": "fi", "source": "OSM", "updated": "2026-09-12", "name": "liaison", "type": "liaison", "categorie": "ferry"}}, {"type": "Feature", "geometry": {"type": "Point", "coordinates": [27.81195, 62.84958]}, "properties": {"id": "osm-w-174044450", "country": "fi", "source": "OSM", "updated": "2026-09-12", "name": "liaison", "type": "liaison", "categorie": "ferry"}}, {"type": "Feature", "geometry": {"type": "Point", "coordinates": [27.84019, 62.76957]}, "properties": {"id": "osm-w-174044452", "country": "fi", "source": "OSM", "updated": "2026-09-12", "name": "liaison", "type": "liaison", "categorie": "ferry"}}, {"type": "Feature", "geometry": {"type": "Point", "coordinates": [27.84721, 62.53528]}, "properties": {"id": "osm-w-174126373", "country": "fi", "source": "OSM", "updated": "2026-09-12", "name": "liaison", "type": "liaison", "categorie": "ferry"}}, {"type": "Feature", "geometry": {"type": "Point", "coordinates": [22.08466, 60.22595]}, "properties": {"id": "osm-w-174307362", "country": "fi", "source": "OSM", "updated": "2026-09-12", "name": "Haverö färja", "type": "liaison", "categorie": "ferry", "operateur": "Haverö väglag", "vehicules": "yes"}}, {"type": "Feature", "geometry": {"type": "Point", "coordinates": [27.72091, 62.84083]}, "properties": {"id": "osm-w-174445354", "country": "fi", "source": "OSM", "updated": "2026-09-12", "name": "liaison", "type": "liaison", "categorie": "ferry"}}, {"type": "Feature", "geometry": {"type": "Point", "coordinates": [28.98325, 61.77754]}, "properties": {"id": "osm-w-174962481", "country": "fi", "source": "OSM", "updated": "2026-09-12", "name": "Potkusalmen lossi", "type": "liaison", "categorie": "ferry"}}, {"type": "Feature", "geometry": {"type": "Point", "coordinates": [27.90619, 62.32328]}, "properties": {"id": "osm-w-182899652", "country": "fi", "source": "OSM", "updated": "2026-09-12", "name": "liaison", "type": "liaison", "categorie": "ferry"}}, {"type": "Feature", "geometry": {"type": "Point", "coordinates": [28.60473, 61.24608]}, "properties": {"id": "osm-w-183713897", "country": "fi", "source": "OSM", "updated": "2026-09-12", "name": "liaison", "type": "liaison", "categorie": "ferry", "vehicules": "yes"}}, {"type": "Feature", "geometry": {"type": "Point", "coordinates": [28.58311, 61.55155]}, "properties": {"id": "osm-w-185332781", "country": "fi", "source": "OSM", "updated": "2026-09-12", "name": "Rongonsalmi", "type": "liaison", "categorie": "ferry"}}, {"type": "Feature", "geometry": {"type": "Point", "coordinates": [28.18608, 61.06375]}, "properties": {"id": "osm-w-193872201", "country": "fi", "source": "OSM", "updated": "2026-09-12", "name": "Lappeenrannan matkustajasatama", "type": "quai"}}, {"type": "Feature", "geometry": {"type": "Point", "coordinates": [24.80228, 59.79796]}, "properties": {"id": "osm-w-195722112", "country": "fi", "source": "OSM", "updated": "2026-09-12", "name": "Helsinki (FIN) – Tallinn (EST)", "type": "liaison", "categorie": "ferry", "operateur": "Tallink", "vehicules": "yes"}}, {"type": "Feature", "geometry": {"type": "Point", "coordinates": [23.62206, 61.38845]}, "properties": {"id": "osm-w-197523612", "country": "fi", "source": "OSM", "updated": "2026-09-12", "name": "Nokia–Lempäälä", "type": "liaison", "categorie": "ferry"}}, {"type": "Feature", "geometry": {"type": "Point", "coordinates": [21.55562, 59.57241]}, "properties": {"id": "osm-w-212119427", "country": "fi", "source": "OSM", "updated": "2026-09-12", "name": "Paldiski (EST) - Kapellskär (S)", "type": "liaison", "categorie": "ferry", "operateur": "DFDS", "duree": "10:00", "vehicules": "yes"}}, {"type": "Feature", "geometry": {"type": "Point", "coordinates": [27.8079, 62.54132]}, "properties": {"id": "osm-w-218081980", "country": "fi", "source": "OSM", "updated": "2026-09-12", "name": "liaison", "type": "liaison", "categorie": "ferry"}}, {"type": "Feature", "geometry": {"type": "Point", "coordinates": [27.81368, 62.5466]}, "properties": {"id": "osm-w-218087856", "country": "fi", "source": "OSM", "updated": "2026-09-12", "name": "liaison", "type": "liaison", "categorie": "ferry"}}, {"type": "Feature", "geometry": {"type": "Point", "coordinates": [27.81399, 62.54672]}, "properties": {"id": "osm-w-218087861", "country": "fi", "source": "OSM", "updated": "2026-09-12", "name": "liaison", "type": "liaison", "categorie": "ferry"}}, {"type": "Feature", "geometry": {"type": "Point", "coordinates": [22.16363, 60.40983]}, "properties": {"id": "osm-w-218658623", "country": "fi", "source": "OSM", "updated": "2026-09-12", "name": "Turku - Vepsä", "type": "liaison", "categorie": "ferry"}}, {"type": "Feature", "geometry": {"type": "Point", "coordinates": [20.29192, 60.15364]}, "properties": {"id": "osm-w-220072340", "country": "fi", "source": "OSM", "updated": "2026-09-12", "name": "Ängösundslinjen", "type": "liaison", "categorie": "ferry", "duree": "00:05", "horaires": "Mo-Su 06:00-11:00,11:30-19:00,19:30-22:00"}}, {"type": "Feature", "geometry": {"type": "Point", "coordinates": [26.95488, 60.45376]}, "properties": {"id": "osm-w-228156587", "country": "fi", "source": "OSM", "updated": "2026-09-12", "name": "Sapokka-Varissaari", "type": "liaison", "categorie": "ferry", "duree": "0:11", "payant": "yes"}}, {"type": "Feature", "geometry": {"type": "Point", "coordinates": [26.86761, 60.40152]}, "properties": {"id": "osm-w-228156588", "country": "fi", "source": "OSM", "updated": "2026-09-12", "name": "liaison", "type": "liaison", "categorie": "ferry"}}, {"type": "Feature", "geometry": {"type": "Point", "coordinates": [28.72795, 61.81712]}, "properties": {"id": "osm-w-229099891", "country": "fi", "source": "OSM", "updated": "2026-09-12", "name": "liaison", "type": "liaison", "categorie": "ferry", "vehicules": "yes"}}, {"type": "Feature", "geometry": {"type": "Point", "coordinates": [22.94368, 60.31547]}, "properties": {"id": "osm-w-233833374", "country": "fi", "source": "OSM", "updated": "2026-09-12", "name": "Kokkilan lossi", "type": "liaison", "categorie": "ferry", "operateur": "Finnferries", "vehicules": "yes", "payant": "no"}}, {"type": "Feature", "geometry": {"type": "Point", "coordinates": [24.98794, 60.15704]}, "properties": {"id": "osm-w-245226776", "country": "fi", "source": "OSM", "updated": "2026-09-12", "name": "Katajanokka-Suomenlinna huoltolautta", "type": "liaison", "categorie": "ferry", "vehicules": "yes"}}, {"type": "Feature", "geometry": {"type": "Point", "coordinates": [24.68267, 60.08572]}, "properties": {"id": "osm-w-262847374", "country": "fi", "source": "OSM", "updated": "2026-09-12", "name": "Rövaren", "type": "quai"}}, {"type": "Feature", "geometry": {"type": "Point", "coordinates": [24.66559, 60.0888]}, "properties": {"id": "osm-w-262847375", "country": "fi", "source": "OSM", "updated": "2026-09-12", "name": "Stora Herrö", "type": "quai"}}, {"type": "Feature", "geometry": {"type": "Point", "coordinates": [25.37934, 61.70729]}, "properties": {"id": "osm-w-263036390", "country": "fi", "source": "OSM", "updated": "2026-09-12", "name": "Haukkasalon lossi", "type": "liaison", "categorie": "ferry", "duree": "0:15", "payant": "yes"}}, {"type": "Feature", "geometry": {"type": "Point", "coordinates": [23.92335, 59.90162]}, "properties": {"id": "osm-w-273633132", "country": "fi", "source": "OSM", "updated": "2026-09-12", "name": "liaison", "type": "liaison", "categorie": "ferry"}}, {"type": "Feature", "geometry": {"type": "Point", "coordinates": [27.91881, 66.57945]}, "properties": {"id": "osm-w-282407757", "country": "fi", "source": "OSM", "updated": "2026-09-12", "name": "Räisälän lossi", "type": "liaison", "categorie": "ferry", "operateur": "FinFerries", "duree": "00:05", "vehicules": "yes", "horaires": "06:00-22:00"}}, {"type": "Feature", "geometry": {"type": "Point", "coordinates": [20.52695, 60.07546]}, "properties": {"id": "osm-w-294666498", "country": "fi", "source": "OSM", "updated": "2026-09-12", "name": "Embarsundslinjen", "type": "liaison", "categorie": "ferry", "duree": "00:04", "payant": "no", "horaires": "Mo-Sa 00:00-12:15,12:50-18:00,18:35-24:00; Su 00:00-12:15,12:50-18:15,18:50-24:00"}}, {"type": "Feature", "geometry": {"type": "Point", "coordinates": [19.17533, 60.16014]}, "properties": {"id": "osm-w-296301127", "country": "fi", "source": "OSM", "updated": "2026-09-12", "name": "Grisslehamn-Eckerö", "type": "liaison", "categorie": "ferry", "operateur": "Eckerö Linjen", "duree": "1:45", "vehicules": "yes"}}, {"type": "Feature", "geometry": {"type": "Point", "coordinates": [20.60609, 60.11088]}, "properties": {"id": "osm-w-296577590", "country": "fi", "source": "OSM", "updated": "2026-09-12", "name": "Tvärgående Linjen", "type": "liaison", "categorie": "ferry", "operateur": "Ålandstrafiken", "vehicules": "yes"}}, {"type": "Feature", "geometry": {"type": "Point", "coordinates": [24.98999, 60.14004]}, "properties": {"id": "osm-w-298540981", "country": "fi", "source": "OSM", "updated": "2026-09-12", "name": "Kuninkaanportti", "type": "quai", "operateur": "JT-Line"}}, {"type": "Feature", "geometry": {"type": "Point", "coordinates": [28.75171, 61.70762]}, "properties": {"id": "osm-w-299662498", "country": "fi", "source": "OSM", "updated": "2026-09-12", "name": "Ahvionsaarentie", "type": "liaison", "categorie": "ferry"}}, {"type": "Feature", "geometry": {"type": "Point", "coordinates": [21.55621, 63.08749]}, "properties": {"id": "osm-w-302047782", "country": "fi", "source": "OSM", "updated": "2026-09-12", "name": "Vaasan satamaterminaali", "type": "quai"}}, {"type": "Feature", "geometry": {"type": "Point", "coordinates": [22.24724, 60.44136]}, "properties": {"id": "osm-w-306412190", "country": "fi", "source": "OSM", "updated": "2026-09-12", "name": "Förin läntinen laituri", "type": "quai", "route": "9901"}}, {"type": "Feature", "geometry": {"type": "Point", "coordinates": [22.24857, 60.44091]}, "properties": {"id": "osm-w-306412191", "country": "fi", "source": "OSM", "updated": "2026-09-12", "name": "Förin itäinen laituri", "type": "quai", "route": "9900"}}, {"type": "Feature", "geometry": {"type": "Point", "coordinates": [28.73342, 61.78969]}, "properties": {"id": "osm-w-311987121", "country": "fi", "source": "OSM", "updated": "2026-09-12", "name": "liaison", "type": "liaison", "categorie": "ferry", "vehicules": "yes"}}, {"type": "Feature", "geometry": {"type": "Point", "coordinates": [24.95882, 60.16077]}, "properties": {"id": "osm-w-327321393", "country": "fi", "source": "OSM", "updated": "2026-09-12", "name": "Olympiaterminaali", "type": "quai", "operateur": "Helsingin Satama Oy"}}, {"type": "Feature", "geometry": {"type": "Point", "coordinates": [22.37013, 59.85907]}, "properties": {"id": "osm-w-327551653", "country": "fi", "source": "OSM", "updated": "2026-09-12", "name": "liaison", "type": "liaison", "categorie": "ferry"}}, {"type": "Feature", "geometry": {"type": "Point", "coordinates": [19.17533, 60.16035]}, "properties": {"id": "osm-w-342899626", "country": "fi", "source": "OSM", "updated": "2026-09-12", "name": "Eckerö - Grisslehamn", "type": "liaison", "categorie": "ferry", "operateur": "Eckerö Linjen", "duree": "1:45", "vehicules": "yes"}}, {"type": "Feature", "geometry": {"type": "Point", "coordinates": [19.53697, 60.22525]}, "properties": {"id": "osm-w-342899629", "country": "fi", "source": "OSM", "updated": "2026-09-12", "name": "Eckerö Linjen", "type": "quai"}}, {"type": "Feature", "geometry": {"type": "Point", "coordinates": [22.91867, 60.03996]}, "properties": {"id": "osm-w-347747380", "country": "fi", "source": "OSM", "updated": "2026-09-12", "name": "Petuntie", "type": "liaison", "categorie": "ferry", "operateur": "Petun Lossi", "vehicules": "yes"}}, {"type": "Feature", "geometry": {"type": "Point", "coordinates": [20.90127, 60.30113]}, "properties": {"id": "osm-w-355199842", "country": "fi", "source": "OSM", "updated": "2026-09-12", "name": "Norra Linjen", "type": "liaison", "categorie": "ferry", "operateur": "Ålandstrafiken", "vehicules": "yes"}}, {"type": "Feature", "geometry": {"type": "Point", "coordinates": [21.0152, 60.31075]}, "properties": {"id": "osm-w-355200637", "country": "fi", "source": "OSM", "updated": "2026-09-12", "name": "Brändö-Kumlingelinjen", "type": "liaison", "categorie": "ferry", "operateur": "Ålandstrafiken", "vehicules": "yes"}}, {"type": "Feature", "geometry": {"type": "Point", "coordinates": [20.69153, 60.14389]}, "properties": {"id": "osm-w-355336396", "country": "fi", "source": "OSM", "updated": "2026-09-12", "name": "Tvärgående Linjen", "type": "liaison", "categorie": "ferry", "operateur": "Ålandstrafiken"}}, {"type": "Feature", "geometry": {"type": "Point", "coordinates": [20.71325, 60.1992]}, "properties": {"id": "osm-w-355336397", "country": "fi", "source": "OSM", "updated": "2026-09-12", "name": "Tvärgående Linjen", "type": "liaison", "categorie": "ferry", "operateur": "Ålandstrafiken"}}, {"type": "Feature", "geometry": {"type": "Point", "coordinates": [20.59047, 60.1454]}, "properties": {"id": "osm-w-355336398", "country": "fi", "source": "OSM", "updated": "2026-09-12", "name": "Tvärgående Linjen", "type": "liaison", "categorie": "ferry", "operateur": "Ålandstrafiken"}}, {"type": "Feature", "geometry": {"type": "Point", "coordinates": [21.238, 60.0707]}, "properties": {"id": "osm-w-355369978", "country": "fi", "source": "OSM", "updated": "2026-09-12", "name": "liaison", "type": "liaison", "categorie": "ferry", "operateur": "Ålandstrafiken", "vehicules": "yes"}}, {"type": "Feature", "geometry": {"type": "Point", "coordinates": [23.11463, 63.85786]}, "properties": {"id": "osm-w-359639645", "country": "fi", "source": "OSM", "updated": "2026-09-12", "name": "Matkustajaterminaali", "type": "quai"}}, {"type": "Feature", "geometry": {"type": "Point", "coordinates": [21.78692, 60.38053]}, "properties": {"id": "osm-w-366503563", "country": "fi", "source": "OSM", "updated": "2026-09-12", "name": "Rymättylän reitti", "type": "liaison", "categorie": "ferry", "operateur": "Saariston Meritie", "payant": "no"}}, {"type": "Feature", "geometry": {"type": "Point", "coordinates": [21.72256, 60.36399]}, "properties": {"id": "osm-w-366504664", "country": "fi", "source": "OSM", "updated": "2026-09-12", "name": "Rymättylän reitti", "type": "liaison", "categorie": "ferry"}}, {"type": "Feature", "geometry": {"type": "Point", "coordinates": [21.69393, 60.35813]}, "properties": {"id": "osm-w-366504677", "country": "fi", "source": "OSM", "updated": "2026-09-12", "name": "Rymättylän reitti", "type": "liaison", "categorie": "ferry"}}, {"type": "Feature", "geometry": {"type": "Point", "coordinates": [31.45195, 62.99269]}, "properties": {"id": "osm-w-370354272", "country": "fi", "source": "OSM", "updated": "2026-09-12", "name": "liaison", "type": "liaison", "categorie": "ferry"}}, {"type": "Feature", "geometry": {"type": "Point", "coordinates": [31.46429, 62.95217]}, "properties": {"id": "osm-w-370354273", "country": "fi", "source": "OSM", "updated": "2026-09-12", "name": "liaison", "type": "liaison", "categorie": "ferry"}}, {"type": "Feature", "geometry": {"type": "Point", "coordinates": [27.73855, 62.70357]}, "properties": {"id": "osm-w-380659071", "country": "fi", "source": "OSM", "updated": "2026-09-12", "name": "liaison", "type": "liaison", "categorie": "ferry"}}, {"type": "Feature", "geometry": {"type": "Point", "coordinates": [24.6964, 60.128]}, "properties": {"id": "osm-w-413545239", "country": "fi", "source": "OSM", "updated": "2026-09-12", "name": "Suinonsalmen saaristovenelaituri", "type": "quai"}}, {"type": "Feature", "geometry": {"type": "Point", "coordinates": [21.96894, 60.20159]}, "properties": {"id": "osm-w-431806824", "country": "fi", "source": "OSM", "updated": "2026-09-12", "name": "Käldön lossi", "type": "liaison", "categorie": "ferry"}}, {"type": "Feature", "geometry": {"type": "Point", "coordinates": [22.42767, 59.90376]}, "properties": {"id": "osm-w-433816874", "country": "fi", "source": "OSM", "updated": "2026-09-12", "name": "liaison", "type": "liaison", "categorie": "ferry"}}, {"type": "Feature", "geometry": {"type": "Point", "coordinates": [20.80326, 60.04475]}, "properties": {"id": "osm-w-440083741", "country": "fi", "source": "OSM", "updated": "2026-09-12", "name": "Södra Linjen", "type": "liaison", "categorie": "ferry", "operateur": "Ålandstrafiken", "vehicules": "yes"}}, {"type": "Feature", "geometry": {"type": "Point", "coordinates": [20.75463, 60.06731]}, "properties": {"id": "osm-w-440083742", "country": "fi", "source": "OSM", "updated": "2026-09-12", "name": "Södra Linjen", "type": "liaison", "categorie": "ferry", "operateur": "Ålandstrafiken", "vehicules": "yes"}}, {"type": "Feature", "geometry": {"type": "Point", "coordinates": [20.83755, 60.00499]}, "properties": {"id": "osm-w-440083743", "country": "fi", "source": "OSM", "updated": "2026-09-12", "name": "Södra Linjen", "type": "liaison", "categorie": "ferry", "operateur": "Ålandstrafiken", "vehicules": "yes"}}, {"type": "Feature", "geometry": {"type": "Point", "coordinates": [20.78881, 60.02767]}, "properties": {"id": "osm-w-440083744", "country": "fi", "source": "OSM", "updated": "2026-09-12", "name": "Södra Linjen", "type": "liaison", "categorie": "ferry", "operateur": "Ålandstrafiken", "vehicules": "yes"}}, {"type": "Feature", "geometry": {"type": "Point", "coordinates": [24.91433, 60.14964]}, "properties": {"id": "osm-w-457955056", "country": "fi", "source": "OSM", "updated": "2026-09-12", "name": "Länsiterminaali 2", "type": "quai", "operateur": "Helsingin Satama Oy"}}, {"type": "Feature", "geometry": {"type": "Point", "coordinates": [23.79547, 62.17854]}, "properties": {"id": "osm-w-479608461", "country": "fi", "source": "OSM", "updated": "2026-09-12", "name": "Visuvesi–Virrat", "type": "liaison", "categorie": "ferry"}}, {"type": "Feature", "geometry": {"type": "Point", "coordinates": [24.01611, 62.05917]}, "properties": {"id": "osm-w-479608462", "country": "fi", "source": "OSM", "updated": "2026-09-12", "name": "Ruovesi–Visuvesi", "type": "liaison", "categorie": "ferry"}}, {"type": "Feature", "geometry": {"type": "Point", "coordinates": [24.01747, 61.92124]}, "properties": {"id": "osm-w-479608464", "country": "fi", "source": "OSM", "updated": "2026-09-12", "name": "Muroleen kanava–Ruovesi", "type": "liaison", "categorie": "ferry"}}, {"type": "Feature", "geometry": {"type": "Point", "coordinates": [23.82775, 61.7681]}, "properties": {"id": "osm-w-479608467", "country": "fi", "source": "OSM", "updated": "2026-09-12", "name": "Tampere–Muroleen kanava", "type": "liaison", "categorie": "ferry"}}, {"type": "Feature", "geometry": {"type": "Point", "coordinates": [26.78518, 62.881]}, "properties": {"id": "osm-w-481374619", "country": "fi", "source": "OSM", "updated": "2026-09-12", "name": "liaison", "type": "liaison", "categorie": "ferry"}}, {"type": "Feature", "geometry": {"type": "Point", "coordinates": [24.41863, 61.23269]}, "properties": {"id": "osm-w-517659903", "country": "fi", "source": "OSM", "updated": "2026-09-12", "name": "Hauhon reitti", "type": "liaison", "categorie": "ferry"}}, {"type": "Feature", "geometry": {"type": "Point", "coordinates": [21.67046, 60.04563]}, "properties": {"id": "osm-w-560389832", "country": "fi", "source": "OSM", "updated": "2026-09-12", "name": "liaison", "type": "liaison", "categorie": "ferry"}}, {"type": "Feature", "geometry": {"type": "Point", "coordinates": [24.95565, 60.16726]}, "properties": {"id": "osm-w-563881952", "country": "fi", "source": "OSM", "updated": "2026-09-12", "name": "Kauppatori", "type": "quai", "route": "H0099"}}, {"type": "Feature", "geometry": {"type": "Point", "coordinates": [22.28405, 60.15077]}, "properties": {"id": "osm-w-573560154", "country": "fi", "source": "OSM", "updated": "2026-09-12", "name": "Sorpo-Jermo", "type": "liaison", "categorie": "ferry", "duree": "00:05", "vehicules": "yes", "payant": "no"}}, {"type": "Feature", "geometry": {"type": "Point", "coordinates": [25.01215, 60.16613]}, "properties": {"id": "osm-w-576081576", "country": "fi", "source": "OSM", "updated": "2026-09-12", "name": "embarcadère", "type": "quai"}}, {"type": "Feature", "geometry": {"type": "Point", "coordinates": [21.36971, 59.78481]}, "properties": {"id": "osm-w-591963729", "country": "fi", "source": "OSM", "updated": "2026-09-12", "name": "liaison", "type": "liaison", "categorie": "ferry"}}, {"type": "Feature", "geometry": {"type": "Point", "coordinates": [22.20085, 60.43067]}, "properties": {"id": "osm-w-593102975", "country": "fi", "source": "OSM", "updated": "2026-09-12", "name": "liaison", "type": "liaison", "categorie": "ferry", "route": "E 18"}}, {"type": "Feature", "geometry": {"type": "Point", "coordinates": [20.27529, 60.20698]}, "properties": {"id": "osm-w-615021054", "country": "fi", "source": "OSM", "updated": "2026-09-12", "name": "Töftölinjen", "type": "liaison", "categorie": "ferry", "duree": "00:04", "vehicules": "yes", "payant": "no", "horaires": "Mo-Fr 00:00-02:30,03:05-24:00; Sa,Su 00:00-02:30,03:05-09:10,09:30-11:45,12:15-17:45,18:30-19:55,20:15-24:00"}}, {"type": "Feature", "geometry": {"type": "Point", "coordinates": [24.76166, 60.14328]}, "properties": {"id": "osm-w-639024599", "country": "fi", "source": "OSM", "updated": "2026-09-12", "name": "Iso Vasikkasaari", "type": "quai"}}, {"type": "Feature", "geometry": {"type": "Point", "coordinates": [24.75537, 60.14829]}, "properties": {"id": "osm-w-639024600", "country": "fi", "source": "OSM", "updated": "2026-09-12", "name": "Matinkylän saaristovenelaituri", "type": "quai"}}, {"type": "Feature", "geometry": {"type": "Point", "coordinates": [24.16115, 61.39193]}, "properties": {"id": "osm-w-645552417", "country": "fi", "source": "OSM", "updated": "2026-09-12", "name": "liaison", "type": "liaison", "categorie": "ferry"}}, {"type": "Feature", "geometry": {"type": "Point", "coordinates": [23.91942, 59.99156]}, "properties": {"id": "osm-w-669438540", "country": "fi", "source": "OSM", "updated": "2026-09-12", "name": "liaison", "type": "liaison", "categorie": "ferry"}}, {"type": "Feature", "geometry": {"type": "Point", "coordinates": [22.18932, 60.42672]}, "properties": {"id": "osm-w-687420849", "country": "fi", "source": "OSM", "updated": "2026-09-12", "name": "liaison", "type": "liaison", "categorie": "ferry", "vehicules": "yes", "route": "E 18"}}, {"type": "Feature", "geometry": {"type": "Point", "coordinates": [22.21631, 60.43546]}, "properties": {"id": "osm-w-693946870", "country": "fi", "source": "OSM", "updated": "2026-09-12", "name": "liaison", "type": "liaison", "categorie": "ferry", "route": "E 18"}}, {"type": "Feature", "geometry": {"type": "Point", "coordinates": [22.21796, 60.4339]}, "properties": {"id": "osm-w-693946871", "country": "fi", "source": "OSM", "updated": "2026-09-12", "name": "liaison", "type": "liaison", "categorie": "ferry", "route": "E 18"}}, {"type": "Feature", "geometry": {"type": "Point", "coordinates": [20.31227, 60.07289]}, "properties": {"id": "osm-w-693978433", "country": "fi", "source": "OSM", "updated": "2026-09-12", "name": "Stockholm/Kapellskär – Långnäs", "type": "liaison", "categorie": "ferry", "route": "E 18"}}, {"type": "Feature", "geometry": {"type": "Point", "coordinates": [20.17512, 59.99633]}, "properties": {"id": "osm-w-693978435", "country": "fi", "source": "OSM", "updated": "2026-09-12", "name": "Stockholm/Kapellskär – Mariehamn/Långnäs– Åbo/Nådendal", "type": "liaison", "categorie": "ferry", "route": "E 18"}}, {"type": "Feature", "geometry": {"type": "Point", "coordinates": [19.96491, 60.0299]}, "properties": {"id": "osm-w-693978436", "country": "fi", "source": "OSM", "updated": "2026-09-12", "name": "Mariehamn – Åbo", "type": "liaison", "categorie": "ferry"}}, {"type": "Feature", "geometry": {"type": "Point", "coordinates": [19.68469, 59.93765]}, "properties": {"id": "osm-w-693978437", "country": "fi", "source": "OSM", "updated": "2026-09-12", "name": "Stockholm/Kapellskär – Mariehamn", "type": "liaison", "categorie": "ferry", "vehicules": "yes"}}, {"type": "Feature", "geometry": {"type": "Point", "coordinates": [19.74019, 59.8753]}, "properties": {"id": "osm-w-693978438", "country": "fi", "source": "OSM", "updated": "2026-09-12", "name": "Stockholm/Kapellskär – Långnäs – Åbo/Nådendal", "type": "liaison", "categorie": "ferry", "route": "E 18"}}, {"type": "Feature", "geometry": {"type": "Point", "coordinates": [24.96162, 60.16246]}, "properties": {"id": "osm-w-693999229", "country": "fi", "source": "OSM", "updated": "2026-09-12", "name": "liaison", "type": "liaison", "categorie": "ferry"}}, {"type": "Feature", "geometry": {"type": "Point", "coordinates": [21.66203, 59.62458]}, "properties": {"id": "osm-w-694006259", "country": "fi", "source": "OSM", "updated": "2026-09-12", "name": "liaison", "type": "liaison", "categorie": "ferry", "route": "E 20"}}, {"type": "Feature", "geometry": {"type": "Point", "coordinates": [23.81198, 59.54241]}, "properties": {"id": "osm-w-694006260", "country": "fi", "source": "OSM", "updated": "2026-09-12", "name": "liaison", "type": "liaison", "categorie": "ferry", "route": "E 20"}}, {"type": "Feature", "geometry": {"type": "Point", "coordinates": [20.18304, 59.90851]}, "properties": {"id": "osm-w-694006261", "country": "fi", "source": "OSM", "updated": "2026-09-12", "name": "Mariehamn – Helsingfors/Tallinn", "type": "liaison", "categorie": "ferry"}}, {"type": "Feature", "geometry": {"type": "Point", "coordinates": [22.06788, 60.43053]}, "properties": {"id": "osm-w-694016948", "country": "fi", "source": "OSM", "updated": "2026-09-12", "name": "liaison", "type": "liaison", "categorie": "ferry", "route": "E 18"}}, {"type": "Feature", "geometry": {"type": "Point", "coordinates": [22.15402, 60.4151]}, "properties": {"id": "osm-w-694016949", "country": "fi", "source": "OSM", "updated": "2026-09-12", "name": "liaison", "type": "liaison", "categorie": "ferry", "route": "E 18"}}, {"type": "Feature", "geometry": {"type": "Point", "coordinates": [22.21187, 60.43427]}, "properties": {"id": "osm-w-697625089", "country": "fi", "source": "OSM", "updated": "2026-09-12", "name": "liaison", "type": "liaison", "categorie": "ferry", "route": "E 18"}}, {"type": "Feature", "geometry": {"type": "Point", "coordinates": [25.16016, 60.18545]}, "properties": {"id": "osm-w-698313475", "country": "fi", "source": "OSM", "updated": "2026-09-12", "name": "Leikosaari - Vuosaari", "type": "liaison", "categorie": "ferry", "duree": "00:15"}}, {"type": "Feature", "geometry": {"type": "Point", "coordinates": [25.12355, 60.18042]}, "properties": {"id": "osm-w-698313476", "country": "fi", "source": "OSM", "updated": "2026-09-12", "name": "Satamasaari - Iiluoto", "type": "liaison", "categorie": "ferry", "duree": "00:10"}}, {"type": "Feature", "geometry": {"type": "Point", "coordinates": [25.11862, 60.17701]}, "properties": {"id": "osm-w-698313477", "country": "fi", "source": "OSM", "updated": "2026-09-12", "name": "Kivisaari - Satamasaari", "type": "liaison", "categorie": "ferry", "duree": "00:02"}}, {"type": "Feature", "geometry": {"type": "Point", "coordinates": [18.04187, 57.08073]}, "properties": {"id": "osm-w-707334351", "country": "fi", "source": "OSM", "updated": "2026-09-12", "name": "Travemünde (D) – Helsinki (FIN)", "type": "liaison", "categorie": "ferry", "operateur": "Finnlines", "duree": "30:30", "vehicules": "yes", "payant": "yes"}}, {"type": "Feature", "geometry": {"type": "Point", "coordinates": [30.72651, 63.06409]}, "properties": {"id": "osm-w-708044552", "country": "fi", "source": "OSM", "updated": "2026-09-12", "name": "Patvin kierto", "type": "liaison", "categorie": "ferry"}}, {"type": "Feature", "geometry": {"type": "Point", "coordinates": [22.74348, 61.80366]}, "properties": {"id": "osm-w-712041427", "country": "fi", "source": "OSM", "updated": "2026-09-12", "name": "liaison", "type": "liaison", "categorie": "ferry"}}, {"type": "Feature", "geometry": {"type": "Point", "coordinates": [22.33393, 62.99617]}, "properties": {"id": "osm-w-719528442", "country": "fi", "source": "OSM", "updated": "2026-09-12", "name": "liaison", "type": "liaison", "categorie": "ferry"}}, {"type": "Feature", "geometry": {"type": "Point", "coordinates": [22.25516, 60.44393]}, "properties": {"id": "osm-w-719629408", "country": "fi", "source": "OSM", "updated": "2026-09-12", "name": "Vesibussi, Martinsilta", "type": "quai", "route": "9000"}}, {"type": "Feature", "geometry": {"type": "Point", "coordinates": [26.98615, 60.45151]}, "properties": {"id": "osm-w-781566866", "country": "fi", "source": "OSM", "updated": "2026-09-12", "name": "Kotka-Kuutsalo", "type": "liaison", "categorie": "ferry", "duree": "00:25", "vehicules": "yes"}}, {"type": "Feature", "geometry": {"type": "Point", "coordinates": [27.92369, 61.33249]}, "properties": {"id": "osm-w-789299408", "country": "fi", "source": "OSM", "updated": "2026-09-12", "name": "liaison", "type": "liaison", "categorie": "ferry"}}, {"type": "Feature", "geometry": {"type": "Point", "coordinates": [27.98338, 61.31297]}, "properties": {"id": "osm-w-789299409", "country": "fi", "source": "OSM", "updated": "2026-09-12", "name": "liaison", "type": "liaison", "categorie": "ferry"}}, {"type": "Feature", "geometry": {"type": "Point", "coordinates": [20.91228, 60.29561]}, "properties": {"id": "osm-w-800448396", "country": "fi", "source": "OSM", "updated": "2026-09-12", "name": "Brändö-Kumlingelinjen", "type": "liaison", "categorie": "ferry", "operateur": "Ålandstrafiken", "vehicules": "yes"}}, {"type": "Feature", "geometry": {"type": "Point", "coordinates": [21.02507, 60.31346]}, "properties": {"id": "osm-w-800448400", "country": "fi", "source": "OSM", "updated": "2026-09-12", "name": "Brändö-Kumlingelinjen", "type": "liaison", "categorie": "ferry"}}, {"type": "Feature", "geometry": {"type": "Point", "coordinates": [20.77147, 60.30434]}, "properties": {"id": "osm-w-800448401", "country": "fi", "source": "OSM", "updated": "2026-09-12", "name": "Brändö-Kumlingelinjen", "type": "liaison", "categorie": "ferry"}}, {"type": "Feature", "geometry": {"type": "Point", "coordinates": [22.2215, 60.43628]}, "properties": {"id": "osm-w-817480078", "country": "fi", "source": "OSM", "updated": "2026-09-12", "name": "Turun satama (Tallink Silja)", "type": "quai"}}, {"type": "Feature", "geometry": {"type": "Point", "coordinates": [22.22699, 60.4346]}, "properties": {"id": "osm-w-817480079", "country": "fi", "source": "OSM", "updated": "2026-09-12", "name": "Turun satama (Viking Line)", "type": "quai"}}, {"type": "Feature", "geometry": {"type": "Point", "coordinates": [28.0399, 61.32151]}, "properties": {"id": "osm-w-820369309", "country": "fi", "source": "OSM", "updated": "2026-09-12", "name": "Roope Saimaa", "type": "liaison", "categorie": "ferry", "horaires": "13.6-30.8 Tue Thu Sat"}}, {"type": "Feature", "geometry": {"type": "Point", "coordinates": [21.96339, 60.31649]}, "properties": {"id": "osm-w-820462442", "country": "fi", "source": "OSM", "updated": "2026-09-12", "name": "embarcadère", "type": "quai"}}, {"type": "Feature", "geometry": {"type": "Point", "coordinates": [27.76008, 62.7214]}, "properties": {"id": "osm-w-823142179", "country": "fi", "source": "OSM", "updated": "2026-09-12", "name": "Puutossalmen lossi", "type": "liaison", "categorie": "ferry", "duree": "15", "vehicules": "yes"}}, {"type": "Feature", "geometry": {"type": "Point", "coordinates": [27.07437, 60.37404]}, "properties": {"id": "osm-w-834590649", "country": "fi", "source": "OSM", "updated": "2026-09-12", "name": "Kotka - Kirkonmaa - Haapasaari", "type": "liaison", "categorie": "ferry"}}, {"type": "Feature", "geometry": {"type": "Point", "coordinates": [26.84995, 60.40091]}, "properties": {"id": "osm-w-834599478", "country": "fi", "source": "OSM", "updated": "2026-09-12", "name": "Kotka - Kaunisaari", "type": "liaison", "categorie": "ferry"}}, {"type": "Feature", "geometry": {"type": "Point", "coordinates": [22.26225, 60.18689]}, "properties": {"id": "osm-w-876613769", "country": "fi", "source": "OSM", "updated": "2026-09-12", "name": "liaison", "type": "liaison", "categorie": "ferry"}}, {"type": "Feature", "geometry": {"type": "Point", "coordinates": [22.2499, 60.1832]}, "properties": {"id": "osm-w-876613771", "country": "fi", "source": "OSM", "updated": "2026-09-12", "name": "liaison", "type": "liaison", "categorie": "ferry"}}, {"type": "Feature", "geometry": {"type": "Point", "coordinates": [21.70629, 60.19223]}, "properties": {"id": "osm-w-912480571", "country": "fi", "source": "OSM", "updated": "2026-09-12", "name": "liaison", "type": "liaison", "categorie": "ferry"}}, {"type": "Feature", "geometry": {"type": "Point", "coordinates": [21.83388, 60.21913]}, "properties": {"id": "osm-w-912480572", "country": "fi", "source": "OSM", "updated": "2026-09-12", "name": "liaison", "type": "liaison", "categorie": "ferry"}}, {"type": "Feature", "geometry": {"type": "Point", "coordinates": [22.12995, 60.43739]}, "properties": {"id": "osm-w-913158530", "country": "fi", "source": "OSM", "updated": "2026-09-12", "name": "Turku-Naantali", "type": "liaison", "categorie": "ferry"}}, {"type": "Feature", "geometry": {"type": "Point", "coordinates": [22.11327, 60.39138]}, "properties": {"id": "osm-w-913164608", "country": "fi", "source": "OSM", "updated": "2026-09-12", "name": "liaison", "type": "liaison", "categorie": "ferry", "route": "E 18"}}, {"type": "Feature", "geometry": {"type": "Point", "coordinates": [22.09894, 60.39225]}, "properties": {"id": "osm-w-913164610", "country": "fi", "source": "OSM", "updated": "2026-09-12", "name": "liaison", "type": "liaison", "categorie": "ferry", "route": "E 18"}}, {"type": "Feature", "geometry": {"type": "Point", "coordinates": [21.91136, 60.20027]}, "properties": {"id": "osm-w-918231906", "country": "fi", "source": "OSM", "updated": "2026-09-12", "name": "liaison", "type": "liaison", "categorie": "ferry"}}, {"type": "Feature", "geometry": {"type": "Point", "coordinates": [21.93299, 60.30123]}, "properties": {"id": "osm-w-918233214", "country": "fi", "source": "OSM", "updated": "2026-09-12", "name": "liaison", "type": "liaison", "categorie": "ferry", "route": "E 18"}}, {"type": "Feature", "geometry": {"type": "Point", "coordinates": [21.73735, 60.22255]}, "properties": {"id": "osm-w-918233215", "country": "fi", "source": "OSM", "updated": "2026-09-12", "name": "liaison", "type": "liaison", "categorie": "ferry", "route": "E 18"}}, {"type": "Feature", "geometry": {"type": "Point", "coordinates": [21.68511, 59.95082]}, "properties": {"id": "osm-w-918238529", "country": "fi", "source": "OSM", "updated": "2026-09-12", "name": "liaison", "type": "liaison", "categorie": "ferry"}}, {"type": "Feature", "geometry": {"type": "Point", "coordinates": [21.47332, 59.81544]}, "properties": {"id": "osm-w-918254055", "country": "fi", "source": "OSM", "updated": "2026-09-12", "name": "liaison", "type": "liaison", "categorie": "ferry"}}, {"type": "Feature", "geometry": {"type": "Point", "coordinates": [21.60645, 59.87783]}, "properties": {"id": "osm-w-918256059", "country": "fi", "source": "OSM", "updated": "2026-09-12", "name": "liaison", "type": "liaison", "categorie": "ferry"}}, {"type": "Feature", "geometry": {"type": "Point", "coordinates": [21.74937, 60.06731]}, "properties": {"id": "osm-w-918265235", "country": "fi", "source": "OSM", "updated": "2026-09-12", "name": "liaison", "type": "liaison", "categorie": "ferry"}}, {"type": "Feature", "geometry": {"type": "Point", "coordinates": [21.77798, 60.00351]}, "properties": {"id": "osm-w-918265236", "country": "fi", "source": "OSM", "updated": "2026-09-12", "name": "liaison", "type": "liaison", "categorie": "ferry"}}, {"type": "Feature", "geometry": {"type": "Point", "coordinates": [21.72055, 59.96361]}, "properties": {"id": "osm-w-918267448", "country": "fi", "source": "OSM", "updated": "2026-09-12", "name": "liaison", "type": "liaison", "categorie": "ferry"}}, {"type": "Feature", "geometry": {"type": "Point", "coordinates": [21.89698, 60.29942]}, "properties": {"id": "osm-w-921216516", "country": "fi", "source": "OSM", "updated": "2026-09-12", "name": "Saaristolinja-Skärgårdslinjen: Seili-Röölä", "type": "liaison", "categorie": "ferry", "operateur": "Vitharun", "duree": "1:15", "payant": "yes"}}, {"type": "Feature", "geometry": {"type": "Point", "coordinates": [21.96011, 60.2696]}, "properties": {"id": "osm-w-921222176", "country": "fi", "source": "OSM", "updated": "2026-09-12", "name": "Pieni rengastie (Nauvo-Seili-Hanka)", "type": "liaison", "categorie": "ferry", "operateur": "m/s Östern", "duree": "01:00"}}, {"type": "Feature", "geometry": {"type": "Point", "coordinates": [21.94947, 60.24474]}, "properties": {"id": "osm-w-921222177", "country": "fi", "source": "OSM", "updated": "2026-09-12", "name": "liaison", "type": "liaison", "categorie": "ferry"}}, {"type": "Feature", "geometry": {"type": "Point", "coordinates": [21.36487, 59.78807]}, "properties": {"id": "osm-w-928202736", "country": "fi", "source": "OSM", "updated": "2026-09-12", "name": "liaison", "type": "liaison", "categorie": "ferry"}}, {"type": "Feature", "geometry": {"type": "Point", "coordinates": [28.06733, 61.28191]}, "properties": {"id": "osm-w-930108346", "country": "fi", "source": "OSM", "updated": "2026-09-12", "name": "Pyörälautta Rasti", "type": "liaison", "categorie": "ferry", "operateur": "Etelä-Karjalan virkistysaluesäätiö", "horaires": "13.6-30.8 Tue Thu Sat"}}, {"type": "Feature", "geometry": {"type": "Point", "coordinates": [27.98525, 61.41777]}, "properties": {"id": "osm-w-930108348", "country": "fi", "source": "OSM", "updated": "2026-09-12", "name": "Roope Saimaa", "type": "liaison", "exploitation": "saisonnier", "categorie": "ferry", "horaires": "13.6-30.8 Tue Thu Sat"}}, {"type": "Feature", "geometry": {"type": "Point", "coordinates": [28.09354, 61.30376]}, "properties": {"id": "osm-w-930123424", "country": "fi", "source": "OSM", "updated": "2026-09-12", "name": "liaison", "type": "liaison", "categorie": "ferry"}}, {"type": "Feature", "geometry": {"type": "Point", "coordinates": [27.734, 61.31454]}, "properties": {"id": "osm-w-930154233", "country": "fi", "source": "OSM", "updated": "2026-09-12", "name": "liaison", "type": "liaison", "categorie": "ferry"}}, {"type": "Feature", "geometry": {"type": "Point", "coordinates": [27.97149, 61.40238]}, "properties": {"id": "osm-w-930154234", "country": "fi", "source": "OSM", "updated": "2026-09-12", "name": "Roope Saimaa", "type": "liaison", "categorie": "ferry", "horaires": "13.6-30.8 Tue Thu Sat"}}, {"type": "Feature", "geometry": {"type": "Point", "coordinates": [28.18127, 61.24426]}, "properties": {"id": "osm-w-930164258", "country": "fi", "source": "OSM", "updated": "2026-09-12", "name": "Sarviniemi - Ilkonsaari", "type": "liaison", "categorie": "ferry"}}, {"type": "Feature", "geometry": {"type": "Point", "coordinates": [28.11771, 61.3526]}, "properties": {"id": "osm-w-930930195", "country": "fi", "source": "OSM", "updated": "2026-09-12", "name": "liaison", "type": "liaison", "categorie": "ferry"}}, {"type": "Feature", "geometry": {"type": "Point", "coordinates": [28.06701, 61.34818]}, "properties": {"id": "osm-w-930930196", "country": "fi", "source": "OSM", "updated": "2026-09-12", "name": "liaison", "type": "liaison", "categorie": "ferry"}}, {"type": "Feature", "geometry": {"type": "Point", "coordinates": [28.11087, 61.32413]}, "properties": {"id": "osm-w-930930197", "country": "fi", "source": "OSM", "updated": "2026-09-12", "name": "liaison", "type": "liaison", "categorie": "ferry"}}, {"type": "Feature", "geometry": {"type": "Point", "coordinates": [28.12066, 61.33408]}, "properties": {"id": "osm-w-930930198", "country": "fi", "source": "OSM", "updated": "2026-09-12", "name": "liaison", "type": "liaison", "categorie": "ferry"}}, {"type": "Feature", "geometry": {"type": "Point", "coordinates": [27.99029, 61.3788]}, "properties": {"id": "osm-w-930930199", "country": "fi", "source": "OSM", "updated": "2026-09-12", "name": "Roope Saimaa", "type": "liaison", "categorie": "ferry", "horaires": "13.6-30.8 Tue Thu Sat"}}, {"type": "Feature", "geometry": {"type": "Point", "coordinates": [19.92803, 60.09184]}, "properties": {"id": "osm-w-939135826", "country": "fi", "source": "OSM", "updated": "2026-09-12", "name": "liaison", "type": "liaison", "categorie": "ferry", "vehicules": "yes"}}, {"type": "Feature", "geometry": {"type": "Point", "coordinates": [19.53535, 60.22591]}, "properties": {"id": "osm-w-939184694", "country": "fi", "source": "OSM", "updated": "2026-09-12", "name": "liaison", "type": "liaison", "categorie": "ferry", "vehicules": "yes"}}, {"type": "Feature", "geometry": {"type": "Point", "coordinates": [21.62431, 60.27993]}, "properties": {"id": "osm-w-944306220", "country": "fi", "source": "OSM", "updated": "2026-09-12", "name": "liaison", "type": "liaison", "categorie": "ferry"}}, {"type": "Feature", "geometry": {"type": "Point", "coordinates": [21.6263, 60.27942]}, "properties": {"id": "osm-w-944306221", "country": "fi", "source": "OSM", "updated": "2026-09-12", "name": "liaison", "type": "liaison", "categorie": "ferry"}}, {"type": "Feature", "geometry": {"type": "Point", "coordinates": [21.6347, 60.27052]}, "properties": {"id": "osm-w-944306222", "country": "fi", "source": "OSM", "updated": "2026-09-12", "name": "liaison", "type": "liaison", "categorie": "ferry"}}, {"type": "Feature", "geometry": {"type": "Point", "coordinates": [21.76296, 60.24491]}, "properties": {"id": "osm-w-944306223", "country": "fi", "source": "OSM", "updated": "2026-09-12", "name": "liaison", "type": "liaison", "categorie": "ferry"}}, {"type": "Feature", "geometry": {"type": "Point", "coordinates": [21.75072, 60.24924]}, "properties": {"id": "osm-w-944306224", "country": "fi", "source": "OSM", "updated": "2026-09-12", "name": "liaison", "type": "liaison", "categorie": "ferry"}}, {"type": "Feature", "geometry": {"type": "Point", "coordinates": [21.84492, 60.23544]}, "properties": {"id": "osm-w-947419459", "country": "fi", "source": "OSM", "updated": "2026-09-12", "name": "liaison", "type": "liaison", "categorie": "ferry"}}, {"type": "Feature", "geometry": {"type": "Point", "coordinates": [21.89554, 60.21586]}, "properties": {"id": "osm-w-947419460", "country": "fi", "source": "OSM", "updated": "2026-09-12", "name": "liaison", "type": "liaison", "categorie": "ferry"}}, {"type": "Feature", "geometry": {"type": "Point", "coordinates": [21.90814, 60.20492]}, "properties": {"id": "osm-w-947419461", "country": "fi", "source": "OSM", "updated": "2026-09-12", "name": "liaison", "type": "liaison", "categorie": "ferry"}}, {"type": "Feature", "geometry": {"type": "Point", "coordinates": [29.89421, 63.13281]}, "properties": {"id": "osm-w-947829756", "country": "fi", "source": "OSM", "updated": "2026-09-12", "name": "Vuonislahti - Koli", "type": "liaison", "categorie": "ferry", "duree": "01:00"}}, {"type": "Feature", "geometry": {"type": "Point", "coordinates": [28.83097, 61.81913]}, "properties": {"id": "osm-w-949078581", "country": "fi", "source": "OSM", "updated": "2026-09-12", "name": "Laukansaaren lautta", "type": "liaison", "categorie": "ferry", "duree": "00:15", "vehicules": "yes"}}, {"type": "Feature", "geometry": {"type": "Point", "coordinates": [21.12653, 59.86416]}, "properties": {"id": "osm-w-950399880", "country": "fi", "source": "OSM", "updated": "2026-09-12", "name": "liaison", "type": "liaison", "categorie": "ferry"}}, {"type": "Feature", "geometry": {"type": "Point", "coordinates": [21.35142, 59.79827]}, "properties": {"id": "osm-w-950446035", "country": "fi", "source": "OSM", "updated": "2026-09-12", "name": "liaison", "type": "liaison", "categorie": "ferry"}}, {"type": "Feature", "geometry": {"type": "Point", "coordinates": [21.36821, 59.78691]}, "properties": {"id": "osm-w-950446036", "country": "fi", "source": "OSM", "updated": "2026-09-12", "name": "liaison", "type": "liaison", "categorie": "ferry"}}, {"type": "Feature", "geometry": {"type": "Point", "coordinates": [23.98375, 60.02094]}, "properties": {"id": "osm-w-975278265", "country": "fi", "source": "OSM", "updated": "2026-09-12", "name": "liaison", "type": "liaison", "categorie": "ferry"}}, {"type": "Feature", "geometry": {"type": "Point", "coordinates": [24.00802, 60.04082]}, "properties": {"id": "osm-w-975448522", "country": "fi", "source": "OSM", "updated": "2026-09-12", "name": "liaison", "type": "liaison", "categorie": "ferry"}}, {"type": "Feature", "geometry": {"type": "Point", "coordinates": [24.00989, 60.03815]}, "properties": {"id": "osm-w-975448523", "country": "fi", "source": "OSM", "updated": "2026-09-12", "name": "liaison", "type": "liaison", "categorie": "ferry"}}, {"type": "Feature", "geometry": {"type": "Point", "coordinates": [23.75128, 61.50883]}, "properties": {"id": "osm-w-997018954", "country": "fi", "source": "OSM", "updated": "2026-09-12", "name": "liaison", "type": "liaison", "categorie": "ferry"}}, {"type": "Feature", "geometry": {"type": "Point", "coordinates": [23.69099, 61.61441]}, "properties": {"id": "osm-w-997018974", "country": "fi", "source": "OSM", "updated": "2026-09-12", "name": "liaison", "type": "liaison", "categorie": "ferry"}}, {"type": "Feature", "geometry": {"type": "Point", "coordinates": [23.76525, 61.68461]}, "properties": {"id": "osm-w-997018982", "country": "fi", "source": "OSM", "updated": "2026-09-12", "name": "liaison", "type": "liaison", "categorie": "ferry"}}, {"type": "Feature", "geometry": {"type": "Point", "coordinates": [23.74343, 61.52972]}, "properties": {"id": "osm-w-997018993", "country": "fi", "source": "OSM", "updated": "2026-09-12", "name": "liaison", "type": "liaison", "categorie": "ferry"}}, {"type": "Feature", "geometry": {"type": "Point", "coordinates": [23.80927, 61.69335]}, "properties": {"id": "osm-w-997019006", "country": "fi", "source": "OSM", "updated": "2026-09-12", "name": "liaison", "type": "liaison", "categorie": "ferry"}}, {"type": "Feature", "geometry": {"type": "Point", "coordinates": [23.71123, 61.58603]}, "properties": {"id": "osm-w-997019021", "country": "fi", "source": "OSM", "updated": "2026-09-12", "name": "liaison", "type": "liaison", "categorie": "ferry"}}, {"type": "Feature", "geometry": {"type": "Point", "coordinates": [23.70521, 61.59955]}, "properties": {"id": "osm-w-997019028", "country": "fi", "source": "OSM", "updated": "2026-09-12", "name": "liaison", "type": "liaison", "categorie": "ferry"}}, {"type": "Feature", "geometry": {"type": "Point", "coordinates": [23.74902, 61.51476]}, "properties": {"id": "osm-w-997019048", "country": "fi", "source": "OSM", "updated": "2026-09-12", "name": "liaison", "type": "liaison", "categorie": "ferry"}}, {"type": "Feature", "geometry": {"type": "Point", "coordinates": [23.68384, 61.62266]}, "properties": {"id": "osm-w-997019063", "country": "fi", "source": "OSM", "updated": "2026-09-12", "name": "liaison", "type": "liaison", "categorie": "ferry"}}, {"type": "Feature", "geometry": {"type": "Point", "coordinates": [23.78484, 61.69036]}, "properties": {"id": "osm-w-997019064", "country": "fi", "source": "OSM", "updated": "2026-09-12", "name": "liaison", "type": "liaison", "categorie": "ferry"}}, {"type": "Feature", "geometry": {"type": "Point", "coordinates": [23.73457, 61.55333]}, "properties": {"id": "osm-w-997019081", "country": "fi", "source": "OSM", "updated": "2026-09-12", "name": "liaison", "type": "liaison", "categorie": "ferry"}}, {"type": "Feature", "geometry": {"type": "Point", "coordinates": [23.73906, 61.54138]}, "properties": {"id": "osm-w-997019095", "country": "fi", "source": "OSM", "updated": "2026-09-12", "name": "liaison", "type": "liaison", "categorie": "ferry"}}, {"type": "Feature", "geometry": {"type": "Point", "coordinates": [23.68151, 61.61864]}, "properties": {"id": "osm-w-997019121", "country": "fi", "source": "OSM", "updated": "2026-09-12", "name": "liaison", "type": "liaison", "categorie": "ferry"}}, {"type": "Feature", "geometry": {"type": "Point", "coordinates": [23.79496, 61.69211]}, "properties": {"id": "osm-w-997019171", "country": "fi", "source": "OSM", "updated": "2026-09-12", "name": "liaison", "type": "liaison", "categorie": "ferry"}}, {"type": "Feature", "geometry": {"type": "Point", "coordinates": [23.72178, 61.57429]}, "properties": {"id": "osm-w-997019191", "country": "fi", "source": "OSM", "updated": "2026-09-12", "name": "liaison", "type": "liaison", "categorie": "ferry"}}, {"type": "Feature", "geometry": {"type": "Point", "coordinates": [23.701, 61.61158]}, "properties": {"id": "osm-w-997019199", "country": "fi", "source": "OSM", "updated": "2026-09-12", "name": "liaison", "type": "liaison", "categorie": "ferry"}}, {"type": "Feature", "geometry": {"type": "Point", "coordinates": [21.64227, 60.45803]}, "properties": {"id": "osm-w-1009599935", "country": "fi", "source": "OSM", "updated": "2026-09-12", "name": "Velkuanmaan lossi", "type": "liaison", "categorie": "ferry", "operateur": "Finferries", "duree": "00:06", "vehicules": "yes", "payant": "no"}}, {"type": "Feature", "geometry": {"type": "Point", "coordinates": [22.0841, 60.08775]}, "properties": {"id": "osm-w-1025359064", "country": "fi", "source": "OSM", "updated": "2026-09-12", "name": "liaison", "type": "liaison", "categorie": "ferry"}}, {"type": "Feature", "geometry": {"type": "Point", "coordinates": [21.94107, 60.23076]}, "properties": {"id": "osm-w-1025445741", "country": "fi", "source": "OSM", "updated": "2026-09-12", "name": "Lilla ringvägen (Nagu-Själö-Hanga)", "type": "liaison", "categorie": "ferry", "operateur": "m/s Östern", "duree": "01:00"}}, {"type": "Feature", "geometry": {"type": "Point", "coordinates": [21.6953, 60.26252]}, "properties": {"id": "osm-w-1025445742", "country": "fi", "source": "OSM", "updated": "2026-09-12", "name": "liaison", "type": "liaison", "categorie": "ferry"}}, {"type": "Feature", "geometry": {"type": "Point", "coordinates": [22.16381, 60.16037]}, "properties": {"id": "osm-w-1025466362", "country": "fi", "source": "OSM", "updated": "2026-09-12", "name": "liaison", "type": "liaison", "categorie": "ferry"}}, {"type": "Feature", "geometry": {"type": "Point", "coordinates": [22.17086, 60.17018]}, "properties": {"id": "osm-w-1025466363", "country": "fi", "source": "OSM", "updated": "2026-09-12", "name": "liaison", "type": "liaison", "categorie": "ferry"}}, {"type": "Feature", "geometry": {"type": "Point", "coordinates": [22.25465, 60.19344]}, "properties": {"id": "osm-w-1025466364", "country": "fi", "source": "OSM", "updated": "2026-09-12", "name": "liaison", "type": "liaison", "categorie": "ferry"}}, {"type": "Feature", "geometry": {"type": "Point", "coordinates": [22.40624, 59.911]}, "properties": {"id": "osm-w-1049585748", "country": "fi", "source": "OSM", "updated": "2026-09-12", "name": "liaison", "type": "liaison", "categorie": "ferry"}}, {"type": "Feature", "geometry": {"type": "Point", "coordinates": [22.38491, 59.90577]}, "properties": {"id": "osm-w-1049585749", "country": "fi", "source": "OSM", "updated": "2026-09-12", "name": "liaison", "type": "liaison", "categorie": "ferry"}}, {"type": "Feature", "geometry": {"type": "Point", "coordinates": [22.28243, 59.88591]}, "properties": {"id": "osm-w-1049585750", "country": "fi", "source": "OSM", "updated": "2026-09-12", "name": "liaison", "type": "liaison", "categorie": "ferry"}}, {"type": "Feature", "geometry": {"type": "Point", "coordinates": [22.36913, 59.90628]}, "properties": {"id": "osm-w-1049585751", "country": "fi", "source": "OSM", "updated": "2026-09-12", "name": "liaison", "type": "liaison", "categorie": "ferry"}}, {"type": "Feature", "geometry": {"type": "Point", "coordinates": [22.41117, 59.91794]}, "properties": {"id": "osm-w-1049595626", "country": "fi", "source": "OSM", "updated": "2026-09-12", "name": "liaison", "type": "liaison", "categorie": "ferry"}}, {"type": "Feature", "geometry": {"type": "Point", "coordinates": [22.55008, 59.99507]}, "properties": {"id": "osm-w-1049603143", "country": "fi", "source": "OSM", "updated": "2026-09-12", "name": "liaison", "type": "liaison", "categorie": "ferry"}}, {"type": "Feature", "geometry": {"type": "Point", "coordinates": [22.59378, 59.96865]}, "properties": {"id": "osm-w-1049603144", "country": "fi", "source": "OSM", "updated": "2026-09-12", "name": "liaison", "type": "liaison", "categorie": "ferry"}}, {"type": "Feature", "geometry": {"type": "Point", "coordinates": [28.29863, 61.13707]}, "properties": {"id": "osm-w-1050961793", "country": "fi", "source": "OSM", "updated": "2026-09-12", "name": "Lappeenranta - Ilkonsaari", "type": "liaison", "categorie": "ferry"}}, {"type": "Feature", "geometry": {"type": "Point", "coordinates": [22.57521, 59.94259]}, "properties": {"id": "osm-w-1050969189", "country": "fi", "source": "OSM", "updated": "2026-09-12", "name": "liaison", "type": "liaison", "categorie": "ferry"}}, {"type": "Feature", "geometry": {"type": "Point", "coordinates": [22.45037, 59.88277]}, "properties": {"id": "osm-w-1050969190", "country": "fi", "source": "OSM", "updated": "2026-09-12", "name": "Kasnäs - Rosala", "type": "liaison", "categorie": "ferry", "operateur": "Finnferries", "duree": "25", "payant": "no"}}, {"type": "Feature", "geometry": {"type": "Point", "coordinates": [28.22795, 62.64297]}, "properties": {"id": "osm-w-1059042574", "country": "fi", "source": "OSM", "updated": "2026-09-12", "name": "Heinäveden reitti", "type": "liaison", "categorie": "ferry", "duree": "10:30"}}, {"type": "Feature", "geometry": {"type": "Point", "coordinates": [28.75836, 62.39452]}, "properties": {"id": "osm-w-1059042576", "country": "fi", "source": "OSM", "updated": "2026-09-12", "name": "Heinäveden reitti", "type": "liaison", "categorie": "ferry", "duree": "00:10:30"}}, {"type": "Feature", "geometry": {"type": "Point", "coordinates": [28.73762, 62.39534]}, "properties": {"id": "osm-w-1059344952", "country": "fi", "source": "OSM", "updated": "2026-09-12", "name": "Heinäveden reitti", "type": "liaison", "categorie": "ferry", "duree": "10:30"}}, {"type": "Feature", "geometry": {"type": "Point", "coordinates": [28.71684, 62.39671]}, "properties": {"id": "osm-w-1059344953", "country": "fi", "source": "OSM", "updated": "2026-09-12", "name": "Heinäveden reitti", "type": "liaison", "categorie": "ferry", "duree": "00:10:30"}}, {"type": "Feature", "geometry": {"type": "Point", "coordinates": [16.53979, 57.18887]}, "properties": {"id": "osm-w-1061999836", "country": "fi", "source": "OSM", "updated": "2026-09-12", "name": "Travemünde (D) – Turku (FIN)", "type": "liaison", "categorie": "ferry", "operateur": "Finnlines", "duree": "29:00"}}, {"type": "Feature", "geometry": {"type": "Point", "coordinates": [24.98946, 60.14244]}, "properties": {"id": "osm-w-1071586617", "country": "fi", "source": "OSM", "updated": "2026-09-12", "name": "Tykistölahti-Kuninkaanportti", "type": "liaison", "exploitation": "saisonnier", "categorie": "ferry", "vehicules": "yes"}}, {"type": "Feature", "geometry": {"type": "Point", "coordinates": [24.99288, 60.14815]}, "properties": {"id": "osm-w-1071592742", "country": "fi", "source": "OSM", "updated": "2026-09-12", "name": "Lonna-Tykistölahti", "type": "liaison", "exploitation": "saisonnier", "categorie": "ferry", "vehicules": "yes"}}, {"type": "Feature", "geometry": {"type": "Point", "coordinates": [23.63269, 63.25178]}, "properties": {"id": "osm-w-1089713735", "country": "fi", "source": "OSM", "updated": "2026-09-12", "name": "Albatlossi", "type": "liaison", "categorie": "ferry"}}, {"type": "Feature", "geometry": {"type": "Point", "coordinates": [22.98363, 63.90346]}, "properties": {"id": "osm-w-1090755351", "country": "fi", "source": "OSM", "updated": "2026-09-12", "name": "M/S Jenny", "type": "liaison", "categorie": "ferry", "duree": "90", "payant": "yes"}}, {"type": "Feature", "geometry": {"type": "Point", "coordinates": [25.17036, 62.71155]}, "properties": {"id": "osm-w-1152690078", "country": "fi", "source": "OSM", "updated": "2026-09-12", "name": "Elosaaren lossi", "type": "liaison", "categorie": "ferry"}}, {"type": "Feature", "geometry": {"type": "Point", "coordinates": [22.4984, 59.90482]}, "properties": {"id": "osm-w-1158478430", "country": "fi", "source": "OSM", "updated": "2026-09-12", "name": "liaison", "type": "liaison", "categorie": "ferry"}}, {"type": "Feature", "geometry": {"type": "Point", "coordinates": [22.75802, 59.8632]}, "properties": {"id": "osm-w-1158478431", "country": "fi", "source": "OSM", "updated": "2026-09-12", "name": "liaison", "type": "liaison", "categorie": "ferry"}}, {"type": "Feature", "geometry": {"type": "Point", "coordinates": [24.96027, 60.16975]}, "properties": {"id": "osm-w-1164347706", "country": "fi", "source": "OSM", "updated": "2026-09-12", "name": "Meritullintori", "type": "quai", "route": "H0095"}}, {"type": "Feature", "geometry": {"type": "Point", "coordinates": [24.98604, 60.16866]}, "properties": {"id": "osm-w-1164836114", "country": "fi", "source": "OSM", "updated": "2026-09-12", "name": "Meritullintori–Kruunuvuorenranta", "type": "liaison", "categorie": "ferry", "operateur": "Suomenlinnan liikenne Oy, HSL, Sun Ferry, JT-Line", "duree": "20", "horaires": "Mo-Su 07:00-22:00"}}, {"type": "Feature", "geometry": {"type": "Point", "coordinates": [27.49356, 61.47919]}, "properties": {"id": "osm-w-1178311132", "country": "fi", "source": "OSM", "updated": "2026-09-12", "name": "liaison", "type": "liaison", "categorie": "ferry"}}, {"type": "Feature", "geometry": {"type": "Point", "coordinates": [27.4875, 61.48664]}, "properties": {"id": "osm-w-1178311133", "country": "fi", "source": "OSM", "updated": "2026-09-12", "name": "liaison", "type": "liaison", "categorie": "ferry"}}, {"type": "Feature", "geometry": {"type": "Point", "coordinates": [27.50805, 61.46214]}, "properties": {"id": "osm-w-1178311134", "country": "fi", "source": "OSM", "updated": "2026-09-12", "name": "liaison", "type": "liaison", "categorie": "ferry"}}, {"type": "Feature", "geometry": {"type": "Point", "coordinates": [27.53263, 61.44544]}, "properties": {"id": "osm-w-1178311135", "country": "fi", "source": "OSM", "updated": "2026-09-12", "name": "liaison", "type": "liaison", "categorie": "ferry"}}, {"type": "Feature", "geometry": {"type": "Point", "coordinates": [27.55651, 61.4378]}, "properties": {"id": "osm-w-1178311136", "country": "fi", "source": "OSM", "updated": "2026-09-12", "name": "liaison", "type": "liaison", "categorie": "ferry"}}, {"type": "Feature", "geometry": {"type": "Point", "coordinates": [27.54255, 61.43978]}, "properties": {"id": "osm-w-1178311137", "country": "fi", "source": "OSM", "updated": "2026-09-12", "name": "liaison", "type": "liaison", "categorie": "ferry"}}, {"type": "Feature", "geometry": {"type": "Point", "coordinates": [27.89822, 61.37791]}, "properties": {"id": "osm-w-1178311138", "country": "fi", "source": "OSM", "updated": "2026-09-12", "name": "liaison", "type": "liaison", "categorie": "ferry"}}, {"type": "Feature", "geometry": {"type": "Point", "coordinates": [27.87352, 61.34486]}, "properties": {"id": "osm-w-1178311139", "country": "fi", "source": "OSM", "updated": "2026-09-12", "name": "liaison", "type": "liaison", "categorie": "ferry"}}, {"type": "Feature", "geometry": {"type": "Point", "coordinates": [27.8145, 61.35803]}, "properties": {"id": "osm-w-1178311140", "country": "fi", "source": "OSM", "updated": "2026-09-12", "name": "liaison", "type": "liaison", "categorie": "ferry"}}, {"type": "Feature", "geometry": {"type": "Point", "coordinates": [27.99837, 61.46178]}, "properties": {"id": "osm-w-1178311142", "country": "fi", "source": "OSM", "updated": "2026-09-12", "name": "liaison", "type": "liaison", "categorie": "ferry"}}, {"type": "Feature", "geometry": {"type": "Point", "coordinates": [28.08459, 61.49468]}, "properties": {"id": "osm-w-1178311143", "country": "fi", "source": "OSM", "updated": "2026-09-12", "name": "liaison", "type": "liaison", "categorie": "ferry"}}, {"type": "Feature", "geometry": {"type": "Point", "coordinates": [28.00618, 61.55683]}, "properties": {"id": "osm-w-1178311144", "country": "fi", "source": "OSM", "updated": "2026-09-12", "name": "liaison", "type": "liaison", "categorie": "ferry"}}, {"type": "Feature", "geometry": {"type": "Point", "coordinates": [27.54659, 61.44284]}, "properties": {"id": "osm-w-1178311145", "country": "fi", "source": "OSM", "updated": "2026-09-12", "name": "liaison", "type": "liaison", "categorie": "ferry"}}, {"type": "Feature", "geometry": {"type": "Point", "coordinates": [28.00847, 61.52601]}, "properties": {"id": "osm-w-1178311146", "country": "fi", "source": "OSM", "updated": "2026-09-12", "name": "liaison", "type": "liaison", "categorie": "ferry"}}, {"type": "Feature", "geometry": {"type": "Point", "coordinates": [28.14915, 61.52587]}, "properties": {"id": "osm-w-1179944466", "country": "fi", "source": "OSM", "updated": "2026-09-12", "name": "liaison", "type": "liaison", "categorie": "ferry"}}, {"type": "Feature", "geometry": {"type": "Point", "coordinates": [28.14855, 61.55311]}, "properties": {"id": "osm-w-1179944467", "country": "fi", "source": "OSM", "updated": "2026-09-12", "name": "liaison", "type": "liaison", "categorie": "ferry"}}, {"type": "Feature", "geometry": {"type": "Point", "coordinates": [28.17458, 61.52098]}, "properties": {"id": "osm-w-1179996407", "country": "fi", "source": "OSM", "updated": "2026-09-12", "name": "liaison", "type": "liaison", "categorie": "ferry"}}, {"type": "Feature", "geometry": {"type": "Point", "coordinates": [28.15084, 61.53051]}, "properties": {"id": "osm-w-1179996409", "country": "fi", "source": "OSM", "updated": "2026-09-12", "name": "liaison", "type": "liaison", "categorie": "ferry"}}, {"type": "Feature", "geometry": {"type": "Point", "coordinates": [28.16259, 61.52536]}, "properties": {"id": "osm-w-1179996410", "country": "fi", "source": "OSM", "updated": "2026-09-12", "name": "liaison", "type": "liaison", "categorie": "ferry"}}, {"type": "Feature", "geometry": {"type": "Point", "coordinates": [28.17136, 61.52184]}, "properties": {"id": "osm-w-1179996411", "country": "fi", "source": "OSM", "updated": "2026-09-12", "name": "liaison", "type": "liaison", "categorie": "ferry"}}, {"type": "Feature", "geometry": {"type": "Point", "coordinates": [28.14588, 61.52874]}, "properties": {"id": "osm-w-1179996412", "country": "fi", "source": "OSM", "updated": "2026-09-12", "name": "liaison", "type": "liaison", "categorie": "ferry"}}, {"type": "Feature", "geometry": {"type": "Point", "coordinates": [28.05031, 61.48256]}, "properties": {"id": "osm-w-1180380467", "country": "fi", "source": "OSM", "updated": "2026-09-12", "name": "liaison", "type": "liaison", "categorie": "ferry"}}, {"type": "Feature", "geometry": {"type": "Point", "coordinates": [28.05361, 61.48144]}, "properties": {"id": "osm-w-1180380468", "country": "fi", "source": "OSM", "updated": "2026-09-12", "name": "liaison", "type": "liaison", "categorie": "ferry"}}, {"type": "Feature", "geometry": {"type": "Point", "coordinates": [28.02464, 61.49141]}, "properties": {"id": "osm-w-1180380469", "country": "fi", "source": "OSM", "updated": "2026-09-12", "name": "liaison", "type": "liaison", "categorie": "ferry"}}, {"type": "Feature", "geometry": {"type": "Point", "coordinates": [28.0526, 61.48278]}, "properties": {"id": "osm-w-1180380470", "country": "fi", "source": "OSM", "updated": "2026-09-12", "name": "liaison", "type": "liaison", "categorie": "ferry"}}, {"type": "Feature", "geometry": {"type": "Point", "coordinates": [28.15906, 61.45637]}, "properties": {"id": "osm-w-1180382245", "country": "fi", "source": "OSM", "updated": "2026-09-12", "name": "liaison", "type": "liaison", "categorie": "ferry"}}, {"type": "Feature", "geometry": {"type": "Point", "coordinates": [28.14797, 61.46162]}, "properties": {"id": "osm-w-1180382247", "country": "fi", "source": "OSM", "updated": "2026-09-12", "name": "liaison", "type": "liaison", "categorie": "ferry"}}, {"type": "Feature", "geometry": {"type": "Point", "coordinates": [28.12055, 61.49385]}, "properties": {"id": "osm-w-1180382248", "country": "fi", "source": "OSM", "updated": "2026-09-12", "name": "liaison", "type": "liaison", "categorie": "ferry"}}, {"type": "Feature", "geometry": {"type": "Point", "coordinates": [28.12937, 61.51673]}, "properties": {"id": "osm-w-1180382249", "country": "fi", "source": "OSM", "updated": "2026-09-12", "name": "liaison", "type": "liaison", "categorie": "ferry"}}, {"type": "Feature", "geometry": {"type": "Point", "coordinates": [28.15411, 61.52764]}, "properties": {"id": "osm-w-1180382250", "country": "fi", "source": "OSM", "updated": "2026-09-12", "name": "liaison", "type": "liaison", "categorie": "ferry"}}, {"type": "Feature", "geometry": {"type": "Point", "coordinates": [28.06577, 61.45365]}, "properties": {"id": "osm-w-1180385563", "country": "fi", "source": "OSM", "updated": "2026-09-12", "name": "liaison", "type": "liaison", "categorie": "ferry"}}, {"type": "Feature", "geometry": {"type": "Point", "coordinates": [28.13249, 61.4725]}, "properties": {"id": "osm-w-1180385566", "country": "fi", "source": "OSM", "updated": "2026-09-12", "name": "liaison", "type": "liaison", "categorie": "ferry"}}, {"type": "Feature", "geometry": {"type": "Point", "coordinates": [28.01767, 61.4804]}, "properties": {"id": "osm-w-1180388638", "country": "fi", "source": "OSM", "updated": "2026-09-12", "name": "liaison", "type": "liaison", "categorie": "ferry"}}, {"type": "Feature", "geometry": {"type": "Point", "coordinates": [28.04163, 61.48508]}, "properties": {"id": "osm-w-1180388639", "country": "fi", "source": "OSM", "updated": "2026-09-12", "name": "liaison", "type": "liaison", "categorie": "ferry"}}, {"type": "Feature", "geometry": {"type": "Point", "coordinates": [28.00836, 61.48555]}, "properties": {"id": "osm-w-1180388640", "country": "fi", "source": "OSM", "updated": "2026-09-12", "name": "liaison", "type": "liaison", "categorie": "ferry"}}, {"type": "Feature", "geometry": {"type": "Point", "coordinates": [28.03992, 63.30831]}, "properties": {"id": "osm-w-1189814311", "country": "fi", "source": "OSM", "updated": "2026-09-12", "name": "Aholansaaren laiva", "type": "liaison", "categorie": "ferry", "duree": "15", "payant": "yes"}}, {"type": "Feature", "geometry": {"type": "Point", "coordinates": [21.43011, 60.15637]}, "properties": {"id": "osm-w-1196120648", "country": "fi", "source": "OSM", "updated": "2026-09-12", "name": "Korpo rutt", "type": "liaison", "categorie": "ferry", "operateur": "Archipelago Lines Oy"}}, {"type": "Feature", "geometry": {"type": "Point", "coordinates": [21.4009, 60.05429]}, "properties": {"id": "osm-w-1196120649", "country": "fi", "source": "OSM", "updated": "2026-09-12", "name": "Korpo rutt", "type": "liaison", "categorie": "ferry", "operateur": "Archipelago Lines Oy"}}, {"type": "Feature", "geometry": {"type": "Point", "coordinates": [21.33525, 60.03057]}, "properties": {"id": "osm-w-1196120650", "country": "fi", "source": "OSM", "updated": "2026-09-12", "name": "Korpo rutt", "type": "liaison", "categorie": "ferry", "operateur": "Archipelago Lines Oy"}}, {"type": "Feature", "geometry": {"type": "Point", "coordinates": [21.32794, 60.11234]}, "properties": {"id": "osm-w-1196120651", "country": "fi", "source": "OSM", "updated": "2026-09-12", "name": "Korpo rutt", "type": "liaison", "categorie": "ferry", "operateur": "Archipelago Lines Oy"}}, {"type": "Feature", "geometry": {"type": "Point", "coordinates": [21.4358, 60.16914]}, "properties": {"id": "osm-w-1196120652", "country": "fi", "source": "OSM", "updated": "2026-09-12", "name": "Korpo rutt", "type": "liaison", "categorie": "ferry", "operateur": "Archipelago Lines Oy"}}, {"type": "Feature", "geometry": {"type": "Point", "coordinates": [21.53613, 60.2142]}, "properties": {"id": "osm-w-1196120653", "country": "fi", "source": "OSM", "updated": "2026-09-12", "name": "Korpo rutt", "type": "liaison", "categorie": "ferry", "operateur": "Archipelago Lines Oy"}}, {"type": "Feature", "geometry": {"type": "Point", "coordinates": [21.40422, 60.10089]}, "properties": {"id": "osm-w-1196120654", "country": "fi", "source": "OSM", "updated": "2026-09-12", "name": "Korpo rutt", "type": "liaison", "categorie": "ferry", "operateur": "Archipelago Lines Oy"}}, {"type": "Feature", "geometry": {"type": "Point", "coordinates": [22.06409, 60.13583]}, "properties": {"id": "osm-w-1196129498", "country": "fi", "source": "OSM", "updated": "2026-09-12", "name": "Nagu södra rutt", "type": "liaison", "categorie": "ferry", "operateur": "FinFerries"}}, {"type": "Feature", "geometry": {"type": "Point", "coordinates": [22.09938, 60.14747]}, "properties": {"id": "osm-w-1196129499", "country": "fi", "source": "OSM", "updated": "2026-09-12", "name": "Nagu södra rutt", "type": "liaison", "categorie": "ferry", "operateur": "FinFerries"}}, {"type": "Feature", "geometry": {"type": "Point", "coordinates": [21.85802, 60.01257]}, "properties": {"id": "osm-w-1196129500", "country": "fi", "source": "OSM", "updated": "2026-09-12", "name": "Nagu södra rutt", "type": "liaison", "categorie": "ferry", "operateur": "FinFerries"}}, {"type": "Feature", "geometry": {"type": "Point", "coordinates": [21.74422, 59.91353]}, "properties": {"id": "osm-w-1196129501", "country": "fi", "source": "OSM", "updated": "2026-09-12", "name": "liaison", "type": "liaison", "categorie": "ferry", "operateur": "FinFerries"}}, {"type": "Feature", "geometry": {"type": "Point", "coordinates": [21.74405, 59.90536]}, "properties": {"id": "osm-w-1196129503", "country": "fi", "source": "OSM", "updated": "2026-09-12", "name": "Nagu södra rutt", "type": "liaison", "categorie": "ferry", "operateur": "FinFerries"}}, {"type": "Feature", "geometry": {"type": "Point", "coordinates": [21.74554, 59.89958]}, "properties": {"id": "osm-w-1196129504", "country": "fi", "source": "OSM", "updated": "2026-09-12", "name": "Nagu södra rutt", "type": "liaison", "categorie": "ferry", "operateur": "FinFerries"}}, {"type": "Feature", "geometry": {"type": "Point", "coordinates": [21.84438, 59.90801]}, "properties": {"id": "osm-w-1196129505", "country": "fi", "source": "OSM", "updated": "2026-09-12", "name": "Nagu södra rutt", "type": "liaison", "categorie": "ferry", "operateur": "FinFerries"}}, {"type": "Feature", "geometry": {"type": "Point", "coordinates": [21.87203, 59.88032]}, "properties": {"id": "osm-w-1196129506", "country": "fi", "source": "OSM", "updated": "2026-09-12", "name": "Nagu södra rutt", "type": "liaison", "categorie": "ferry", "operateur": "FinFerries"}}, {"type": "Feature", "geometry": {"type": "Point", "coordinates": [21.91125, 59.9204]}, "properties": {"id": "osm-w-1196129507", "country": "fi", "source": "OSM", "updated": "2026-09-12", "name": "Nagu södra rutt", "type": "liaison", "categorie": "ferry", "operateur": "FinFerries"}}, {"type": "Feature", "geometry": {"type": "Point", "coordinates": [21.90015, 59.96861]}, "properties": {"id": "osm-w-1196129509", "country": "fi", "source": "OSM", "updated": "2026-09-12", "name": "liaison", "type": "liaison", "categorie": "ferry", "operateur": "FinFerries"}}, {"type": "Feature", "geometry": {"type": "Point", "coordinates": [21.97274, 60.01329]}, "properties": {"id": "osm-w-1196129510", "country": "fi", "source": "OSM", "updated": "2026-09-12", "name": "liaison", "type": "liaison", "categorie": "ferry", "operateur": "FinFerries"}}, {"type": "Feature", "geometry": {"type": "Point", "coordinates": [22.02036, 60.09637]}, "properties": {"id": "osm-w-1196129511", "country": "fi", "source": "OSM", "updated": "2026-09-12", "name": "Nagu södra rutt", "type": "liaison", "categorie": "ferry", "operateur": "FinFerries"}}, {"type": "Feature", "geometry": {"type": "Point", "coordinates": [22.07676, 60.08959]}, "properties": {"id": "osm-w-1196129512", "country": "fi", "source": "OSM", "updated": "2026-09-12", "name": "liaison", "type": "liaison", "categorie": "ferry", "operateur": "FinFerries"}}, {"type": "Feature", "geometry": {"type": "Point", "coordinates": [22.04694, 60.07208]}, "properties": {"id": "osm-w-1196129513", "country": "fi", "source": "OSM", "updated": "2026-09-12", "name": "liaison", "type": "liaison", "categorie": "ferry", "operateur": "FinFerries"}}, {"type": "Feature", "geometry": {"type": "Point", "coordinates": [22.01514, 60.07936]}, "properties": {"id": "osm-w-1196129514", "country": "fi", "source": "OSM", "updated": "2026-09-12", "name": "liaison", "type": "liaison", "categorie": "ferry", "operateur": "FinFerries"}}, {"type": "Feature", "geometry": {"type": "Point", "coordinates": [21.97534, 60.08557]}, "properties": {"id": "osm-w-1196129515", "country": "fi", "source": "OSM", "updated": "2026-09-12", "name": "liaison", "type": "liaison", "categorie": "ferry", "operateur": "FinFerries"}}, {"type": "Feature", "geometry": {"type": "Point", "coordinates": [23.62207, 61.39974]}, "properties": {"id": "osm-w-1201458952", "country": "fi", "source": "OSM", "updated": "2026-09-12", "name": "Tampere–Lempäälä", "type": "liaison", "categorie": "ferry"}}, {"type": "Feature", "geometry": {"type": "Point", "coordinates": [21.71087, 60.14464]}, "properties": {"id": "osm-w-1210480156", "country": "fi", "source": "OSM", "updated": "2026-09-12", "name": "Nagu tvärgående rutt", "type": "liaison", "categorie": "ferry"}}, {"type": "Feature", "geometry": {"type": "Point", "coordinates": [21.73358, 60.11129]}, "properties": {"id": "osm-w-1210480157", "country": "fi", "source": "OSM", "updated": "2026-09-12", "name": "Nagu tvärgående rutt", "type": "liaison", "categorie": "ferry", "operateur": "Finnferries"}}, {"type": "Feature", "geometry": {"type": "Point", "coordinates": [21.80229, 60.1194]}, "properties": {"id": "osm-w-1210480158", "country": "fi", "source": "OSM", "updated": "2026-09-12", "name": "Nagu tvärgående rutt", "type": "liaison", "categorie": "ferry", "operateur": "Finnferries"}}, {"type": "Feature", "geometry": {"type": "Point", "coordinates": [21.78848, 60.08031]}, "properties": {"id": "osm-w-1210480159", "country": "fi", "source": "OSM", "updated": "2026-09-12", "name": "Nagu tvärgående rutt", "type": "liaison", "categorie": "ferry", "operateur": "Finnferries"}}, {"type": "Feature", "geometry": {"type": "Point", "coordinates": [21.91476, 60.08986]}, "properties": {"id": "osm-w-1210480160", "country": "fi", "source": "OSM", "updated": "2026-09-12", "name": "Nagu tvärgående rutt", "type": "liaison", "categorie": "ferry", "operateur": "FinFerries"}}, {"type": "Feature", "geometry": {"type": "Point", "coordinates": [21.88875, 60.10132]}, "properties": {"id": "osm-w-1210480161", "country": "fi", "source": "OSM", "updated": "2026-09-12", "name": "Nagu tvärgående rutt", "type": "liaison", "categorie": "ferry"}}, {"type": "Feature", "geometry": {"type": "Point", "coordinates": [21.9089, 60.10848]}, "properties": {"id": "osm-w-1210480162", "country": "fi", "source": "OSM", "updated": "2026-09-12", "name": "Nagu tvärgående rutt", "type": "liaison", "categorie": "ferry", "operateur": "FinFerries"}}, {"type": "Feature", "geometry": {"type": "Point", "coordinates": [21.11538, 60.35817]}, "properties": {"id": "osm-w-1210505121", "country": "fi", "source": "OSM", "updated": "2026-09-12", "name": "Houtskär rutt", "type": "liaison", "categorie": "ferry", "operateur": "Finferries"}}, {"type": "Feature", "geometry": {"type": "Point", "coordinates": [21.17055, 60.35768]}, "properties": {"id": "osm-w-1210505122", "country": "fi", "source": "OSM", "updated": "2026-09-12", "name": "Houtskär rutt", "type": "liaison", "categorie": "ferry"}}, {"type": "Feature", "geometry": {"type": "Point", "coordinates": [21.17812, 60.33766]}, "properties": {"id": "osm-w-1210505123", "country": "fi", "source": "OSM", "updated": "2026-09-12", "name": "Houtskär rutt", "type": "liaison", "categorie": "ferry", "operateur": "Finferries"}}, {"type": "Feature", "geometry": {"type": "Point", "coordinates": [21.18331, 60.3189]}, "properties": {"id": "osm-w-1210505124", "country": "fi", "source": "OSM", "updated": "2026-09-12", "name": "Houtskär rutt", "type": "liaison", "categorie": "ferry", "operateur": "Finferries"}}, {"type": "Feature", "geometry": {"type": "Point", "coordinates": [21.20506, 60.31297]}, "properties": {"id": "osm-w-1210505125", "country": "fi", "source": "OSM", "updated": "2026-09-12", "name": "Houtskär rutt", "type": "liaison", "categorie": "ferry"}}, {"type": "Feature", "geometry": {"type": "Point", "coordinates": [21.26459, 60.31826]}, "properties": {"id": "osm-w-1210505126", "country": "fi", "source": "OSM", "updated": "2026-09-12", "name": "Houtskär rutt", "type": "liaison", "categorie": "ferry", "operateur": "Finferries"}}, {"type": "Feature", "geometry": {"type": "Point", "coordinates": [21.28706, 60.31091]}, "properties": {"id": "osm-w-1210505127", "country": "fi", "source": "OSM", "updated": "2026-09-12", "name": "liaison", "type": "liaison", "categorie": "ferry"}}, {"type": "Feature", "geometry": {"type": "Point", "coordinates": [21.29589, 60.2649]}, "properties": {"id": "osm-w-1210505128", "country": "fi", "source": "OSM", "updated": "2026-09-12", "name": "Houtskär rutt", "type": "liaison", "categorie": "ferry"}}, {"type": "Feature", "geometry": {"type": "Point", "coordinates": [21.36271, 60.23]}, "properties": {"id": "osm-w-1210505129", "country": "fi", "source": "OSM", "updated": "2026-09-12", "name": "Houtskär rutt", "type": "liaison", "categorie": "ferry"}}, {"type": "Feature", "geometry": {"type": "Point", "coordinates": [21.25472, 60.30291]}, "properties": {"id": "osm-w-1210505130", "country": "fi", "source": "OSM", "updated": "2026-09-12", "name": "Houtskär rutt", "type": "liaison", "categorie": "ferry", "operateur": "Finferries"}}, {"type": "Feature", "geometry": {"type": "Point", "coordinates": [21.30508, 60.32808]}, "properties": {"id": "osm-w-1210505131", "country": "fi", "source": "OSM", "updated": "2026-09-12", "name": "Houtskär rutt", "type": "liaison", "categorie": "ferry", "operateur": "Finferries"}}, {"type": "Feature", "geometry": {"type": "Point", "coordinates": [21.29364, 60.31465]}, "properties": {"id": "osm-w-1210505132", "country": "fi", "source": "OSM", "updated": "2026-09-12", "name": "Houtskär rutt", "type": "liaison", "categorie": "ferry"}}, {"type": "Feature", "geometry": {"type": "Point", "coordinates": [21.27266, 60.30477]}, "properties": {"id": "osm-w-1210505133", "country": "fi", "source": "OSM", "updated": "2026-09-12", "name": "Houtskär rutt", "type": "liaison", "categorie": "ferry"}}, {"type": "Feature", "geometry": {"type": "Point", "coordinates": [21.35682, 60.36904]}, "properties": {"id": "osm-w-1210505134", "country": "fi", "source": "OSM", "updated": "2026-09-12", "name": "Houtskär rutt", "type": "liaison", "categorie": "ferry"}}, {"type": "Feature", "geometry": {"type": "Point", "coordinates": [21.42587, 60.36072]}, "properties": {"id": "osm-w-1210505135", "country": "fi", "source": "OSM", "updated": "2026-09-12", "name": "Houtskär rutt", "type": "liaison", "categorie": "ferry", "operateur": "Finferries"}}, {"type": "Feature", "geometry": {"type": "Point", "coordinates": [21.47444, 60.37463]}, "properties": {"id": "osm-w-1210505136", "country": "fi", "source": "OSM", "updated": "2026-09-12", "name": "Houtskär rutt", "type": "liaison", "categorie": "ferry"}}, {"type": "Feature", "geometry": {"type": "Point", "coordinates": [21.42778, 60.39311]}, "properties": {"id": "osm-w-1210505137", "country": "fi", "source": "OSM", "updated": "2026-09-12", "name": "Houtskär rutt", "type": "liaison", "categorie": "ferry"}}, {"type": "Feature", "geometry": {"type": "Point", "coordinates": [21.40172, 60.42429]}, "properties": {"id": "osm-w-1210505138", "country": "fi", "source": "OSM", "updated": "2026-09-12", "name": "Houtskär rutt", "type": "liaison", "categorie": "ferry", "operateur": "Finferries"}}, {"type": "Feature", "geometry": {"type": "Point", "coordinates": [21.40764, 60.41975]}, "properties": {"id": "osm-w-1210505139", "country": "fi", "source": "OSM", "updated": "2026-09-12", "name": "Houtskär rutt", "type": "liaison", "categorie": "ferry", "operateur": "Finferries"}}, {"type": "Feature", "geometry": {"type": "Point", "coordinates": [21.29972, 60.40863]}, "properties": {"id": "osm-w-1210505140", "country": "fi", "source": "OSM", "updated": "2026-09-12", "name": "Iniö tilläggsrutt", "type": "liaison", "categorie": "ferry", "operateur": "Finferries"}}, {"type": "Feature", "geometry": {"type": "Point", "coordinates": [21.38237, 60.40361]}, "properties": {"id": "osm-w-1210505141", "country": "fi", "source": "OSM", "updated": "2026-09-12", "name": "Iniö tilläggsrutt", "type": "liaison", "categorie": "ferry", "operateur": "Finferries"}}, {"type": "Feature", "geometry": {"type": "Point", "coordinates": [21.43485, 60.398]}, "properties": {"id": "osm-w-1210505142", "country": "fi", "source": "OSM", "updated": "2026-09-12", "name": "Iniö tilläggsrutt", "type": "liaison", "categorie": "ferry", "operateur": "Finferries"}}, {"type": "Feature", "geometry": {"type": "Point", "coordinates": [21.46042, 60.37547]}, "properties": {"id": "osm-w-1210505143", "country": "fi", "source": "OSM", "updated": "2026-09-12", "name": "Iniö tilläggsrutt", "type": "liaison", "categorie": "ferry"}}, {"type": "Feature", "geometry": {"type": "Point", "coordinates": [21.16967, 60.34828]}, "properties": {"id": "osm-w-1210505144", "country": "fi", "source": "OSM", "updated": "2026-09-12", "name": "Iniö tilläggsrutt", "type": "liaison", "categorie": "ferry", "operateur": "Finferries"}}, {"type": "Feature", "geometry": {"type": "Point", "coordinates": [21.18897, 60.36716]}, "properties": {"id": "osm-w-1210505145", "country": "fi", "source": "OSM", "updated": "2026-09-12", "name": "Iniö tilläggsrutt", "type": "liaison", "categorie": "ferry", "operateur": "Finferries"}}, {"type": "Feature", "geometry": {"type": "Point", "coordinates": [21.67859, 60.36362]}, "properties": {"id": "osm-w-1210508919", "country": "fi", "source": "OSM", "updated": "2026-09-12", "name": "Rymättylän reitti", "type": "liaison", "categorie": "ferry"}}, {"type": "Feature", "geometry": {"type": "Point", "coordinates": [21.67857, 60.36432]}, "properties": {"id": "osm-w-1210508920", "country": "fi", "source": "OSM", "updated": "2026-09-12", "name": "liaison", "type": "liaison", "categorie": "ferry"}}, {"type": "Feature", "geometry": {"type": "Point", "coordinates": [21.71267, 60.34551]}, "properties": {"id": "osm-w-1210508921", "country": "fi", "source": "OSM", "updated": "2026-09-12", "name": "Rymättylän reitti", "type": "liaison", "categorie": "ferry"}}, {"type": "Feature", "geometry": {"type": "Point", "coordinates": [21.8495, 60.35526]}, "properties": {"id": "osm-w-1210508922", "country": "fi", "source": "OSM", "updated": "2026-09-12", "name": "Rymättylän reitti", "type": "liaison", "categorie": "ferry"}}, {"type": "Feature", "geometry": {"type": "Point", "coordinates": [21.80735, 60.34198]}, "properties": {"id": "osm-w-1210508924", "country": "fi", "source": "OSM", "updated": "2026-09-12", "name": "Rymättylän reitti", "type": "liaison", "categorie": "ferry"}}, {"type": "Feature", "geometry": {"type": "Point", "coordinates": [26.93702, 60.45651]}, "properties": {"id": "osm-w-1212092250", "country": "fi", "source": "OSM", "updated": "2026-09-12", "name": "liaison", "type": "liaison", "categorie": "ferry", "payant": "yes"}}, {"type": "Feature", "geometry": {"type": "Point", "coordinates": [21.77337, 61.49372]}, "properties": {"id": "osm-w-1218944002", "country": "fi", "source": "OSM", "updated": "2026-09-12", "name": "Lossi, lautta", "type": "liaison", "categorie": "ferry"}}, {"type": "Feature", "geometry": {"type": "Point", "coordinates": [20.37956, 60.10885]}, "properties": {"id": "osm-w-1232401769", "country": "fi", "source": "OSM", "updated": "2026-09-12", "name": "Långnäs – Åbo", "type": "liaison", "categorie": "ferry", "route": "E 18"}}, {"type": "Feature", "geometry": {"type": "Point", "coordinates": [20.38495, 60.06518]}, "properties": {"id": "osm-w-1232401770", "country": "fi", "source": "OSM", "updated": "2026-09-12", "name": "Mariehamn – Åbo", "type": "liaison", "categorie": "ferry", "route": "E 18"}}, {"type": "Feature", "geometry": {"type": "Point", "coordinates": [23.22189, 68.47211]}, "properties": {"id": "osm-w-1244560348", "country": "fi", "source": "OSM", "updated": "2026-09-12", "name": "liaison", "type": "liaison", "categorie": "ferry"}}, {"type": "Feature", "geometry": {"type": "Point", "coordinates": [19.9068, 60.06406]}, "properties": {"id": "osm-w-1266184636", "country": "fi", "source": "OSM", "updated": "2026-09-12", "name": "Kobba Klintar", "type": "liaison", "categorie": "ferry", "operateur": "Bo-Erik Westerberg", "duree": "00:20", "payant": "yes"}}, {"type": "Feature", "geometry": {"type": "Point", "coordinates": [24.97225, 60.16032]}, "properties": {"id": "osm-w-1273138416", "country": "fi", "source": "OSM", "updated": "2026-09-12", "name": "Kauppatori-Lonna", "type": "liaison", "exploitation": "saisonnier", "categorie": "ferry"}}, {"type": "Feature", "geometry": {"type": "Point", "coordinates": [24.87874, 60.14568]}, "properties": {"id": "osm-w-1273144963", "country": "fi", "source": "OSM", "updated": "2026-09-12", "name": "Lonna-Haukilahti", "type": "liaison", "exploitation": "saisonnier", "categorie": "ferry", "duree": "01:10"}}, {"type": "Feature", "geometry": {"type": "Point", "coordinates": [24.996, 60.17437]}, "properties": {"id": "osm-w-1273144965", "country": "fi", "source": "OSM", "updated": "2026-09-12", "name": "Kalasatama–Kruunuvuorenranta", "type": "liaison", "exploitation": "saisonnier", "categorie": "ferry", "duree": "00:15"}}, {"type": "Feature", "geometry": {"type": "Point", "coordinates": [21.73154, 60.4379]}, "properties": {"id": "osm-w-1277810458", "country": "fi", "source": "OSM", "updated": "2026-09-12", "name": "Teersalo - Liettinen", "type": "liaison", "categorie": "ferry", "operateur": "Finferries"}}, {"type": "Feature", "geometry": {"type": "Point", "coordinates": [21.69814, 60.45816]}, "properties": {"id": "osm-w-1277810459", "country": "fi", "source": "OSM", "updated": "2026-09-12", "name": "Teersalo - Rauhala", "type": "liaison", "categorie": "ferry", "operateur": "Finferries"}}, {"type": "Feature", "geometry": {"type": "Point", "coordinates": [21.68218, 60.45186]}, "properties": {"id": "osm-w-1277810460", "country": "fi", "source": "OSM", "updated": "2026-09-12", "name": "Rauhala - Lailuoto", "type": "liaison", "categorie": "ferry", "operateur": "Finferries"}}, {"type": "Feature", "geometry": {"type": "Point", "coordinates": [21.68026, 60.43952]}, "properties": {"id": "osm-w-1277810461", "country": "fi", "source": "OSM", "updated": "2026-09-12", "name": "Teersalo - Munninmaa", "type": "liaison", "categorie": "ferry", "operateur": "Finnferries"}}, {"type": "Feature", "geometry": {"type": "Point", "coordinates": [21.68829, 60.41193]}, "properties": {"id": "osm-w-1277810462", "country": "fi", "source": "OSM", "updated": "2026-09-12", "name": "Munninmaa - Kettumaa", "type": "liaison", "categorie": "ferry", "operateur": "Finferries"}}, {"type": "Feature", "geometry": {"type": "Point", "coordinates": [21.71408, 60.4071]}, "properties": {"id": "osm-w-1277810463", "country": "fi", "source": "OSM", "updated": "2026-09-12", "name": "Kettumaa - Tammisluoto", "type": "liaison", "categorie": "ferry", "operateur": "Finferries"}}, {"type": "Feature", "geometry": {"type": "Point", "coordinates": [21.72355, 60.42834]}, "properties": {"id": "osm-w-1277810464", "country": "fi", "source": "OSM", "updated": "2026-09-12", "name": "Teersalo - Tammisluoto", "type": "liaison", "categorie": "ferry", "operateur": "Finferries"}}, {"type": "Feature", "geometry": {"type": "Point", "coordinates": [23.69725, 68.38976]}, "properties": {"id": "osm-w-1281156727", "country": "fi", "source": "OSM", "updated": "2026-09-12", "name": "liaison", "type": "liaison", "categorie": "ferry", "operateur": "https://hetankota.joikubooking.com/en/services/1081"}}, {"type": "Feature", "geometry": {"type": "Point", "coordinates": [25.01184, 60.16608]}, "properties": {"id": "osm-w-1293087515", "country": "fi", "source": "OSM", "updated": "2026-09-12", "name": "Kruunuvuorenranta", "type": "quai", "route": "H0094"}}, {"type": "Feature", "geometry": {"type": "Point", "coordinates": [26.16978, 61.02833]}, "properties": {"id": "osm-w-1302507314", "country": "fi", "source": "OSM", "updated": "2026-09-12", "name": "liaison", "type": "liaison", "categorie": "ferry"}}, {"type": "Feature", "geometry": {"type": "Point", "coordinates": [24.79921, 59.79766]}, "properties": {"id": "osm-w-1312928137", "country": "fi", "source": "OSM", "updated": "2026-09-12", "name": "Tallinn (EST) - Helsinki (FIN)", "type": "liaison", "categorie": "ferry", "operateur": "Eckerö Line", "duree": "2:15", "vehicules": "yes"}}, {"type": "Feature", "geometry": {"type": "Point", "coordinates": [24.02992, 68.51795]}, "properties": {"id": "osm-w-1329611209", "country": "fi", "source": "OSM", "updated": "2026-09-12", "name": "liaison", "type": "liaison", "categorie": "ferry"}}, {"type": "Feature", "geometry": {"type": "Point", "coordinates": [25.09239, 59.85015]}, "properties": {"id": "osm-w-1341832653", "country": "fi", "source": "OSM", "updated": "2026-09-12", "name": "Tallinn (Muuga) - Helsinki (Vuosaari)", "type": "liaison", "categorie": "ferry", "operateur": "Eckerö Line", "duree": "2:45", "vehicules": "yes"}}, {"type": "Feature", "geometry": {"type": "Point", "coordinates": [22.60573, 59.96554]}, "properties": {"id": "osm-w-1360317785", "country": "fi", "source": "OSM", "updated": "2026-09-12", "name": "liaison", "type": "liaison", "categorie": "ferry"}}, {"type": "Feature", "geometry": {"type": "Point", "coordinates": [23.68949, 61.62464]}, "properties": {"id": "osm-w-1379648445", "country": "fi", "source": "OSM", "updated": "2026-09-12", "name": "liaison", "type": "liaison", "categorie": "ferry"}}, {"type": "Feature", "geometry": {"type": "Point", "coordinates": [23.71648, 61.62981]}, "properties": {"id": "osm-w-1379648446", "country": "fi", "source": "OSM", "updated": "2026-09-12", "name": "liaison", "type": "liaison", "categorie": "ferry"}}, {"type": "Feature", "geometry": {"type": "Point", "coordinates": [23.75099, 61.57068]}, "properties": {"id": "osm-w-1379648447", "country": "fi", "source": "OSM", "updated": "2026-09-12", "name": "Tampere–Muroleen kanava", "type": "liaison", "categorie": "ferry"}}, {"type": "Feature", "geometry": {"type": "Point", "coordinates": [23.81774, 61.69335]}, "properties": {"id": "osm-w-1379655354", "country": "fi", "source": "OSM", "updated": "2026-09-12", "name": "liaison", "type": "liaison", "categorie": "ferry"}}, {"type": "Feature", "geometry": {"type": "Point", "coordinates": [23.8209, 61.69301]}, "properties": {"id": "osm-w-1379655355", "country": "fi", "source": "OSM", "updated": "2026-09-12", "name": "liaison", "type": "liaison", "categorie": "ferry"}}, {"type": "Feature", "geometry": {"type": "Point", "coordinates": [23.68009, 61.62088]}, "properties": {"id": "osm-w-1379668458", "country": "fi", "source": "OSM", "updated": "2026-09-12", "name": "liaison", "type": "liaison", "categorie": "ferry"}}, {"type": "Feature", "geometry": {"type": "Point", "coordinates": [23.75004, 61.5056]}, "properties": {"id": "osm-w-1379668460", "country": "fi", "source": "OSM", "updated": "2026-09-12", "name": "Tampere–Muroleen kanava", "type": "liaison", "categorie": "ferry"}}, {"type": "Feature", "geometry": {"type": "Point", "coordinates": [23.74323, 61.65706]}, "properties": {"id": "osm-w-1387194949", "country": "fi", "source": "OSM", "updated": "2026-09-12", "name": "Tampere–Muroleen kanava", "type": "liaison", "categorie": "ferry"}}, {"type": "Feature", "geometry": {"type": "Point", "coordinates": [23.88109, 59.97779]}, "properties": {"id": "osm-w-1416500862", "country": "fi", "source": "OSM", "updated": "2026-09-12", "name": "liaison", "type": "liaison", "categorie": "ferry"}}, {"type": "Feature", "geometry": {"type": "Point", "coordinates": [24.00581, 60.0425]}, "properties": {"id": "osm-w-1416501841", "country": "fi", "source": "OSM", "updated": "2026-09-12", "name": "liaison", "type": "liaison", "categorie": "ferry"}}, {"type": "Feature", "geometry": {"type": "Point", "coordinates": [21.69076, 60.16584]}, "properties": {"id": "osm-w-1422847072", "country": "fi", "source": "OSM", "updated": "2026-09-12", "name": "Retais (Korpo)", "type": "quai", "operateur": "Finferries"}}, {"type": "Feature", "geometry": {"type": "Point", "coordinates": [23.6222, 61.40549]}, "properties": {"id": "osm-w-1424415401", "country": "fi", "source": "OSM", "updated": "2026-09-12", "name": "Laukontori–Laukon kartano", "type": "liaison", "categorie": "ferry", "operateur": "Suomen Hopealinja"}}, {"type": "Feature", "geometry": {"type": "Point", "coordinates": [20.29973, 60.11637]}, "properties": {"id": "osm-w-1426411283", "country": "fi", "source": "OSM", "updated": "2026-09-12", "name": "embarcadère", "type": "quai"}}, {"type": "Feature", "geometry": {"type": "Point", "coordinates": [20.30028, 60.11645]}, "properties": {"id": "osm-w-1426411284", "country": "fi", "source": "OSM", "updated": "2026-09-12", "name": "embarcadère", "type": "quai"}}, {"type": "Feature", "geometry": {"type": "Point", "coordinates": [26.71301, 61.74558]}, "properties": {"id": "osm-w-1470006341", "country": "fi", "source": "OSM", "updated": "2026-09-12", "name": "Puukonsaaren lautta", "type": "liaison", "categorie": "ferry", "operateur": "Puulan lauttaliikenne tiekunta"}}, {"type": "Feature", "geometry": {"type": "Point", "coordinates": [23.52862, 61.4573]}, "properties": {"id": "osm-w-1472765054", "country": "fi", "source": "OSM", "updated": "2026-09-12", "name": "Vihola", "type": "liaison", "categorie": "ferry", "operateur": "Nokian Veneilijät Ry"}}, {"type": "Feature", "geometry": {"type": "Point", "coordinates": [23.74654, 61.31397]}, "properties": {"id": "osm-w-1473905679", "country": "fi", "source": "OSM", "updated": "2026-09-12", "name": "liaison", "type": "liaison", "categorie": "ferry"}}, {"type": "Feature", "geometry": {"type": "Point", "coordinates": [23.7466, 61.31399]}, "properties": {"id": "osm-w-1473905680", "country": "fi", "source": "OSM", "updated": "2026-09-12", "name": "liaison", "type": "liaison", "categorie": "ferry"}}, {"type": "Feature", "geometry": {"type": "Point", "coordinates": [23.75626, 61.3072]}, "properties": {"id": "osm-w-1473905681", "country": "fi", "source": "OSM", "updated": "2026-09-12", "name": "liaison", "type": "liaison", "categorie": "ferry"}}, {"type": "Feature", "geometry": {"type": "Point", "coordinates": [23.53004, 61.46159]}, "properties": {"id": "osm-w-1486131411", "country": "fi", "source": "OSM", "updated": "2026-09-12", "name": "liaison", "type": "liaison", "categorie": "ferry", "operateur": "Nokian Veneilijät Ry"}}, {"type": "Feature", "geometry": {"type": "Point", "coordinates": [23.52895, 61.4618]}, "properties": {"id": "osm-w-1486132846", "country": "fi", "source": "OSM", "updated": "2026-09-12", "name": "Vihola", "type": "liaison", "categorie": "ferry"}}, {"type": "Feature", "geometry": {"type": "Point", "coordinates": [24.93728, 61.25672]}, "properties": {"id": "osm-w-1512834178", "country": "fi", "source": "OSM", "updated": "2026-09-12", "name": "Hauhon reitti", "type": "liaison", "categorie": "ferry"}}, {"type": "Feature", "geometry": {"type": "Point", "coordinates": [20.30048, 60.11616]}, "properties": {"id": "osm-w-1516167058", "country": "fi", "source": "OSM", "updated": "2026-09-12", "name": "Ny kryssningsterminal 2026", "type": "quai"}}, {"type": "Feature", "geometry": {"type": "Point", "coordinates": [20.30077, 60.11633]}, "properties": {"id": "osm-w-1516167059", "country": "fi", "source": "OSM", "updated": "2026-09-12", "name": "embarcadère", "type": "quai"}}, {"type": "Feature", "geometry": {"type": "Point", "coordinates": [22.03954, 60.45666]}, "properties": {"id": "osm-w-1516515709", "country": "fi", "source": "OSM", "updated": "2026-09-12", "name": "liaison", "type": "liaison", "categorie": "ferry", "route": "E 18"}}, {"type": "Feature", "geometry": {"type": "Point", "coordinates": [24.87395, 61.26311]}, "properties": {"id": "osm-w-1516575484", "country": "fi", "source": "OSM", "updated": "2026-09-12", "name": "Hauhon reitti", "type": "liaison", "categorie": "ferry"}}, {"type": "Feature", "geometry": {"type": "Point", "coordinates": [24.79864, 61.30339]}, "properties": {"id": "osm-w-1516575485", "country": "fi", "source": "OSM", "updated": "2026-09-12", "name": "Hauhon reitti", "type": "liaison", "categorie": "ferry"}}, {"type": "Feature", "geometry": {"type": "Point", "coordinates": [24.75513, 61.3067]}, "properties": {"id": "osm-w-1516575487", "country": "fi", "source": "OSM", "updated": "2026-09-12", "name": "Hauhon reitti", "type": "liaison", "categorie": "ferry"}}, {"type": "Feature", "geometry": {"type": "Point", "coordinates": [24.71813, 61.28463]}, "properties": {"id": "osm-w-1516575488", "country": "fi", "source": "OSM", "updated": "2026-09-12", "name": "Hauhon reitti", "type": "liaison", "categorie": "ferry"}}, {"type": "Feature", "geometry": {"type": "Point", "coordinates": [24.71203, 61.27703]}, "properties": {"id": "osm-w-1516575490", "country": "fi", "source": "OSM", "updated": "2026-09-12", "name": "Hauhon reitti", "type": "liaison", "categorie": "ferry"}}, {"type": "Feature", "geometry": {"type": "Point", "coordinates": [24.7046, 61.27257]}, "properties": {"id": "osm-w-1516575491", "country": "fi", "source": "OSM", "updated": "2026-09-12", "name": "Hauhon reitti", "type": "liaison", "categorie": "ferry"}}, {"type": "Feature", "geometry": {"type": "Point", "coordinates": [24.68426, 61.27662]}, "properties": {"id": "osm-w-1516575493", "country": "fi", "source": "OSM", "updated": "2026-09-12", "name": "Hauhon reitti", "type": "liaison", "categorie": "ferry"}}, {"type": "Feature", "geometry": {"type": "Point", "coordinates": [24.66696, 61.27861]}, "properties": {"id": "osm-w-1516575494", "country": "fi", "source": "OSM", "updated": "2026-09-12", "name": "Hauhon reitti", "type": "liaison", "categorie": "ferry"}}, {"type": "Feature", "geometry": {"type": "Point", "coordinates": [24.66652, 61.27637]}, "properties": {"id": "osm-w-1516575495", "country": "fi", "source": "OSM", "updated": "2026-09-12", "name": "Hauhon reitti", "type": "liaison", "categorie": "ferry"}}, {"type": "Feature", "geometry": {"type": "Point", "coordinates": [24.66542, 61.27443]}, "properties": {"id": "osm-w-1516575496", "country": "fi", "source": "OSM", "updated": "2026-09-12", "name": "Hauhon reitti", "type": "liaison", "categorie": "ferry"}}, {"type": "Feature", "geometry": {"type": "Point", "coordinates": [24.5974, 61.23795]}, "properties": {"id": "osm-w-1516575498", "country": "fi", "source": "OSM", "updated": "2026-09-12", "name": "Hauhon reitti", "type": "liaison", "categorie": "ferry"}}, {"type": "Feature", "geometry": {"type": "Point", "coordinates": [24.50152, 61.2059]}, "properties": {"id": "osm-w-1516575499", "country": "fi", "source": "OSM", "updated": "2026-09-12", "name": "Hauhon reitti", "type": "liaison", "categorie": "ferry"}}, {"type": "Feature", "geometry": {"type": "Point", "coordinates": [24.32557, 61.28062]}, "properties": {"id": "osm-w-1516575501", "country": "fi", "source": "OSM", "updated": "2026-09-12", "name": "Hauhon reitti", "type": "liaison", "categorie": "ferry"}}, {"type": "Feature", "geometry": {"type": "Point", "coordinates": [24.35851, 61.26217]}, "properties": {"id": "osm-w-1516575502", "country": "fi", "source": "OSM", "updated": "2026-09-12", "name": "Hauhon reitti", "type": "liaison", "categorie": "ferry"}}, {"type": "Feature", "geometry": {"type": "Point", "coordinates": [24.29659, 61.29435]}, "properties": {"id": "osm-w-1516575504", "country": "fi", "source": "OSM", "updated": "2026-09-12", "name": "Hauhon reitti", "type": "liaison", "categorie": "ferry"}}, {"type": "Feature", "geometry": {"type": "Point", "coordinates": [24.2925, 61.29615]}, "properties": {"id": "osm-w-1516575505", "country": "fi", "source": "OSM", "updated": "2026-09-12", "name": "Hauhon reitti", "type": "liaison", "categorie": "ferry"}}, {"type": "Feature", "geometry": {"type": "Point", "coordinates": [23.50387, 61.4344]}, "properties": {"id": "osm-w-1531475214", "country": "fi", "source": "OSM", "updated": "2026-09-12", "name": "Tampere–Lempäälä", "type": "liaison", "categorie": "ferry"}}, {"type": "Feature", "geometry": {"type": "Point", "coordinates": [23.13677, 61.73436]}, "properties": {"id": "osm-w-1539143515", "country": "fi", "source": "OSM", "updated": "2026-09-12", "name": "liaison", "type": "liaison", "categorie": "ferry"}}, {"type": "Feature", "geometry": {"type": "Point", "coordinates": [23.52874, 61.45294]}, "properties": {"id": "osm-w-1539765233", "country": "fi", "source": "OSM", "updated": "2026-09-12", "name": "Vihola", "type": "liaison", "categorie": "ferry", "operateur": "Nokian Veneilijät Ry"}}, {"type": "Feature", "geometry": {"type": "Point", "coordinates": [27.5095, 61.50025]}, "properties": {"id": "osm-w-1551142264", "country": "fi", "source": "OSM", "updated": "2026-09-12", "name": "liaison", "type": "liaison", "categorie": "ferry"}}, {"type": "Feature", "geometry": {"type": "Point", "coordinates": [27.46622, 61.4982]}, "properties": {"id": "osm-w-1551142268", "country": "fi", "source": "OSM", "updated": "2026-09-12", "name": "liaison", "type": "liaison", "categorie": "ferry"}}, {"type": "Feature", "geometry": {"type": "Point", "coordinates": [27.66931, 61.58904]}, "properties": {"id": "osm-w-1551262184", "country": "fi", "source": "OSM", "updated": "2026-09-12", "name": "liaison", "type": "liaison", "categorie": "ferry"}}, {"type": "Feature", "geometry": {"type": "Point", "coordinates": [21.16825, 60.36944]}, "properties": {"id": "osm-w-1554328540", "country": "fi", "source": "OSM", "updated": "2026-09-12", "name": "Houtskär rutt", "type": "liaison", "categorie": "ferry", "operateur": "Finferries"}}, {"type": "Feature", "geometry": {"type": "Point", "coordinates": [21.19215, 60.3494]}, "properties": {"id": "osm-w-1554328541", "country": "fi", "source": "OSM", "updated": "2026-09-12", "name": "Houtskär rutt", "type": "liaison", "categorie": "ferry", "operateur": "Finferries"}}, {"type": "Feature", "geometry": {"type": "Point", "coordinates": [21.19871, 60.32731]}, "properties": {"id": "osm-w-1554328542", "country": "fi", "source": "OSM", "updated": "2026-09-12", "name": "Houtskär rutt", "type": "liaison", "categorie": "ferry", "operateur": "Finferries"}}, {"type": "Feature", "geometry": {"type": "Point", "coordinates": [21.20762, 60.31695]}, "properties": {"id": "osm-w-1554328543", "country": "fi", "source": "OSM", "updated": "2026-09-12", "name": "Houtskär rutt", "type": "liaison", "categorie": "ferry", "operateur": "Finferries"}}, {"type": "Feature", "geometry": {"type": "Point", "coordinates": [21.2311, 60.31457]}, "properties": {"id": "osm-w-1554328544", "country": "fi", "source": "OSM", "updated": "2026-09-12", "name": "Houtskär rutt", "type": "liaison", "categorie": "ferry", "operateur": "Finferries"}}, {"type": "Feature", "geometry": {"type": "Point", "coordinates": [21.25338, 60.31312]}, "properties": {"id": "osm-w-1554328545", "country": "fi", "source": "OSM", "updated": "2026-09-12", "name": "Houtskär rutt", "type": "liaison", "categorie": "ferry", "operateur": "Finferries"}}, {"type": "Feature", "geometry": {"type": "Point", "coordinates": [21.27434, 60.29951]}, "properties": {"id": "osm-w-1554328546", "country": "fi", "source": "OSM", "updated": "2026-09-12", "name": "Houtskär rutt", "type": "liaison", "categorie": "ferry"}}]}