{"type": "FeatureCollection", "features": [{"type": "Feature", "geometry": {"type": "Point", "coordinates": [14.55232, 59.12276]}, "properties": {"id": "trv-12791:23145-3:464853-0.5198", "country": "se", "source": "TRV", "updated": "2026-09-12", "name": "vägport 2.00 m", "type": "hauteur_limitee", "obstacle": "vägport", "hauteur_max_m": 2.0, "franchissable": false, "marge_cm": -120}}, {"type": "Feature", "geometry": {"type": "Point", "coordinates": [13.84664, 58.38338]}, "properties": {"id": "trv-16585:140984-16585:133375-0.3301", "country": "se", "source": "TRV", "updated": "2026-09-12", "name": "vägport 2.00 m", "type": "hauteur_limitee", "obstacle": "vägport", "hauteur_max_m": 2.0, "franchissable": false, "marge_cm": -120, "reference": "3500-4143-1"}}, {"type": "Feature", "geometry": {"type": "Point", "coordinates": [14.64135, 59.08863]}, "properties": {"id": "trv-14116:453418-3:466338-0.9315", "country": "se", "source": "TRV", "updated": "2026-09-12", "name": "vägport 2.00 m", "type": "hauteur_limitee", "obstacle": "vägport", "hauteur_max_m": 2.0, "franchissable": false, "marge_cm": -120}}, {"type": "Feature", "geometry": {"type": "Point", "coordinates": [14.44072, 59.22549]}, "properties": {"id": "trv-14454:13989-3:458883-0.4008", "country": "se", "source": "TRV", "updated": "2026-09-12", "name": "vägport 2.00 m", "type": "hauteur_limitee", "obstacle": "vägport", "hauteur_max_m": 2.0, "franchissable": false, "marge_cm": -120}}, {"type": "Feature", "geometry": {"type": "Point", "coordinates": [18.03182, 59.18309]}, "properties": {"id": "trv-22121:1133959-22121:1133929-0.3809", "country": "se", "source": "TRV", "updated": "2026-09-12", "name": "tunnel 2.00 m", "type": "hauteur_limitee", "obstacle": "tunnel", "hauteur_max_m": 2.0, "franchissable": false, "marge_cm": -120}}, {"type": "Feature", "geometry": {"type": "Point", "coordinates": [12.01519, 57.76793]}, "properties": {"id": "trv-11097:26197-13475:43699-0.2212", "country": "se", "source": "TRV", "updated": "2026-09-12", "name": "vägport 2.00 m", "type": "hauteur_limitee", "obstacle": "vägport", "hauteur_max_m": 2.0, "franchissable": false, "marge_cm": -120}}, {"type": "Feature", "geometry": {"type": "Point", "coordinates": [15.00965, 58.94119]}, "properties": {"id": "trv-11157:463033-11157:461723-0.3227", "country": "se", "source": "TRV", "updated": "2026-09-12", "name": "vägport 2.00 m", "type": "hauteur_limitee", "obstacle": "vägport", "hauteur_max_m": 2.0, "franchissable": false, "marge_cm": -120, "reference": "18-926-1"}}, {"type": "Feature", "geometry": {"type": "Point", "coordinates": [20.00736, 63.67586]}, "properties": {"id": "trv-16593:47215-16593:46301-0.8042", "country": "se", "source": "TRV", "updated": "2026-09-12", "name": "bro 2.00 m", "type": "hauteur_limitee", "obstacle": "bro", "hauteur_max_m": 2.0, "franchissable": false, "marge_cm": -120}}, {"type": "Feature", "geometry": {"type": "Point", "coordinates": [14.55234, 59.12319]}, "properties": {"id": "trv-12791:23141-3:464853-0.4767", "country": "se", "source": "TRV", "updated": "2026-09-12", "name": "vägport 2.00 m", "type": "hauteur_limitee", "obstacle": "vägport", "hauteur_max_m": 2.0, "franchissable": false, "marge_cm": -120}}, {"type": "Feature", "geometry": {"type": "Point", "coordinates": [13.54761, 58.17228]}, "properties": {"id": "trv-16184:424226-12736:95528-0.2945", "country": "se", "source": "TRV", "updated": "2026-09-12", "name": "bro 2.00 m", "type": "hauteur_limitee", "obstacle": "bro", "hauteur_max_m": 2.0, "franchissable": false, "marge_cm": -120}}, {"type": "Feature", "geometry": {"type": "Point", "coordinates": [16.70612, 60.60777]}, "properties": {"id": "trv-12791:179332-12791:179283-0.2237", "country": "se", "source": "TRV", "updated": "2026-09-12", "name": "vägport 2.00 m", "type": "hauteur_limitee", "obstacle": "vägport", "hauteur_max_m": 2.0, "franchissable": false, "marge_cm": -120, "reference": "100-1477-1"}}, {"type": "Feature", "geometry": {"type": "Point", "coordinates": [11.93472, 57.71805]}, "properties": {"id": "trv-16174:2146-16174:578-0.0807", "country": "se", "source": "TRV", "updated": "2026-09-12", "name": "vägport 2.00 m", "type": "hauteur_limitee", "obstacle": "vägport", "hauteur_max_m": 2.0, "franchissable": false, "marge_cm": -120}}, {"type": "Feature", "geometry": {"type": "Point", "coordinates": [14.72737, 60.45986]}, "properties": {"id": "trv-12737:65544-12737:65508-0.4894", "country": "se", "source": "TRV", "updated": "2026-09-12", "name": "vägport 2.00 m", "type": "hauteur_limitee", "obstacle": "vägport", "hauteur_max_m": 2.0, "franchissable": false, "marge_cm": -120, "reference": "20-1237-1"}}, {"type": "Feature", "geometry": {"type": "Point", "coordinates": [17.97998, 59.23904]}, "properties": {"id": "trv-22121:1131392-22126:126426-0.7571", "country": "se", "source": "TRV", "updated": "2026-09-12", "name": "övrigt hinder 2.00 m", "type": "hauteur_limitee", "obstacle": "övrigt hinder", "hauteur_max_m": 2.0, "franchissable": false, "marge_cm": -120, "reference": "Utskjutand byggnadsdel"}}, {"type": "Feature", "geometry": {"type": "Point", "coordinates": [11.97653, 57.69201]}, "properties": {"id": "trv-12723:334949-11163:23390-0.6102", "country": "se", "source": "TRV", "updated": "2026-09-12", "name": "övrigt hinder 2.00 m", "type": "hauteur_limitee", "obstacle": "övrigt hinder", "hauteur_max_m": 2.0, "franchissable": false, "marge_cm": -120}}, {"type": "Feature", "geometry": {"type": "Point", "coordinates": [12.29421, 57.10558]}, "properties": {"id": "trv-11158:117035-11158:109458-0.1065", "country": "se", "source": "TRV", "updated": "2026-09-12", "name": "vägport 2.00 m", "type": "hauteur_limitee", "obstacle": "vägport", "hauteur_max_m": 2.0, "franchissable": false, "marge_cm": -120}}, {"type": "Feature", "geometry": {"type": "Point", "coordinates": [15.08775, 58.39874]}, "properties": {"id": "trv-11162:257740-11162:257718-0.6836", "country": "se", "source": "TRV", "updated": "2026-09-12", "name": "vägport 2.00 m", "type": "hauteur_limitee", "obstacle": "vägport", "hauteur_max_m": 2.0, "franchissable": false, "marge_cm": -120, "reference": "3500-5733-1"}}, {"type": "Feature", "geometry": {"type": "Point", "coordinates": [18.29623, 57.63989]}, "properties": {"id": "trv-14850:11-3:40569-0.8839", "country": "se", "source": "TRV", "updated": "2026-09-12", "name": "vägport 2.00 m", "type": "hauteur_limitee", "obstacle": "vägport", "hauteur_max_m": 2.0, "franchissable": false, "marge_cm": -120, "reference": "Klosterbrunnsgatan"}}, {"type": "Feature", "geometry": {"type": "Point", "coordinates": [18.29285, 57.64161]}, "properties": {"id": "trv-14850:15-3:40456-0.8169", "country": "se", "source": "TRV", "updated": "2026-09-12", "name": "vägport 2.00 m", "type": "hauteur_limitee", "obstacle": "vägport", "hauteur_max_m": 2.0, "franchissable": false, "marge_cm": -120, "reference": "Rigagränd"}}, {"type": "Feature", "geometry": {"type": "Point", "coordinates": [17.01462, 58.7686]}, "properties": {"id": "trv-21240:261634-21240:43669-0.8023", "country": "se", "source": "TRV", "updated": "2026-09-12", "name": "övrigt hinder 2.00 m", "type": "hauteur_limitee", "obstacle": "övrigt hinder", "hauteur_max_m": 2.0, "franchissable": false, "marge_cm": -120}}, {"type": "Feature", "geometry": {"type": "Point", "coordinates": [17.01487, 58.76861]}, "properties": {"id": "trv-21240:261638-21240:151186-0.6768", "country": "se", "source": "TRV", "updated": "2026-09-12", "name": "övrigt hinder 2.00 m", "type": "hauteur_limitee", "obstacle": "övrigt hinder", "hauteur_max_m": 2.0, "franchissable": false, "marge_cm": -120}}, {"type": "Feature", "geometry": {"type": "Point", "coordinates": [17.01515, 58.7686]}, "properties": {"id": "trv-21240:261642-21240:151214-0.6763", "country": "se", "source": "TRV", "updated": "2026-09-12", "name": "övrigt hinder 2.00 m", "type": "hauteur_limitee", "obstacle": "övrigt hinder", "hauteur_max_m": 2.0, "franchissable": false, "marge_cm": -120}}, {"type": "Feature", "geometry": {"type": "Point", "coordinates": [17.01536, 58.76859]}, "properties": {"id": "trv-21240:261646-21240:43689-0.6612", "country": "se", "source": "TRV", "updated": "2026-09-12", "name": "övrigt hinder 2.00 m", "type": "hauteur_limitee", "obstacle": "övrigt hinder", "hauteur_max_m": 2.0, "franchissable": false, "marge_cm": -120}}, {"type": "Feature", "geometry": {"type": "Point", "coordinates": [12.87082, 56.24372]}, "properties": {"id": "trv-16178:177010-10850:7897-0.3428", "country": "se", "source": "TRV", "updated": "2026-09-12", "name": "vägport 2.00 m", "type": "hauteur_limitee", "obstacle": "vägport", "hauteur_max_m": 2.0, "franchissable": false, "marge_cm": -120}}, {"type": "Feature", "geometry": {"type": "Point", "coordinates": [13.55324, 58.15673]}, "properties": {"id": "trv-19911:21253-12736:95140-0.6138", "country": "se", "source": "TRV", "updated": "2026-09-12", "name": "övrigt hinder 2.00 m", "type": "hauteur_limitee", "obstacle": "övrigt hinder", "hauteur_max_m": 2.0, "franchissable": false, "marge_cm": -120}}, {"type": "Feature", "geometry": {"type": "Point", "coordinates": [16.82428, 58.6212]}, "properties": {"id": "trv-21240:288044-12583:1699-0.1643", "country": "se", "source": "TRV", "updated": "2026-09-12", "name": "övrigt hinder 2.00 m", "type": "hauteur_limitee", "obstacle": "övrigt hinder", "hauteur_max_m": 2.0, "franchissable": false, "marge_cm": -120}}, {"type": "Feature", "geometry": {"type": "Point", "coordinates": [17.9442, 59.21834]}, "properties": {"id": "trv-22121:1131302-16588:11256-0.1890", "country": "se", "source": "TRV", "updated": "2026-09-12", "occurrences": 2, "name": "övrigt hinder 2.00 m", "type": "hauteur_limitee", "obstacle": "övrigt hinder", "hauteur_max_m": 2.0, "franchissable": false, "marge_cm": -120, "reference": "Trapphus"}}, {"type": "Feature", "geometry": {"type": "Point", "coordinates": [17.94344, 59.21865]}, "properties": {"id": "trv-22121:1131302-16588:11256-0.1406", "country": "se", "source": "TRV", "updated": "2026-09-12", "occurrences": 2, "name": "övrigt hinder 2.00 m", "type": "hauteur_limitee", "obstacle": "övrigt hinder", "hauteur_max_m": 2.0, "franchissable": false, "marge_cm": -120, "reference": "Trapphus"}}, {"type": "Feature", "geometry": {"type": "Point", "coordinates": [12.27208, 59.91884]}, "properties": {"id": "trv-13668:23738-3:718161-0.2189", "country": "se", "source": "TRV", "updated": "2026-09-12", "name": "vägport 2.00 m", "type": "hauteur_limitee", "obstacle": "vägport", "hauteur_max_m": 2.0, "franchissable": false, "marge_cm": -120}}, {"type": "Feature", "geometry": {"type": "Point", "coordinates": [11.32023, 58.47447]}, "properties": {"id": "trv-12740:149547-3:1240160-0.2627", "country": "se", "source": "TRV", "updated": "2026-09-12", "name": "övrigt hinder 2.02 m", "type": "hauteur_limitee", "obstacle": "övrigt hinder", "hauteur_max_m": 2.02, "franchissable": false, "marge_cm": -118}}, {"type": "Feature", "geometry": {"type": "Point", "coordinates": [16.77609, 60.62295]}, "properties": {"id": "trv-16495:36037-16523:223552-0.1694", "country": "se", "source": "TRV", "updated": "2026-09-12", "name": "övrigt hinder 2.05 m", "type": "hauteur_limitee", "obstacle": "övrigt hinder", "hauteur_max_m": 2.05, "franchissable": false, "marge_cm": -115}}, {"type": "Feature", "geometry": {"type": "Point", "coordinates": [16.77612, 60.62282]}, "properties": {"id": "trv-16495:36039-16523:223552-0.3737", "country": "se", "source": "TRV", "updated": "2026-09-12", "name": "övrigt hinder 2.05 m", "type": "hauteur_limitee", "obstacle": "övrigt hinder", "hauteur_max_m": 2.05, "franchissable": false, "marge_cm": -115}}, {"type": "Feature", "geometry": {"type": "Point", "coordinates": [14.14869, 57.84729]}, "properties": {"id": "trv-14118:165449-3:63252-0.4762", "country": "se", "source": "TRV", "updated": "2026-09-12", "name": "bro 2.10 m", "type": "hauteur_limitee", "obstacle": "bro", "hauteur_max_m": 2.1, "franchissable": false, "marge_cm": -110}}, {"type": "Feature", "geometry": {"type": "Point", "coordinates": [14.64, 59.02753]}, "properties": {"id": "trv-14116:452294-3:468964-0.7910", "country": "se", "source": "TRV", "updated": "2026-09-12", "name": "vägport 2.10 m", "type": "hauteur_limitee", "obstacle": "vägport", "hauteur_max_m": 2.1, "franchissable": false, "marge_cm": -110}}, {"type": "Feature", "geometry": {"type": "Point", "coordinates": [17.95443, 58.91112]}, "properties": {"id": "trv-23268:1402-23268:110-0.8764", "country": "se", "source": "TRV", "updated": "2026-09-12", "name": "övrigt hinder 2.10 m", "type": "hauteur_limitee", "obstacle": "övrigt hinder", "hauteur_max_m": 2.1, "franchissable": false, "marge_cm": -110}}, {"type": "Feature", "geometry": {"type": "Point", "coordinates": [16.34133, 56.68543]}, "properties": {"id": "trv-19381:48198-11154:169182-0.7004", "country": "se", "source": "TRV", "updated": "2026-09-12", "name": "vägport 2.10 m", "type": "hauteur_limitee", "obstacle": "vägport", "hauteur_max_m": 2.1, "franchissable": false, "marge_cm": -110}}, {"type": "Feature", "geometry": {"type": "Point", "coordinates": [17.90242, 59.20551]}, "properties": {"id": "trv-12725:183741-12723:80069-0.6560", "country": "se", "source": "TRV", "updated": "2026-09-12", "name": "vägport 2.10 m", "type": "hauteur_limitee", "obstacle": "vägport", "hauteur_max_m": 2.1, "franchissable": false, "marge_cm": -110, "reference": "2-1327-1"}}, {"type": "Feature", "geometry": {"type": "Point", "coordinates": [13.53275, 57.2884]}, "properties": {"id": "trv-24324:12517-12734:179089-0.0456", "country": "se", "source": "TRV", "updated": "2026-09-12", "name": "vägport 2.10 m", "type": "hauteur_limitee", "obstacle": "vägport", "hauteur_max_m": 2.1, "franchissable": false, "marge_cm": -110}}, {"type": "Feature", "geometry": {"type": "Point", "coordinates": [15.16241, 59.43432]}, "properties": {"id": "trv-11159:365315-11159:364326-0.3544", "country": "se", "source": "TRV", "updated": "2026-09-12", "name": "vägport 2.10 m", "type": "hauteur_limitee", "obstacle": "vägport", "hauteur_max_m": 2.1, "franchissable": false, "marge_cm": -110, "reference": "100-807-1"}}, {"type": "Feature", "geometry": {"type": "Point", "coordinates": [12.2852, 57.16164]}, "properties": {"id": "trv-12723:37029-3:285385-0.4490", "country": "se", "source": "TRV", "updated": "2026-09-12", "name": "vägport 2.10 m", "type": "hauteur_limitee", "obstacle": "vägport", "hauteur_max_m": 2.1, "franchissable": false, "marge_cm": -110, "reference": "13-947-1"}}, {"type": "Feature", "geometry": {"type": "Point", "coordinates": [14.58205, 59.34479]}, "properties": {"id": "trv-16590:74975-16590:67974-0.8787", "country": "se", "source": "TRV", "updated": "2026-09-12", "name": "vägport 2.10 m", "type": "hauteur_limitee", "obstacle": "vägport", "hauteur_max_m": 2.1, "franchissable": false, "marge_cm": -110, "reference": "18-757-1"}}, {"type": "Feature", "geometry": {"type": "Point", "coordinates": [14.50338, 59.30674]}, "properties": {"id": "trv-16590:74977-16590:68782-0.5588", "country": "se", "source": "TRV", "updated": "2026-09-12", "name": "vägport 2.10 m", "type": "hauteur_limitee", "obstacle": "vägport", "hauteur_max_m": 2.1, "franchissable": false, "marge_cm": -110, "reference": "18-734-1"}}, {"type": "Feature", "geometry": {"type": "Point", "coordinates": [17.01723, 63.3475]}, "properties": {"id": "trv-13621:56849-3:734711-0.3975", "country": "se", "source": "TRV", "updated": "2026-09-12", "occurrences": 2, "name": "bro 2.10 m", "type": "hauteur_limitee", "obstacle": "bro", "hauteur_max_m": 2.1, "franchissable": false, "marge_cm": -110}}, {"type": "Feature", "geometry": {"type": "Point", "coordinates": [15.13508, 59.45365]}, "properties": {"id": "trv-11159:365319-11159:364447-0.5254", "country": "se", "source": "TRV", "updated": "2026-09-12", "name": "vägport 2.10 m", "type": "hauteur_limitee", "obstacle": "vägport", "hauteur_max_m": 2.1, "franchissable": false, "marge_cm": -110, "reference": "100-440-1"}}, {"type": "Feature", "geometry": {"type": "Point", "coordinates": [14.14907, 57.83978]}, "properties": {"id": "trv-12732:127234-3:63675-0.2350", "country": "se", "source": "TRV", "updated": "2026-09-12", "name": "vägport 2.10 m", "type": "hauteur_limitee", "obstacle": "vägport", "hauteur_max_m": 2.1, "franchissable": false, "marge_cm": -110, "reference": "3500-709-1"}}, {"type": "Feature", "geometry": {"type": "Point", "coordinates": [12.96896, 56.25476]}, "properties": {"id": "trv-12765:437143-10850:5173-0.3334", "country": "se", "source": "TRV", "updated": "2026-09-12", "name": "vägport 2.10 m", "type": "hauteur_limitee", "obstacle": "vägport", "hauteur_max_m": 2.1, "franchissable": false, "marge_cm": -110, "reference": "11-874-1"}}, {"type": "Feature", "geometry": {"type": "Point", "coordinates": [16.36083, 56.68492]}, "properties": {"id": "trv-11154:173489-11154:168728-0.2117", "country": "se", "source": "TRV", "updated": "2026-09-12", "name": "vägport 2.10 m", "type": "hauteur_limitee", "obstacle": "vägport", "hauteur_max_m": 2.1, "franchissable": false, "marge_cm": -110, "reference": "8-800-1"}}, {"type": "Feature", "geometry": {"type": "Point", "coordinates": [17.01903, 63.3488]}, "properties": {"id": "trv-13621:56849-3:734711-0.8787", "country": "se", "source": "TRV", "updated": "2026-09-12", "occurrences": 2, "name": "bro 2.10 m", "type": "hauteur_limitee", "obstacle": "bro", "hauteur_max_m": 2.1, "franchissable": false, "marge_cm": -110}}, {"type": "Feature", "geometry": {"type": "Point", "coordinates": [13.02729, 56.46704]}, "properties": {"id": "trv-13625:89745-12585:38199-0.6383", "country": "se", "source": "TRV", "updated": "2026-09-12", "name": "övrigt hinder 2.10 m", "type": "hauteur_limitee", "obstacle": "övrigt hinder", "hauteur_max_m": 2.1, "franchissable": false, "marge_cm": -110}}, {"type": "Feature", "geometry": {"type": "Point", "coordinates": [14.33444, 55.57619]}, "properties": {"id": "trv-16183:240928-3:1580433-0.1144", "country": "se", "source": "TRV", "updated": "2026-09-12", "name": "övrigt hinder 2.10 m", "type": "hauteur_limitee", "obstacle": "övrigt hinder", "hauteur_max_m": 2.1, "franchissable": false, "marge_cm": -110}}, {"type": "Feature", "geometry": {"type": "Point", "coordinates": [14.33199, 55.57876]}, "properties": {"id": "trv-16183:240932-3:1580186-0.1799", "country": "se", "source": "TRV", "updated": "2026-09-12", "name": "övrigt hinder 2.10 m", "type": "hauteur_limitee", "obstacle": "övrigt hinder", "hauteur_max_m": 2.1, "franchissable": false, "marge_cm": -110}}, {"type": "Feature", "geometry": {"type": "Point", "coordinates": [17.01075, 58.76803]}, "properties": {"id": "trv-21240:261630-21240:151240-0.7083", "country": "se", "source": "TRV", "updated": "2026-09-12", "name": "övrigt hinder 2.10 m", "type": "hauteur_limitee", "obstacle": "övrigt hinder", "hauteur_max_m": 2.1, "franchissable": false, "marge_cm": -110}}, {"type": "Feature", "geometry": {"type": "Point", "coordinates": [14.15024, 57.78872]}, "properties": {"id": "trv-14118:165437-3:66741-0.4583", "country": "se", "source": "TRV", "updated": "2026-09-12", "name": "bro 2.10 m", "type": "hauteur_limitee", "obstacle": "bro", "hauteur_max_m": 2.1, "franchissable": false, "marge_cm": -110}}, {"type": "Feature", "geometry": {"type": "Point", "coordinates": [16.05837, 59.55945]}, "properties": {"id": "trv-12576:71116-12590:177969-0.5013", "country": "se", "source": "TRV", "updated": "2026-09-12", "name": "vägport 2.10 m", "type": "hauteur_limitee", "obstacle": "vägport", "hauteur_max_m": 2.1, "franchissable": false, "marge_cm": -110, "reference": "100-20669-1"}}, {"type": "Feature", "geometry": {"type": "Point", "coordinates": [16.3258, 59.57922]}, "properties": {"id": "trv-12576:71144-24277:365-0.3917", "country": "se", "source": "TRV", "updated": "2026-09-12", "name": "vägport 2.10 m", "type": "hauteur_limitee", "obstacle": "vägport", "hauteur_max_m": 2.1, "franchissable": false, "marge_cm": -110, "reference": "100-20674-1"}}, {"type": "Feature", "geometry": {"type": "Point", "coordinates": [12.8089, 56.00772]}, "properties": {"id": "trv-11789:877-11163:99191-0.2638", "country": "se", "source": "TRV", "updated": "2026-09-12", "name": "övrigt hinder 2.10 m", "type": "hauteur_limitee", "obstacle": "övrigt hinder", "hauteur_max_m": 2.1, "franchissable": false, "marge_cm": -110}}, {"type": "Feature", "geometry": {"type": "Point", "coordinates": [12.80901, 56.0074]}, "properties": {"id": "trv-11789:879-11163:99177-0.8777", "country": "se", "source": "TRV", "updated": "2026-09-12", "name": "övrigt hinder 2.10 m", "type": "hauteur_limitee", "obstacle": "övrigt hinder", "hauteur_max_m": 2.1, "franchissable": false, "marge_cm": -110}}, {"type": "Feature", "geometry": {"type": "Point", "coordinates": [12.80961, 56.00738]}, "properties": {"id": "trv-11789:881-11163:99165-0.2804", "country": "se", "source": "TRV", "updated": "2026-09-12", "name": "övrigt hinder 2.10 m", "type": "hauteur_limitee", "obstacle": "övrigt hinder", "hauteur_max_m": 2.1, "franchissable": false, "marge_cm": -110}}, {"type": "Feature", "geometry": {"type": "Point", "coordinates": [12.81121, 56.00752]}, "properties": {"id": "trv-11789:883-11163:99171-0.3276", "country": "se", "source": "TRV", "updated": "2026-09-12", "name": "övrigt hinder 2.10 m", "type": "hauteur_limitee", "obstacle": "övrigt hinder", "hauteur_max_m": 2.1, "franchissable": false, "marge_cm": -110}}, {"type": "Feature", "geometry": {"type": "Point", "coordinates": [12.8105, 56.00786]}, "properties": {"id": "trv-11789:885-11163:99209-0.2998", "country": "se", "source": "TRV", "updated": "2026-09-12", "name": "övrigt hinder 2.10 m", "type": "hauteur_limitee", "obstacle": "övrigt hinder", "hauteur_max_m": 2.1, "franchissable": false, "marge_cm": -110}}, {"type": "Feature", "geometry": {"type": "Point", "coordinates": [12.8106, 56.00755]}, "properties": {"id": "trv-11789:887-11163:99177-0.4076", "country": "se", "source": "TRV", "updated": "2026-09-12", "name": "övrigt hinder 2.10 m", "type": "hauteur_limitee", "obstacle": "övrigt hinder", "hauteur_max_m": 2.1, "franchissable": false, "marge_cm": -110}}, {"type": "Feature", "geometry": {"type": "Point", "coordinates": [14.68258, 63.16029]}, "properties": {"id": "trv-23698:48831-23698:48801-0.4153", "country": "se", "source": "TRV", "updated": "2026-09-12", "name": "vägport 2.10 m", "type": "hauteur_limitee", "obstacle": "vägport", "hauteur_max_m": 2.1, "franchissable": false, "marge_cm": -110}}, {"type": "Feature", "geometry": {"type": "Point", "coordinates": [12.26156, 57.10926]}, "properties": {"id": "trv-11158:117047-11158:109938-0.7529", "country": "se", "source": "TRV", "updated": "2026-09-12", "name": "bro 2.15 m", "type": "hauteur_limitee", "obstacle": "bro", "hauteur_max_m": 2.15, "franchissable": false, "marge_cm": -105}}, {"type": "Feature", "geometry": {"type": "Point", "coordinates": [14.75517, 56.88189]}, "properties": {"id": "trv-12478:213-12478:108-0.4117", "country": "se", "source": "TRV", "updated": "2026-09-12", "name": "vägport 2.15 m", "type": "hauteur_limitee", "obstacle": "vägport", "hauteur_max_m": 2.15, "franchissable": false, "marge_cm": -105, "reference": "3500-4851-1"}}, {"type": "Feature", "geometry": {"type": "Point", "coordinates": [16.36223, 56.67717]}, "properties": {"id": "trv-11154:173495-11154:168516-0.9645", "country": "se", "source": "TRV", "updated": "2026-09-12", "name": "vägport 2.20 m", "type": "hauteur_limitee", "obstacle": "vägport", "hauteur_max_m": 2.2, "franchissable": false, "marge_cm": -100, "reference": "8-513-1"}}, {"type": "Feature", "geometry": {"type": "Point", "coordinates": [14.51852, 59.1308]}, "properties": {"id": "trv-14454:13985-1000:72628-0.1344", "country": "se", "source": "TRV", "updated": "2026-09-12", "name": "vägport 2.20 m", "type": "hauteur_limitee", "obstacle": "vägport", "hauteur_max_m": 2.2, "franchissable": false, "marge_cm": -100}}, {"type": "Feature", "geometry": {"type": "Point", "coordinates": [15.47534, 62.50143]}, "properties": {"id": "trv-23013:225-3:770767-0.5377", "country": "se", "source": "TRV", "updated": "2026-09-12", "name": "bro 2.20 m", "type": "hauteur_limitee", "obstacle": "bro", "hauteur_max_m": 2.2, "franchissable": false, "marge_cm": -100}}, {"type": "Feature", "geometry": {"type": "Point", "coordinates": [13.04453, 56.51409]}, "properties": {"id": "trv-16126:396283-16126:395324-0.7874", "country": "se", "source": "TRV", "updated": "2026-09-12", "name": "övrigt hinder 2.20 m", "type": "hauteur_limitee", "obstacle": "övrigt hinder", "hauteur_max_m": 2.2, "franchissable": false, "marge_cm": -100}}, {"type": "Feature", "geometry": {"type": "Point", "coordinates": [17.94534, 58.90283]}, "properties": {"id": "trv-23281:1712-23281:128-0.1845", "country": "se", "source": "TRV", "updated": "2026-09-12", "name": "övrigt hinder 2.20 m", "type": "hauteur_limitee", "obstacle": "övrigt hinder", "hauteur_max_m": 2.2, "franchissable": false, "marge_cm": -100}}, {"type": "Feature", "geometry": {"type": "Point", "coordinates": [19.21359, 63.93383]}, "properties": {"id": "trv-11163:299009-11163:298982-0.5357", "country": "se", "source": "TRV", "updated": "2026-09-12", "name": "vägport 2.20 m", "type": "hauteur_limitee", "obstacle": "vägport", "hauteur_max_m": 2.2, "franchissable": false, "marge_cm": -100, "reference": "24-1724-1"}}, {"type": "Feature", "geometry": {"type": "Point", "coordinates": [17.89158, 59.57671]}, "properties": {"id": "trv-12591:117736-12728:85093-0.3117", "country": "se", "source": "TRV", "updated": "2026-09-12", "name": "övrigt hinder 2.20 m", "type": "hauteur_limitee", "obstacle": "övrigt hinder", "hauteur_max_m": 2.2, "franchissable": false, "marge_cm": -100}}, {"type": "Feature", "geometry": {"type": "Point", "coordinates": [14.56096, 59.32938]}, "properties": {"id": "trv-16590:74979-16590:68380-0.4198", "country": "se", "source": "TRV", "updated": "2026-09-12", "name": "vägport 2.20 m", "type": "hauteur_limitee", "obstacle": "vägport", "hauteur_max_m": 2.2, "franchissable": false, "marge_cm": -100, "reference": "18-545-1"}}, {"type": "Feature", "geometry": {"type": "Point", "coordinates": [20.98136, 64.75166]}, "properties": {"id": "trv-20296:764-23097:2788-0.5943", "country": "se", "source": "TRV", "updated": "2026-09-12", "name": "vägport 2.20 m", "type": "hauteur_limitee", "obstacle": "vägport", "hauteur_max_m": 2.2, "franchissable": false, "marge_cm": -100}}, {"type": "Feature", "geometry": {"type": "Point", "coordinates": [16.35574, 56.67484]}, "properties": {"id": "trv-11154:173507-11154:168816-0.7030", "country": "se", "source": "TRV", "updated": "2026-09-12", "name": "vägport 2.20 m", "type": "hauteur_limitee", "obstacle": "vägport", "hauteur_max_m": 2.2, "franchissable": false, "marge_cm": -100, "reference": "8-529-1"}}, {"type": "Feature", "geometry": {"type": "Point", "coordinates": [17.98955, 60.02264]}, "properties": {"id": "trv-11154:392453-11154:390902-0.3966", "country": "se", "source": "TRV", "updated": "2026-09-12", "name": "vägport 2.20 m", "type": "hauteur_limitee", "obstacle": "vägport", "hauteur_max_m": 2.2, "franchissable": false, "marge_cm": -100}}, {"type": "Feature", "geometry": {"type": "Point", "coordinates": [17.81428, 59.60496]}, "properties": {"id": "trv-12591:117740-13465:63802-0.9480", "country": "se", "source": "TRV", "updated": "2026-09-12", "name": "övrigt hinder 2.20 m", "type": "hauteur_limitee", "obstacle": "övrigt hinder", "hauteur_max_m": 2.2, "franchissable": false, "marge_cm": -100}}, {"type": "Feature", "geometry": {"type": "Point", "coordinates": [17.93252, 58.90876]}, "properties": {"id": "trv-23400:354-23400:42-0.4372", "country": "se", "source": "TRV", "updated": "2026-09-12", "name": "övrigt hinder 2.20 m", "type": "hauteur_limitee", "obstacle": "övrigt hinder", "hauteur_max_m": 2.2, "franchissable": false, "marge_cm": -100}}, {"type": "Feature", "geometry": {"type": "Point", "coordinates": [13.61218, 57.27979]}, "properties": {"id": "trv-24324:12529-11163:113495-0.9411", "country": "se", "source": "TRV", "updated": "2026-09-12", "name": "vägport 2.20 m", "type": "hauteur_limitee", "obstacle": "vägport", "hauteur_max_m": 2.2, "franchissable": false, "marge_cm": -100, "reference": "6-857-1"}}, {"type": "Feature", "geometry": {"type": "Point", "coordinates": [15.9219, 58.69245]}, "properties": {"id": "trv-11158:290173-11158:290065-0.1623", "country": "se", "source": "TRV", "updated": "2026-09-12", "name": "vägport 2.20 m", "type": "hauteur_limitee", "obstacle": "vägport", "hauteur_max_m": 2.2, "franchissable": false, "marge_cm": -100, "reference": "5-1305-1"}}, {"type": "Feature", "geometry": {"type": "Point", "coordinates": [14.58693, 59.32375]}, "properties": {"id": "trv-16590:74981-16590:67927-0.6261", "country": "se", "source": "TRV", "updated": "2026-09-12", "name": "vägport 2.20 m", "type": "hauteur_limitee", "obstacle": "vägport", "hauteur_max_m": 2.2, "franchissable": false, "marge_cm": -100, "reference": "18-540-1"}}, {"type": "Feature", "geometry": {"type": "Point", "coordinates": [13.53151, 57.28642]}, "properties": {"id": "trv-24324:12513-22562:59548-0.6412", "country": "se", "source": "TRV", "updated": "2026-09-12", "name": "vägport 2.20 m", "type": "hauteur_limitee", "obstacle": "vägport", "hauteur_max_m": 2.2, "franchissable": false, "marge_cm": -100}}, {"type": "Feature", "geometry": {"type": "Point", "coordinates": [18.6974, 59.75771]}, "properties": {"id": "trv-10085:182928-11159:19351-0.3190", "country": "se", "source": "TRV", "updated": "2026-09-12", "name": "vägport 2.20 m", "type": "hauteur_limitee", "obstacle": "vägport", "hauteur_max_m": 2.2, "franchissable": false, "marge_cm": -100, "reference": "2-429-1"}}, {"type": "Feature", "geometry": {"type": "Point", "coordinates": [17.53303, 59.56382]}, "properties": {"id": "trv-16171:67186-12729:66784-0.0306", "country": "se", "source": "TRV", "updated": "2026-09-12", "name": "vägport 2.20 m", "type": "hauteur_limitee", "obstacle": "vägport", "hauteur_max_m": 2.2, "franchissable": false, "marge_cm": -100}}, {"type": "Feature", "geometry": {"type": "Point", "coordinates": [20.98127, 64.75141]}, "properties": {"id": "trv-20296:766-23097:2788-0.3837", "country": "se", "source": "TRV", "updated": "2026-09-12", "name": "vägport 2.20 m", "type": "hauteur_limitee", "obstacle": "vägport", "hauteur_max_m": 2.2, "franchissable": false, "marge_cm": -100}}, {"type": "Feature", "geometry": {"type": "Point", "coordinates": [17.89155, 59.57665]}, "properties": {"id": "trv-12591:117734-12737:53854-0.6905", "country": "se", "source": "TRV", "updated": "2026-09-12", "name": "övrigt hinder 2.20 m", "type": "hauteur_limitee", "obstacle": "övrigt hinder", "hauteur_max_m": 2.2, "franchissable": false, "marge_cm": -100}}, {"type": "Feature", "geometry": {"type": "Point", "coordinates": [18.70989, 63.28996]}, "properties": {"id": "trv-21350:124310-13474:31110-0.8866", "country": "se", "source": "TRV", "updated": "2026-09-12", "name": "vägport 2.20 m", "type": "hauteur_limitee", "obstacle": "vägport", "hauteur_max_m": 2.2, "franchissable": false, "marge_cm": -100}}, {"type": "Feature", "geometry": {"type": "Point", "coordinates": [17.26137, 62.39153]}, "properties": {"id": "trv-21277:215157-21277:62862-0.0647", "country": "se", "source": "TRV", "updated": "2026-09-12", "name": "vägport 2.20 m", "type": "hauteur_limitee", "obstacle": "vägport", "hauteur_max_m": 2.2, "franchissable": false, "marge_cm": -100}}, {"type": "Feature", "geometry": {"type": "Point", "coordinates": [17.2613, 62.39154]}, "properties": {"id": "trv-21277:215161-21277:62848-0.9684", "country": "se", "source": "TRV", "updated": "2026-09-12", "name": "vägport 2.20 m", "type": "hauteur_limitee", "obstacle": "vägport", "hauteur_max_m": 2.2, "franchissable": false, "marge_cm": -100}}, {"type": "Feature", "geometry": {"type": "Point", "coordinates": [16.35907, 56.67981]}, "properties": {"id": "trv-11154:173483-11154:168525-0.9141", "country": "se", "source": "TRV", "updated": "2026-09-12", "name": "vägport 2.20 m", "type": "hauteur_limitee", "obstacle": "vägport", "hauteur_max_m": 2.2, "franchissable": false, "marge_cm": -100, "reference": "8-514-1"}}, {"type": "Feature", "geometry": {"type": "Point", "coordinates": [17.01433, 58.76654]}, "properties": {"id": "trv-21240:261654-21240:43771-0.6490", "country": "se", "source": "TRV", "updated": "2026-09-12", "name": "övrigt hinder 2.20 m", "type": "hauteur_limitee", "obstacle": "övrigt hinder", "hauteur_max_m": 2.2, "franchissable": false, "marge_cm": -100}}, {"type": "Feature", "geometry": {"type": "Point", "coordinates": [17.0145, 58.76616]}, "properties": {"id": "trv-21240:261658-21240:43787-0.7223", "country": "se", "source": "TRV", "updated": "2026-09-12", "name": "övrigt hinder 2.20 m", "type": "hauteur_limitee", "obstacle": "övrigt hinder", "hauteur_max_m": 2.2, "franchissable": false, "marge_cm": -100}}, {"type": "Feature", "geometry": {"type": "Point", "coordinates": [14.95096, 57.64834]}, "properties": {"id": "trv-12725:78522-12725:75779-0.8160", "country": "se", "source": "TRV", "updated": "2026-09-12", "name": "vägport 2.20 m", "type": "hauteur_limitee", "obstacle": "vägport", "hauteur_max_m": 2.2, "franchissable": false, "marge_cm": -100}}, {"type": "Feature", "geometry": {"type": "Point", "coordinates": [16.98415, 58.77758]}, "properties": {"id": "trv-21240:264046-21240:70742-0.5974", "country": "se", "source": "TRV", "updated": "2026-09-12", "name": "övrigt hinder 2.20 m", "type": "hauteur_limitee", "obstacle": "övrigt hinder", "hauteur_max_m": 2.2, "franchissable": false, "marge_cm": -100}}, {"type": "Feature", "geometry": {"type": "Point", "coordinates": [16.98302, 58.77732]}, "properties": {"id": "trv-21240:264050-21240:70694-0.7322", "country": "se", "source": "TRV", "updated": "2026-09-12", "name": "övrigt hinder 2.20 m", "type": "hauteur_limitee", "obstacle": "övrigt hinder", "hauteur_max_m": 2.2, "franchissable": false, "marge_cm": -100}}, {"type": "Feature", "geometry": {"type": "Point", "coordinates": [16.98282, 58.77783]}, "properties": {"id": "trv-21240:264054-21240:70718-0.5525", "country": "se", "source": "TRV", "updated": "2026-09-12", "name": "övrigt hinder 2.20 m", "type": "hauteur_limitee", "obstacle": "övrigt hinder", "hauteur_max_m": 2.2, "franchissable": false, "marge_cm": -100}}, {"type": "Feature", "geometry": {"type": "Point", "coordinates": [18.3676, 59.74414]}, "properties": {"id": "trv-12760:291566-13630:45990-0.1327", "country": "se", "source": "TRV", "updated": "2026-09-12", "occurrences": 2, "name": "tunnel 2.20 m", "type": "hauteur_limitee", "obstacle": "tunnel", "hauteur_max_m": 2.2, "franchissable": false, "marge_cm": -100}}, {"type": "Feature", "geometry": {"type": "Point", "coordinates": [18.36745, 59.74422]}, "properties": {"id": "trv-12760:291566-13630:45990-0.2266", "country": "se", "source": "TRV", "updated": "2026-09-12", "occurrences": 2, "name": "tunnel 2.20 m", "type": "hauteur_limitee", "obstacle": "tunnel", "hauteur_max_m": 2.2, "franchissable": false, "marge_cm": -100}}, {"type": "Feature", "geometry": {"type": "Point", "coordinates": [18.70538, 59.75686]}, "properties": {"id": "trv-12760:291570-12761:250317-0.8661", "country": "se", "source": "TRV", "updated": "2026-09-12", "name": "tunnel 2.20 m", "type": "hauteur_limitee", "obstacle": "tunnel", "hauteur_max_m": 2.2, "franchissable": false, "marge_cm": -100}}, {"type": "Feature", "geometry": {"type": "Point", "coordinates": [18.7049, 59.7569]}, "properties": {"id": "trv-12760:291574-12761:250317-0.5805", "country": "se", "source": "TRV", "updated": "2026-09-12", "name": "tunnel 2.20 m", "type": "hauteur_limitee", "obstacle": "tunnel", "hauteur_max_m": 2.2, "franchissable": false, "marge_cm": -100}}, {"type": "Feature", "geometry": {"type": "Point", "coordinates": [14.74336, 56.8762]}, "properties": {"id": "trv-12472:610-16670:31905-0.6939", "country": "se", "source": "TRV", "updated": "2026-09-12", "name": "vägport 2.20 m", "type": "hauteur_limitee", "obstacle": "vägport", "hauteur_max_m": 2.2, "franchissable": false, "marge_cm": -100}}, {"type": "Feature", "geometry": {"type": "Point", "coordinates": [12.70854, 56.05069]}, "properties": {"id": "trv-11790:745-12759:670-0.4696", "country": "se", "source": "TRV", "updated": "2026-09-12", "name": "övrigt hinder 2.20 m", "type": "hauteur_limitee", "obstacle": "övrigt hinder", "hauteur_max_m": 2.2, "franchissable": false, "marge_cm": -100}}, {"type": "Feature", "geometry": {"type": "Point", "coordinates": [12.72292, 56.04448]}, "properties": {"id": "trv-11792:139-12755:5506-0.3365", "country": "se", "source": "TRV", "updated": "2026-09-12", "name": "övrigt hinder 2.20 m", "type": "hauteur_limitee", "obstacle": "övrigt hinder", "hauteur_max_m": 2.2, "franchissable": false, "marge_cm": -100}}, {"type": "Feature", "geometry": {"type": "Point", "coordinates": [14.83303, 56.87964]}, "properties": {"id": "trv-12473:3084-13253:3733-0.3374", "country": "se", "source": "TRV", "updated": "2026-09-12", "name": "vägport 2.20 m", "type": "hauteur_limitee", "obstacle": "vägport", "hauteur_max_m": 2.2, "franchissable": false, "marge_cm": -100, "reference": "7-409-1"}}, {"type": "Feature", "geometry": {"type": "Point", "coordinates": [16.35965, 56.70295]}, "properties": {"id": "trv-19381:48194-11154:169554-0.2564", "country": "se", "source": "TRV", "updated": "2026-09-12", "name": "vägport 2.20 m", "type": "hauteur_limitee", "obstacle": "vägport", "hauteur_max_m": 2.2, "franchissable": false, "marge_cm": -100}}, {"type": "Feature", "geometry": {"type": "Point", "coordinates": [14.7893, 56.86722]}, "properties": {"id": "trv-12468:5815-12468:5694-0.5218", "country": "se", "source": "TRV", "updated": "2026-09-12", "name": "vägport 2.20 m", "type": "hauteur_limitee", "obstacle": "vägport", "hauteur_max_m": 2.2, "franchissable": false, "marge_cm": -100, "reference": "780-1005-2"}}, {"type": "Feature", "geometry": {"type": "Point", "coordinates": [14.78914, 56.86718]}, "properties": {"id": "trv-12468:5817-12468:5694-0.5416", "country": "se", "source": "TRV", "updated": "2026-09-12", "name": "vägport 2.20 m", "type": "hauteur_limitee", "obstacle": "vägport", "hauteur_max_m": 2.2, "franchissable": false, "marge_cm": -100, "reference": "780-1005-1"}}, {"type": "Feature", "geometry": {"type": "Point", "coordinates": [14.25251, 57.783]}, "properties": {"id": "trv-14118:165429-3:67757-0.1923", "country": "se", "source": "TRV", "updated": "2026-09-12", "name": "vägport 2.20 m", "type": "hauteur_limitee", "obstacle": "vägport", "hauteur_max_m": 2.2, "franchissable": false, "marge_cm": -100, "reference": "3500-724-1"}}, {"type": "Feature", "geometry": {"type": "Point", "coordinates": [12.2773, 57.10085]}, "properties": {"id": "trv-11158:117029-11158:109613-0.6792", "country": "se", "source": "TRV", "updated": "2026-09-12", "name": "vägport 2.25 m", "type": "hauteur_limitee", "obstacle": "vägport", "hauteur_max_m": 2.25, "franchissable": false, "marge_cm": -95}}, {"type": "Feature", "geometry": {"type": "Point", "coordinates": [14.06553, 57.1752]}, "properties": {"id": "trv-10018:174109-16531:10302-0.7631", "country": "se", "source": "TRV", "updated": "2026-09-12", "name": "övrigt hinder 2.25 m", "type": "hauteur_limitee", "obstacle": "övrigt hinder", "hauteur_max_m": 2.25, "franchissable": false, "marge_cm": -95}}, {"type": "Feature", "geometry": {"type": "Point", "coordinates": [17.84267, 59.41494]}, "properties": {"id": "trv-20731:47612-11156:32359-0.3071", "country": "se", "source": "TRV", "updated": "2026-09-12", "name": "vägport 2.26 m", "type": "hauteur_limitee", "obstacle": "vägport", "hauteur_max_m": 2.26, "franchissable": false, "marge_cm": -94, "reference": "123-101-1"}}, {"type": "Feature", "geometry": {"type": "Point", "coordinates": [17.63408, 59.52191]}, "properties": {"id": "trv-22512:3861-11158:34473-0.5464", "country": "se", "source": "TRV", "updated": "2026-09-12", "name": "vägport 2.29 m", "type": "hauteur_limitee", "obstacle": "vägport", "hauteur_max_m": 2.29, "franchissable": false, "marge_cm": -91}}, {"type": "Feature", "geometry": {"type": "Point", "coordinates": [12.29004, 57.10063]}, "properties": {"id": "trv-11158:117059-11158:109545-0.7117", "country": "se", "source": "TRV", "updated": "2026-09-12", "name": "vägport 2.30 m", "type": "hauteur_limitee", "obstacle": "vägport", "hauteur_max_m": 2.3, "franchissable": false, "marge_cm": -90}}, {"type": "Feature", "geometry": {"type": "Point", "coordinates": [18.69174, 59.75838]}, "properties": {"id": "trv-12761:250149-12761:250131-0.4871", "country": "se", "source": "TRV", "updated": "2026-09-12", "name": "övrigt hinder 2.30 m", "type": "hauteur_limitee", "obstacle": "övrigt hinder", "hauteur_max_m": 2.3, "franchissable": false, "marge_cm": -90}}, {"type": "Feature", "geometry": {"type": "Point", "coordinates": [14.97367, 57.66362]}, "properties": {"id": "trv-12725:78500-12725:76251-0.2082", "country": "se", "source": "TRV", "updated": "2026-09-12", "name": "vägport 2.30 m", "type": "hauteur_limitee", "obstacle": "vägport", "hauteur_max_m": 2.3, "franchissable": false, "marge_cm": -90}}, {"type": "Feature", "geometry": {"type": "Point", "coordinates": [17.25474, 60.67623]}, "properties": {"id": "trv-11156:163220-14435:116305-0.3662", "country": "se", "source": "TRV", "updated": "2026-09-12", "name": "övrigt hinder 2.30 m", "type": "hauteur_limitee", "obstacle": "övrigt hinder", "hauteur_max_m": 2.3, "franchissable": false, "marge_cm": -90}}, {"type": "Feature", "geometry": {"type": "Point", "coordinates": [14.97359, 57.66396]}, "properties": {"id": "trv-12725:78502-12725:76251-0.1905", "country": "se", "source": "TRV", "updated": "2026-09-12", "name": "vägport 2.30 m", "type": "hauteur_limitee", "obstacle": "vägport", "hauteur_max_m": 2.3, "franchissable": false, "marge_cm": -90}}, {"type": "Feature", "geometry": {"type": "Point", "coordinates": [15.27454, 59.14168]}, "properties": {"id": "trv-16516:11695-22870:6379-0.4971", "country": "se", "source": "TRV", "updated": "2026-09-12", "name": "vägport 2.30 m", "type": "hauteur_limitee", "obstacle": "vägport", "hauteur_max_m": 2.3, "franchissable": false, "marge_cm": -90}}, {"type": "Feature", "geometry": {"type": "Point", "coordinates": [17.05733, 61.30171]}, "properties": {"id": "trv-11157:369274-11157:369150-0.8327", "country": "se", "source": "TRV", "updated": "2026-09-12", "name": "vägport 2.30 m", "type": "hauteur_limitee", "obstacle": "vägport", "hauteur_max_m": 2.3, "franchissable": false, "marge_cm": -90}}, {"type": "Feature", "geometry": {"type": "Point", "coordinates": [17.84169, 59.1956]}, "properties": {"id": "trv-12725:183821-12723:77928-0.1027", "country": "se", "source": "TRV", "updated": "2026-09-12", "name": "vägport 2.30 m", "type": "hauteur_limitee", "obstacle": "vägport", "hauteur_max_m": 2.3, "franchissable": false, "marge_cm": -90, "reference": "127-6124-1"}}, {"type": "Feature", "geometry": {"type": "Point", "coordinates": [18.12573, 59.14102]}, "properties": {"id": "trv-16665:70800-11161:18264-0.2850", "country": "se", "source": "TRV", "updated": "2026-09-12", "name": "vägport 2.30 m", "type": "hauteur_limitee", "obstacle": "vägport", "hauteur_max_m": 2.3, "franchissable": false, "marge_cm": -90, "reference": "3500-3465-1"}}, {"type": "Feature", "geometry": {"type": "Point", "coordinates": [15.12804, 57.63543]}, "properties": {"id": "trv-12725:78488-12725:75718-0.4594", "country": "se", "source": "TRV", "updated": "2026-09-12", "name": "vägport 2.30 m", "type": "hauteur_limitee", "obstacle": "vägport", "hauteur_max_m": 2.3, "franchissable": false, "marge_cm": -90}}, {"type": "Feature", "geometry": {"type": "Point", "coordinates": [18.12517, 59.14109]}, "properties": {"id": "trv-16665:70826-11161:18282-0.3082", "country": "se", "source": "TRV", "updated": "2026-09-12", "name": "vägport 2.30 m", "type": "hauteur_limitee", "obstacle": "vägport", "hauteur_max_m": 2.3, "franchissable": false, "marge_cm": -90, "reference": "2-1494-1"}}, {"type": "Feature", "geometry": {"type": "Point", "coordinates": [14.51028, 59.32622]}, "properties": {"id": "trv-16590:74983-16590:69549-0.1210", "country": "se", "source": "TRV", "updated": "2026-09-12", "name": "vägport 2.30 m", "type": "hauteur_limitee", "obstacle": "vägport", "hauteur_max_m": 2.3, "franchissable": false, "marge_cm": -90}}, {"type": "Feature", "geometry": {"type": "Point", "coordinates": [12.28399, 57.1007]}, "properties": {"id": "trv-11158:117033-11158:109584-0.8049", "country": "se", "source": "TRV", "updated": "2026-09-12", "name": "vägport 2.30 m", "type": "hauteur_limitee", "obstacle": "vägport", "hauteur_max_m": 2.3, "franchissable": false, "marge_cm": -90}}, {"type": "Feature", "geometry": {"type": "Point", "coordinates": [17.84282, 59.19486]}, "properties": {"id": "trv-12725:183823-12723:77928-0.3091", "country": "se", "source": "TRV", "updated": "2026-09-12", "name": "vägport 2.30 m", "type": "hauteur_limitee", "obstacle": "vägport", "hauteur_max_m": 2.3, "franchissable": false, "marge_cm": -90, "reference": "127-6125-1"}}, {"type": "Feature", "geometry": {"type": "Point", "coordinates": [17.63786, 59.52273]}, "properties": {"id": "trv-22512:3859-11158:34467-0.4806", "country": "se", "source": "TRV", "updated": "2026-09-12", "name": "vägport 2.30 m", "type": "hauteur_limitee", "obstacle": "vägport", "hauteur_max_m": 2.3, "franchissable": false, "marge_cm": -90}}, {"type": "Feature", "geometry": {"type": "Point", "coordinates": [17.90283, 59.2051]}, "properties": {"id": "trv-12725:183745-12723:80069-0.5037", "country": "se", "source": "TRV", "updated": "2026-09-12", "name": "vägport 2.30 m", "type": "hauteur_limitee", "obstacle": "vägport", "hauteur_max_m": 2.3, "franchissable": false, "marge_cm": -90}}, {"type": "Feature", "geometry": {"type": "Point", "coordinates": [13.57321, 57.30281]}, "properties": {"id": "trv-24324:12525-12734:178919-0.8191", "country": "se", "source": "TRV", "updated": "2026-09-12", "name": "vägport 2.30 m", "type": "hauteur_limitee", "obstacle": "vägport", "hauteur_max_m": 2.3, "franchissable": false, "marge_cm": -90}}, {"type": "Feature", "geometry": {"type": "Point", "coordinates": [13.40683, 57.16198]}, "properties": {"id": "trv-24324:12537-12734:179416-0.8436", "country": "se", "source": "TRV", "updated": "2026-09-12", "name": "vägport 2.30 m", "type": "hauteur_limitee", "obstacle": "vägport", "hauteur_max_m": 2.3, "franchissable": false, "marge_cm": -90, "reference": " 6-1253-1"}}, {"type": "Feature", "geometry": {"type": "Point", "coordinates": [17.94194, 59.21949]}, "properties": {"id": "trv-22121:1131383-16588:11236-0.0270", "country": "se", "source": "TRV", "updated": "2026-09-12", "name": "övrigt hinder 2.30 m", "type": "hauteur_limitee", "obstacle": "övrigt hinder", "hauteur_max_m": 2.3, "franchissable": false, "marge_cm": -90, "reference": "Husportal"}}, {"type": "Feature", "geometry": {"type": "Point", "coordinates": [17.01439, 58.76666]}, "properties": {"id": "trv-21240:261650-21240:149689-0.3319", "country": "se", "source": "TRV", "updated": "2026-09-12", "name": "övrigt hinder 2.30 m", "type": "hauteur_limitee", "obstacle": "övrigt hinder", "hauteur_max_m": 2.3, "franchissable": false, "marge_cm": -90}}, {"type": "Feature", "geometry": {"type": "Point", "coordinates": [14.82271, 56.85455]}, "properties": {"id": "trv-12477:407-13253:9011-0.0773", "country": "se", "source": "TRV", "updated": "2026-09-12", "name": "vägport 2.30 m", "type": "hauteur_limitee", "obstacle": "vägport", "hauteur_max_m": 2.3, "franchissable": false, "marge_cm": -90, "reference": "780-1024-1"}}, {"type": "Feature", "geometry": {"type": "Point", "coordinates": [14.82278, 56.85232]}, "properties": {"id": "trv-16665:70218-13253:8992-0.2666", "country": "se", "source": "TRV", "updated": "2026-09-12", "name": "vägport 2.30 m", "type": "hauteur_limitee", "obstacle": "vägport", "hauteur_max_m": 2.3, "franchissable": false, "marge_cm": -90, "reference": "780-1021-1"}}, {"type": "Feature", "geometry": {"type": "Point", "coordinates": [14.81854, 56.85819]}, "properties": {"id": "trv-16665:70238-13253:606-0.0758", "country": "se", "source": "TRV", "updated": "2026-09-12", "name": "vägport 2.30 m", "type": "hauteur_limitee", "obstacle": "vägport", "hauteur_max_m": 2.3, "franchissable": false, "marge_cm": -90}}, {"type": "Feature", "geometry": {"type": "Point", "coordinates": [14.80928, 56.85434]}, "properties": {"id": "trv-16665:70228-13254:1386-0.0766", "country": "se", "source": "TRV", "updated": "2026-09-12", "name": "vägport 2.30 m", "type": "hauteur_limitee", "obstacle": "vägport", "hauteur_max_m": 2.3, "franchissable": false, "marge_cm": -90, "reference": "780-1009-1"}}, {"type": "Feature", "geometry": {"type": "Point", "coordinates": [12.2965, 57.66686]}, "properties": {"id": "trv-11091:149884-12726:101838-0.4504", "country": "se", "source": "TRV", "updated": "2026-09-12", "name": "vägport 2.30 m", "type": "hauteur_limitee", "obstacle": "vägport", "hauteur_max_m": 2.3, "franchissable": false, "marge_cm": -90}}, {"type": "Feature", "geometry": {"type": "Point", "coordinates": [12.29638, 57.6669]}, "properties": {"id": "trv-11091:149876-12726:101838-0.2719", "country": "se", "source": "TRV", "updated": "2026-09-12", "name": "vägport 2.30 m", "type": "hauteur_limitee", "obstacle": "vägport", "hauteur_max_m": 2.3, "franchissable": false, "marge_cm": -90}}, {"type": "Feature", "geometry": {"type": "Point", "coordinates": [12.29626, 57.66669]}, "properties": {"id": "trv-11091:149880-12726:101838-0.3610", "country": "se", "source": "TRV", "updated": "2026-09-12", "name": "vägport 2.30 m", "type": "hauteur_limitee", "obstacle": "vägport", "hauteur_max_m": 2.3, "franchissable": false, "marge_cm": -90}}, {"type": "Feature", "geometry": {"type": "Point", "coordinates": [14.8013, 56.89674]}, "properties": {"id": "trv-12470:3201-12468:2127-0.1768", "country": "se", "source": "TRV", "updated": "2026-09-12", "name": "vägport 2.30 m", "type": "hauteur_limitee", "obstacle": "vägport", "hauteur_max_m": 2.3, "franchissable": false, "marge_cm": -90}}, {"type": "Feature", "geometry": {"type": "Point", "coordinates": [14.82336, 56.90001]}, "properties": {"id": "trv-17738:16-12470:2423-0.1275", "country": "se", "source": "TRV", "updated": "2026-09-12", "name": "vägport 2.30 m", "type": "hauteur_limitee", "obstacle": "vägport", "hauteur_max_m": 2.3, "franchissable": false, "marge_cm": -90, "reference": "7-483-1"}}, {"type": "Feature", "geometry": {"type": "Point", "coordinates": [11.27751, 58.59563]}, "properties": {"id": "trv-23074:37-3:1226018-0.0000", "country": "se", "source": "TRV", "updated": "2026-09-12", "occurrences": 2, "name": "övrigt hinder 2.30 m", "type": "hauteur_limitee", "obstacle": "övrigt hinder", "hauteur_max_m": 2.3, "franchissable": false, "marge_cm": -90}}, {"type": "Feature", "geometry": {"type": "Point", "coordinates": [11.27859, 58.59579]}, "properties": {"id": "trv-23074:37-3:1226018-0.9928", "country": "se", "source": "TRV", "updated": "2026-09-12", "occurrences": 2, "name": "övrigt hinder 2.30 m", "type": "hauteur_limitee", "obstacle": "övrigt hinder", "hauteur_max_m": 2.3, "franchissable": false, "marge_cm": -90}}, {"type": "Feature", "geometry": {"type": "Point", "coordinates": [12.93773, 57.72407]}, "properties": {"id": "trv-11156:398152-11156:396964-0.9307", "country": "se", "source": "TRV", "updated": "2026-09-12", "name": "vägport 2.30 m", "type": "hauteur_limitee", "obstacle": "vägport", "hauteur_max_m": 2.3, "franchissable": false, "marge_cm": -90, "reference": "3500-2581-1"}}, {"type": "Feature", "geometry": {"type": "Point", "coordinates": [16.8077, 58.62355]}, "properties": {"id": "trv-21240:293375-3:329354-0.2331", "country": "se", "source": "TRV", "updated": "2026-09-12", "name": "övrigt hinder 2.30 m", "type": "hauteur_limitee", "obstacle": "övrigt hinder", "hauteur_max_m": 2.3, "franchissable": false, "marge_cm": -90}}, {"type": "Feature", "geometry": {"type": "Point", "coordinates": [17.72586, 59.48528]}, "properties": {"id": "trv-22512:3847-11158:34595-0.4833", "country": "se", "source": "TRV", "updated": "2026-09-12", "name": "vägport 2.31 m", "type": "hauteur_limitee", "obstacle": "vägport", "hauteur_max_m": 2.31, "franchissable": false, "marge_cm": -89}}, {"type": "Feature", "geometry": {"type": "Point", "coordinates": [18.22821, 59.24342]}, "properties": {"id": "trv-22121:791372-11156:11018-0.4053", "country": "se", "source": "TRV", "updated": "2026-09-12", "name": "vägport 2.31 m", "type": "hauteur_limitee", "obstacle": "vägport", "hauteur_max_m": 2.31, "franchissable": false, "marge_cm": -89}}, {"type": "Feature", "geometry": {"type": "Point", "coordinates": [17.9744, 62.62292]}, "properties": {"id": "trv-22875:83724-19344:1072-0.1001", "country": "se", "source": "TRV", "updated": "2026-09-12", "name": "vägport 2.35 m", "type": "hauteur_limitee", "obstacle": "vägport", "hauteur_max_m": 2.35, "franchissable": false, "marge_cm": -85}}, {"type": "Feature", "geometry": {"type": "Point", "coordinates": [17.91907, 62.6268]}, "properties": {"id": "trv-22875:83730-19344:1352-0.4918", "country": "se", "source": "TRV", "updated": "2026-09-12", "name": "vägport 2.35 m", "type": "hauteur_limitee", "obstacle": "vägport", "hauteur_max_m": 2.35, "franchissable": false, "marge_cm": -85}}, {"type": "Feature", "geometry": {"type": "Point", "coordinates": [18.22743, 59.24402]}, "properties": {"id": "trv-22121:791367-11156:11136-0.4990", "country": "se", "source": "TRV", "updated": "2026-09-12", "name": "vägport 2.35 m", "type": "hauteur_limitee", "obstacle": "vägport", "hauteur_max_m": 2.35, "franchissable": false, "marge_cm": -85}}, {"type": "Feature", "geometry": {"type": "Point", "coordinates": [17.82043, 59.42376]}, "properties": {"id": "trv-20731:37904-20732:71389-0.7211", "country": "se", "source": "TRV", "updated": "2026-09-12", "name": "vägport 2.38 m", "type": "hauteur_limitee", "obstacle": "vägport", "hauteur_max_m": 2.38, "franchissable": false, "marge_cm": -82, "reference": "2-1476-1"}}, {"type": "Feature", "geometry": {"type": "Point", "coordinates": [17.6416, 59.51456]}, "properties": {"id": "trv-22512:3868-11158:34491-0.4412", "country": "se", "source": "TRV", "updated": "2026-09-12", "name": "vägport 2.39 m", "type": "hauteur_limitee", "obstacle": "vägport", "hauteur_max_m": 2.39, "franchissable": false, "marge_cm": -81}}, {"type": "Feature", "geometry": {"type": "Point", "coordinates": [16.23127, 56.67997]}, "properties": {"id": "trv-19381:48171-3:847054-0.4088", "country": "se", "source": "TRV", "updated": "2026-09-12", "name": "övrigt hinder 2.39 m", "type": "hauteur_limitee", "obstacle": "övrigt hinder", "hauteur_max_m": 2.39, "franchissable": false, "marge_cm": -81}}, {"type": "Feature", "geometry": {"type": "Point", "coordinates": [17.73215, 59.49088]}, "properties": {"id": "trv-22512:3839-11158:34577-0.4738", "country": "se", "source": "TRV", "updated": "2026-09-12", "name": "vägport 2.39 m", "type": "hauteur_limitee", "obstacle": "vägport", "hauteur_max_m": 2.39, "franchissable": false, "marge_cm": -81}}, {"type": "Feature", "geometry": {"type": "Point", "coordinates": [17.72273, 59.48563]}, "properties": {"id": "trv-22512:3849-11158:34601-0.5615", "country": "se", "source": "TRV", "updated": "2026-09-12", "name": "vägport 2.40 m", "type": "hauteur_limitee", "obstacle": "vägport", "hauteur_max_m": 2.4, "franchissable": false, "marge_cm": -80}}, {"type": "Feature", "geometry": {"type": "Point", "coordinates": [18.692, 59.76607]}, "properties": {"id": "trv-10085:182956-11159:19548-0.1489", "country": "se", "source": "TRV", "updated": "2026-09-12", "name": "vägport 2.40 m", "type": "hauteur_limitee", "obstacle": "vägport", "hauteur_max_m": 2.4, "franchissable": false, "marge_cm": -80, "reference": "2-1436-1"}}, {"type": "Feature", "geometry": {"type": "Point", "coordinates": [15.10855, 60.89141]}, "properties": {"id": "trv-11163:180079-11163:179481-0.9468", "country": "se", "source": "TRV", "updated": "2026-09-12", "name": "vägport 2.40 m", "type": "hauteur_limitee", "obstacle": "vägport", "hauteur_max_m": 2.4, "franchissable": false, "marge_cm": -80}}, {"type": "Feature", "geometry": {"type": "Point", "coordinates": [15.83268, 59.39356]}, "properties": {"id": "trv-12533:133278-16672:19172-0.7990", "country": "se", "source": "TRV", "updated": "2026-09-12", "name": "vägport 2.40 m", "type": "hauteur_limitee", "obstacle": "vägport", "hauteur_max_m": 2.4, "franchissable": false, "marge_cm": -80, "reference": "19-623-1"}}, {"type": "Feature", "geometry": {"type": "Point", "coordinates": [14.60252, 63.17129]}, "properties": {"id": "trv-12724:231278-12724:231196-0.5840", "country": "se", "source": "TRV", "updated": "2026-09-12", "name": "vägport 2.40 m", "type": "hauteur_limitee", "obstacle": "vägport", "hauteur_max_m": 2.4, "franchissable": false, "marge_cm": -80, "reference": "23-1307-1"}}, {"type": "Feature", "geometry": {"type": "Point", "coordinates": [14.4633, 59.19253]}, "properties": {"id": "trv-11157:241696-3:460622-0.6343", "country": "se", "source": "TRV", "updated": "2026-09-12", "name": "vägport 2.40 m", "type": "hauteur_limitee", "obstacle": "vägport", "hauteur_max_m": 2.4, "franchissable": false, "marge_cm": -80, "reference": "3500-759-1"}}, {"type": "Feature", "geometry": {"type": "Point", "coordinates": [12.26542, 57.09224]}, "properties": {"id": "trv-11158:117057-11158:110250-0.5277", "country": "se", "source": "TRV", "updated": "2026-09-12", "name": "övrigt hinder 2.40 m", "type": "hauteur_limitee", "obstacle": "övrigt hinder", "hauteur_max_m": 2.4, "franchissable": false, "marge_cm": -80}}, {"type": "Feature", "geometry": {"type": "Point", "coordinates": [15.84541, 59.38672]}, "properties": {"id": "trv-12533:133272-16672:18903-0.1673", "country": "se", "source": "TRV", "updated": "2026-09-12", "name": "vägport 2.40 m", "type": "hauteur_limitee", "obstacle": "vägport", "hauteur_max_m": 2.4, "franchissable": false, "marge_cm": -80, "reference": "1984-1-1"}}, {"type": "Feature", "geometry": {"type": "Point", "coordinates": [15.83222, 59.40004]}, "properties": {"id": "trv-12533:133282-16672:18362-0.9524", "country": "se", "source": "TRV", "updated": "2026-09-12", "name": "vägport 2.40 m", "type": "hauteur_limitee", "obstacle": "vägport", "hauteur_max_m": 2.4, "franchissable": false, "marge_cm": -80, "reference": "19-663-1"}}, {"type": "Feature", "geometry": {"type": "Point", "coordinates": [18.27238, 59.28255]}, "properties": {"id": "trv-14441:5840-3:1099915-0.7247", "country": "se", "source": "TRV", "updated": "2026-09-12", "occurrences": 2, "name": "tunnel 2.40 m", "type": "hauteur_limitee", "obstacle": "tunnel", "hauteur_max_m": 2.4, "franchissable": false, "marge_cm": -80, "reference": "Okänt"}}, {"type": "Feature", "geometry": {"type": "Point", "coordinates": [14.96583, 57.66151]}, "properties": {"id": "trv-12725:78512-12725:75935-0.4514", "country": "se", "source": "TRV", "updated": "2026-09-12", "name": "vägport 2.40 m", "type": "hauteur_limitee", "obstacle": "vägport", "hauteur_max_m": 2.4, "franchissable": false, "marge_cm": -80}}, {"type": "Feature", "geometry": {"type": "Point", "coordinates": [15.10323, 60.89376]}, "properties": {"id": "trv-11163:180081-11163:179486-0.7307", "country": "se", "source": "TRV", "updated": "2026-09-12", "name": "vägport 2.40 m", "type": "hauteur_limitee", "obstacle": "vägport", "hauteur_max_m": 2.4, "franchissable": false, "marge_cm": -80}}, {"type": "Feature", "geometry": {"type": "Point", "coordinates": [14.9907, 57.65558]}, "properties": {"id": "trv-12725:78526-12725:76314-0.2842", "country": "se", "source": "TRV", "updated": "2026-09-12", "name": "vägport 2.40 m", "type": "hauteur_limitee", "obstacle": "vägport", "hauteur_max_m": 2.4, "franchissable": false, "marge_cm": -80}}, {"type": "Feature", "geometry": {"type": "Point", "coordinates": [13.05289, 56.90757]}, "properties": {"id": "trv-12732:48173-12732:48144-0.4871", "country": "se", "source": "TRV", "updated": "2026-09-12", "name": "vägport 2.40 m", "type": "hauteur_limitee", "obstacle": "vägport", "hauteur_max_m": 2.4, "franchissable": false, "marge_cm": -80, "reference": "13-1016-1"}}, {"type": "Feature", "geometry": {"type": "Point", "coordinates": [20.31758, 63.83092]}, "properties": {"id": "trv-13632:8754-20656:2866621-0.4690", "country": "se", "source": "TRV", "updated": "2026-09-12", "name": "vägport 2.40 m", "type": "hauteur_limitee", "obstacle": "vägport", "hauteur_max_m": 2.4, "franchissable": false, "marge_cm": -80, "reference": "2480-55-1"}}, {"type": "Feature", "geometry": {"type": "Point", "coordinates": [20.30781, 63.80789]}, "properties": {"id": "trv-13632:8762-20656:2873527-0.5261", "country": "se", "source": "TRV", "updated": "2026-09-12", "name": "vägport 2.40 m", "type": "hauteur_limitee", "obstacle": "vägport", "hauteur_max_m": 2.4, "franchissable": false, "marge_cm": -80, "reference": "2480-72-1"}}, {"type": "Feature", "geometry": {"type": "Point", "coordinates": [14.80062, 56.84478]}, "properties": {"id": "trv-16665:70178-13257:824-0.4307", "country": "se", "source": "TRV", "updated": "2026-09-12", "name": "vägport 2.40 m", "type": "hauteur_limitee", "obstacle": "vägport", "hauteur_max_m": 2.4, "franchissable": false, "marge_cm": -80}}, {"type": "Feature", "geometry": {"type": "Point", "coordinates": [16.84921, 59.93648]}, "properties": {"id": "trv-16459:1771-3:34681-0.2838", "country": "se", "source": "TRV", "updated": "2026-09-12", "occurrences": 2, "name": "vägport 2.40 m", "type": "hauteur_limitee", "obstacle": "vägport", "hauteur_max_m": 2.4, "franchissable": false, "marge_cm": -80}}, {"type": "Feature", "geometry": {"type": "Point", "coordinates": [16.77864, 60.62087]}, "properties": {"id": "trv-16495:36045-16523:223935-0.0977", "country": "se", "source": "TRV", "updated": "2026-09-12", "name": "övrigt hinder 2.40 m", "type": "hauteur_limitee", "obstacle": "övrigt hinder", "hauteur_max_m": 2.4, "franchissable": false, "marge_cm": -80}}, {"type": "Feature", "geometry": {"type": "Point", "coordinates": [18.17961, 59.17146]}, "properties": {"id": "trv-16665:70776-11161:17424-0.0200", "country": "se", "source": "TRV", "updated": "2026-09-12", "name": "vägport 2.40 m", "type": "hauteur_limitee", "obstacle": "vägport", "hauteur_max_m": 2.4, "franchissable": false, "marge_cm": -80, "reference": "136-32-1"}}, {"type": "Feature", "geometry": {"type": "Point", "coordinates": [18.14094, 59.13793]}, "properties": {"id": "trv-16665:70812-11161:18501-0.7528", "country": "se", "source": "TRV", "updated": "2026-09-12", "name": "vägport 2.40 m", "type": "hauteur_limitee", "obstacle": "vägport", "hauteur_max_m": 2.4, "franchissable": false, "marge_cm": -80, "reference": "136-61-1"}}, {"type": "Feature", "geometry": {"type": "Point", "coordinates": [20.91897, 64.58357]}, "properties": {"id": "trv-11159:232691-11157:136438-0.3307", "country": "se", "source": "TRV", "updated": "2026-09-12", "name": "vägport 2.40 m", "type": "hauteur_limitee", "obstacle": "vägport", "hauteur_max_m": 2.4, "franchissable": false, "marge_cm": -80}}, {"type": "Feature", "geometry": {"type": "Point", "coordinates": [14.96101, 57.67725]}, "properties": {"id": "trv-12725:78494-12725:76777-0.4832", "country": "se", "source": "TRV", "updated": "2026-09-12", "name": "vägport 2.40 m", "type": "hauteur_limitee", "obstacle": "vägport", "hauteur_max_m": 2.4, "franchissable": false, "marge_cm": -80}}, {"type": "Feature", "geometry": {"type": "Point", "coordinates": [16.77891, 60.6209]}, "properties": {"id": "trv-16495:36049-16523:223935-0.2457", "country": "se", "source": "TRV", "updated": "2026-09-12", "name": "övrigt hinder 2.40 m", "type": "hauteur_limitee", "obstacle": "övrigt hinder", "hauteur_max_m": 2.4, "franchissable": false, "marge_cm": -80}}, {"type": "Feature", "geometry": {"type": "Point", "coordinates": [14.5123, 59.32246]}, "properties": {"id": "trv-16590:74991-16590:68815-0.2115", "country": "se", "source": "TRV", "updated": "2026-09-12", "name": "vägport 2.40 m", "type": "hauteur_limitee", "obstacle": "vägport", "hauteur_max_m": 2.4, "franchissable": false, "marge_cm": -80, "reference": "18-642-1"}}, {"type": "Feature", "geometry": {"type": "Point", "coordinates": [14.57171, 59.33162]}, "properties": {"id": "trv-16590:74997-16590:68128-0.7400", "country": "se", "source": "TRV", "updated": "2026-09-12", "name": "vägport 2.40 m", "type": "hauteur_limitee", "obstacle": "vägport", "hauteur_max_m": 2.4, "franchissable": false, "marge_cm": -80, "reference": "18-755-1"}}, {"type": "Feature", "geometry": {"type": "Point", "coordinates": [17.42948, 59.04001]}, "properties": {"id": "trv-16669:35125-3:1092884-0.7949", "country": "se", "source": "TRV", "updated": "2026-09-12", "name": "övrigt hinder 2.40 m", "type": "hauteur_limitee", "obstacle": "övrigt hinder", "hauteur_max_m": 2.4, "franchissable": false, "marge_cm": -80}}, {"type": "Feature", "geometry": {"type": "Point", "coordinates": [12.91606, 56.6186]}, "properties": {"id": "trv-12735:4471-3:285439-0.4751", "country": "se", "source": "TRV", "updated": "2026-09-12", "name": "vägport 2.40 m", "type": "hauteur_limitee", "obstacle": "vägport", "hauteur_max_m": 2.4, "franchissable": false, "marge_cm": -80}}, {"type": "Feature", "geometry": {"type": "Point", "coordinates": [15.83755, 59.3874]}, "properties": {"id": "trv-16172:564904-16672:18935-0.4917", "country": "se", "source": "TRV", "updated": "2026-09-12", "name": "vägport 2.40 m", "type": "hauteur_limitee", "obstacle": "vägport", "hauteur_max_m": 2.4, "franchissable": false, "marge_cm": -80, "reference": "19-619-1"}}, {"type": "Feature", "geometry": {"type": "Point", "coordinates": [20.9611, 64.74276]}, "properties": {"id": "trv-20297:1669-23097:2585-0.1242", "country": "se", "source": "TRV", "updated": "2026-09-12", "name": "vägport 2.40 m", "type": "hauteur_limitee", "obstacle": "vägport", "hauteur_max_m": 2.4, "franchissable": false, "marge_cm": -80}}, {"type": "Feature", "geometry": {"type": "Point", "coordinates": [18.13688, 59.46013]}, "properties": {"id": "trv-16541:1801-22872:1648-0.8423", "country": "se", "source": "TRV", "updated": "2026-09-12", "name": "övrigt hinder 2.40 m", "type": "hauteur_limitee", "obstacle": "övrigt hinder", "hauteur_max_m": 2.4, "franchissable": false, "marge_cm": -80}}, {"type": "Feature", "geometry": {"type": "Point", "coordinates": [15.839, 59.38192]}, "properties": {"id": "trv-12533:133266-16672:18947-0.2827", "country": "se", "source": "TRV", "updated": "2026-09-12", "name": "vägport 2.40 m", "type": "hauteur_limitee", "obstacle": "vägport", "hauteur_max_m": 2.4, "franchissable": false, "marge_cm": -80, "reference": "19-617-1"}}, {"type": "Feature", "geometry": {"type": "Point", "coordinates": [15.83531, 59.39526]}, "properties": {"id": "trv-12533:133280-16672:19178-0.8959", "country": "se", "source": "TRV", "updated": "2026-09-12", "name": "vägport 2.40 m", "type": "hauteur_limitee", "obstacle": "vägport", "hauteur_max_m": 2.4, "franchissable": false, "marge_cm": -80, "reference": "19-620-1"}}, {"type": "Feature", "geometry": {"type": "Point", "coordinates": [20.31824, 63.83079]}, "properties": {"id": "trv-13632:8752-20656:2866613-0.4982", "country": "se", "source": "TRV", "updated": "2026-09-12", "name": "vägport 2.40 m", "type": "hauteur_limitee", "obstacle": "vägport", "hauteur_max_m": 2.4, "franchissable": false, "marge_cm": -80, "reference": "2480-54-1"}}, {"type": "Feature", "geometry": {"type": "Point", "coordinates": [18.27332, 59.28362]}, "properties": {"id": "trv-14441:5840-3:1099915-0.0891", "country": "se", "source": "TRV", "updated": "2026-09-12", "occurrences": 2, "name": "tunnel 2.40 m", "type": "hauteur_limitee", "obstacle": "tunnel", "hauteur_max_m": 2.4, "franchissable": false, "marge_cm": -80, "reference": "Okänt"}}, {"type": "Feature", "geometry": {"type": "Point", "coordinates": [16.84919, 59.93639]}, "properties": {"id": "trv-16459:1771-3:34681-0.3349", "country": "se", "source": "TRV", "updated": "2026-09-12", "occurrences": 2, "name": "vägport 2.40 m", "type": "hauteur_limitee", "obstacle": "vägport", "hauteur_max_m": 2.4, "franchissable": false, "marge_cm": -80}}, {"type": "Feature", "geometry": {"type": "Point", "coordinates": [14.28156, 57.51777]}, "properties": {"id": "trv-14845:130174-3:91175-0.4693", "country": "se", "source": "TRV", "updated": "2026-09-12", "name": "vägport 2.40 m", "type": "hauteur_limitee", "obstacle": "vägport", "hauteur_max_m": 2.4, "franchissable": false, "marge_cm": -80}}, {"type": "Feature", "geometry": {"type": "Point", "coordinates": [14.48698, 59.31525]}, "properties": {"id": "trv-16590:74989-16590:68732-0.9714", "country": "se", "source": "TRV", "updated": "2026-09-12", "name": "vägport 2.40 m", "type": "hauteur_limitee", "obstacle": "vägport", "hauteur_max_m": 2.4, "franchissable": false, "marge_cm": -80, "reference": "1883-2-1"}}, {"type": "Feature", "geometry": {"type": "Point", "coordinates": [16.78018, 60.62102]}, "properties": {"id": "trv-16495:36047-16523:223935-0.9571", "country": "se", "source": "TRV", "updated": "2026-09-12", "name": "övrigt hinder 2.40 m", "type": "hauteur_limitee", "obstacle": "övrigt hinder", "hauteur_max_m": 2.4, "franchissable": false, "marge_cm": -80}}, {"type": "Feature", "geometry": {"type": "Point", "coordinates": [12.12693, 57.95584]}, "properties": {"id": "trv-12735:100583-12735:98940-0.9650", "country": "se", "source": "TRV", "updated": "2026-09-12", "name": "vägport 2.40 m", "type": "hauteur_limitee", "obstacle": "vägport", "hauteur_max_m": 2.4, "franchissable": false, "marge_cm": -80, "reference": "15-1131-1"}}, {"type": "Feature", "geometry": {"type": "Point", "coordinates": [13.5632, 58.15882]}, "properties": {"id": "trv-16184:424196-12736:94932-0.8848", "country": "se", "source": "TRV", "updated": "2026-09-12", "name": "bro 2.40 m", "type": "hauteur_limitee", "obstacle": "bro", "hauteur_max_m": 2.4, "franchissable": false, "marge_cm": -80}}, {"type": "Feature", "geometry": {"type": "Point", "coordinates": [15.82742, 59.40444]}, "properties": {"id": "trv-12533:133284-16672:18348-0.6395", "country": "se", "source": "TRV", "updated": "2026-09-12", "name": "vägport 2.40 m", "type": "hauteur_limitee", "obstacle": "vägport", "hauteur_max_m": 2.4, "franchissable": false, "marge_cm": -80, "reference": "19-657-1"}}, {"type": "Feature", "geometry": {"type": "Point", "coordinates": [14.96473, 57.66303]}, "properties": {"id": "trv-12725:80668-12725:75931-0.3981", "country": "se", "source": "TRV", "updated": "2026-09-12", "name": "vägport 2.40 m", "type": "hauteur_limitee", "obstacle": "vägport", "hauteur_max_m": 2.4, "franchissable": false, "marge_cm": -80, "reference": "3500-3115-1"}}, {"type": "Feature", "geometry": {"type": "Point", "coordinates": [16.42286, 57.26479]}, "properties": {"id": "trv-16174:4463-11161:295669-0.3602", "country": "se", "source": "TRV", "updated": "2026-09-12", "name": "vägport 2.40 m", "type": "hauteur_limitee", "obstacle": "vägport", "hauteur_max_m": 2.4, "franchissable": false, "marge_cm": -80}}, {"type": "Feature", "geometry": {"type": "Point", "coordinates": [14.96106, 57.67736]}, "properties": {"id": "trv-12725:78496-12725:76777-0.5523", "country": "se", "source": "TRV", "updated": "2026-09-12", "name": "vägport 2.40 m", "type": "hauteur_limitee", "obstacle": "vägport", "hauteur_max_m": 2.4, "franchissable": false, "marge_cm": -80}}, {"type": "Feature", "geometry": {"type": "Point", "coordinates": [12.91639, 56.61862]}, "properties": {"id": "trv-12735:4467-3:285439-0.5189", "country": "se", "source": "TRV", "updated": "2026-09-12", "name": "vägport 2.40 m", "type": "hauteur_limitee", "obstacle": "vägport", "hauteur_max_m": 2.4, "franchissable": false, "marge_cm": -80}}, {"type": "Feature", "geometry": {"type": "Point", "coordinates": [14.48141, 59.31605]}, "properties": {"id": "trv-16590:74987-16590:68982-0.3658", "country": "se", "source": "TRV", "updated": "2026-09-12", "name": "vägport 2.40 m", "type": "hauteur_limitee", "obstacle": "vägport", "hauteur_max_m": 2.4, "franchissable": false, "marge_cm": -80, "reference": "1883-1-1"}}, {"type": "Feature", "geometry": {"type": "Point", "coordinates": [21.02895, 64.75435]}, "properties": {"id": "trv-20296:794-23097:2252-0.1693", "country": "se", "source": "TRV", "updated": "2026-09-12", "name": "vägport 2.40 m", "type": "hauteur_limitee", "obstacle": "vägport", "hauteur_max_m": 2.4, "franchissable": false, "marge_cm": -80}}, {"type": "Feature", "geometry": {"type": "Point", "coordinates": [15.58609, 58.41207]}, "properties": {"id": "trv-12726:391761-12726:391375-0.4769", "country": "se", "source": "TRV", "updated": "2026-09-12", "name": "vägport 2.40 m", "type": "hauteur_limitee", "obstacle": "vägport", "hauteur_max_m": 2.4, "franchissable": false, "marge_cm": -80, "reference": "580-24-1"}}, {"type": "Feature", "geometry": {"type": "Point", "coordinates": [12.96247, 56.25743]}, "properties": {"id": "trv-12765:437139-10850:4909-0.4975", "country": "se", "source": "TRV", "updated": "2026-09-12", "name": "vägport 2.40 m", "type": "hauteur_limitee", "obstacle": "vägport", "hauteur_max_m": 2.4, "franchissable": false, "marge_cm": -80}}, {"type": "Feature", "geometry": {"type": "Point", "coordinates": [21.02226, 64.75667]}, "properties": {"id": "trv-20296:788-23097:2278-0.4706", "country": "se", "source": "TRV", "updated": "2026-09-12", "name": "vägport 2.40 m", "type": "hauteur_limitee", "obstacle": "vägport", "hauteur_max_m": 2.4, "franchissable": false, "marge_cm": -80}}, {"type": "Feature", "geometry": {"type": "Point", "coordinates": [17.59395, 59.85913]}, "properties": {"id": "trv-10018:87435-10018:84129-0.3162", "country": "se", "source": "TRV", "updated": "2026-09-12", "name": "vägport 2.40 m", "type": "hauteur_limitee", "obstacle": "vägport", "hauteur_max_m": 2.4, "franchissable": false, "marge_cm": -80}}, {"type": "Feature", "geometry": {"type": "Point", "coordinates": [13.06046, 56.50132]}, "properties": {"id": "trv-12782:159941-12782:159923-0.4872", "country": "se", "source": "TRV", "updated": "2026-09-12", "name": "övrigt hinder 2.40 m", "type": "hauteur_limitee", "obstacle": "övrigt hinder", "hauteur_max_m": 2.4, "franchissable": false, "marge_cm": -80}}, {"type": "Feature", "geometry": {"type": "Point", "coordinates": [16.36487, 56.68464]}, "properties": {"id": "trv-11154:173491-11154:168792-0.4112", "country": "se", "source": "TRV", "updated": "2026-09-12", "name": "vägport 2.40 m", "type": "hauteur_limitee", "obstacle": "vägport", "hauteur_max_m": 2.4, "franchissable": false, "marge_cm": -80, "reference": "8-799-1"}}, {"type": "Feature", "geometry": {"type": "Point", "coordinates": [15.8481, 59.3957]}, "properties": {"id": "trv-12533:133276-16672:18830-0.5192", "country": "se", "source": "TRV", "updated": "2026-09-12", "name": "vägport 2.40 m", "type": "hauteur_limitee", "obstacle": "vägport", "hauteur_max_m": 2.4, "franchissable": false, "marge_cm": -80, "reference": "1984-5-1"}}, {"type": "Feature", "geometry": {"type": "Point", "coordinates": [14.80311, 56.8489]}, "properties": {"id": "trv-16665:70173-13257:6-0.2467", "country": "se", "source": "TRV", "updated": "2026-09-12", "name": "vägport 2.40 m", "type": "hauteur_limitee", "obstacle": "vägport", "hauteur_max_m": 2.4, "franchissable": false, "marge_cm": -80}}, {"type": "Feature", "geometry": {"type": "Point", "coordinates": [15.83749, 59.38686]}, "properties": {"id": "trv-12533:133268-16672:18958-0.9835", "country": "se", "source": "TRV", "updated": "2026-09-12", "name": "vägport 2.40 m", "type": "hauteur_limitee", "obstacle": "vägport", "hauteur_max_m": 2.4, "franchissable": false, "marge_cm": -80, "reference": "19-618-1"}}, {"type": "Feature", "geometry": {"type": "Point", "coordinates": [15.85803, 59.39172]}, "properties": {"id": "trv-12533:133274-16672:19360-0.5562", "country": "se", "source": "TRV", "updated": "2026-09-12", "name": "vägport 2.40 m", "type": "hauteur_limitee", "obstacle": "vägport", "hauteur_max_m": 2.4, "franchissable": false, "marge_cm": -80, "reference": "19-600-1"}}, {"type": "Feature", "geometry": {"type": "Point", "coordinates": [12.91481, 56.32382]}, "properties": {"id": "trv-12765:437167-10850:3561-0.5296", "country": "se", "source": "TRV", "updated": "2026-09-12", "name": "vägport 2.40 m", "type": "hauteur_limitee", "obstacle": "vägport", "hauteur_max_m": 2.4, "franchissable": false, "marge_cm": -80, "reference": "11-637-1"}}, {"type": "Feature", "geometry": {"type": "Point", "coordinates": [20.31387, 63.80239]}, "properties": {"id": "trv-13632:8722-20656:2872360-0.4367", "country": "se", "source": "TRV", "updated": "2026-09-12", "name": "vägport 2.40 m", "type": "hauteur_limitee", "obstacle": "vägport", "hauteur_max_m": 2.4, "franchissable": false, "marge_cm": -80, "reference": "2480-8-1"}}, {"type": "Feature", "geometry": {"type": "Point", "coordinates": [20.31282, 63.8616]}, "properties": {"id": "trv-13632:8728-20656:2874308-0.4818", "country": "se", "source": "TRV", "updated": "2026-09-12", "name": "vägport 2.40 m", "type": "hauteur_limitee", "obstacle": "vägport", "hauteur_max_m": 2.4, "franchissable": false, "marge_cm": -80, "reference": "2480-20-1"}}, {"type": "Feature", "geometry": {"type": "Point", "coordinates": [18.16834, 59.16722]}, "properties": {"id": "trv-16665:70778-11161:17664-0.2181", "country": "se", "source": "TRV", "updated": "2026-09-12", "name": "vägport 2.40 m", "type": "hauteur_limitee", "obstacle": "vägport", "hauteur_max_m": 2.4, "franchissable": false, "marge_cm": -80, "reference": "136-43-1"}}, {"type": "Feature", "geometry": {"type": "Point", "coordinates": [20.30945, 63.80482]}, "properties": {"id": "trv-13632:8800-20656:2873417-0.5700", "country": "se", "source": "TRV", "updated": "2026-09-12", "name": "vägport 2.40 m", "type": "hauteur_limitee", "obstacle": "vägport", "hauteur_max_m": 2.4, "franchissable": false, "marge_cm": -80, "reference": "2480-73-1"}}, {"type": "Feature", "geometry": {"type": "Point", "coordinates": [13.21708, 55.51807]}, "properties": {"id": "trv-16665:38730-10847:21939-0.6029", "country": "se", "source": "TRV", "updated": "2026-09-12", "name": "vägport 2.40 m", "type": "hauteur_limitee", "obstacle": "vägport", "hauteur_max_m": 2.4, "franchissable": false, "marge_cm": -80}}, {"type": "Feature", "geometry": {"type": "Point", "coordinates": [14.53863, 59.3274]}, "properties": {"id": "trv-16590:75003-16590:68345-0.8703", "country": "se", "source": "TRV", "updated": "2026-09-12", "name": "bro 2.40 m", "type": "hauteur_limitee", "obstacle": "bro", "hauteur_max_m": 2.4, "franchissable": false, "marge_cm": -80, "reference": "3500-4735-1"}}, {"type": "Feature", "geometry": {"type": "Point", "coordinates": [18.17742, 59.17422]}, "properties": {"id": "trv-16665:70762-11161:17430-0.1444", "country": "se", "source": "TRV", "updated": "2026-09-12", "name": "vägport 2.40 m", "type": "hauteur_limitee", "obstacle": "vägport", "hauteur_max_m": 2.4, "franchissable": false, "marge_cm": -80, "reference": "136-30-1"}}, {"type": "Feature", "geometry": {"type": "Point", "coordinates": [16.77992, 60.621]}, "properties": {"id": "trv-16495:36051-16523:223935-0.8100", "country": "se", "source": "TRV", "updated": "2026-09-12", "name": "övrigt hinder 2.40 m", "type": "hauteur_limitee", "obstacle": "övrigt hinder", "hauteur_max_m": 2.4, "franchissable": false, "marge_cm": -80}}, {"type": "Feature", "geometry": {"type": "Point", "coordinates": [14.51191, 59.3241]}, "properties": {"id": "trv-16590:74993-16590:69495-0.7357", "country": "se", "source": "TRV", "updated": "2026-09-12", "name": "bro 2.40 m", "type": "hauteur_limitee", "obstacle": "bro", "hauteur_max_m": 2.4, "franchissable": false, "marge_cm": -80, "reference": "18-639-1"}}, {"type": "Feature", "geometry": {"type": "Point", "coordinates": [14.51134, 59.32767]}, "properties": {"id": "trv-16590:75001-16590:67755-0.8973", "country": "se", "source": "TRV", "updated": "2026-09-12", "name": "vägport 2.40 m", "type": "hauteur_limitee", "obstacle": "vägport", "hauteur_max_m": 2.4, "franchissable": false, "marge_cm": -80, "reference": "18-703-1"}}, {"type": "Feature", "geometry": {"type": "Point", "coordinates": [18.17975, 59.18005]}, "properties": {"id": "trv-16665:70790-11161:16784-0.6972", "country": "se", "source": "TRV", "updated": "2026-09-12", "name": "vägport 2.40 m", "type": "hauteur_limitee", "obstacle": "vägport", "hauteur_max_m": 2.4, "franchissable": false, "marge_cm": -80, "reference": "136-15-1"}}, {"type": "Feature", "geometry": {"type": "Point", "coordinates": [17.72724, 59.48562]}, "properties": {"id": "trv-22512:3845-11158:34589-0.4163", "country": "se", "source": "TRV", "updated": "2026-09-12", "name": "vägport 2.40 m", "type": "hauteur_limitee", "obstacle": "vägport", "hauteur_max_m": 2.4, "franchissable": false, "marge_cm": -80}}, {"type": "Feature", "geometry": {"type": "Point", "coordinates": [12.05755, 57.89863]}, "properties": {"id": "trv-12735:100585-12735:99224-0.9815", "country": "se", "source": "TRV", "updated": "2026-09-12", "name": "vägport 2.40 m", "type": "hauteur_limitee", "obstacle": "vägport", "hauteur_max_m": 2.4, "franchissable": false, "marge_cm": -80, "reference": "15-1036-1"}}, {"type": "Feature", "geometry": {"type": "Point", "coordinates": [18.6902, 59.76186]}, "properties": {"id": "trv-10085:182944-11159:19517-0.1378", "country": "se", "source": "TRV", "updated": "2026-09-12", "name": "vägport 2.40 m", "type": "hauteur_limitee", "obstacle": "vägport", "hauteur_max_m": 2.4, "franchissable": false, "marge_cm": -80}}, {"type": "Feature", "geometry": {"type": "Point", "coordinates": [18.70387, 59.76527]}, "properties": {"id": "trv-10085:182960-11159:19602-0.0401", "country": "se", "source": "TRV", "updated": "2026-09-12", "name": "vägport 2.40 m", "type": "hauteur_limitee", "obstacle": "vägport", "hauteur_max_m": 2.4, "franchissable": false, "marge_cm": -80}}, {"type": "Feature", "geometry": {"type": "Point", "coordinates": [14.51302, 59.33885]}, "properties": {"id": "trv-16590:74985-16590:67629-0.0882", "country": "se", "source": "TRV", "updated": "2026-09-12", "name": "vägport 2.40 m", "type": "hauteur_limitee", "obstacle": "vägport", "hauteur_max_m": 2.4, "franchissable": false, "marge_cm": -80, "reference": "18-707-1"}}, {"type": "Feature", "geometry": {"type": "Point", "coordinates": [15.01615, 58.51493]}, "properties": {"id": "trv-16593:101137-12735:50360-0.7403", "country": "se", "source": "TRV", "updated": "2026-09-12", "name": "vägport 2.40 m", "type": "hauteur_limitee", "obstacle": "vägport", "hauteur_max_m": 2.4, "franchissable": false, "marge_cm": -80, "reference": "5-1190-1"}}, {"type": "Feature", "geometry": {"type": "Point", "coordinates": [18.15754, 59.16037]}, "properties": {"id": "trv-16665:70794-11161:18001-0.0485", "country": "se", "source": "TRV", "updated": "2026-09-12", "name": "vägport 2.40 m", "type": "hauteur_limitee", "obstacle": "vägport", "hauteur_max_m": 2.4, "franchissable": false, "marge_cm": -80, "reference": "2-904-1"}}, {"type": "Feature", "geometry": {"type": "Point", "coordinates": [17.95094, 62.62427]}, "properties": {"id": "trv-12730:493475-19344:1244-0.3678", "country": "se", "source": "TRV", "updated": "2026-09-12", "name": "vägport 2.40 m", "type": "hauteur_limitee", "obstacle": "vägport", "hauteur_max_m": 2.4, "franchissable": false, "marge_cm": -80, "reference": "2280-11-1"}}, {"type": "Feature", "geometry": {"type": "Point", "coordinates": [20.38665, 63.7139]}, "properties": {"id": "trv-20661:359058-20656:2866344-0.6308", "country": "se", "source": "TRV", "updated": "2026-09-12", "name": "vägport 2.40 m", "type": "hauteur_limitee", "obstacle": "vägport", "hauteur_max_m": 2.4, "franchissable": false, "marge_cm": -80, "reference": "2480-102-1"}}, {"type": "Feature", "geometry": {"type": "Point", "coordinates": [17.30427, 62.3881]}, "properties": {"id": "trv-21277:212769-16172:584450-0.8485", "country": "se", "source": "TRV", "updated": "2026-09-12", "name": "övrigt hinder 2.40 m", "type": "hauteur_limitee", "obstacle": "övrigt hinder", "hauteur_max_m": 2.4, "franchissable": false, "marge_cm": -80}}, {"type": "Feature", "geometry": {"type": "Point", "coordinates": [20.89641, 64.75764]}, "properties": {"id": "trv-20298:1314-23097:1805-0.2485", "country": "se", "source": "TRV", "updated": "2026-09-12", "name": "vägport 2.40 m", "type": "hauteur_limitee", "obstacle": "vägport", "hauteur_max_m": 2.4, "franchissable": false, "marge_cm": -80}}, {"type": "Feature", "geometry": {"type": "Point", "coordinates": [17.90237, 59.20565]}, "properties": {"id": "trv-12725:183739-12723:80069-0.7030", "country": "se", "source": "TRV", "updated": "2026-09-12", "name": "vägport 2.40 m", "type": "hauteur_limitee", "obstacle": "vägport", "hauteur_max_m": 2.4, "franchissable": false, "marge_cm": -80}}, {"type": "Feature", "geometry": {"type": "Point", "coordinates": [17.55333, 60.02878]}, "properties": {"id": "trv-22863:32112-22863:29505-0.2747", "country": "se", "source": "TRV", "updated": "2026-09-12", "name": "vägport 2.40 m", "type": "hauteur_limitee", "obstacle": "vägport", "hauteur_max_m": 2.4, "franchissable": false, "marge_cm": -80}}, {"type": "Feature", "geometry": {"type": "Point", "coordinates": [17.90253, 59.20541]}, "properties": {"id": "trv-12725:183892-12723:80069-0.6160", "country": "se", "source": "TRV", "updated": "2026-09-12", "name": "bro 2.40 m", "type": "hauteur_limitee", "obstacle": "bro", "hauteur_max_m": 2.4, "franchissable": false, "marge_cm": -80}}, {"type": "Feature", "geometry": {"type": "Point", "coordinates": [17.73727, 60.08036]}, "properties": {"id": "trv-22863:32104-22863:29277-0.1230", "country": "se", "source": "TRV", "updated": "2026-09-12", "name": "vägport 2.40 m", "type": "hauteur_limitee", "obstacle": "vägport", "hauteur_max_m": 2.4, "franchissable": false, "marge_cm": -80}}, {"type": "Feature", "geometry": {"type": "Point", "coordinates": [18.31524, 59.48093]}, "properties": {"id": "trv-12766:249724-12725:66216-0.7072", "country": "se", "source": "TRV", "updated": "2026-09-12", "name": "tunnel 2.40 m", "type": "hauteur_limitee", "obstacle": "tunnel", "hauteur_max_m": 2.4, "franchissable": false, "marge_cm": -80}}, {"type": "Feature", "geometry": {"type": "Point", "coordinates": [18.3152, 59.48088]}, "properties": {"id": "trv-12766:249728-12725:66216-0.6334", "country": "se", "source": "TRV", "updated": "2026-09-12", "name": "tunnel 2.40 m", "type": "hauteur_limitee", "obstacle": "tunnel", "hauteur_max_m": 2.4, "franchissable": false, "marge_cm": -80}}, {"type": "Feature", "geometry": {"type": "Point", "coordinates": [18.29385, 57.64007]}, "properties": {"id": "trv-14850:19-3:40559-0.7958", "country": "se", "source": "TRV", "updated": "2026-09-12", "name": "vägport 2.40 m", "type": "hauteur_limitee", "obstacle": "vägport", "hauteur_max_m": 2.4, "franchissable": false, "marge_cm": -80, "reference": "Rådjusplan"}}, {"type": "Feature", "geometry": {"type": "Point", "coordinates": [20.27793, 63.83946]}, "properties": {"id": "trv-13632:8758-20656:2851025-0.5614", "country": "se", "source": "TRV", "updated": "2026-09-12", "name": "vägport 2.40 m", "type": "hauteur_limitee", "obstacle": "vägport", "hauteur_max_m": 2.4, "franchissable": false, "marge_cm": -80, "reference": "2480-63-1"}}, {"type": "Feature", "geometry": {"type": "Point", "coordinates": [20.31316, 63.80143]}, "properties": {"id": "trv-13632:8712-20656:2872354-0.5391", "country": "se", "source": "TRV", "updated": "2026-09-12", "name": "vägport 2.40 m", "type": "hauteur_limitee", "obstacle": "vägport", "hauteur_max_m": 2.4, "franchissable": false, "marge_cm": -80, "reference": "2480-2-1"}}, {"type": "Feature", "geometry": {"type": "Point", "coordinates": [20.31375, 63.79871]}, "properties": {"id": "trv-13632:8714-20656:2852735-0.5399", "country": "se", "source": "TRV", "updated": "2026-09-12", "name": "vägport 2.40 m", "type": "hauteur_limitee", "obstacle": "vägport", "hauteur_max_m": 2.4, "franchissable": false, "marge_cm": -80, "reference": "2480-3-1"}}, {"type": "Feature", "geometry": {"type": "Point", "coordinates": [20.31502, 63.79849]}, "properties": {"id": "trv-13632:8718-20656:2852731-0.5534", "country": "se", "source": "TRV", "updated": "2026-09-12", "name": "vägport 2.40 m", "type": "hauteur_limitee", "obstacle": "vägport", "hauteur_max_m": 2.4, "franchissable": false, "marge_cm": -80, "reference": "2480-5-1"}}, {"type": "Feature", "geometry": {"type": "Point", "coordinates": [12.69014, 56.04766]}, "properties": {"id": "trv-11786:1296-16178:5994-1.0000", "country": "se", "source": "TRV", "updated": "2026-09-12", "name": "vägport 2.40 m", "type": "hauteur_limitee", "obstacle": "vägport", "hauteur_max_m": 2.4, "franchissable": false, "marge_cm": -80}}, {"type": "Feature", "geometry": {"type": "Point", "coordinates": [14.512, 59.32758]}, "properties": {"id": "trv-16590:74999-16590:67709-0.0693", "country": "se", "source": "TRV", "updated": "2026-09-12", "name": "vägport 2.40 m", "type": "hauteur_limitee", "obstacle": "vägport", "hauteur_max_m": 2.4, "franchissable": false, "marge_cm": -80, "reference": "18-702-1"}}, {"type": "Feature", "geometry": {"type": "Point", "coordinates": [14.50284, 59.33038]}, "properties": {"id": "trv-16590:75005-16590:67709-0.3764", "country": "se", "source": "TRV", "updated": "2026-09-12", "name": "vägport 2.40 m", "type": "hauteur_limitee", "obstacle": "vägport", "hauteur_max_m": 2.4, "franchissable": false, "marge_cm": -80, "reference": "18-643-1"}}, {"type": "Feature", "geometry": {"type": "Point", "coordinates": [16.35648, 56.70637]}, "properties": {"id": "trv-19381:144072-19381:144038-0.4805", "country": "se", "source": "TRV", "updated": "2026-09-12", "name": "övrigt hinder 2.40 m", "type": "hauteur_limitee", "obstacle": "övrigt hinder", "hauteur_max_m": 2.4, "franchissable": false, "marge_cm": -80}}, {"type": "Feature", "geometry": {"type": "Point", "coordinates": [16.35543, 56.70339]}, "properties": {"id": "trv-19381:144146-19381:135502-0.4587", "country": "se", "source": "TRV", "updated": "2026-09-12", "name": "övrigt hinder 2.40 m", "type": "hauteur_limitee", "obstacle": "övrigt hinder", "hauteur_max_m": 2.4, "franchissable": false, "marge_cm": -80}}, {"type": "Feature", "geometry": {"type": "Point", "coordinates": [16.35659, 56.70387]}, "properties": {"id": "trv-19381:144150-19381:139969-0.3753", "country": "se", "source": "TRV", "updated": "2026-09-12", "name": "övrigt hinder 2.40 m", "type": "hauteur_limitee", "obstacle": "övrigt hinder", "hauteur_max_m": 2.4, "franchissable": false, "marge_cm": -80}}, {"type": "Feature", "geometry": {"type": "Point", "coordinates": [17.98472, 59.35953]}, "properties": {"id": "trv-12726:308770-12726:308435-0.8140", "country": "se", "source": "TRV", "updated": "2026-09-12", "name": "vägport 2.40 m", "type": "hauteur_limitee", "obstacle": "vägport", "hauteur_max_m": 2.4, "franchissable": false, "marge_cm": -80, "reference": "2-669-1"}}, {"type": "Feature", "geometry": {"type": "Point", "coordinates": [17.98476, 59.35951]}, "properties": {"id": "trv-12726:308772-12726:308261-0.2775", "country": "se", "source": "TRV", "updated": "2026-09-12", "name": "vägport 2.40 m", "type": "hauteur_limitee", "obstacle": "vägport", "hauteur_max_m": 2.4, "franchissable": false, "marge_cm": -80, "reference": "2-669-1"}}, {"type": "Feature", "geometry": {"type": "Point", "coordinates": [16.98431, 58.77197]}, "properties": {"id": "trv-21240:261734-21236:219278-0.5132", "country": "se", "source": "TRV", "updated": "2026-09-12", "name": "bro 2.40 m", "type": "hauteur_limitee", "obstacle": "bro", "hauteur_max_m": 2.4, "franchissable": false, "marge_cm": -80}}, {"type": "Feature", "geometry": {"type": "Point", "coordinates": [14.74279, 56.87627]}, "properties": {"id": "trv-12472:608-16670:31905-0.5387", "country": "se", "source": "TRV", "updated": "2026-09-12", "name": "vägport 2.40 m", "type": "hauteur_limitee", "obstacle": "vägport", "hauteur_max_m": 2.4, "franchissable": false, "marge_cm": -80}}, {"type": "Feature", "geometry": {"type": "Point", "coordinates": [20.31734, 63.84046]}, "properties": {"id": "trv-20661:546309-20661:546263-0.5591", "country": "se", "source": "TRV", "updated": "2026-09-12", "name": "vägport 2.40 m", "type": "hauteur_limitee", "obstacle": "vägport", "hauteur_max_m": 2.4, "franchissable": false, "marge_cm": -80, "reference": "2480-51-1"}}, {"type": "Feature", "geometry": {"type": "Point", "coordinates": [20.31954, 63.84]}, "properties": {"id": "trv-20661:546354-20661:546316-0.5088", "country": "se", "source": "TRV", "updated": "2026-09-12", "name": "vägport 2.40 m", "type": "hauteur_limitee", "obstacle": "vägport", "hauteur_max_m": 2.4, "franchissable": false, "marge_cm": -80, "reference": "2480-52-1"}}, {"type": "Feature", "geometry": {"type": "Point", "coordinates": [20.29834, 63.85289]}, "properties": {"id": "trv-20661:545169-20661:545131-0.7032", "country": "se", "source": "TRV", "updated": "2026-09-12", "name": "vägport 2.40 m", "type": "hauteur_limitee", "obstacle": "vägport", "hauteur_max_m": 2.4, "franchissable": false, "marge_cm": -80}}, {"type": "Feature", "geometry": {"type": "Point", "coordinates": [14.85864, 56.85458]}, "properties": {"id": "trv-12473:3080-3:229318-0.2378", "country": "se", "source": "TRV", "updated": "2026-09-12", "name": "vägport 2.40 m", "type": "hauteur_limitee", "obstacle": "vägport", "hauteur_max_m": 2.4, "franchissable": false, "marge_cm": -80, "reference": "7-442-1"}}, {"type": "Feature", "geometry": {"type": "Point", "coordinates": [14.80827, 56.8401]}, "properties": {"id": "trv-12482:132-13257:979-0.7049", "country": "se", "source": "TRV", "updated": "2026-09-12", "name": "vägport 2.40 m", "type": "hauteur_limitee", "obstacle": "vägport", "hauteur_max_m": 2.4, "franchissable": false, "marge_cm": -80, "reference": "780-1015-1"}}, {"type": "Feature", "geometry": {"type": "Point", "coordinates": [14.8006, 56.84217]}, "properties": {"id": "trv-16665:70183-13257:41-0.9225", "country": "se", "source": "TRV", "updated": "2026-09-12", "name": "vägport 2.40 m", "type": "hauteur_limitee", "obstacle": "vägport", "hauteur_max_m": 2.4, "franchissable": false, "marge_cm": -80, "reference": "780-1013-1"}}, {"type": "Feature", "geometry": {"type": "Point", "coordinates": [14.81903, 56.85429]}, "properties": {"id": "trv-16665:70223-12468:517-0.9378", "country": "se", "source": "TRV", "updated": "2026-09-12", "name": "vägport 2.40 m", "type": "hauteur_limitee", "obstacle": "vägport", "hauteur_max_m": 2.4, "franchissable": false, "marge_cm": -80, "reference": "780-1022-1"}}, {"type": "Feature", "geometry": {"type": "Point", "coordinates": [14.80498, 56.85349]}, "properties": {"id": "trv-16665:70188-13254:1386-0.9123", "country": "se", "source": "TRV", "updated": "2026-09-12", "name": "vägport 2.40 m", "type": "hauteur_limitee", "obstacle": "vägport", "hauteur_max_m": 2.4, "franchissable": false, "marge_cm": -80, "reference": "780-1010-1"}}, {"type": "Feature", "geometry": {"type": "Point", "coordinates": [14.82025, 56.86162]}, "properties": {"id": "trv-16665:70233-13253:9029-0.2634", "country": "se", "source": "TRV", "updated": "2026-09-12", "name": "vägport 2.40 m", "type": "hauteur_limitee", "obstacle": "vägport", "hauteur_max_m": 2.4, "franchissable": false, "marge_cm": -80}}, {"type": "Feature", "geometry": {"type": "Point", "coordinates": [14.73865, 56.88008]}, "properties": {"id": "trv-12472:612-13250:2499-0.4824", "country": "se", "source": "TRV", "updated": "2026-09-12", "name": "vägport 2.40 m", "type": "hauteur_limitee", "obstacle": "vägport", "hauteur_max_m": 2.4, "franchissable": false, "marge_cm": -80, "reference": "780-2078-1"}}, {"type": "Feature", "geometry": {"type": "Point", "coordinates": [14.81498, 56.881]}, "properties": {"id": "trv-12479:1103-12468:4473-0.5566", "country": "se", "source": "TRV", "updated": "2026-09-12", "name": "vägport 2.40 m", "type": "hauteur_limitee", "obstacle": "vägport", "hauteur_max_m": 2.4, "franchissable": false, "marge_cm": -80}}, {"type": "Feature", "geometry": {"type": "Point", "coordinates": [14.78051, 56.90129]}, "properties": {"id": "trv-12470:3185-13253:4988-0.4215", "country": "se", "source": "TRV", "updated": "2026-09-12", "name": "vägport 2.40 m", "type": "hauteur_limitee", "obstacle": "vägport", "hauteur_max_m": 2.4, "franchissable": false, "marge_cm": -80}}, {"type": "Feature", "geometry": {"type": "Point", "coordinates": [14.81061, 56.87627]}, "properties": {"id": "trv-13250:16898-22156:198354-0.4446", "country": "se", "source": "TRV", "updated": "2026-09-12", "name": "vägport 2.40 m", "type": "hauteur_limitee", "obstacle": "vägport", "hauteur_max_m": 2.4, "franchissable": false, "marge_cm": -80}}, {"type": "Feature", "geometry": {"type": "Point", "coordinates": [14.81501, 56.87526]}, "properties": {"id": "trv-13250:16886-12468:4467-0.0545", "country": "se", "source": "TRV", "updated": "2026-09-12", "name": "vägport 2.40 m", "type": "hauteur_limitee", "obstacle": "vägport", "hauteur_max_m": 2.4, "franchissable": false, "marge_cm": -80}}, {"type": "Feature", "geometry": {"type": "Point", "coordinates": [14.79153, 56.90377]}, "properties": {"id": "trv-17737:119-13250:11472-0.9719", "country": "se", "source": "TRV", "updated": "2026-09-12", "name": "vägport 2.40 m", "type": "hauteur_limitee", "obstacle": "vägport", "hauteur_max_m": 2.4, "franchissable": false, "marge_cm": -80, "reference": "780-2056-1"}}, {"type": "Feature", "geometry": {"type": "Point", "coordinates": [14.7607, 56.8853]}, "properties": {"id": "trv-12484:933-13250:2432-0.1538", "country": "se", "source": "TRV", "updated": "2026-09-12", "name": "vägport 2.40 m", "type": "hauteur_limitee", "obstacle": "vägport", "hauteur_max_m": 2.4, "franchissable": false, "marge_cm": -80}}, {"type": "Feature", "geometry": {"type": "Point", "coordinates": [14.78556, 56.90507]}, "properties": {"id": "trv-12470:3189-12468:2748-0.2084", "country": "se", "source": "TRV", "updated": "2026-09-12", "name": "vägport 2.40 m", "type": "hauteur_limitee", "obstacle": "vägport", "hauteur_max_m": 2.4, "franchissable": false, "marge_cm": -80}}, {"type": "Feature", "geometry": {"type": "Point", "coordinates": [14.75558, 56.88329]}, "properties": {"id": "trv-12484:929-13250:2448-0.4839", "country": "se", "source": "TRV", "updated": "2026-09-12", "name": "vägport 2.40 m", "type": "hauteur_limitee", "obstacle": "vägport", "hauteur_max_m": 2.4, "franchissable": false, "marge_cm": -80}}, {"type": "Feature", "geometry": {"type": "Point", "coordinates": [14.76179, 56.88514]}, "properties": {"id": "trv-12484:937-13250:1986-0.4457", "country": "se", "source": "TRV", "updated": "2026-09-12", "name": "vägport 2.40 m", "type": "hauteur_limitee", "obstacle": "vägport", "hauteur_max_m": 2.4, "franchissable": false, "marge_cm": -80}}, {"type": "Feature", "geometry": {"type": "Point", "coordinates": [14.76477, 56.8788]}, "properties": {"id": "trv-12484:944-19303:3483-0.6030", "country": "se", "source": "TRV", "updated": "2026-09-12", "name": "vägport 2.40 m", "type": "hauteur_limitee", "obstacle": "vägport", "hauteur_max_m": 2.4, "franchissable": false, "marge_cm": -80}}, {"type": "Feature", "geometry": {"type": "Point", "coordinates": [14.81865, 56.86842]}, "properties": {"id": "trv-16588:56834-13253:9788-0.6537", "country": "se", "source": "TRV", "updated": "2026-09-12", "name": "vägport 2.40 m", "type": "hauteur_limitee", "obstacle": "vägport", "hauteur_max_m": 2.4, "franchissable": false, "marge_cm": -80, "reference": "780-1030-1"}}, {"type": "Feature", "geometry": {"type": "Point", "coordinates": [14.58621, 57.16737]}, "properties": {"id": "trv-12468:5633-13254:816-0.4610", "country": "se", "source": "TRV", "updated": "2026-09-12", "name": "vägport 2.40 m", "type": "hauteur_limitee", "obstacle": "vägport", "hauteur_max_m": 2.4, "franchissable": false, "marge_cm": -80, "reference": "7-619-1"}}, {"type": "Feature", "geometry": {"type": "Point", "coordinates": [14.82824, 56.8803]}, "properties": {"id": "trv-12470:3213-13253:4415-0.6663", "country": "se", "source": "TRV", "updated": "2026-09-12", "name": "vägport 2.40 m", "type": "hauteur_limitee", "obstacle": "vägport", "hauteur_max_m": 2.4, "franchissable": false, "marge_cm": -80, "reference": "780-4033-1"}}, {"type": "Feature", "geometry": {"type": "Point", "coordinates": [14.83651, 56.87588]}, "properties": {"id": "trv-12470:3217-13253:1238-0.1178", "country": "se", "source": "TRV", "updated": "2026-09-12", "name": "vägport 2.40 m", "type": "hauteur_limitee", "obstacle": "vägport", "hauteur_max_m": 2.4, "franchissable": false, "marge_cm": -80, "reference": "7-442-1"}}, {"type": "Feature", "geometry": {"type": "Point", "coordinates": [18.08027, 59.53135]}, "properties": {"id": "trv-12726:144063-12726:143734-0.7961", "country": "se", "source": "TRV", "updated": "2026-09-12", "name": "vägport 2.40 m", "type": "hauteur_limitee", "obstacle": "vägport", "hauteur_max_m": 2.4, "franchissable": false, "marge_cm": -80, "reference": "2-2131"}}, {"type": "Feature", "geometry": {"type": "Point", "coordinates": [18.13599, 59.45919]}, "properties": {"id": "trv-20870:85507-22872:1648-0.0419", "country": "se", "source": "TRV", "updated": "2026-09-12", "name": "övrigt hinder 2.40 m", "type": "hauteur_limitee", "obstacle": "övrigt hinder", "hauteur_max_m": 2.4, "franchissable": false, "marge_cm": -80}}, {"type": "Feature", "geometry": {"type": "Point", "coordinates": [18.13656, 59.45916]}, "properties": {"id": "trv-20870:85511-20870:26767-0.4758", "country": "se", "source": "TRV", "updated": "2026-09-12", "name": "övrigt hinder 2.40 m", "type": "hauteur_limitee", "obstacle": "övrigt hinder", "hauteur_max_m": 2.4, "franchissable": false, "marge_cm": -80}}, {"type": "Feature", "geometry": {"type": "Point", "coordinates": [18.13673, 59.45929]}, "properties": {"id": "trv-20870:85515-20870:26775-0.5122", "country": "se", "source": "TRV", "updated": "2026-09-12", "name": "övrigt hinder 2.40 m", "type": "hauteur_limitee", "obstacle": "övrigt hinder", "hauteur_max_m": 2.4, "franchissable": false, "marge_cm": -80}}, {"type": "Feature", "geometry": {"type": "Point", "coordinates": [18.13689, 59.45941]}, "properties": {"id": "trv-20870:85519-20870:26783-0.5260", "country": "se", "source": "TRV", "updated": "2026-09-12", "name": "övrigt hinder 2.40 m", "type": "hauteur_limitee", "obstacle": "övrigt hinder", "hauteur_max_m": 2.4, "franchissable": false, "marge_cm": -80}}, {"type": "Feature", "geometry": {"type": "Point", "coordinates": [18.13706, 59.45953]}, "properties": {"id": "trv-20870:85523-20870:26791-0.4565", "country": "se", "source": "TRV", "updated": "2026-09-12", "name": "övrigt hinder 2.40 m", "type": "hauteur_limitee", "obstacle": "övrigt hinder", "hauteur_max_m": 2.4, "franchissable": false, "marge_cm": -80}}, {"type": "Feature", "geometry": {"type": "Point", "coordinates": [18.13726, 59.45968]}, "properties": {"id": "trv-20870:85527-20870:26799-0.0747", "country": "se", "source": "TRV", "updated": "2026-09-12", "name": "övrigt hinder 2.40 m", "type": "hauteur_limitee", "obstacle": "övrigt hinder", "hauteur_max_m": 2.4, "franchissable": false, "marge_cm": -80}}, {"type": "Feature", "geometry": {"type": "Point", "coordinates": [18.13743, 59.4598]}, "properties": {"id": "trv-20870:85531-20870:26807-0.9317", "country": "se", "source": "TRV", "updated": "2026-09-12", "name": "övrigt hinder 2.40 m", "type": "hauteur_limitee", "obstacle": "övrigt hinder", "hauteur_max_m": 2.4, "franchissable": false, "marge_cm": -80}}, {"type": "Feature", "geometry": {"type": "Point", "coordinates": [14.30919, 57.85258]}, "properties": {"id": "trv-16576:6381-11154:73053-0.5234", "country": "se", "source": "TRV", "updated": "2026-09-12", "name": "vägport 2.40 m", "type": "hauteur_limitee", "obstacle": "vägport", "hauteur_max_m": 2.4, "franchissable": false, "marge_cm": -80}}, {"type": "Feature", "geometry": {"type": "Point", "coordinates": [16.46177, 57.24644]}, "properties": {"id": "trv-12574:14750-11161:295121-0.7262", "country": "se", "source": "TRV", "updated": "2026-09-12", "name": "tunnel 2.40 m", "type": "hauteur_limitee", "obstacle": "tunnel", "hauteur_max_m": 2.4, "franchissable": false, "marge_cm": -80}}, {"type": "Feature", "geometry": {"type": "Point", "coordinates": [16.47882, 57.28376]}, "properties": {"id": "trv-12574:14760-11161:295040-0.0397", "country": "se", "source": "TRV", "updated": "2026-09-12", "name": "tunnel 2.40 m", "type": "hauteur_limitee", "obstacle": "tunnel", "hauteur_max_m": 2.4, "franchissable": false, "marge_cm": -80}}, {"type": "Feature", "geometry": {"type": "Point", "coordinates": [16.46066, 57.24824]}, "properties": {"id": "trv-12574:14752-11161:295414-0.0287", "country": "se", "source": "TRV", "updated": "2026-09-12", "name": "tunnel 2.40 m", "type": "hauteur_limitee", "obstacle": "tunnel", "hauteur_max_m": 2.4, "franchissable": false, "marge_cm": -80}}, {"type": "Feature", "geometry": {"type": "Point", "coordinates": [16.45776, 57.15488]}, "properties": {"id": "trv-12574:14770-11161:295569-0.4929", "country": "se", "source": "TRV", "updated": "2026-09-12", "name": "tunnel 2.40 m", "type": "hauteur_limitee", "obstacle": "tunnel", "hauteur_max_m": 2.4, "franchissable": false, "marge_cm": -80}}, {"type": "Feature", "geometry": {"type": "Point", "coordinates": [18.25681, 59.23051]}, "properties": {"id": "trv-22121:794121-11156:10598-0.4727", "country": "se", "source": "TRV", "updated": "2026-09-12", "name": "vägport 2.41 m", "type": "hauteur_limitee", "obstacle": "vägport", "hauteur_max_m": 2.41, "franchissable": false, "marge_cm": -79}}, {"type": "Feature", "geometry": {"type": "Point", "coordinates": [17.50324, 59.56948]}, "properties": {"id": "trv-12729:72246-12729:66375-0.6938", "country": "se", "source": "TRV", "updated": "2026-09-12", "name": "vägport 2.42 m", "type": "hauteur_limitee", "obstacle": "vägport", "hauteur_max_m": 2.42, "franchissable": false, "marge_cm": -78}}, {"type": "Feature", "geometry": {"type": "Point", "coordinates": [17.72206, 59.48403]}, "properties": {"id": "trv-22512:3851-11158:34607-0.5934", "country": "se", "source": "TRV", "updated": "2026-09-12", "name": "vägport 2.42 m", "type": "hauteur_limitee", "obstacle": "vägport", "hauteur_max_m": 2.42, "franchissable": false, "marge_cm": -78}}, {"type": "Feature", "geometry": {"type": "Point", "coordinates": [17.64132, 59.51592]}, "properties": {"id": "trv-22512:3865-16592:45880-0.8396", "country": "se", "source": "TRV", "updated": "2026-09-12", "name": "vägport 2.44 m", "type": "hauteur_limitee", "obstacle": "vägport", "hauteur_max_m": 2.44, "franchissable": false, "marge_cm": -76}}, {"type": "Feature", "geometry": {"type": "Point", "coordinates": [18.23038, 59.2382]}, "properties": {"id": "trv-22121:791461-11156:11074-0.5770", "country": "se", "source": "TRV", "updated": "2026-09-12", "name": "vägport 2.44 m", "type": "hauteur_limitee", "obstacle": "vägport", "hauteur_max_m": 2.44, "franchissable": false, "marge_cm": -76}}, {"type": "Feature", "geometry": {"type": "Point", "coordinates": [18.21986, 59.23877]}, "properties": {"id": "trv-22121:791446-11156:11036-0.5901", "country": "se", "source": "TRV", "updated": "2026-09-12", "name": "vägport 2.44 m", "type": "hauteur_limitee", "obstacle": "vägport", "hauteur_max_m": 2.44, "franchissable": false, "marge_cm": -76}}, {"type": "Feature", "geometry": {"type": "Point", "coordinates": [17.74629, 59.50266]}, "properties": {"id": "trv-22512:3835-11158:34539-0.4361", "country": "se", "source": "TRV", "updated": "2026-09-12", "name": "vägport 2.44 m", "type": "hauteur_limitee", "obstacle": "vägport", "hauteur_max_m": 2.44, "franchissable": false, "marge_cm": -76}}, {"type": "Feature", "geometry": {"type": "Point", "coordinates": [12.28599, 57.11128]}, "properties": {"id": "trv-11158:117043-11158:109644-0.6958", "country": "se", "source": "TRV", "updated": "2026-09-12", "name": "vägport 2.45 m", "type": "hauteur_limitee", "obstacle": "vägport", "hauteur_max_m": 2.45, "franchissable": false, "marge_cm": -75}}, {"type": "Feature", "geometry": {"type": "Point", "coordinates": [17.84157, 59.40139]}, "properties": {"id": "trv-20731:47584-11156:31884-0.6972", "country": "se", "source": "TRV", "updated": "2026-09-12", "name": "vägport 2.45 m", "type": "hauteur_limitee", "obstacle": "vägport", "hauteur_max_m": 2.45, "franchissable": false, "marge_cm": -75, "reference": "123-116-1"}}, {"type": "Feature", "geometry": {"type": "Point", "coordinates": [17.84144, 59.40142]}, "properties": {"id": "trv-20731:47588-11156:31884-0.6731", "country": "se", "source": "TRV", "updated": "2026-09-12", "name": "vägport 2.45 m", "type": "hauteur_limitee", "obstacle": "vägport", "hauteur_max_m": 2.45, "franchissable": false, "marge_cm": -75, "reference": "123-147-1"}}, {"type": "Feature", "geometry": {"type": "Point", "coordinates": [18.28036, 59.48437]}, "properties": {"id": "trv-12766:249748-11154:33971-0.8710", "country": "se", "source": "TRV", "updated": "2026-09-12", "name": "tunnel 2.45 m", "type": "hauteur_limitee", "obstacle": "tunnel", "hauteur_max_m": 2.45, "franchissable": false, "marge_cm": -75}}, {"type": "Feature", "geometry": {"type": "Point", "coordinates": [18.28061, 59.48445]}, "properties": {"id": "trv-12766:249752-11154:33971-0.9634", "country": "se", "source": "TRV", "updated": "2026-09-12", "name": "tunnel 2.45 m", "type": "hauteur_limitee", "obstacle": "tunnel", "hauteur_max_m": 2.45, "franchissable": false, "marge_cm": -75}}, {"type": "Feature", "geometry": {"type": "Point", "coordinates": [17.78402, 59.27583]}, "properties": {"id": "trv-11159:37387-16592:5088-0.3791", "country": "se", "source": "TRV", "updated": "2026-09-12", "name": "tunnel 2.45 m", "type": "hauteur_limitee", "obstacle": "tunnel", "hauteur_max_m": 2.45, "franchissable": false, "marge_cm": -75}}, {"type": "Feature", "geometry": {"type": "Point", "coordinates": [16.41509, 57.26438]}, "properties": {"id": "trv-12574:14756-11161:295664-0.6870", "country": "se", "source": "TRV", "updated": "2026-09-12", "name": "tunnel 2.45 m", "type": "hauteur_limitee", "obstacle": "tunnel", "hauteur_max_m": 2.45, "franchissable": false, "marge_cm": -75}}, {"type": "Feature", "geometry": {"type": "Point", "coordinates": [17.82975, 59.4183]}, "properties": {"id": "trv-20731:40966-11156:33963-0.2730", "country": "se", "source": "TRV", "updated": "2026-09-12", "name": "vägport 2.46 m", "type": "hauteur_limitee", "obstacle": "vägport", "hauteur_max_m": 2.46, "franchissable": false, "marge_cm": -74, "reference": "2-1362-1"}}, {"type": "Feature", "geometry": {"type": "Point", "coordinates": [17.81252, 59.41728]}, "properties": {"id": "trv-20731:37680-11156:33849-0.6769", "country": "se", "source": "TRV", "updated": "2026-09-12", "occurrences": 2, "name": "vägport 2.46 m", "type": "hauteur_limitee", "obstacle": "vägport", "hauteur_max_m": 2.46, "franchissable": false, "marge_cm": -74, "reference": "2-1477-1"}}, {"type": "Feature", "geometry": {"type": "Point", "coordinates": [17.81249, 59.4173]}, "properties": {"id": "trv-20731:37680-11156:33849-0.6374", "country": "se", "source": "TRV", "updated": "2026-09-12", "occurrences": 2, "name": "vägport 2.46 m", "type": "hauteur_limitee", "obstacle": "vägport", "hauteur_max_m": 2.46, "franchissable": false, "marge_cm": -74, "reference": "2-1477-1"}}, {"type": "Feature", "geometry": {"type": "Point", "coordinates": [18.20684, 59.24304]}, "properties": {"id": "trv-22121:791333-11156:10768-0.4461", "country": "se", "source": "TRV", "updated": "2026-09-12", "name": "vägport 2.47 m", "type": "hauteur_limitee", "obstacle": "vägport", "hauteur_max_m": 2.47, "franchissable": false, "marge_cm": -73}}, {"type": "Feature", "geometry": {"type": "Point", "coordinates": [17.64857, 59.51232]}, "properties": {"id": "trv-22512:3873-11158:34503-0.4587", "country": "se", "source": "TRV", "updated": "2026-09-12", "name": "vägport 2.49 m", "type": "hauteur_limitee", "obstacle": "vägport", "hauteur_max_m": 2.49, "franchissable": false, "marge_cm": -71}}, {"type": "Feature", "geometry": {"type": "Point", "coordinates": [17.84387, 59.42533]}, "properties": {"id": "trv-20731:38038-11156:32613-0.9477", "country": "se", "source": "TRV", "updated": "2026-09-12", "name": "vägport 2.49 m", "type": "hauteur_limitee", "obstacle": "vägport", "hauteur_max_m": 2.49, "franchissable": false, "marge_cm": -71, "reference": "2-950-1"}}, {"type": "Feature", "geometry": {"type": "Point", "coordinates": [17.79558, 59.40882]}, "properties": {"id": "trv-20731:56097-11156:34091-0.4109", "country": "se", "source": "TRV", "updated": "2026-09-12", "name": "vägport 2.49 m", "type": "hauteur_limitee", "obstacle": "vägport", "hauteur_max_m": 2.49, "franchissable": false, "marge_cm": -71, "reference": "123-111-1"}}, {"type": "Feature", "geometry": {"type": "Point", "coordinates": [16.33694, 56.69111]}, "properties": {"id": "trv-11154:173467-11154:169234-0.4759", "country": "se", "source": "TRV", "updated": "2026-09-12", "name": "vägport 2.50 m", "type": "hauteur_limitee", "obstacle": "vägport", "hauteur_max_m": 2.5, "franchissable": false, "marge_cm": -70, "reference": "8-607-1"}}, {"type": "Feature", "geometry": {"type": "Point", "coordinates": [16.28374, 56.73544]}, "properties": {"id": "trv-11157:88214-11157:87080-0.2994", "country": "se", "source": "TRV", "updated": "2026-09-12", "name": "vägport 2.50 m", "type": "hauteur_limitee", "obstacle": "vägport", "hauteur_max_m": 2.5, "franchissable": false, "marge_cm": -70, "reference": "3500-4105-1"}}, {"type": "Feature", "geometry": {"type": "Point", "coordinates": [22.16736, 65.76574]}, "properties": {"id": "trv-12723:230740-12723:230706-0.4010", "country": "se", "source": "TRV", "updated": "2026-09-12", "name": "vägport 2.50 m", "type": "hauteur_limitee", "obstacle": "vägport", "hauteur_max_m": 2.5, "franchissable": false, "marge_cm": -70, "reference": "25-1947-1"}}, {"type": "Feature", "geometry": {"type": "Point", "coordinates": [13.15876, 57.63]}, "properties": {"id": "trv-11158:221291-11158:219810-0.5268", "country": "se", "source": "TRV", "updated": "2026-09-12", "name": "tunnel 2.50 m", "type": "hauteur_limitee", "obstacle": "tunnel", "hauteur_max_m": 2.5, "franchissable": false, "marge_cm": -70}}, {"type": "Feature", "geometry": {"type": "Point", "coordinates": [14.96486, 56.5287]}, "properties": {"id": "trv-11159:277438-16666:73008-0.8516", "country": "se", "source": "TRV", "updated": "2026-09-12", "name": "vägport 2.50 m", "type": "hauteur_limitee", "obstacle": "vägport", "hauteur_max_m": 2.5, "franchissable": false, "marge_cm": -70, "reference": "7-493-1"}}, {"type": "Feature", "geometry": {"type": "Point", "coordinates": [16.45139, 57.26894]}, "properties": {"id": "trv-12574:14766-11161:294417-0.2223", "country": "se", "source": "TRV", "updated": "2026-09-12", "name": "tunnel 2.50 m", "type": "hauteur_limitee", "obstacle": "tunnel", "hauteur_max_m": 2.5, "franchissable": false, "marge_cm": -70}}, {"type": "Feature", "geometry": {"type": "Point", "coordinates": [14.08162, 57.18739]}, "properties": {"id": "trv-14124:212-3:131643-0.0700", "country": "se", "source": "TRV", "updated": "2026-09-12", "name": "vägport 2.50 m", "type": "hauteur_limitee", "obstacle": "vägport", "hauteur_max_m": 2.5, "franchissable": false, "marge_cm": -70}}, {"type": "Feature", "geometry": {"type": "Point", "coordinates": [14.52299, 58.53007]}, "properties": {"id": "trv-14448:8106-3:1242807-0.5048", "country": "se", "source": "TRV", "updated": "2026-09-12", "occurrences": 2, "name": "övrigt hinder 2.50 m", "type": "hauteur_limitee", "obstacle": "övrigt hinder", "hauteur_max_m": 2.5, "franchissable": false, "marge_cm": -70}}, {"type": "Feature", "geometry": {"type": "Point", "coordinates": [13.93906, 56.84494]}, "properties": {"id": "trv-16175:13477-12733:153748-0.0271", "country": "se", "source": "TRV", "updated": "2026-09-12", "name": "vägport 2.50 m", "type": "hauteur_limitee", "obstacle": "vägport", "hauteur_max_m": 2.5, "franchissable": false, "marge_cm": -70}}, {"type": "Feature", "geometry": {"type": "Point", "coordinates": [15.24015, 58.57296]}, "properties": {"id": "trv-11163:359926-11163:358197-0.7281", "country": "se", "source": "TRV", "updated": "2026-09-12", "name": "vägport 2.50 m", "type": "hauteur_limitee", "obstacle": "vägport", "hauteur_max_m": 2.5, "franchissable": false, "marge_cm": -70}}, {"type": "Feature", "geometry": {"type": "Point", "coordinates": [17.51013, 59.56178]}, "properties": {"id": "trv-16171:67182-12729:66784-0.9814", "country": "se", "source": "TRV", "updated": "2026-09-12", "name": "vägport 2.50 m", "type": "hauteur_limitee", "obstacle": "vägport", "hauteur_max_m": 2.5, "franchissable": false, "marge_cm": -70}}, {"type": "Feature", "geometry": {"type": "Point", "coordinates": [13.85095, 58.38788]}, "properties": {"id": "trv-16585:140974-16585:133361-0.9376", "country": "se", "source": "TRV", "updated": "2026-09-12", "name": "vägport 2.50 m", "type": "hauteur_limitee", "obstacle": "vägport", "hauteur_max_m": 2.5, "franchissable": false, "marge_cm": -70, "reference": "J 632"}}, {"type": "Feature", "geometry": {"type": "Point", "coordinates": [18.18175, 59.17384]}, "properties": {"id": "trv-16665:70764-11161:17416-0.4262", "country": "se", "source": "TRV", "updated": "2026-09-12", "name": "vägport 2.50 m", "type": "hauteur_limitee", "obstacle": "vägport", "hauteur_max_m": 2.5, "franchissable": false, "marge_cm": -70, "reference": "136-31-1"}}, {"type": "Feature", "geometry": {"type": "Point", "coordinates": [12.86272, 56.23505]}, "properties": {"id": "trv-10017:466627-10850:6401-0.2386", "country": "se", "source": "TRV", "updated": "2026-09-12", "name": "vägport 2.50 m", "type": "hauteur_limitee", "obstacle": "vägport", "hauteur_max_m": 2.5, "franchissable": false, "marge_cm": -70}}, {"type": "Feature", "geometry": {"type": "Point", "coordinates": [12.85979, 56.23683]}, "properties": {"id": "trv-10017:466631-10850:6357-0.5992", "country": "se", "source": "TRV", "updated": "2026-09-12", "name": "vägport 2.50 m", "type": "hauteur_limitee", "obstacle": "vägport", "hauteur_max_m": 2.5, "franchissable": false, "marge_cm": -70}}, {"type": "Feature", "geometry": {"type": "Point", "coordinates": [22.36489, 65.87202]}, "properties": {"id": "trv-11157:126227-11157:125815-0.4443", "country": "se", "source": "TRV", "updated": "2026-09-12", "name": "vägport 2.50 m", "type": "hauteur_limitee", "obstacle": "vägport", "hauteur_max_m": 2.5, "franchissable": false, "marge_cm": -70}}, {"type": "Feature", "geometry": {"type": "Point", "coordinates": [12.98244, 56.26022]}, "properties": {"id": "trv-12765:437147-10850:4757-0.8224", "country": "se", "source": "TRV", "updated": "2026-09-12", "name": "vägport 2.50 m", "type": "hauteur_limitee", "obstacle": "vägport", "hauteur_max_m": 2.5, "franchissable": false, "marge_cm": -70, "reference": "11-755-1"}}, {"type": "Feature", "geometry": {"type": "Point", "coordinates": [20.30092, 63.82245]}, "properties": {"id": "trv-13632:8806-20656:2875496-0.4427", "country": "se", "source": "TRV", "updated": "2026-09-12", "name": "bro 2.50 m", "type": "hauteur_limitee", "obstacle": "bro", "hauteur_max_m": 2.5, "franchissable": false, "marge_cm": -70, "reference": "2480-18-1"}}, {"type": "Feature", "geometry": {"type": "Point", "coordinates": [14.12305, 57.75018]}, "properties": {"id": "trv-16169:360450-3:71095-0.5712", "country": "se", "source": "TRV", "updated": "2026-09-12", "name": "vägport 2.50 m", "type": "hauteur_limitee", "obstacle": "vägport", "hauteur_max_m": 2.5, "franchissable": false, "marge_cm": -70}}, {"type": "Feature", "geometry": {"type": "Point", "coordinates": [18.15642, 59.16751]}, "properties": {"id": "trv-16665:70768-11161:17722-0.9575", "country": "se", "source": "TRV", "updated": "2026-09-12", "name": "vägport 2.50 m", "type": "hauteur_limitee", "obstacle": "vägport", "hauteur_max_m": 2.5, "franchissable": false, "marge_cm": -70, "reference": "2-1576-1"}}, {"type": "Feature", "geometry": {"type": "Point", "coordinates": [18.18925, 59.19961]}, "properties": {"id": "trv-16665:70770-11161:16288-0.4724", "country": "se", "source": "TRV", "updated": "2026-09-12", "name": "vägport 2.50 m", "type": "hauteur_limitee", "obstacle": "vägport", "hauteur_max_m": 2.5, "franchissable": false, "marge_cm": -70, "reference": "2-1354-1"}}, {"type": "Feature", "geometry": {"type": "Point", "coordinates": [12.80903, 58.03119]}, "properties": {"id": "trv-11163:219612-11163:219022-0.4466", "country": "se", "source": "TRV", "updated": "2026-09-12", "name": "vägport 2.50 m", "type": "hauteur_limitee", "obstacle": "vägport", "hauteur_max_m": 2.5, "franchissable": false, "marge_cm": -70, "reference": "3500-4190-1"}}, {"type": "Feature", "geometry": {"type": "Point", "coordinates": [12.85907, 56.23531]}, "properties": {"id": "trv-12765:437207-10850:6395-0.9033", "country": "se", "source": "TRV", "updated": "2026-09-12", "name": "vägport 2.50 m", "type": "hauteur_limitee", "obstacle": "vägport", "hauteur_max_m": 2.5, "franchissable": false, "marge_cm": -70, "reference": "11-650-1"}}, {"type": "Feature", "geometry": {"type": "Point", "coordinates": [18.16158, 59.17346]}, "properties": {"id": "trv-16665:70782-11161:16915-0.0813", "country": "se", "source": "TRV", "updated": "2026-09-12", "name": "vägport 2.50 m", "type": "hauteur_limitee", "obstacle": "vägport", "hauteur_max_m": 2.5, "franchissable": false, "marge_cm": -70, "reference": "136-23-1"}}, {"type": "Feature", "geometry": {"type": "Point", "coordinates": [13.93156, 56.0747]}, "properties": {"id": "trv-12732:105157-12728:121929-0.4430", "country": "se", "source": "TRV", "updated": "2026-09-12", "name": "vägport 2.50 m", "type": "hauteur_limitee", "obstacle": "vägport", "hauteur_max_m": 2.5, "franchissable": false, "marge_cm": -70, "reference": "11-1006-1"}}, {"type": "Feature", "geometry": {"type": "Point", "coordinates": [12.90804, 56.65294]}, "properties": {"id": "trv-13228:3748-3:285418-0.5145", "country": "se", "source": "TRV", "updated": "2026-09-12", "occurrences": 2, "name": "vägport 2.50 m", "type": "hauteur_limitee", "obstacle": "vägport", "hauteur_max_m": 2.5, "franchissable": false, "marge_cm": -70}}, {"type": "Feature", "geometry": {"type": "Point", "coordinates": [12.86926, 56.69794]}, "properties": {"id": "trv-13228:3756-3:285406-0.2601", "country": "se", "source": "TRV", "updated": "2026-09-12", "occurrences": 2, "name": "vägport 2.50 m", "type": "hauteur_limitee", "obstacle": "vägport", "hauteur_max_m": 2.5, "franchissable": false, "marge_cm": -70}}, {"type": "Feature", "geometry": {"type": "Point", "coordinates": [12.86904, 56.698]}, "properties": {"id": "trv-13228:3756-3:285406-0.3295", "country": "se", "source": "TRV", "updated": "2026-09-12", "occurrences": 2, "name": "vägport 2.50 m", "type": "hauteur_limitee", "obstacle": "vägport", "hauteur_max_m": 2.5, "franchissable": false, "marge_cm": -70}}, {"type": "Feature", "geometry": {"type": "Point", "coordinates": [13.8511, 58.38799]}, "properties": {"id": "trv-16585:140972-16585:133316-0.7704", "country": "se", "source": "TRV", "updated": "2026-09-12", "name": "vägport 2.50 m", "type": "hauteur_limitee", "obstacle": "vägport", "hauteur_max_m": 2.5, "franchissable": false, "marge_cm": -70, "reference": "J 632"}}, {"type": "Feature", "geometry": {"type": "Point", "coordinates": [12.72495, 56.08125]}, "properties": {"id": "trv-16586:86853-19314:12948-0.5352", "country": "se", "source": "TRV", "updated": "2026-09-12", "name": "vägport 2.50 m", "type": "hauteur_limitee", "obstacle": "vägport", "hauteur_max_m": 2.5, "franchissable": false, "marge_cm": -70, "reference": "12-946-1"}}, {"type": "Feature", "geometry": {"type": "Point", "coordinates": [16.91504, 60.13125]}, "properties": {"id": "trv-16670:41795-16670:40661-0.4596", "country": "se", "source": "TRV", "updated": "2026-09-12", "name": "vägport 2.50 m", "type": "hauteur_limitee", "obstacle": "vägport", "hauteur_max_m": 2.5, "franchissable": false, "marge_cm": -70, "reference": "100-438-1"}}, {"type": "Feature", "geometry": {"type": "Point", "coordinates": [17.84298, 59.23279]}, "properties": {"id": "trv-12725:183803-12723:81785-0.8977", "country": "se", "source": "TRV", "updated": "2026-09-12", "name": "vägport 2.50 m", "type": "hauteur_limitee", "obstacle": "vägport", "hauteur_max_m": 2.5, "franchissable": false, "marge_cm": -70, "reference": "2-1063-1"}}, {"type": "Feature", "geometry": {"type": "Point", "coordinates": [14.98924, 57.66408]}, "properties": {"id": "trv-12725:78490-12725:76314-0.9607", "country": "se", "source": "TRV", "updated": "2026-09-12", "name": "vägport 2.50 m", "type": "hauteur_limitee", "obstacle": "vägport", "hauteur_max_m": 2.5, "franchissable": false, "marge_cm": -70}}, {"type": "Feature", "geometry": {"type": "Point", "coordinates": [14.43503, 59.23294]}, "properties": {"id": "trv-14454:13991-3:458419-0.7103", "country": "se", "source": "TRV", "updated": "2026-09-12", "name": "vägport 2.50 m", "type": "hauteur_limitee", "obstacle": "vägport", "hauteur_max_m": 2.5, "franchissable": false, "marge_cm": -70}}, {"type": "Feature", "geometry": {"type": "Point", "coordinates": [17.17894, 59.64536]}, "properties": {"id": "trv-16354:7038-3:171001-0.3793", "country": "se", "source": "TRV", "updated": "2026-09-12", "occurrences": 2, "name": "vägport 2.50 m", "type": "hauteur_limitee", "obstacle": "vägport", "hauteur_max_m": 2.5, "franchissable": false, "marge_cm": -70}}, {"type": "Feature", "geometry": {"type": "Point", "coordinates": [17.17883, 59.64579]}, "properties": {"id": "trv-16354:7038-3:171001-0.6158", "country": "se", "source": "TRV", "updated": "2026-09-12", "occurrences": 2, "name": "vägport 2.50 m", "type": "hauteur_limitee", "obstacle": "vägport", "hauteur_max_m": 2.5, "franchissable": false, "marge_cm": -70}}, {"type": "Feature", "geometry": {"type": "Point", "coordinates": [18.16158, 59.16978]}, "properties": {"id": "trv-16665:70786-11161:17618-0.0651", "country": "se", "source": "TRV", "updated": "2026-09-12", "name": "vägport 2.50 m", "type": "hauteur_limitee", "obstacle": "vägport", "hauteur_max_m": 2.5, "franchissable": false, "marge_cm": -70, "reference": "136-41-1"}}, {"type": "Feature", "geometry": {"type": "Point", "coordinates": [17.83562, 59.42568]}, "properties": {"id": "trv-20731:56087-11156:32545-0.8159", "country": "se", "source": "TRV", "updated": "2026-09-12", "name": "vägport 2.50 m", "type": "hauteur_limitee", "obstacle": "vägport", "hauteur_max_m": 2.5, "franchissable": false, "marge_cm": -70, "reference": "2-953-1"}}, {"type": "Feature", "geometry": {"type": "Point", "coordinates": [20.27941, 63.85406]}, "properties": {"id": "trv-16669:28710-16669:27640-0.6115", "country": "se", "source": "TRV", "updated": "2026-09-12", "name": "vägport 2.50 m", "type": "hauteur_limitee", "obstacle": "vägport", "hauteur_max_m": 2.5, "franchissable": false, "marge_cm": -70, "reference": "24-1941-1"}}, {"type": "Feature", "geometry": {"type": "Point", "coordinates": [20.97134, 64.75978]}, "properties": {"id": "trv-20297:1691-23097:3385-0.8078", "country": "se", "source": "TRV", "updated": "2026-09-12", "name": "vägport 2.50 m", "type": "hauteur_limitee", "obstacle": "vägport", "hauteur_max_m": 2.5, "franchissable": false, "marge_cm": -70}}, {"type": "Feature", "geometry": {"type": "Point", "coordinates": [17.87005, 59.24953]}, "properties": {"id": "trv-12725:183765-12723:83208-0.9731", "country": "se", "source": "TRV", "updated": "2026-09-12", "name": "vägport 2.50 m", "type": "hauteur_limitee", "obstacle": "vägport", "hauteur_max_m": 2.5, "franchissable": false, "marge_cm": -70, "reference": "2-1142-1"}}, {"type": "Feature", "geometry": {"type": "Point", "coordinates": [12.87484, 56.23879]}, "properties": {"id": "trv-12765:437215-10850:6195-0.2870", "country": "se", "source": "TRV", "updated": "2026-09-12", "name": "vägport 2.50 m", "type": "hauteur_limitee", "obstacle": "vägport", "hauteur_max_m": 2.5, "franchissable": false, "marge_cm": -70}}, {"type": "Feature", "geometry": {"type": "Point", "coordinates": [15.65347, 56.19167]}, "properties": {"id": "trv-12535:676-16538:13731-0.6045", "country": "se", "source": "TRV", "updated": "2026-09-12", "name": "vägport 2.50 m", "type": "hauteur_limitee", "obstacle": "vägport", "hauteur_max_m": 2.5, "franchissable": false, "marge_cm": -70}}, {"type": "Feature", "geometry": {"type": "Point", "coordinates": [21.29028, 65.31785]}, "properties": {"id": "trv-12578:84075-12578:82695-0.5453", "country": "se", "source": "TRV", "updated": "2026-09-12", "name": "vägport 2.50 m", "type": "hauteur_limitee", "obstacle": "vägport", "hauteur_max_m": 2.5, "franchissable": false, "marge_cm": -70, "reference": "100-23740-1"}}, {"type": "Feature", "geometry": {"type": "Point", "coordinates": [18.6709, 64.59061]}, "properties": {"id": "trv-12726:222387-11160:146343-0.1486", "country": "se", "source": "TRV", "updated": "2026-09-12", "name": "vägport 2.50 m", "type": "hauteur_limitee", "obstacle": "vägport", "hauteur_max_m": 2.5, "franchissable": false, "marge_cm": -70, "reference": "3500-2403-1"}}, {"type": "Feature", "geometry": {"type": "Point", "coordinates": [18.20891, 59.2129]}, "properties": {"id": "trv-22121:790102-11156:11190-0.8747", "country": "se", "source": "TRV", "updated": "2026-09-12", "name": "tunnel 2.50 m", "type": "hauteur_limitee", "obstacle": "tunnel", "hauteur_max_m": 2.5, "franchissable": false, "marge_cm": -70}}, {"type": "Feature", "geometry": {"type": "Point", "coordinates": [15.25142, 59.18659]}, "properties": {"id": "trv-16516:11699-22870:6411-0.4299", "country": "se", "source": "TRV", "updated": "2026-09-12", "name": "vägport 2.50 m", "type": "hauteur_limitee", "obstacle": "vägport", "hauteur_max_m": 2.5, "franchissable": false, "marge_cm": -70, "reference": "100-878-1"}}, {"type": "Feature", "geometry": {"type": "Point", "coordinates": [12.4613, 58.6981]}, "properties": {"id": "trv-12725:137149-12725:136929-0.9691", "country": "se", "source": "TRV", "updated": "2026-09-12", "name": "bro 2.50 m", "type": "hauteur_limitee", "obstacle": "bro", "hauteur_max_m": 2.5, "franchissable": false, "marge_cm": -70}}, {"type": "Feature", "geometry": {"type": "Point", "coordinates": [12.00749, 57.49549]}, "properties": {"id": "trv-19310:47776-11157:265698-0.5002", "country": "se", "source": "TRV", "updated": "2026-09-12", "name": "övrigt hinder 2.50 m", "type": "hauteur_limitee", "obstacle": "övrigt hinder", "hauteur_max_m": 2.5, "franchissable": false, "marge_cm": -70}}, {"type": "Feature", "geometry": {"type": "Point", "coordinates": [17.73073, 60.02474]}, "properties": {"id": "trv-22863:32108-22863:29041-0.8282", "country": "se", "source": "TRV", "updated": "2026-09-12", "name": "vägport 2.50 m", "type": "hauteur_limitee", "obstacle": "vägport", "hauteur_max_m": 2.5, "franchissable": false, "marge_cm": -70}}, {"type": "Feature", "geometry": {"type": "Point", "coordinates": [17.31933, 62.39837]}, "properties": {"id": "trv-21277:212498-21277:212458-0.4203", "country": "se", "source": "TRV", "updated": "2026-09-12", "name": "tunnel 2.50 m", "type": "hauteur_limitee", "obstacle": "tunnel", "hauteur_max_m": 2.5, "franchissable": false, "marge_cm": -70, "reference": "Kungsporten"}}, {"type": "Feature", "geometry": {"type": "Point", "coordinates": [11.97611, 57.69079]}, "properties": {"id": "trv-12723:334947-12723:334342-0.5065", "country": "se", "source": "TRV", "updated": "2026-09-12", "name": "vägport 2.50 m", "type": "hauteur_limitee", "obstacle": "vägport", "hauteur_max_m": 2.5, "franchissable": false, "marge_cm": -70}}, {"type": "Feature", "geometry": {"type": "Point", "coordinates": [12.74898, 59.64782]}, "properties": {"id": "trv-11159:106367-11159:105680-0.3840", "country": "se", "source": "TRV", "updated": "2026-09-12", "name": "vägport 2.50 m", "type": "hauteur_limitee", "obstacle": "vägport", "hauteur_max_m": 2.5, "franchissable": false, "marge_cm": -70}}, {"type": "Feature", "geometry": {"type": "Point", "coordinates": [12.28145, 57.1113]}, "properties": {"id": "trv-11158:117045-11158:109193-0.2892", "country": "se", "source": "TRV", "updated": "2026-09-12", "name": "vägport 2.50 m", "type": "hauteur_limitee", "obstacle": "vägport", "hauteur_max_m": 2.5, "franchissable": false, "marge_cm": -70}}, {"type": "Feature", "geometry": {"type": "Point", "coordinates": [11.94013, 58.91257]}, "properties": {"id": "trv-12733:236662-3:1203936-0.1334", "country": "se", "source": "TRV", "updated": "2026-09-12", "name": "vägport 2.50 m", "type": "hauteur_limitee", "obstacle": "vägport", "hauteur_max_m": 2.5, "franchissable": false, "marge_cm": -70, "reference": "3500-3276-1"}}, {"type": "Feature", "geometry": {"type": "Point", "coordinates": [13.94273, 56.82229]}, "properties": {"id": "trv-11161:392433-12733:154106-0.1575", "country": "se", "source": "TRV", "updated": "2026-09-12", "name": "vägport 2.50 m", "type": "hauteur_limitee", "obstacle": "vägport", "hauteur_max_m": 2.5, "franchissable": false, "marge_cm": -70}}, {"type": "Feature", "geometry": {"type": "Point", "coordinates": [20.99412, 64.74946]}, "properties": {"id": "trv-20296:768-23097:4288-0.3443", "country": "se", "source": "TRV", "updated": "2026-09-12", "name": "vägport 2.50 m", "type": "hauteur_limitee", "obstacle": "vägport", "hauteur_max_m": 2.5, "franchissable": false, "marge_cm": -70}}, {"type": "Feature", "geometry": {"type": "Point", "coordinates": [13.85051, 58.388]}, "properties": {"id": "trv-12759:3334-16585:133316-0.7958", "country": "se", "source": "TRV", "updated": "2026-09-12", "name": "vägport 2.50 m", "type": "hauteur_limitee", "obstacle": "vägport", "hauteur_max_m": 2.5, "franchissable": false, "marge_cm": -70, "reference": "J 632"}}, {"type": "Feature", "geometry": {"type": "Point", "coordinates": [14.08109, 56.19308]}, "properties": {"id": "trv-16588:95397-16588:95372-0.2424", "country": "se", "source": "TRV", "updated": "2026-09-12", "name": "vägport 2.50 m", "type": "hauteur_limitee", "obstacle": "vägport", "hauteur_max_m": 2.5, "franchissable": false, "marge_cm": -70, "reference": "100-420-1"}}, {"type": "Feature", "geometry": {"type": "Point", "coordinates": [20.30074, 63.82245]}, "properties": {"id": "trv-20661:68168-3:1007236-0.5113", "country": "se", "source": "TRV", "updated": "2026-09-12", "name": "bro 2.50 m", "type": "hauteur_limitee", "obstacle": "bro", "hauteur_max_m": 2.5, "franchissable": false, "marge_cm": -70, "reference": "2480-18-1"}}, {"type": "Feature", "geometry": {"type": "Point", "coordinates": [12.44577, 56.91611]}, "properties": {"id": "trv-14435:19561-3:285347-0.5104", "country": "se", "source": "TRV", "updated": "2026-09-12", "name": "vägport 2.50 m", "type": "hauteur_limitee", "obstacle": "vägport", "hauteur_max_m": 2.5, "franchissable": false, "marge_cm": -70}}, {"type": "Feature", "geometry": {"type": "Point", "coordinates": [16.77553, 60.62256]}, "properties": {"id": "trv-16495:36043-16523:223558-0.2866", "country": "se", "source": "TRV", "updated": "2026-09-12", "name": "övrigt hinder 2.50 m", "type": "hauteur_limitee", "obstacle": "övrigt hinder", "hauteur_max_m": 2.5, "franchissable": false, "marge_cm": -70}}, {"type": "Feature", "geometry": {"type": "Point", "coordinates": [13.97254, 56.0614]}, "properties": {"id": "trv-12732:105161-12728:122086-0.4368", "country": "se", "source": "TRV", "updated": "2026-09-12", "name": "vägport 2.50 m", "type": "hauteur_limitee", "obstacle": "vägport", "hauteur_max_m": 2.5, "franchissable": false, "marge_cm": -70, "reference": "11-1007-1"}}, {"type": "Feature", "geometry": {"type": "Point", "coordinates": [12.90786, 56.65282]}, "properties": {"id": "trv-13228:3748-3:285418-0.2775", "country": "se", "source": "TRV", "updated": "2026-09-12", "occurrences": 2, "name": "vägport 2.50 m", "type": "hauteur_limitee", "obstacle": "vägport", "hauteur_max_m": 2.5, "franchissable": false, "marge_cm": -70}}, {"type": "Feature", "geometry": {"type": "Point", "coordinates": [14.51507, 59.32469]}, "properties": {"id": "trv-16590:75011-16590:69471-0.8574", "country": "se", "source": "TRV", "updated": "2026-09-12", "name": "bro 2.50 m", "type": "hauteur_limitee", "obstacle": "bro", "hauteur_max_m": 2.5, "franchissable": false, "marge_cm": -70, "reference": "3500-4739-1"}}, {"type": "Feature", "geometry": {"type": "Point", "coordinates": [18.1421, 59.17772]}, "properties": {"id": "trv-16665:70818-11161:17235-0.9132", "country": "se", "source": "TRV", "updated": "2026-09-12", "name": "vägport 2.50 m", "type": "hauteur_limitee", "obstacle": "vägport", "hauteur_max_m": 2.5, "franchissable": false, "marge_cm": -70, "reference": "136-18-1"}}, {"type": "Feature", "geometry": {"type": "Point", "coordinates": [20.97799, 64.74515]}, "properties": {"id": "trv-20297:1675-23097:2705-0.9220", "country": "se", "source": "TRV", "updated": "2026-09-12", "name": "vägport 2.50 m", "type": "hauteur_limitee", "obstacle": "vägport", "hauteur_max_m": 2.5, "franchissable": false, "marge_cm": -70}}, {"type": "Feature", "geometry": {"type": "Point", "coordinates": [16.06478, 57.26148]}, "properties": {"id": "trv-12574:14772-11161:295598-0.5552", "country": "se", "source": "TRV", "updated": "2026-09-12", "name": "tunnel 2.50 m", "type": "hauteur_limitee", "obstacle": "tunnel", "hauteur_max_m": 2.5, "franchissable": false, "marge_cm": -70}}, {"type": "Feature", "geometry": {"type": "Point", "coordinates": [20.17883, 63.81023]}, "properties": {"id": "trv-20661:362284-20656:2856030-0.5237", "country": "se", "source": "TRV", "updated": "2026-09-12", "name": "vägport 2.50 m", "type": "hauteur_limitee", "obstacle": "vägport", "hauteur_max_m": 2.5, "franchissable": false, "marge_cm": -70, "reference": "24-1466-1 Bro över gc-väg vid Röbäck"}}, {"type": "Feature", "geometry": {"type": "Point", "coordinates": [17.94951, 62.61835]}, "properties": {"id": "trv-22875:83728-19344:1287-0.3356", "country": "se", "source": "TRV", "updated": "2026-09-12", "name": "vägport 2.50 m", "type": "hauteur_limitee", "obstacle": "vägport", "hauteur_max_m": 2.5, "franchissable": false, "marge_cm": -70}}, {"type": "Feature", "geometry": {"type": "Point", "coordinates": [16.35021, 56.70624]}, "properties": {"id": "trv-11154:173479-11154:169514-0.1445", "country": "se", "source": "TRV", "updated": "2026-09-12", "name": "vägport 2.50 m", "type": "hauteur_limitee", "obstacle": "vägport", "hauteur_max_m": 2.5, "franchissable": false, "marge_cm": -70, "reference": "8-608-1"}}, {"type": "Feature", "geometry": {"type": "Point", "coordinates": [18.15243, 59.22042]}, "properties": {"id": "trv-22121:1131400-22126:6030-0.3421", "country": "se", "source": "TRV", "updated": "2026-09-12", "name": "tunnel 2.50 m", "type": "hauteur_limitee", "obstacle": "tunnel", "hauteur_max_m": 2.5, "franchissable": false, "marge_cm": -70}}, {"type": "Feature", "geometry": {"type": "Point", "coordinates": [15.24731, 59.19608]}, "properties": {"id": "trv-16516:11701-22870:6434-0.1441", "country": "se", "source": "TRV", "updated": "2026-09-12", "name": "vägport 2.50 m", "type": "hauteur_limitee", "obstacle": "vägport", "hauteur_max_m": 2.5, "franchissable": false, "marge_cm": -70, "reference": "100-880-1"}}, {"type": "Feature", "geometry": {"type": "Point", "coordinates": [20.31439, 63.79648]}, "properties": {"id": "trv-13632:8716-20656:2852727-0.5337", "country": "se", "source": "TRV", "updated": "2026-09-12", "name": "vägport 2.50 m", "type": "hauteur_limitee", "obstacle": "vägport", "hauteur_max_m": 2.5, "franchissable": false, "marge_cm": -70, "reference": "2480-4-1"}}, {"type": "Feature", "geometry": {"type": "Point", "coordinates": [20.31521, 63.82818]}, "properties": {"id": "trv-13632:8756-20656:2866629-0.4564", "country": "se", "source": "TRV", "updated": "2026-09-12", "name": "vägport 2.50 m", "type": "hauteur_limitee", "obstacle": "vägport", "hauteur_max_m": 2.5, "franchissable": false, "marge_cm": -70, "reference": "2480-56-1"}}, {"type": "Feature", "geometry": {"type": "Point", "coordinates": [14.52338, 58.52995]}, "properties": {"id": "trv-14448:8106-3:1242807-0.7188", "country": "se", "source": "TRV", "updated": "2026-09-12", "occurrences": 2, "name": "övrigt hinder 2.50 m", "type": "hauteur_limitee", "obstacle": "övrigt hinder", "hauteur_max_m": 2.5, "franchissable": false, "marge_cm": -70}}, {"type": "Feature", "geometry": {"type": "Point", "coordinates": [15.77683, 60.61502]}, "properties": {"id": "trv-11156:431088-11156:430726-0.9294", "country": "se", "source": "TRV", "updated": "2026-09-12", "name": "vägport 2.50 m", "type": "hauteur_limitee", "obstacle": "vägport", "hauteur_max_m": 2.5, "franchissable": false, "marge_cm": -70, "reference": "20-38-2"}}, {"type": "Feature", "geometry": {"type": "Point", "coordinates": [14.98268, 58.09898]}, "properties": {"id": "trv-11156:454630-3:131531-0.5334", "country": "se", "source": "TRV", "updated": "2026-09-12", "name": "vägport 2.50 m", "type": "hauteur_limitee", "obstacle": "vägport", "hauteur_max_m": 2.5, "franchissable": false, "marge_cm": -70, "reference": "6-1144-1"}}, {"type": "Feature", "geometry": {"type": "Point", "coordinates": [17.82464, 59.25013]}, "properties": {"id": "trv-12725:183837-12723:87294-0.9133", "country": "se", "source": "TRV", "updated": "2026-09-12", "name": "vägport 2.50 m", "type": "hauteur_limitee", "obstacle": "vägport", "hauteur_max_m": 2.5, "franchissable": false, "marge_cm": -70, "reference": "127-616-1"}}, {"type": "Feature", "geometry": {"type": "Point", "coordinates": [12.86476, 56.23804]}, "properties": {"id": "trv-12765:437211-10850:6289-0.2131", "country": "se", "source": "TRV", "updated": "2026-09-12", "name": "vägport 2.50 m", "type": "hauteur_limitee", "obstacle": "vägport", "hauteur_max_m": 2.5, "franchissable": false, "marge_cm": -70, "reference": "11-613-1"}}, {"type": "Feature", "geometry": {"type": "Point", "coordinates": [20.32757, 63.8133]}, "properties": {"id": "trv-11159:232977-12726:148304-0.2808", "country": "se", "source": "TRV", "updated": "2026-09-12", "name": "vägport 2.50 m", "type": "hauteur_limitee", "obstacle": "vägport", "hauteur_max_m": 2.5, "franchissable": false, "marge_cm": -70, "reference": "24-1921-1"}}, {"type": "Feature", "geometry": {"type": "Point", "coordinates": [16.77529, 60.62255]}, "properties": {"id": "trv-16495:36041-16523:223558-0.0989", "country": "se", "source": "TRV", "updated": "2026-09-12", "name": "övrigt hinder 2.50 m", "type": "hauteur_limitee", "obstacle": "övrigt hinder", "hauteur_max_m": 2.5, "franchissable": false, "marge_cm": -70}}, {"type": "Feature", "geometry": {"type": "Point", "coordinates": [18.13151, 59.14567]}, "properties": {"id": "trv-16665:70806-11161:18189-0.6695", "country": "se", "source": "TRV", "updated": "2026-09-12", "name": "vägport 2.50 m", "type": "hauteur_limitee", "obstacle": "vägport", "hauteur_max_m": 2.5, "franchissable": false, "marge_cm": -70, "reference": "136-52-1"}}, {"type": "Feature", "geometry": {"type": "Point", "coordinates": [14.5894, 59.32279]}, "properties": {"id": "trv-16590:75017-16590:70026-0.7692", "country": "se", "source": "TRV", "updated": "2026-09-12", "name": "vägport 2.50 m", "type": "hauteur_limitee", "obstacle": "vägport", "hauteur_max_m": 2.5, "franchissable": false, "marge_cm": -70, "reference": "18-230-1"}}, {"type": "Feature", "geometry": {"type": "Point", "coordinates": [13.8504, 58.3879]}, "properties": {"id": "trv-12759:3330-16585:133361-0.9608", "country": "se", "source": "TRV", "updated": "2026-09-12", "name": "vägport 2.50 m", "type": "hauteur_limitee", "obstacle": "vägport", "hauteur_max_m": 2.5, "franchissable": false, "marge_cm": -70, "reference": "J 632"}}, {"type": "Feature", "geometry": {"type": "Point", "coordinates": [18.14811, 59.15387]}, "properties": {"id": "trv-16665:70772-11161:18388-0.4086", "country": "se", "source": "TRV", "updated": "2026-09-12", "name": "vägport 2.50 m", "type": "hauteur_limitee", "obstacle": "vägport", "hauteur_max_m": 2.5, "franchissable": false, "marge_cm": -70, "reference": "2-1394-1"}}, {"type": "Feature", "geometry": {"type": "Point", "coordinates": [18.16851, 59.1732]}, "properties": {"id": "trv-16665:70788-11161:16915-0.8573", "country": "se", "source": "TRV", "updated": "2026-09-12", "name": "vägport 2.50 m", "type": "hauteur_limitee", "obstacle": "vägport", "hauteur_max_m": 2.5, "franchissable": false, "marge_cm": -70, "reference": "136-25-1"}}, {"type": "Feature", "geometry": {"type": "Point", "coordinates": [16.23332, 56.67989]}, "properties": {"id": "trv-19308:5453-19308:3998-0.2840", "country": "se", "source": "TRV", "updated": "2026-09-12", "name": "bro 2.50 m", "type": "hauteur_limitee", "obstacle": "bro", "hauteur_max_m": 2.5, "franchissable": false, "marge_cm": -70, "reference": "8-611-1"}}, {"type": "Feature", "geometry": {"type": "Point", "coordinates": [20.32526, 63.80938]}, "properties": {"id": "trv-11159:232973-12726:148304-0.1919", "country": "se", "source": "TRV", "updated": "2026-09-12", "name": "vägport 2.50 m", "type": "hauteur_limitee", "obstacle": "vägport", "hauteur_max_m": 2.5, "franchissable": false, "marge_cm": -70, "reference": "24-1919-1"}}, {"type": "Feature", "geometry": {"type": "Point", "coordinates": [14.56148, 56.75456]}, "properties": {"id": "trv-14435:19739-1000:23020-0.5612", "country": "se", "source": "TRV", "updated": "2026-09-12", "name": "övrigt hinder 2.50 m", "type": "hauteur_limitee", "obstacle": "övrigt hinder", "hauteur_max_m": 2.5, "franchissable": false, "marge_cm": -70}}, {"type": "Feature", "geometry": {"type": "Point", "coordinates": [18.0492, 59.37018]}, "properties": {"id": "trv-19194:2484569-19194:2484537-0.6765", "country": "se", "source": "TRV", "updated": "2026-09-12", "name": "bro 2.50 m", "type": "hauteur_limitee", "obstacle": "bro", "hauteur_max_m": 2.5, "franchissable": false, "marge_cm": -70}}, {"type": "Feature", "geometry": {"type": "Point", "coordinates": [14.14927, 57.83233]}, "properties": {"id": "trv-16576:7711-16576:6683-0.9181", "country": "se", "source": "TRV", "updated": "2026-09-12", "name": "vägport 2.50 m", "type": "hauteur_limitee", "obstacle": "vägport", "hauteur_max_m": 2.5, "franchissable": false, "marge_cm": -70}}, {"type": "Feature", "geometry": {"type": "Point", "coordinates": [18.05119, 59.42602]}, "properties": {"id": "trv-23701:4341-23701:4290-0.5787", "country": "se", "source": "TRV", "updated": "2026-09-12", "name": "vägport 2.50 m", "type": "hauteur_limitee", "obstacle": "vägport", "hauteur_max_m": 2.5, "franchissable": false, "marge_cm": -70}}, {"type": "Feature", "geometry": {"type": "Point", "coordinates": [13.10768, 55.49048]}, "properties": {"id": "trv-12728:84501-12728:84316-0.5897", "country": "se", "source": "TRV", "updated": "2026-09-12", "name": "vägport 2.50 m", "type": "hauteur_limitee", "obstacle": "vägport", "hauteur_max_m": 2.5, "franchissable": false, "marge_cm": -70}}, {"type": "Feature", "geometry": {"type": "Point", "coordinates": [16.46819, 57.2546]}, "properties": {"id": "trv-12574:14746-11161:295286-0.5763", "country": "se", "source": "TRV", "updated": "2026-09-12", "name": "tunnel 2.50 m", "type": "hauteur_limitee", "obstacle": "tunnel", "hauteur_max_m": 2.5, "franchissable": false, "marge_cm": -70}}, {"type": "Feature", "geometry": {"type": "Point", "coordinates": [12.16659, 57.29068]}, "properties": {"id": "trv-11162:302785-3:238779-0.1128", "country": "se", "source": "TRV", "updated": "2026-09-12", "name": "vägport 2.50 m", "type": "hauteur_limitee", "obstacle": "vägport", "hauteur_max_m": 2.5, "franchissable": false, "marge_cm": -70, "reference": "3500-5018-1"}}, {"type": "Feature", "geometry": {"type": "Point", "coordinates": [12.7207, 56.02924]}, "properties": {"id": "trv-11157:78156-11157:70559-0.6633", "country": "se", "source": "TRV", "updated": "2026-09-12", "name": "bro 2.50 m", "type": "hauteur_limitee", "obstacle": "bro", "hauteur_max_m": 2.5, "franchissable": false, "marge_cm": -70}}, {"type": "Feature", "geometry": {"type": "Point", "coordinates": [20.17663, 63.83878]}, "properties": {"id": "trv-13632:8774-20656:2875284-0.5799", "country": "se", "source": "TRV", "updated": "2026-09-12", "name": "vägport 2.50 m", "type": "hauteur_limitee", "obstacle": "vägport", "hauteur_max_m": 2.5, "franchissable": false, "marge_cm": -70, "reference": "2480-95-1"}}, {"type": "Feature", "geometry": {"type": "Point", "coordinates": [12.00941, 57.76653]}, "properties": {"id": "trv-14435:32565-3:1404134-0.5639", "country": "se", "source": "TRV", "updated": "2026-09-12", "name": "vägport 2.50 m", "type": "hauteur_limitee", "obstacle": "vägport", "hauteur_max_m": 2.5, "franchissable": false, "marge_cm": -70}}, {"type": "Feature", "geometry": {"type": "Point", "coordinates": [15.20374, 58.5847]}, "properties": {"id": "trv-11163:359922-11163:358263-0.6166", "country": "se", "source": "TRV", "updated": "2026-09-12", "name": "vägport 2.50 m", "type": "hauteur_limitee", "obstacle": "vägport", "hauteur_max_m": 2.5, "franchissable": false, "marge_cm": -70}}, {"type": "Feature", "geometry": {"type": "Point", "coordinates": [12.28883, 58.37431]}, "properties": {"id": "trv-16673:15505-11162:29700-0.9478", "country": "se", "source": "TRV", "updated": "2026-09-12", "name": "tunnel 2.50 m", "type": "hauteur_limitee", "obstacle": "tunnel", "hauteur_max_m": 2.5, "franchissable": false, "marge_cm": -70}}, {"type": "Feature", "geometry": {"type": "Point", "coordinates": [18.07227, 59.49849]}, "properties": {"id": "trv-22989:217-22989:201-0.4776", "country": "se", "source": "TRV", "updated": "2026-09-12", "name": "bro 2.50 m", "type": "hauteur_limitee", "obstacle": "bro", "hauteur_max_m": 2.5, "franchissable": false, "marge_cm": -70}}, {"type": "Feature", "geometry": {"type": "Point", "coordinates": [14.14958, 57.83633]}, "properties": {"id": "trv-12732:127236-16503:539-0.4490", "country": "se", "source": "TRV", "updated": "2026-09-12", "name": "vägport 2.50 m", "type": "hauteur_limitee", "obstacle": "vägport", "hauteur_max_m": 2.5, "franchissable": false, "marge_cm": -70, "reference": "3500-4800-1"}}, {"type": "Feature", "geometry": {"type": "Point", "coordinates": [12.83861, 56.17318]}, "properties": {"id": "trv-12765:437171-10850:7063-0.0079", "country": "se", "source": "TRV", "updated": "2026-09-12", "name": "vägport 2.50 m", "type": "hauteur_limitee", "obstacle": "vägport", "hauteur_max_m": 2.5, "franchissable": false, "marge_cm": -70, "reference": "11-686-1"}}, {"type": "Feature", "geometry": {"type": "Point", "coordinates": [20.18587, 63.83896]}, "properties": {"id": "trv-13632:8772-20656:2875288-0.4013", "country": "se", "source": "TRV", "updated": "2026-09-12", "name": "vägport 2.50 m", "type": "hauteur_limitee", "obstacle": "vägport", "hauteur_max_m": 2.5, "franchissable": false, "marge_cm": -70, "reference": "2480-94-1"}}, {"type": "Feature", "geometry": {"type": "Point", "coordinates": [18.13784, 59.16189]}, "properties": {"id": "trv-16665:70780-11161:17921-0.1096", "country": "se", "source": "TRV", "updated": "2026-09-12", "name": "vägport 2.50 m", "type": "hauteur_limitee", "obstacle": "vägport", "hauteur_max_m": 2.5, "franchissable": false, "marge_cm": -70, "reference": "136-99-1"}}, {"type": "Feature", "geometry": {"type": "Point", "coordinates": [18.10776, 59.11503]}, "properties": {"id": "trv-16665:70808-11161:18795-0.1401", "country": "se", "source": "TRV", "updated": "2026-09-12", "name": "vägport 2.50 m", "type": "hauteur_limitee", "obstacle": "vägport", "hauteur_max_m": 2.5, "franchissable": false, "marge_cm": -70}}, {"type": "Feature", "geometry": {"type": "Point", "coordinates": [18.13408, 59.13643]}, "properties": {"id": "trv-16665:70810-11161:19741-0.5355", "country": "se", "source": "TRV", "updated": "2026-09-12", "name": "vägport 2.50 m", "type": "hauteur_limitee", "obstacle": "vägport", "hauteur_max_m": 2.5, "franchissable": false, "marge_cm": -70, "reference": "136-60-1"}}, {"type": "Feature", "geometry": {"type": "Point", "coordinates": [18.01244, 59.37871]}, "properties": {"id": "trv-12727:322509-11156:22553-0.5803", "country": "se", "source": "TRV", "updated": "2026-09-12", "name": "bro 2.50 m", "type": "hauteur_limitee", "obstacle": "bro", "hauteur_max_m": 2.5, "franchissable": false, "marge_cm": -70, "reference": "2-792-1"}}, {"type": "Feature", "geometry": {"type": "Point", "coordinates": [18.22359, 59.49564]}, "properties": {"id": "trv-12735:211760-19315:12888-0.0673", "country": "se", "source": "TRV", "updated": "2026-09-12", "name": "vägport 2.50 m", "type": "hauteur_limitee", "obstacle": "vägport", "hauteur_max_m": 2.5, "franchissable": false, "marge_cm": -70}}, {"type": "Feature", "geometry": {"type": "Point", "coordinates": [18.15861, 59.17365]}, "properties": {"id": "trv-16665:70792-11161:16999-0.7583", "country": "se", "source": "TRV", "updated": "2026-09-12", "name": "vägport 2.50 m", "type": "hauteur_limitee", "obstacle": "vägport", "hauteur_max_m": 2.5, "franchissable": false, "marge_cm": -70, "reference": "2-905-1"}}, {"type": "Feature", "geometry": {"type": "Point", "coordinates": [14.14568, 56.54928]}, "properties": {"id": "trv-11158:296278-11158:295812-0.2351", "country": "se", "source": "TRV", "updated": "2026-09-12", "name": "vägport 2.50 m", "type": "hauteur_limitee", "obstacle": "vägport", "hauteur_max_m": 2.5, "franchissable": false, "marge_cm": -70, "reference": "7-711-1"}}, {"type": "Feature", "geometry": {"type": "Point", "coordinates": [15.68954, 58.4001]}, "properties": {"id": "trv-12724:178001-12724:177929-0.5505", "country": "se", "source": "TRV", "updated": "2026-09-12", "name": "vägport 2.50 m", "type": "hauteur_limitee", "obstacle": "vägport", "hauteur_max_m": 2.5, "franchissable": false, "marge_cm": -70}}, {"type": "Feature", "geometry": {"type": "Point", "coordinates": [14.04785, 61.86668]}, "properties": {"id": "trv-12731:247765-3:424805-0.1891", "country": "se", "source": "TRV", "updated": "2026-09-12", "name": "bro 2.50 m", "type": "hauteur_limitee", "obstacle": "bro", "hauteur_max_m": 2.5, "franchissable": false, "marge_cm": -70}}, {"type": "Feature", "geometry": {"type": "Point", "coordinates": [20.27405, 63.85428]}, "properties": {"id": "trv-16669:28706-16669:27647-0.4490", "country": "se", "source": "TRV", "updated": "2026-09-12", "name": "vägport 2.50 m", "type": "hauteur_limitee", "obstacle": "vägport", "hauteur_max_m": 2.5, "franchissable": false, "marge_cm": -70, "reference": "24-1940-1"}}, {"type": "Feature", "geometry": {"type": "Point", "coordinates": [14.08137, 57.19417]}, "properties": {"id": "trv-14124:208-3:131642-0.8469", "country": "se", "source": "TRV", "updated": "2026-09-12", "name": "vägport 2.50 m", "type": "hauteur_limitee", "obstacle": "vägport", "hauteur_max_m": 2.5, "franchissable": false, "marge_cm": -70}}, {"type": "Feature", "geometry": {"type": "Point", "coordinates": [14.50243, 59.33023]}, "properties": {"id": "trv-16590:75007-12731:126718-0.5689", "country": "se", "source": "TRV", "updated": "2026-09-12", "name": "vägport 2.50 m", "type": "hauteur_limitee", "obstacle": "vägport", "hauteur_max_m": 2.5, "franchissable": false, "marge_cm": -70, "reference": "18-644-1"}}, {"type": "Feature", "geometry": {"type": "Point", "coordinates": [15.63416, 58.40995]}, "properties": {"id": "trv-19340:2664-11159:27639-0.6083", "country": "se", "source": "TRV", "updated": "2026-09-12", "name": "vägport 2.50 m", "type": "hauteur_limitee", "obstacle": "vägport", "hauteur_max_m": 2.5, "franchissable": false, "marge_cm": -70, "reference": "580-7-1"}}, {"type": "Feature", "geometry": {"type": "Point", "coordinates": [11.99178, 57.68739]}, "properties": {"id": "trv-20531:193808-20531:193538-0.5436", "country": "se", "source": "TRV", "updated": "2026-09-12", "name": "vägport 2.50 m", "type": "hauteur_limitee", "obstacle": "vägport", "hauteur_max_m": 2.5, "franchissable": false, "marge_cm": -70}}, {"type": "Feature", "geometry": {"type": "Point", "coordinates": [13.06037, 56.50237]}, "properties": {"id": "trv-16126:396285-16126:395769-0.2944", "country": "se", "source": "TRV", "updated": "2026-09-12", "name": "övrigt hinder 2.50 m", "type": "hauteur_limitee", "obstacle": "övrigt hinder", "hauteur_max_m": 2.5, "franchissable": false, "marge_cm": -70}}, {"type": "Feature", "geometry": {"type": "Point", "coordinates": [15.26432, 59.16018]}, "properties": {"id": "trv-16516:11697-22870:6383-0.3911", "country": "se", "source": "TRV", "updated": "2026-09-12", "name": "vägport 2.50 m", "type": "hauteur_limitee", "obstacle": "vägport", "hauteur_max_m": 2.5, "franchissable": false, "marge_cm": -70, "reference": "100-877-1"}}, {"type": "Feature", "geometry": {"type": "Point", "coordinates": [22.38173, 65.87412]}, "properties": {"id": "trv-11157:126223-11157:125882-0.3606", "country": "se", "source": "TRV", "updated": "2026-09-12", "name": "vägport 2.50 m", "type": "hauteur_limitee", "obstacle": "vägport", "hauteur_max_m": 2.5, "franchissable": false, "marge_cm": -70}}, {"type": "Feature", "geometry": {"type": "Point", "coordinates": [22.08486, 65.57787]}, "properties": {"id": "trv-11157:126225-11157:125785-0.1069", "country": "se", "source": "TRV", "updated": "2026-09-12", "name": "vägport 2.50 m", "type": "hauteur_limitee", "obstacle": "vägport", "hauteur_max_m": 2.5, "franchissable": false, "marge_cm": -70}}, {"type": "Feature", "geometry": {"type": "Point", "coordinates": [15.14286, 58.58699]}, "properties": {"id": "trv-11163:359918-11163:358376-0.5398", "country": "se", "source": "TRV", "updated": "2026-09-12", "name": "vägport 2.50 m", "type": "hauteur_limitee", "obstacle": "vägport", "hauteur_max_m": 2.5, "franchissable": false, "marge_cm": -70}}, {"type": "Feature", "geometry": {"type": "Point", "coordinates": [20.2587, 63.81737]}, "properties": {"id": "trv-13632:8738-20656:2858728-0.4531", "country": "se", "source": "TRV", "updated": "2026-09-12", "name": "vägport 2.50 m", "type": "hauteur_limitee", "obstacle": "vägport", "hauteur_max_m": 2.5, "franchissable": false, "marge_cm": -70, "reference": "2480-42-1"}}, {"type": "Feature", "geometry": {"type": "Point", "coordinates": [20.16954, 63.83716]}, "properties": {"id": "trv-13632:8776-20656:2852205-0.4368", "country": "se", "source": "TRV", "updated": "2026-09-12", "name": "vägport 2.50 m", "type": "hauteur_limitee", "obstacle": "vägport", "hauteur_max_m": 2.5, "franchissable": false, "marge_cm": -70, "reference": "2480-96-1"}}, {"type": "Feature", "geometry": {"type": "Point", "coordinates": [21.50517, 65.14296]}, "properties": {"id": "trv-11163:224182-12723:191174-0.3043", "country": "se", "source": "TRV", "updated": "2026-09-12", "name": "vägport 2.50 m", "type": "hauteur_limitee", "obstacle": "vägport", "hauteur_max_m": 2.5, "franchissable": false, "marge_cm": -70, "reference": "25-1906-1"}}, {"type": "Feature", "geometry": {"type": "Point", "coordinates": [20.33778, 63.85861]}, "properties": {"id": "trv-13632:8732-20656:2887795-0.4825", "country": "se", "source": "TRV", "updated": "2026-09-12", "name": "vägport 2.50 m", "type": "hauteur_limitee", "obstacle": "vägport", "hauteur_max_m": 2.5, "franchissable": false, "marge_cm": -70, "reference": "2480-24-1"}}, {"type": "Feature", "geometry": {"type": "Point", "coordinates": [13.03244, 58.08133]}, "properties": {"id": "trv-13746:376-3:1311530-0.1857", "country": "se", "source": "TRV", "updated": "2026-09-12", "name": "vägport 2.50 m", "type": "hauteur_limitee", "obstacle": "vägport", "hauteur_max_m": 2.5, "franchissable": false, "marge_cm": -70}}, {"type": "Feature", "geometry": {"type": "Point", "coordinates": [18.1624, 59.17328]}, "properties": {"id": "trv-16665:70766-11161:17636-0.9671", "country": "se", "source": "TRV", "updated": "2026-09-12", "name": "vägport 2.50 m", "type": "hauteur_limitee", "obstacle": "vägport", "hauteur_max_m": 2.5, "franchissable": false, "marge_cm": -70, "reference": "136-24-1"}}, {"type": "Feature", "geometry": {"type": "Point", "coordinates": [23.11313, 65.87879]}, "properties": {"id": "trv-22838:794-16129:2350-0.6100", "country": "se", "source": "TRV", "updated": "2026-09-12", "name": "vägport 2.50 m", "type": "hauteur_limitee", "obstacle": "vägport", "hauteur_max_m": 2.5, "franchissable": false, "marge_cm": -70, "reference": "3500-13266-1"}}, {"type": "Feature", "geometry": {"type": "Point", "coordinates": [16.23558, 56.68162]}, "properties": {"id": "trv-19308:5463-19308:4021-0.4374", "country": "se", "source": "TRV", "updated": "2026-09-12", "name": "bro 2.50 m", "type": "hauteur_limitee", "obstacle": "bro", "hauteur_max_m": 2.5, "franchissable": false, "marge_cm": -70, "reference": "8-612-1"}}, {"type": "Feature", "geometry": {"type": "Point", "coordinates": [20.30054, 63.82244]}, "properties": {"id": "trv-13632:8804-20656:2875500-0.4479", "country": "se", "source": "TRV", "updated": "2026-09-12", "name": "bro 2.50 m", "type": "hauteur_limitee", "obstacle": "bro", "hauteur_max_m": 2.5, "franchissable": false, "marge_cm": -70, "reference": "2480-18-1"}}, {"type": "Feature", "geometry": {"type": "Point", "coordinates": [14.52962, 59.33627]}, "properties": {"id": "trv-16590:75015-16590:67518-0.9260", "country": "se", "source": "TRV", "updated": "2026-09-12", "name": "vägport 2.50 m", "type": "hauteur_limitee", "obstacle": "vägport", "hauteur_max_m": 2.5, "franchissable": false, "marge_cm": -70, "reference": "118-539-1"}}, {"type": "Feature", "geometry": {"type": "Point", "coordinates": [21.51248, 65.13652]}, "properties": {"id": "trv-12727:195844-12727:195217-0.3491", "country": "se", "source": "TRV", "updated": "2026-09-12", "name": "vägport 2.50 m", "type": "hauteur_limitee", "obstacle": "vägport", "hauteur_max_m": 2.5, "franchissable": false, "marge_cm": -70, "reference": "25-2639-1"}}, {"type": "Feature", "geometry": {"type": "Point", "coordinates": [13.37471, 59.45188]}, "properties": {"id": "trv-16586:119812-13470:20474-0.4645", "country": "se", "source": "TRV", "updated": "2026-09-12", "name": "vägport 2.50 m", "type": "hauteur_limitee", "obstacle": "vägport", "hauteur_max_m": 2.5, "franchissable": false, "marge_cm": -70, "reference": "17-1087-1"}}, {"type": "Feature", "geometry": {"type": "Point", "coordinates": [17.90318, 59.20477]}, "properties": {"id": "trv-12725:183743-12723:80069-0.3797", "country": "se", "source": "TRV", "updated": "2026-09-12", "name": "vägport 2.50 m", "type": "hauteur_limitee", "obstacle": "vägport", "hauteur_max_m": 2.5, "franchissable": false, "marge_cm": -70}}, {"type": "Feature", "geometry": {"type": "Point", "coordinates": [13.10775, 55.4904]}, "properties": {"id": "trv-12728:84497-12728:84324-0.3642", "country": "se", "source": "TRV", "updated": "2026-09-12", "name": "vägport 2.50 m", "type": "hauteur_limitee", "obstacle": "vägport", "hauteur_max_m": 2.5, "franchissable": false, "marge_cm": -70}}, {"type": "Feature", "geometry": {"type": "Point", "coordinates": [13.13089, 55.7918]}, "properties": {"id": "trv-16519:349-10848:2898-0.2816", "country": "se", "source": "TRV", "updated": "2026-09-12", "name": "vägport 2.50 m", "type": "hauteur_limitee", "obstacle": "vägport", "hauteur_max_m": 2.5, "franchissable": false, "marge_cm": -70, "reference": "12-621-1"}}, {"type": "Feature", "geometry": {"type": "Point", "coordinates": [18.13104, 59.22781]}, "properties": {"id": "trv-22121:1131387-22121:889072-0.1163", "country": "se", "source": "TRV", "updated": "2026-09-12", "name": "övrigt hinder 2.50 m", "type": "hauteur_limitee", "obstacle": "övrigt hinder", "hauteur_max_m": 2.5, "franchissable": false, "marge_cm": -70, "reference": "Trapphus till Trångsunds stationen"}}, {"type": "Feature", "geometry": {"type": "Point", "coordinates": [17.83636, 59.42539]}, "properties": {"id": "trv-20731:56082-11156:32523-0.5654", "country": "se", "source": "TRV", "updated": "2026-09-12", "name": "vägport 2.50 m", "type": "hauteur_limitee", "obstacle": "vägport", "hauteur_max_m": 2.5, "franchissable": false, "marge_cm": -70, "reference": "2-951-1"}}, {"type": "Feature", "geometry": {"type": "Point", "coordinates": [18.327, 59.4918]}, "properties": {"id": "trv-12766:249740-11154:34506-0.4501", "country": "se", "source": "TRV", "updated": "2026-09-12", "name": "tunnel 2.50 m", "type": "hauteur_limitee", "obstacle": "tunnel", "hauteur_max_m": 2.5, "franchissable": false, "marge_cm": -70}}, {"type": "Feature", "geometry": {"type": "Point", "coordinates": [18.32714, 59.49175]}, "properties": {"id": "trv-12766:249744-11154:34506-0.2479", "country": "se", "source": "TRV", "updated": "2026-09-12", "name": "tunnel 2.50 m", "type": "hauteur_limitee", "obstacle": "tunnel", "hauteur_max_m": 2.5, "franchissable": false, "marge_cm": -70}}, {"type": "Feature", "geometry": {"type": "Point", "coordinates": [20.91206, 64.74897]}, "properties": {"id": "trv-20296:15209-3:953112-0.0190", "country": "se", "source": "TRV", "updated": "2026-09-12", "occurrences": 2, "name": "vägport 2.50 m", "type": "hauteur_limitee", "obstacle": "vägport", "hauteur_max_m": 2.5, "franchissable": false, "marge_cm": -70, "reference": "Lejonströmsbron"}}, {"type": "Feature", "geometry": {"type": "Point", "coordinates": [20.915, 64.75068]}, "properties": {"id": "trv-20296:15209-3:953112-0.5901", "country": "se", "source": "TRV", "updated": "2026-09-12", "occurrences": 2, "name": "vägport 2.50 m", "type": "hauteur_limitee", "obstacle": "vägport", "hauteur_max_m": 2.5, "franchissable": false, "marge_cm": -70, "reference": "Lejonströmsbron"}}, {"type": "Feature", "geometry": {"type": "Point", "coordinates": [14.57412, 59.3278]}, "properties": {"id": "trv-16590:75009-16590:67900-0.2874", "country": "se", "source": "TRV", "updated": "2026-09-12", "name": "vägport 2.50 m", "type": "hauteur_limitee", "obstacle": "vägport", "hauteur_max_m": 2.5, "franchissable": false, "marge_cm": -70, "reference": "18-546-1"}}, {"type": "Feature", "geometry": {"type": "Point", "coordinates": [20.28091, 63.82712]}, "properties": {"id": "trv-20661:386693-20656:2889962-0.5110", "country": "se", "source": "TRV", "updated": "2026-09-12", "name": "vägport 2.50 m", "type": "hauteur_limitee", "obstacle": "vägport", "hauteur_max_m": 2.5, "franchissable": false, "marge_cm": -70, "reference": "3500-2181-1"}}, {"type": "Feature", "geometry": {"type": "Point", "coordinates": [20.29623, 63.80909]}, "properties": {"id": "trv-20661:386701-20656:2830825-0.8766", "country": "se", "source": "TRV", "updated": "2026-09-12", "name": "vägport 2.50 m", "type": "hauteur_limitee", "obstacle": "vägport", "hauteur_max_m": 2.5, "franchissable": false, "marge_cm": -70, "reference": "3500-14799-1"}}, {"type": "Feature", "geometry": {"type": "Point", "coordinates": [20.38465, 63.71686]}, "properties": {"id": "trv-20661:386713-20656:2866274-0.4072", "country": "se", "source": "TRV", "updated": "2026-09-12", "name": "vägport 2.50 m", "type": "hauteur_limitee", "obstacle": "vägport", "hauteur_max_m": 2.5, "franchissable": false, "marge_cm": -70, "reference": "3500-2186-1 Lövövallen, km 902+613, TRV UHj Byggnadsverk Bro Norra N"}}, {"type": "Feature", "geometry": {"type": "Point", "coordinates": [15.2316, 59.2587]}, "properties": {"id": "trv-22526:23311-22526:23192-0.8982", "country": "se", "source": "TRV", "updated": "2026-09-12", "name": "övrigt hinder 2.50 m", "type": "hauteur_limitee", "obstacle": "övrigt hinder", "hauteur_max_m": 2.5, "franchissable": false, "marge_cm": -70}}, {"type": "Feature", "geometry": {"type": "Point", "coordinates": [15.23178, 59.25874]}, "properties": {"id": "trv-22526:23315-22526:23192-0.5511", "country": "se", "source": "TRV", "updated": "2026-09-12", "name": "övrigt hinder 2.50 m", "type": "hauteur_limitee", "obstacle": "övrigt hinder", "hauteur_max_m": 2.5, "franchissable": false, "marge_cm": -70}}, {"type": "Feature", "geometry": {"type": "Point", "coordinates": [18.29368, 57.6356]}, "properties": {"id": "trv-14850:9-3:40926-0.0615", "country": "se", "source": "TRV", "updated": "2026-09-12", "name": "vägport 2.50 m", "type": "hauteur_limitee", "obstacle": "vägport", "hauteur_max_m": 2.5, "franchissable": false, "marge_cm": -70, "reference": "Kajsarport"}}, {"type": "Feature", "geometry": {"type": "Point", "coordinates": [15.1408, 59.22761]}, "properties": {"id": "trv-16132:7796-3:478338-0.2952", "country": "se", "source": "TRV", "updated": "2026-09-12", "name": "vägport 2.50 m", "type": "hauteur_limitee", "obstacle": "vägport", "hauteur_max_m": 2.5, "franchissable": false, "marge_cm": -70}}, {"type": "Feature", "geometry": {"type": "Point", "coordinates": [16.28778, 56.73505]}, "properties": {"id": "trv-11157:88216-11157:87109-0.7747", "country": "se", "source": "TRV", "updated": "2026-09-12", "name": "vägport 2.50 m", "type": "hauteur_limitee", "obstacle": "vägport", "hauteur_max_m": 2.5, "franchissable": false, "marge_cm": -70, "reference": "8-579-1"}}, {"type": "Feature", "geometry": {"type": "Point", "coordinates": [16.29332, 56.73359]}, "properties": {"id": "trv-11157:88218-11157:87013-0.2280", "country": "se", "source": "TRV", "updated": "2026-09-12", "name": "vägport 2.50 m", "type": "hauteur_limitee", "obstacle": "vägport", "hauteur_max_m": 2.5, "franchissable": false, "marge_cm": -70, "reference": "880-10-1"}}, {"type": "Feature", "geometry": {"type": "Point", "coordinates": [15.14046, 59.22767]}, "properties": {"id": "trv-16132:7798-3:478338-0.2420", "country": "se", "source": "TRV", "updated": "2026-09-12", "name": "vägport 2.50 m", "type": "hauteur_limitee", "obstacle": "vägport", "hauteur_max_m": 2.5, "franchissable": false, "marge_cm": -70}}, {"type": "Feature", "geometry": {"type": "Point", "coordinates": [20.26443, 63.83317]}, "properties": {"id": "trv-11159:232997-12726:148198-0.9351", "country": "se", "source": "TRV", "updated": "2026-09-12", "name": "vägport 2.50 m", "type": "hauteur_limitee", "obstacle": "vägport", "hauteur_max_m": 2.5, "franchissable": false, "marge_cm": -70, "reference": "24-1357-1"}}, {"type": "Feature", "geometry": {"type": "Point", "coordinates": [12.26108, 57.09233]}, "properties": {"id": "trv-11158:117053-11158:110138-0.4230", "country": "se", "source": "TRV", "updated": "2026-09-12", "name": "vägport 2.50 m", "type": "hauteur_limitee", "obstacle": "vägport", "hauteur_max_m": 2.5, "franchissable": false, "marge_cm": -70}}, {"type": "Feature", "geometry": {"type": "Point", "coordinates": [16.35542, 56.70663]}, "properties": {"id": "trv-19381:144068-19381:144038-0.8847", "country": "se", "source": "TRV", "updated": "2026-09-12", "name": "övrigt hinder 2.50 m", "type": "hauteur_limitee", "obstacle": "övrigt hinder", "hauteur_max_m": 2.5, "franchissable": false, "marge_cm": -70}}, {"type": "Feature", "geometry": {"type": "Point", "coordinates": [16.35694, 56.70587]}, "properties": {"id": "trv-19381:144130-19381:144104-0.6689", "country": "se", "source": "TRV", "updated": "2026-09-12", "name": "övrigt hinder 2.50 m", "type": "hauteur_limitee", "obstacle": "övrigt hinder", "hauteur_max_m": 2.5, "franchissable": false, "marge_cm": -70}}, {"type": "Feature", "geometry": {"type": "Point", "coordinates": [16.35342, 56.70573]}, "properties": {"id": "trv-19381:144138-19381:134797-0.6131", "country": "se", "source": "TRV", "updated": "2026-09-12", "name": "övrigt hinder 2.50 m", "type": "hauteur_limitee", "obstacle": "övrigt hinder", "hauteur_max_m": 2.5, "franchissable": false, "marge_cm": -70}}, {"type": "Feature", "geometry": {"type": "Point", "coordinates": [16.35471, 56.70474]}, "properties": {"id": "trv-19381:144142-19381:135371-0.5257", "country": "se", "source": "TRV", "updated": "2026-09-12", "name": "övrigt hinder 2.50 m", "type": "hauteur_limitee", "obstacle": "övrigt hinder", "hauteur_max_m": 2.5, "franchissable": false, "marge_cm": -70}}, {"type": "Feature", "geometry": {"type": "Point", "coordinates": [17.52652, 59.56774]}, "properties": {"id": "trv-16171:67194-12729:66082-0.1315", "country": "se", "source": "TRV", "updated": "2026-09-12", "name": "vägport 2.50 m", "type": "hauteur_limitee", "obstacle": "vägport", "hauteur_max_m": 2.5, "franchissable": false, "marge_cm": -70}}, {"type": "Feature", "geometry": {"type": "Point", "coordinates": [13.53711, 58.16705]}, "properties": {"id": "trv-16184:424154-12736:94891-0.1986", "country": "se", "source": "TRV", "updated": "2026-09-12", "name": "bro 2.50 m", "type": "hauteur_limitee", "obstacle": "bro", "hauteur_max_m": 2.5, "franchissable": false, "marge_cm": -70}}, {"type": "Feature", "geometry": {"type": "Point", "coordinates": [15.17932, 60.1436]}, "properties": {"id": "trv-14120:245758-3:638294-0.2864", "country": "se", "source": "TRV", "updated": "2026-09-12", "occurrences": 2, "name": "tunnel 2.50 m", "type": "hauteur_limitee", "obstacle": "tunnel", "hauteur_max_m": 2.5, "franchissable": false, "marge_cm": -70, "reference": "Tunnel under väg 50 och järnväg"}}, {"type": "Feature", "geometry": {"type": "Point", "coordinates": [15.17892, 60.14346]}, "properties": {"id": "trv-14120:245758-3:638294-0.4552", "country": "se", "source": "TRV", "updated": "2026-09-12", "occurrences": 2, "name": "tunnel 2.50 m", "type": "hauteur_limitee", "obstacle": "tunnel", "hauteur_max_m": 2.5, "franchissable": false, "marge_cm": -70, "reference": "Tunnel under väg 50 och järnväg"}}, {"type": "Feature", "geometry": {"type": "Point", "coordinates": [18.31563, 59.48112]}, "properties": {"id": "trv-12766:249720-11154:35510-0.9857", "country": "se", "source": "TRV", "updated": "2026-09-12", "name": "tunnel 2.50 m", "type": "hauteur_limitee", "obstacle": "tunnel", "hauteur_max_m": 2.5, "franchissable": false, "marge_cm": -70}}, {"type": "Feature", "geometry": {"type": "Point", "coordinates": [18.31564, 59.48121]}, "properties": {"id": "trv-12766:249716-11154:35510-0.9996", "country": "se", "source": "TRV", "updated": "2026-09-12", "name": "tunnel 2.50 m", "type": "hauteur_limitee", "obstacle": "tunnel", "hauteur_max_m": 2.5, "franchissable": false, "marge_cm": -70}}, {"type": "Feature", "geometry": {"type": "Point", "coordinates": [17.01855, 58.75596]}, "properties": {"id": "trv-21240:263007-21240:133835-0.4257", "country": "se", "source": "TRV", "updated": "2026-09-12", "name": "övrigt hinder 2.50 m", "type": "hauteur_limitee", "obstacle": "övrigt hinder", "hauteur_max_m": 2.5, "franchissable": false, "marge_cm": -70}}, {"type": "Feature", "geometry": {"type": "Point", "coordinates": [16.35531, 56.68637]}, "properties": {"id": "trv-11154:173481-11154:168742-0.8649", "country": "se", "source": "TRV", "updated": "2026-09-12", "name": "vägport 2.50 m", "type": "hauteur_limitee", "obstacle": "vägport", "hauteur_max_m": 2.5, "franchissable": false, "marge_cm": -70, "reference": "8-531-1"}}, {"type": "Feature", "geometry": {"type": "Point", "coordinates": [20.33028, 63.85173]}, "properties": {"id": "trv-20661:545437-20661:545399-0.8958", "country": "se", "source": "TRV", "updated": "2026-09-12", "name": "vägport 2.50 m", "type": "hauteur_limitee", "obstacle": "vägport", "hauteur_max_m": 2.5, "franchissable": false, "marge_cm": -70, "reference": "2480-23-1"}}, {"type": "Feature", "geometry": {"type": "Point", "coordinates": [12.72445, 56.04445]}, "properties": {"id": "trv-11792:141-12755:5498-0.6045", "country": "se", "source": "TRV", "updated": "2026-09-12", "name": "övrigt hinder 2.50 m", "type": "hauteur_limitee", "obstacle": "övrigt hinder", "hauteur_max_m": 2.5, "franchissable": false, "marge_cm": -70}}, {"type": "Feature", "geometry": {"type": "Point", "coordinates": [18.13472, 59.15537]}, "properties": {"id": "trv-16665:70824-11161:18012-0.5101", "country": "se", "source": "TRV", "updated": "2026-09-12", "name": "vägport 2.50 m", "type": "hauteur_limitee", "obstacle": "vägport", "hauteur_max_m": 2.5, "franchissable": false, "marge_cm": -70, "reference": "2-1302-1"}}, {"type": "Feature", "geometry": {"type": "Point", "coordinates": [20.28235, 63.82141]}, "properties": {"id": "trv-20661:548717-20661:548677-0.5997", "country": "se", "source": "TRV", "updated": "2026-09-12", "name": "vägport 2.50 m", "type": "hauteur_limitee", "obstacle": "vägport", "hauteur_max_m": 2.5, "franchissable": false, "marge_cm": -70, "reference": "2480-68-1"}}, {"type": "Feature", "geometry": {"type": "Point", "coordinates": [20.29035, 63.82309]}, "properties": {"id": "trv-20661:552446-20661:552412-0.4832", "country": "se", "source": "TRV", "updated": "2026-09-12", "name": "vägport 2.50 m", "type": "hauteur_limitee", "obstacle": "vägport", "hauteur_max_m": 2.5, "franchissable": false, "marge_cm": -70, "reference": "2480-121-1"}}, {"type": "Feature", "geometry": {"type": "Point", "coordinates": [21.82733, 65.55627]}, "properties": {"id": "trv-11160:265834-11157:125797-0.2507", "country": "se", "source": "TRV", "updated": "2026-09-12", "name": "vägport 2.50 m", "type": "hauteur_limitee", "obstacle": "vägport", "hauteur_max_m": 2.5, "franchissable": false, "marge_cm": -70, "reference": "25-1685-1"}}, {"type": "Feature", "geometry": {"type": "Point", "coordinates": [14.7907, 56.90008]}, "properties": {"id": "trv-17737:117-13250:11472-0.4592", "country": "se", "source": "TRV", "updated": "2026-09-12", "name": "vägport 2.50 m", "type": "hauteur_limitee", "obstacle": "vägport", "hauteur_max_m": 2.5, "franchissable": false, "marge_cm": -70}}, {"type": "Feature", "geometry": {"type": "Point", "coordinates": [14.82028, 56.8503]}, "properties": {"id": "trv-16665:70203-12468:507-0.9274", "country": "se", "source": "TRV", "updated": "2026-09-12", "name": "vägport 2.50 m", "type": "hauteur_limitee", "obstacle": "vägport", "hauteur_max_m": 2.5, "franchissable": false, "marge_cm": -70, "reference": "780-1020-1"}}, {"type": "Feature", "geometry": {"type": "Point", "coordinates": [14.82351, 56.84944]}, "properties": {"id": "trv-16665:70208-13253:2005-0.6727", "country": "se", "source": "TRV", "updated": "2026-09-12", "name": "vägport 2.50 m", "type": "hauteur_limitee", "obstacle": "vägport", "hauteur_max_m": 2.5, "franchissable": false, "marge_cm": -70}}, {"type": "Feature", "geometry": {"type": "Point", "coordinates": [14.82223, 56.8542]}, "properties": {"id": "trv-16665:70213-13253:9006-0.2949", "country": "se", "source": "TRV", "updated": "2026-09-12", "name": "vägport 2.50 m", "type": "hauteur_limitee", "obstacle": "vägport", "hauteur_max_m": 2.5, "franchissable": false, "marge_cm": -70, "reference": "780-1023-1"}}, {"type": "Feature", "geometry": {"type": "Point", "coordinates": [14.02894, 57.17217]}, "properties": {"id": "trv-10018:174037-14478:667-0.9486", "country": "se", "source": "TRV", "updated": "2026-09-12", "name": "övrigt hinder 2.50 m", "type": "hauteur_limitee", "obstacle": "övrigt hinder", "hauteur_max_m": 2.5, "franchissable": false, "marge_cm": -70}}, {"type": "Feature", "geometry": {"type": "Point", "coordinates": [14.81031, 56.8763]}, "properties": {"id": "trv-13250:16894-11159:260772-0.1430", "country": "se", "source": "TRV", "updated": "2026-09-12", "name": "vägport 2.50 m", "type": "hauteur_limitee", "obstacle": "vägport", "hauteur_max_m": 2.5, "franchissable": false, "marge_cm": -70}}, {"type": "Feature", "geometry": {"type": "Point", "coordinates": [14.80973, 56.89074]}, "properties": {"id": "trv-12479:1091-13250:15793-0.5180", "country": "se", "source": "TRV", "updated": "2026-09-12", "name": "vägport 2.50 m", "type": "hauteur_limitee", "obstacle": "vägport", "hauteur_max_m": 2.5, "franchissable": false, "marge_cm": -70}}, {"type": "Feature", "geometry": {"type": "Point", "coordinates": [14.82548, 56.88808]}, "properties": {"id": "trv-12479:1095-13250:14885-0.7465", "country": "se", "source": "TRV", "updated": "2026-09-12", "name": "vägport 2.50 m", "type": "hauteur_limitee", "obstacle": "vägport", "hauteur_max_m": 2.5, "franchissable": false, "marge_cm": -70}}, {"type": "Feature", "geometry": {"type": "Point", "coordinates": [14.88799, 57.02634]}, "properties": {"id": "trv-12470:3209-13252:1825-0.2425", "country": "se", "source": "TRV", "updated": "2026-09-12", "name": "vägport 2.50 m", "type": "hauteur_limitee", "obstacle": "vägport", "hauteur_max_m": 2.5, "franchissable": false, "marge_cm": -70, "reference": "7-625-1"}}, {"type": "Feature", "geometry": {"type": "Point", "coordinates": [14.81889, 56.87188]}, "properties": {"id": "trv-12471:575-13253:8928-0.3158", "country": "se", "source": "TRV", "updated": "2026-09-12", "name": "vägport 2.50 m", "type": "hauteur_limitee", "obstacle": "vägport", "hauteur_max_m": 2.5, "franchissable": false, "marge_cm": -70}}, {"type": "Feature", "geometry": {"type": "Point", "coordinates": [14.82042, 56.87142]}, "properties": {"id": "trv-12471:579-13253:8928-0.7658", "country": "se", "source": "TRV", "updated": "2026-09-12", "name": "vägport 2.50 m", "type": "hauteur_limitee", "obstacle": "vägport", "hauteur_max_m": 2.5, "franchissable": false, "marge_cm": -70}}, {"type": "Feature", "geometry": {"type": "Point", "coordinates": [16.08078, 61.82846]}, "properties": {"id": "trv-11163:190598-11163:189621-0.0772", "country": "se", "source": "TRV", "updated": "2026-09-12", "name": "vägport 2.50 m", "type": "hauteur_limitee", "obstacle": "vägport", "hauteur_max_m": 2.5, "franchissable": false, "marge_cm": -70, "reference": "21-839-1"}}, {"type": "Feature", "geometry": {"type": "Point", "coordinates": [14.79218, 56.86498]}, "properties": {"id": "trv-12468:5819-12468:5687-0.8070", "country": "se", "source": "TRV", "updated": "2026-09-12", "name": "vägport 2.50 m", "type": "hauteur_limitee", "obstacle": "vägport", "hauteur_max_m": 2.5, "franchissable": false, "marge_cm": -70, "reference": "780-1006-1"}}, {"type": "Feature", "geometry": {"type": "Point", "coordinates": [14.82344, 56.89922]}, "properties": {"id": "trv-17738:24-13250:14933-0.4346", "country": "se", "source": "TRV", "updated": "2026-09-12", "name": "vägport 2.50 m", "type": "hauteur_limitee", "obstacle": "vägport", "hauteur_max_m": 2.5, "franchissable": false, "marge_cm": -70, "reference": "780-3041-1"}}, {"type": "Feature", "geometry": {"type": "Point", "coordinates": [14.68349, 63.15924]}, "properties": {"id": "trv-23698:50159-23698:50122-0.1126", "country": "se", "source": "TRV", "updated": "2026-09-12", "name": "vägport 2.50 m", "type": "hauteur_limitee", "obstacle": "vägport", "hauteur_max_m": 2.5, "franchissable": false, "marge_cm": -70}}, {"type": "Feature", "geometry": {"type": "Point", "coordinates": [14.68373, 63.15631]}, "properties": {"id": "trv-23698:50308-23698:50278-0.8839", "country": "se", "source": "TRV", "updated": "2026-09-12", "name": "vägport 2.50 m", "type": "hauteur_limitee", "obstacle": "vägport", "hauteur_max_m": 2.5, "franchissable": false, "marge_cm": -70}}, {"type": "Feature", "geometry": {"type": "Point", "coordinates": [14.6837, 63.15729]}, "properties": {"id": "trv-23698:50423-23698:50417-0.0416", "country": "se", "source": "TRV", "updated": "2026-09-12", "name": "vägport 2.50 m", "type": "hauteur_limitee", "obstacle": "vägport", "hauteur_max_m": 2.5, "franchissable": false, "marge_cm": -70}}, {"type": "Feature", "geometry": {"type": "Point", "coordinates": [14.68342, 63.15967]}, "properties": {"id": "trv-23698:50485-23698:50177-0.4672", "country": "se", "source": "TRV", "updated": "2026-09-12", "name": "vägport 2.50 m", "type": "hauteur_limitee", "obstacle": "vägport", "hauteur_max_m": 2.5, "franchissable": false, "marge_cm": -70}}, {"type": "Feature", "geometry": {"type": "Point", "coordinates": [14.79093, 56.89924]}, "properties": {"id": "trv-17737:121-13250:11472-0.3442", "country": "se", "source": "TRV", "updated": "2026-09-12", "name": "vägport 2.50 m", "type": "hauteur_limitee", "obstacle": "vägport", "hauteur_max_m": 2.5, "franchissable": false, "marge_cm": -70, "reference": "780-2058-1"}}, {"type": "Feature", "geometry": {"type": "Point", "coordinates": [20.96278, 64.74123]}, "properties": {"id": "trv-20297:1665-23097:1602-0.0314", "country": "se", "source": "TRV", "updated": "2026-09-12", "name": "vägport 2.50 m", "type": "hauteur_limitee", "obstacle": "vägport", "hauteur_max_m": 2.5, "franchissable": false, "marge_cm": -70}}, {"type": "Feature", "geometry": {"type": "Point", "coordinates": [18.3313, 59.47296]}, "properties": {"id": "trv-12766:249732-11154:35902-0.2312", "country": "se", "source": "TRV", "updated": "2026-09-12", "name": "tunnel 2.50 m", "type": "hauteur_limitee", "obstacle": "tunnel", "hauteur_max_m": 2.5, "franchissable": false, "marge_cm": -70}}, {"type": "Feature", "geometry": {"type": "Point", "coordinates": [18.33115, 59.47291]}, "properties": {"id": "trv-12766:249736-11154:35902-0.1712", "country": "se", "source": "TRV", "updated": "2026-09-12", "name": "tunnel 2.50 m", "type": "hauteur_limitee", "obstacle": "tunnel", "hauteur_max_m": 2.5, "franchissable": false, "marge_cm": -70}}, {"type": "Feature", "geometry": {"type": "Point", "coordinates": [17.28216, 62.41182]}, "properties": {"id": "trv-21277:237071-21277:94094-0.5000", "country": "se", "source": "TRV", "updated": "2026-09-12", "name": "övrigt hinder 2.50 m", "type": "hauteur_limitee", "obstacle": "övrigt hinder", "hauteur_max_m": 2.5, "franchissable": false, "marge_cm": -70}}, {"type": "Feature", "geometry": {"type": "Point", "coordinates": [17.99805, 59.2513]}, "properties": {"id": "trv-22121:1131374-22126:104116-0.6722", "country": "se", "source": "TRV", "updated": "2026-09-12", "occurrences": 2, "name": "övrigt hinder 2.50 m", "type": "hauteur_limitee", "obstacle": "övrigt hinder", "hauteur_max_m": 2.5, "franchissable": false, "marge_cm": -70, "reference": "Husportal"}}, {"type": "Feature", "geometry": {"type": "Point", "coordinates": [17.99813, 59.25099]}, "properties": {"id": "trv-22121:1131374-22126:104116-0.9115", "country": "se", "source": "TRV", "updated": "2026-09-12", "occurrences": 2, "name": "övrigt hinder 2.50 m", "type": "hauteur_limitee", "obstacle": "övrigt hinder", "hauteur_max_m": 2.5, "franchissable": false, "marge_cm": -70, "reference": "Husportal"}}, {"type": "Feature", "geometry": {"type": "Point", "coordinates": [17.99792, 59.25191]}, "properties": {"id": "trv-22121:1131378-22126:104116-0.1927", "country": "se", "source": "TRV", "updated": "2026-09-12", "occurrences": 2, "name": "övrigt hinder 2.50 m", "type": "hauteur_limitee", "obstacle": "övrigt hinder", "hauteur_max_m": 2.5, "franchissable": false, "marge_cm": -70, "reference": "Husportal"}}, {"type": "Feature", "geometry": {"type": "Point", "coordinates": [17.99798, 59.2516]}, "properties": {"id": "trv-22121:1131378-22126:104116-0.4338", "country": "se", "source": "TRV", "updated": "2026-09-12", "occurrences": 2, "name": "övrigt hinder 2.50 m", "type": "hauteur_limitee", "obstacle": "övrigt hinder", "hauteur_max_m": 2.5, "franchissable": false, "marge_cm": -70, "reference": "Husportal"}}, {"type": "Feature", "geometry": {"type": "Point", "coordinates": [17.30484, 62.38959]}, "properties": {"id": "trv-21277:237286-21277:155488-0.6684", "country": "se", "source": "TRV", "updated": "2026-09-12", "name": "övrigt hinder 2.50 m", "type": "hauteur_limitee", "obstacle": "övrigt hinder", "hauteur_max_m": 2.5, "franchissable": false, "marge_cm": -70}}, {"type": "Feature", "geometry": {"type": "Point", "coordinates": [17.32482, 62.42254]}, "properties": {"id": "trv-21277:237290-21277:230098-0.6684", "country": "se", "source": "TRV", "updated": "2026-09-12", "name": "övrigt hinder 2.50 m", "type": "hauteur_limitee", "obstacle": "övrigt hinder", "hauteur_max_m": 2.5, "franchissable": false, "marge_cm": -70}}, {"type": "Feature", "geometry": {"type": "Point", "coordinates": [17.32532, 62.42248]}, "properties": {"id": "trv-21277:237294-21277:230246-0.6496", "country": "se", "source": "TRV", "updated": "2026-09-12", "name": "övrigt hinder 2.50 m", "type": "hauteur_limitee", "obstacle": "övrigt hinder", "hauteur_max_m": 2.5, "franchissable": false, "marge_cm": -70}}, {"type": "Feature", "geometry": {"type": "Point", "coordinates": [17.26987, 62.41184]}, "properties": {"id": "trv-21277:237706-21277:237644-0.6962", "country": "se", "source": "TRV", "updated": "2026-09-12", "name": "övrigt hinder 2.50 m", "type": "hauteur_limitee", "obstacle": "övrigt hinder", "hauteur_max_m": 2.5, "franchissable": false, "marge_cm": -70}}, {"type": "Feature", "geometry": {"type": "Point", "coordinates": [12.26842, 57.11112]}, "properties": {"id": "trv-11158:117041-11158:109934-0.5714", "country": "se", "source": "TRV", "updated": "2026-09-12", "name": "vägport 2.50 m", "type": "hauteur_limitee", "obstacle": "vägport", "hauteur_max_m": 2.5, "franchissable": false, "marge_cm": -70}}, {"type": "Feature", "geometry": {"type": "Point", "coordinates": [16.2641, 56.65377]}, "properties": {"id": "trv-19381:48181-19308:3831-0.4173", "country": "se", "source": "TRV", "updated": "2026-09-12", "name": "vägport 2.50 m", "type": "hauteur_limitee", "obstacle": "vägport", "hauteur_max_m": 2.5, "franchissable": false, "marge_cm": -70}}, {"type": "Feature", "geometry": {"type": "Point", "coordinates": [12.98876, 56.25927]}, "properties": {"id": "trv-12765:437151-10850:4739-0.8516", "country": "se", "source": "TRV", "updated": "2026-09-12", "name": "vägport 2.50 m", "type": "hauteur_limitee", "obstacle": "vägport", "hauteur_max_m": 2.5, "franchissable": false, "marge_cm": -70, "reference": "11-756-1"}}, {"type": "Feature", "geometry": {"type": "Point", "coordinates": [16.3566, 56.68481]}, "properties": {"id": "trv-11154:173475-11154:168520-0.5910", "country": "se", "source": "TRV", "updated": "2026-09-12", "name": "vägport 2.50 m", "type": "hauteur_limitee", "obstacle": "vägport", "hauteur_max_m": 2.5, "franchissable": false, "marge_cm": -70, "reference": "8-530-1"}}, {"type": "Feature", "geometry": {"type": "Point", "coordinates": [11.23186, 58.35861]}, "properties": {"id": "trv-12740:149543-16589:15997-0.0281", "country": "se", "source": "TRV", "updated": "2026-09-12", "name": "övrigt hinder 2.50 m", "type": "hauteur_limitee", "obstacle": "övrigt hinder", "hauteur_max_m": 2.5, "franchissable": false, "marge_cm": -70}}, {"type": "Feature", "geometry": {"type": "Point", "coordinates": [17.74237, 59.50592]}, "properties": {"id": "trv-22512:3833-11158:34527-0.5309", "country": "se", "source": "TRV", "updated": "2026-09-12", "name": "vägport 2.50 m", "type": "hauteur_limitee", "obstacle": "vägport", "hauteur_max_m": 2.5, "franchissable": false, "marge_cm": -70}}, {"type": "Feature", "geometry": {"type": "Point", "coordinates": [17.63333, 59.51594]}, "properties": {"id": "trv-22512:3863-11158:34479-0.4726", "country": "se", "source": "TRV", "updated": "2026-09-12", "name": "vägport 2.52 m", "type": "hauteur_limitee", "obstacle": "vägport", "hauteur_max_m": 2.52, "franchissable": false, "marge_cm": -68}}, {"type": "Feature", "geometry": {"type": "Point", "coordinates": [18.19874, 59.22947]}, "properties": {"id": "trv-22121:791491-11156:11232-0.2914", "country": "se", "source": "TRV", "updated": "2026-09-12", "name": "vägport 2.52 m", "type": "hauteur_limitee", "obstacle": "vägport", "hauteur_max_m": 2.52, "franchissable": false, "marge_cm": -68}}, {"type": "Feature", "geometry": {"type": "Point", "coordinates": [18.24048, 59.24275]}, "properties": {"id": "trv-22121:794101-11156:11204-0.4990", "country": "se", "source": "TRV", "updated": "2026-09-12", "name": "vägport 2.52 m", "type": "hauteur_limitee", "obstacle": "vägport", "hauteur_max_m": 2.52, "franchissable": false, "marge_cm": -68}}, {"type": "Feature", "geometry": {"type": "Point", "coordinates": [17.84329, 59.41813]}, "properties": {"id": "trv-20731:47688-11156:32359-0.9203", "country": "se", "source": "TRV", "updated": "2026-09-12", "name": "vägport 2.52 m", "type": "hauteur_limitee", "obstacle": "vägport", "hauteur_max_m": 2.52, "franchissable": false, "marge_cm": -68, "reference": "123-106-1"}}, {"type": "Feature", "geometry": {"type": "Point", "coordinates": [18.20862, 59.21292]}, "properties": {"id": "trv-22121:790097-11156:11190-0.2763", "country": "se", "source": "TRV", "updated": "2026-09-12", "name": "tunnel 2.53 m", "type": "hauteur_limitee", "obstacle": "tunnel", "hauteur_max_m": 2.53, "franchissable": false, "marge_cm": -67}}, {"type": "Feature", "geometry": {"type": "Point", "coordinates": [17.64547, 59.5148]}, "properties": {"id": "trv-22512:3871-11158:34497-0.4308", "country": "se", "source": "TRV", "updated": "2026-09-12", "name": "vägport 2.53 m", "type": "hauteur_limitee", "obstacle": "vägport", "hauteur_max_m": 2.53, "franchissable": false, "marge_cm": -67}}, {"type": "Feature", "geometry": {"type": "Point", "coordinates": [18.20307, 59.22017]}, "properties": {"id": "trv-22121:791327-11156:10992-0.4786", "country": "se", "source": "TRV", "updated": "2026-09-12", "name": "vägport 2.53 m", "type": "hauteur_limitee", "obstacle": "vägport", "hauteur_max_m": 2.53, "franchissable": false, "marge_cm": -67}}, {"type": "Feature", "geometry": {"type": "Point", "coordinates": [17.73832, 59.48835]}, "properties": {"id": "trv-22512:3841-11158:34571-0.5849", "country": "se", "source": "TRV", "updated": "2026-09-12", "name": "vägport 2.54 m", "type": "hauteur_limitee", "obstacle": "vägport", "hauteur_max_m": 2.54, "franchissable": false, "marge_cm": -66}}, {"type": "Feature", "geometry": {"type": "Point", "coordinates": [17.75723, 59.48208]}, "properties": {"id": "trv-22512:3857-11159:40768-0.0869", "country": "se", "source": "TRV", "updated": "2026-09-12", "name": "vägport 2.55 m", "type": "hauteur_limitee", "obstacle": "vägport", "hauteur_max_m": 2.55, "franchissable": false, "marge_cm": -65}}, {"type": "Feature", "geometry": {"type": "Point", "coordinates": [13.93687, 56.82544]}, "properties": {"id": "trv-11161:392435-12733:154083-0.5343", "country": "se", "source": "TRV", "updated": "2026-09-12", "name": "vägport 2.55 m", "type": "hauteur_limitee", "obstacle": "vägport", "hauteur_max_m": 2.55, "franchissable": false, "marge_cm": -65}}, {"type": "Feature", "geometry": {"type": "Point", "coordinates": [18.22987, 59.23453]}, "properties": {"id": "trv-22121:791471-11156:11144-0.4678", "country": "se", "source": "TRV", "updated": "2026-09-12", "name": "vägport 2.55 m", "type": "hauteur_limitee", "obstacle": "vägport", "hauteur_max_m": 2.55, "franchissable": false, "marge_cm": -65}}, {"type": "Feature", "geometry": {"type": "Point", "coordinates": [17.91005, 62.63479]}, "properties": {"id": "trv-22875:83722-19344:609-0.5748", "country": "se", "source": "TRV", "updated": "2026-09-12", "name": "vägport 2.55 m", "type": "hauteur_limitee", "obstacle": "vägport", "hauteur_max_m": 2.55, "franchissable": false, "marge_cm": -65}}, {"type": "Feature", "geometry": {"type": "Point", "coordinates": [17.84708, 59.42576]}, "properties": {"id": "trv-20731:38115-11156:32599-0.4319", "country": "se", "source": "TRV", "updated": "2026-09-12", "name": "vägport 2.55 m", "type": "hauteur_limitee", "obstacle": "vägport", "hauteur_max_m": 2.55, "franchissable": false, "marge_cm": -65, "reference": "2-837-1"}}, {"type": "Feature", "geometry": {"type": "Point", "coordinates": [12.26698, 57.0916]}, "properties": {"id": "trv-11158:117055-11158:110250-0.2251", "country": "se", "source": "TRV", "updated": "2026-09-12", "name": "vägport 2.55 m", "type": "hauteur_limitee", "obstacle": "vägport", "hauteur_max_m": 2.55, "franchissable": false, "marge_cm": -65}}, {"type": "Feature", "geometry": {"type": "Point", "coordinates": [17.512, 59.5784]}, "properties": {"id": "trv-12729:72262-12729:65874-0.9316", "country": "se", "source": "TRV", "updated": "2026-09-12", "name": "bro 2.55 m", "type": "hauteur_limitee", "obstacle": "bro", "hauteur_max_m": 2.55, "franchissable": false, "marge_cm": -65}}, {"type": "Feature", "geometry": {"type": "Point", "coordinates": [13.91168, 56.83591]}, "properties": {"id": "trv-11161:392445-12733:155021-0.2606", "country": "se", "source": "TRV", "updated": "2026-09-12", "name": "vägport 2.55 m", "type": "hauteur_limitee", "obstacle": "vägport", "hauteur_max_m": 2.55, "franchissable": false, "marge_cm": -65}}, {"type": "Feature", "geometry": {"type": "Point", "coordinates": [13.91179, 56.83587]}, "properties": {"id": "trv-11161:392447-12733:155021-0.2787", "country": "se", "source": "TRV", "updated": "2026-09-12", "name": "vägport 2.55 m", "type": "hauteur_limitee", "obstacle": "vägport", "hauteur_max_m": 2.55, "franchissable": false, "marge_cm": -65}}, {"type": "Feature", "geometry": {"type": "Point", "coordinates": [18.24233, 59.24887]}, "properties": {"id": "trv-22121:794059-11156:11510-0.4864", "country": "se", "source": "TRV", "updated": "2026-09-12", "name": "vägport 2.56 m", "type": "hauteur_limitee", "obstacle": "vägport", "hauteur_max_m": 2.56, "franchissable": false, "marge_cm": -64}}, {"type": "Feature", "geometry": {"type": "Point", "coordinates": [17.81279, 59.46546]}, "properties": {"id": "trv-20731:47716-11156:33027-0.4156", "country": "se", "source": "TRV", "updated": "2026-09-12", "name": "vägport 2.57 m", "type": "hauteur_limitee", "obstacle": "vägport", "hauteur_max_m": 2.57, "franchissable": false, "marge_cm": -63, "reference": "2-1420-1"}}, {"type": "Feature", "geometry": {"type": "Point", "coordinates": [18.20214, 59.22264]}, "properties": {"id": "trv-22121:791481-11156:11806-0.6092", "country": "se", "source": "TRV", "updated": "2026-09-12", "name": "vägport 2.57 m", "type": "hauteur_limitee", "obstacle": "vägport", "hauteur_max_m": 2.57, "franchissable": false, "marge_cm": -63}}, {"type": "Feature", "geometry": {"type": "Point", "coordinates": [18.22017, 59.24876]}, "properties": {"id": "trv-22121:791356-13281:1668-0.6822", "country": "se", "source": "TRV", "updated": "2026-09-12", "name": "vägport 2.57 m", "type": "hauteur_limitee", "obstacle": "vägport", "hauteur_max_m": 2.57, "franchissable": false, "marge_cm": -63}}, {"type": "Feature", "geometry": {"type": "Point", "coordinates": [17.86422, 59.40322]}, "properties": {"id": "trv-20731:47752-20732:100257-0.0976", "country": "se", "source": "TRV", "updated": "2026-09-12", "name": "vägport 2.57 m", "type": "hauteur_limitee", "obstacle": "vägport", "hauteur_max_m": 2.57, "franchissable": false, "marge_cm": -63, "reference": "2-1555-1"}}, {"type": "Feature", "geometry": {"type": "Point", "coordinates": [18.22013, 59.2489]}, "properties": {"id": "trv-22121:791361-13281:1668-0.7846", "country": "se", "source": "TRV", "updated": "2026-09-12", "name": "vägport 2.57 m", "type": "hauteur_limitee", "obstacle": "vägport", "hauteur_max_m": 2.57, "franchissable": false, "marge_cm": -63}}, {"type": "Feature", "geometry": {"type": "Point", "coordinates": [17.49205, 59.57115]}, "properties": {"id": "trv-12729:72268-12729:66522-0.2119", "country": "se", "source": "TRV", "updated": "2026-09-12", "name": "vägport 2.57 m", "type": "hauteur_limitee", "obstacle": "vägport", "hauteur_max_m": 2.57, "franchissable": false, "marge_cm": -63}}, {"type": "Feature", "geometry": {"type": "Point", "coordinates": [17.74703, 59.50574]}, "properties": {"id": "trv-22512:3831-11158:34533-0.5635", "country": "se", "source": "TRV", "updated": "2026-09-12", "name": "vägport 2.57 m", "type": "hauteur_limitee", "obstacle": "vägport", "hauteur_max_m": 2.57, "franchissable": false, "marge_cm": -63}}, {"type": "Feature", "geometry": {"type": "Point", "coordinates": [17.75553, 59.48775]}, "properties": {"id": "trv-22512:3855-11158:34631-0.4829", "country": "se", "source": "TRV", "updated": "2026-09-12", "name": "vägport 2.57 m", "type": "hauteur_limitee", "obstacle": "vägport", "hauteur_max_m": 2.57, "franchissable": false, "marge_cm": -63}}, {"type": "Feature", "geometry": {"type": "Point", "coordinates": [17.82415, 59.42527]}, "properties": {"id": "trv-20731:37921-11156:34000-0.3748", "country": "se", "source": "TRV", "updated": "2026-09-12", "name": "vägport 2.58 m", "type": "hauteur_limitee", "obstacle": "vägport", "hauteur_max_m": 2.58, "franchissable": false, "marge_cm": -62, "reference": "2-952-1"}}, {"type": "Feature", "geometry": {"type": "Point", "coordinates": [18.22427, 59.23413]}, "properties": {"id": "trv-22121:791466-11156:11246-0.5277", "country": "se", "source": "TRV", "updated": "2026-09-12", "name": "vägport 2.58 m", "type": "hauteur_limitee", "obstacle": "vägport", "hauteur_max_m": 2.58, "franchissable": false, "marge_cm": -62}}, {"type": "Feature", "geometry": {"type": "Point", "coordinates": [18.20235, 59.22413]}, "properties": {"id": "trv-22121:791486-11156:10646-0.6355", "country": "se", "source": "TRV", "updated": "2026-09-12", "name": "vägport 2.58 m", "type": "hauteur_limitee", "obstacle": "vägport", "hauteur_max_m": 2.58, "franchissable": false, "marge_cm": -62}}, {"type": "Feature", "geometry": {"type": "Point", "coordinates": [17.79591, 59.40534]}, "properties": {"id": "trv-20731:56104-11156:34557-0.0434", "country": "se", "source": "TRV", "updated": "2026-09-12", "name": "vägport 2.58 m", "type": "hauteur_limitee", "obstacle": "vägport", "hauteur_max_m": 2.58, "franchissable": false, "marge_cm": -62, "reference": "2-1481-1"}}, {"type": "Feature", "geometry": {"type": "Point", "coordinates": [17.82954, 59.40459]}, "properties": {"id": "trv-12592:31891-11156:34539-0.8256", "country": "se", "source": "TRV", "updated": "2026-09-12", "name": "vägport 2.58 m", "type": "hauteur_limitee", "obstacle": "vägport", "hauteur_max_m": 2.58, "franchissable": false, "marge_cm": -62, "reference": "2-1484-1"}}, {"type": "Feature", "geometry": {"type": "Point", "coordinates": [17.81001, 59.40204]}, "properties": {"id": "trv-20731:56127-11156:34557-0.8520", "country": "se", "source": "TRV", "updated": "2026-09-12", "name": "vägport 2.58 m", "type": "hauteur_limitee", "obstacle": "vägport", "hauteur_max_m": 2.58, "franchissable": false, "marge_cm": -62, "reference": "2-1483-1"}}, {"type": "Feature", "geometry": {"type": "Point", "coordinates": [17.82313, 59.44863]}, "properties": {"id": "trv-20731:47696-11156:32894-0.9422", "country": "se", "source": "TRV", "updated": "2026-09-12", "name": "vägport 2.59 m", "type": "hauteur_limitee", "obstacle": "vägport", "hauteur_max_m": 2.59, "franchissable": false, "marge_cm": -61, "reference": "2-880-1"}}, {"type": "Feature", "geometry": {"type": "Point", "coordinates": [17.7967, 59.40974]}, "properties": {"id": "trv-12592:31877-11156:34110-0.1342", "country": "se", "source": "TRV", "updated": "2026-09-12", "occurrences": 2, "name": "vägport 2.59 m", "type": "hauteur_limitee", "obstacle": "vägport", "hauteur_max_m": 2.59, "franchissable": false, "marge_cm": -61, "reference": "2-1480-1"}}, {"type": "Feature", "geometry": {"type": "Point", "coordinates": [17.79687, 59.40975]}, "properties": {"id": "trv-12592:31877-11156:34110-0.2206", "country": "se", "source": "TRV", "updated": "2026-09-12", "occurrences": 2, "name": "vägport 2.59 m", "type": "hauteur_limitee", "obstacle": "vägport", "hauteur_max_m": 2.59, "franchissable": false, "marge_cm": -61, "reference": "2-1480-1"}}, {"type": "Feature", "geometry": {"type": "Point", "coordinates": [18.22597, 59.23647]}, "properties": {"id": "trv-22121:791457-11156:11792-0.5000", "country": "se", "source": "TRV", "updated": "2026-09-12", "name": "vägport 2.59 m", "type": "hauteur_limitee", "obstacle": "vägport", "hauteur_max_m": 2.59, "franchissable": false, "marge_cm": -61}}, {"type": "Feature", "geometry": {"type": "Point", "coordinates": [17.8015, 59.4013]}, "properties": {"id": "trv-20731:56092-11156:35152-0.5453", "country": "se", "source": "TRV", "updated": "2026-09-12", "name": "vägport 2.59 m", "type": "hauteur_limitee", "obstacle": "vägport", "hauteur_max_m": 2.59, "franchissable": false, "marge_cm": -61, "reference": "123-110-1"}}, {"type": "Feature", "geometry": {"type": "Point", "coordinates": [17.7601, 59.19658]}, "properties": {"id": "trv-22121:382541-22121:134567-0.4620", "country": "se", "source": "TRV", "updated": "2026-09-12", "name": "bro 2.59 m", "type": "hauteur_limitee", "obstacle": "bro", "hauteur_max_m": 2.59, "franchissable": false, "marge_cm": -61}}, {"type": "Feature", "geometry": {"type": "Point", "coordinates": [17.79706, 59.41311]}, "properties": {"id": "trv-20731:56109-11156:33781-0.2663", "country": "se", "source": "TRV", "updated": "2026-09-12", "name": "vägport 2.59 m", "type": "hauteur_limitee", "obstacle": "vägport", "hauteur_max_m": 2.59, "franchissable": false, "marge_cm": -61, "reference": "2-1479-1"}}, {"type": "Feature", "geometry": {"type": "Point", "coordinates": [16.45073, 57.25669]}, "properties": {"id": "trv-12574:14754-11161:295126-0.7965", "country": "se", "source": "TRV", "updated": "2026-09-12", "name": "tunnel 2.60 m", "type": "hauteur_limitee", "obstacle": "tunnel", "hauteur_max_m": 2.6, "franchissable": false, "marge_cm": -60}}, {"type": "Feature", "geometry": {"type": "Point", "coordinates": [16.44976, 57.27295]}, "properties": {"id": "trv-12574:14768-11161:295020-0.2505", "country": "se", "source": "TRV", "updated": "2026-09-12", "name": "tunnel 2.60 m", "type": "hauteur_limitee", "obstacle": "tunnel", "hauteur_max_m": 2.6, "franchissable": false, "marge_cm": -60}}, {"type": "Feature", "geometry": {"type": "Point", "coordinates": [16.51967, 59.38728]}, "properties": {"id": "trv-11163:39920-3:329425-0.5037", "country": "se", "source": "TRV", "updated": "2026-09-12", "occurrences": 2, "name": "vägport 2.60 m", "type": "hauteur_limitee", "obstacle": "vägport", "hauteur_max_m": 2.6, "franchissable": false, "marge_cm": -60}}, {"type": "Feature", "geometry": {"type": "Point", "coordinates": [20.32006, 63.7985]}, "properties": {"id": "trv-13632:8720-20656:2855955-0.2009", "country": "se", "source": "TRV", "updated": "2026-09-12", "name": "vägport 2.60 m", "type": "hauteur_limitee", "obstacle": "vägport", "hauteur_max_m": 2.6, "franchissable": false, "marge_cm": -60, "reference": "2480-6-1"}}, {"type": "Feature", "geometry": {"type": "Point", "coordinates": [17.8461, 59.25494]}, "properties": {"id": "trv-12725:183705-12723:84170-0.5890", "country": "se", "source": "TRV", "updated": "2026-09-12", "name": "vägport 2.60 m", "type": "hauteur_limitee", "obstacle": "vägport", "hauteur_max_m": 2.6, "franchissable": false, "marge_cm": -60, "reference": "127-620-1"}}, {"type": "Feature", "geometry": {"type": "Point", "coordinates": [17.83701, 59.24988]}, "properties": {"id": "trv-12725:183709-12723:84781-0.6461", "country": "se", "source": "TRV", "updated": "2026-09-12", "name": "vägport 2.60 m", "type": "hauteur_limitee", "obstacle": "vägport", "hauteur_max_m": 2.6, "franchissable": false, "marge_cm": -60, "reference": "127-618-1"}}, {"type": "Feature", "geometry": {"type": "Point", "coordinates": [17.85417, 59.24091]}, "properties": {"id": "trv-12725:183759-12723:82464-0.2696", "country": "se", "source": "TRV", "updated": "2026-09-12", "name": "vägport 2.60 m", "type": "hauteur_limitee", "obstacle": "vägport", "hauteur_max_m": 2.6, "franchissable": false, "marge_cm": -60, "reference": "127-658-1"}}, {"type": "Feature", "geometry": {"type": "Point", "coordinates": [17.82607, 59.25192]}, "properties": {"id": "trv-12725:183831-12723:87193-0.9125", "country": "se", "source": "TRV", "updated": "2026-09-12", "name": "vägport 2.60 m", "type": "hauteur_limitee", "obstacle": "vägport", "hauteur_max_m": 2.6, "franchissable": false, "marge_cm": -60, "reference": "127-607-1"}}, {"type": "Feature", "geometry": {"type": "Point", "coordinates": [14.98253, 57.65273]}, "properties": {"id": "trv-12725:78528-12725:76133-0.6176", "country": "se", "source": "TRV", "updated": "2026-09-12", "name": "vägport 2.60 m", "type": "hauteur_limitee", "obstacle": "vägport", "hauteur_max_m": 2.6, "franchissable": false, "marge_cm": -60}}, {"type": "Feature", "geometry": {"type": "Point", "coordinates": [12.38682, 58.35633]}, "properties": {"id": "trv-12726:110264-11162:30827-0.3684", "country": "se", "source": "TRV", "updated": "2026-09-12", "name": "vägport 2.60 m", "type": "hauteur_limitee", "obstacle": "vägport", "hauteur_max_m": 2.6, "franchissable": false, "marge_cm": -60}}, {"type": "Feature", "geometry": {"type": "Point", "coordinates": [20.31235, 63.81418]}, "properties": {"id": "trv-13632:8786-20656:2871942-0.4482", "country": "se", "source": "TRV", "updated": "2026-09-12", "name": "vägport 2.60 m", "type": "hauteur_limitee", "obstacle": "vägport", "hauteur_max_m": 2.6, "franchissable": false, "marge_cm": -60, "reference": "2480-115-1"}}, {"type": "Feature", "geometry": {"type": "Point", "coordinates": [20.30708, 63.80167]}, "properties": {"id": "trv-13632:8816-20656:2883922-0.4542", "country": "se", "source": "TRV", "updated": "2026-09-12", "name": "bro 2.60 m", "type": "hauteur_limitee", "obstacle": "bro", "hauteur_max_m": 2.6, "franchissable": false, "marge_cm": -60, "reference": "2480-110-1"}}, {"type": "Feature", "geometry": {"type": "Point", "coordinates": [20.32866, 63.83791]}, "properties": {"id": "trv-13632:8750-20656:2888857-0.4034", "country": "se", "source": "TRV", "updated": "2026-09-12", "name": "vägport 2.60 m", "type": "hauteur_limitee", "obstacle": "vägport", "hauteur_max_m": 2.6, "franchissable": false, "marge_cm": -60, "reference": "2480-53-1"}}, {"type": "Feature", "geometry": {"type": "Point", "coordinates": [16.06838, 59.41717]}, "properties": {"id": "trv-14409:35795-3:34711-0.4604", "country": "se", "source": "TRV", "updated": "2026-09-12", "occurrences": 2, "name": "vägport 2.60 m", "type": "hauteur_limitee", "obstacle": "vägport", "hauteur_max_m": 2.6, "franchissable": false, "marge_cm": -60}}, {"type": "Feature", "geometry": {"type": "Point", "coordinates": [16.06858, 59.41726]}, "properties": {"id": "trv-14409:35795-3:34711-0.5362", "country": "se", "source": "TRV", "updated": "2026-09-12", "occurrences": 2, "name": "vägport 2.60 m", "type": "hauteur_limitee", "obstacle": "vägport", "hauteur_max_m": 2.6, "franchissable": false, "marge_cm": -60}}, {"type": "Feature", "geometry": {"type": "Point", "coordinates": [12.86097, 56.26768]}, "properties": {"id": "trv-12765:437179-10850:4397-0.7219", "country": "se", "source": "TRV", "updated": "2026-09-12", "name": "vägport 2.60 m", "type": "hauteur_limitee", "obstacle": "vägport", "hauteur_max_m": 2.6, "franchissable": false, "marge_cm": -60, "reference": "1292-22-1"}}, {"type": "Feature", "geometry": {"type": "Point", "coordinates": [18.12946, 59.15359]}, "properties": {"id": "trv-16665:70774-11161:18117-0.6862", "country": "se", "source": "TRV", "updated": "2026-09-12", "name": "vägport 2.60 m", "type": "hauteur_limitee", "obstacle": "vägport", "hauteur_max_m": 2.6, "franchissable": false, "marge_cm": -60, "reference": "3500-1594-1"}}, {"type": "Feature", "geometry": {"type": "Point", "coordinates": [18.10658, 59.12497]}, "properties": {"id": "trv-16665:70814-11161:18989-0.3754", "country": "se", "source": "TRV", "updated": "2026-09-12", "name": "vägport 2.60 m", "type": "hauteur_limitee", "obstacle": "vägport", "hauteur_max_m": 2.6, "franchissable": false, "marge_cm": -60, "reference": "2-1303-1"}}, {"type": "Feature", "geometry": {"type": "Point", "coordinates": [17.85308, 59.41794]}, "properties": {"id": "trv-20731:55312-11156:32401-0.6288", "country": "se", "source": "TRV", "updated": "2026-09-12", "name": "vägport 2.60 m", "type": "hauteur_limitee", "obstacle": "vägport", "hauteur_max_m": 2.6, "franchissable": false, "marge_cm": -60, "reference": "2-762-1"}}, {"type": "Feature", "geometry": {"type": "Point", "coordinates": [18.68463, 64.59013]}, "properties": {"id": "trv-12726:222379-11160:146367-0.0332", "country": "se", "source": "TRV", "updated": "2026-09-12", "name": "vägport 2.60 m", "type": "hauteur_limitee", "obstacle": "vägport", "hauteur_max_m": 2.6, "franchissable": false, "marge_cm": -60, "reference": "24-1509-1"}}, {"type": "Feature", "geometry": {"type": "Point", "coordinates": [17.80142, 59.46549]}, "properties": {"id": "trv-20731:56122-11156:33126-0.6039", "country": "se", "source": "TRV", "updated": "2026-09-12", "name": "vägport 2.60 m", "type": "hauteur_limitee", "obstacle": "vägport", "hauteur_max_m": 2.6, "franchissable": false, "marge_cm": -60, "reference": "100-719-1"}}, {"type": "Feature", "geometry": {"type": "Point", "coordinates": [11.94474, 57.68092]}, "properties": {"id": "trv-11154:474486-3:1404376-0.6550", "country": "se", "source": "TRV", "updated": "2026-09-12", "name": "vägport 2.60 m", "type": "hauteur_limitee", "obstacle": "vägport", "hauteur_max_m": 2.6, "franchissable": false, "marge_cm": -60, "reference": "1480-1073-1"}}, {"type": "Feature", "geometry": {"type": "Point", "coordinates": [17.83322, 59.22018]}, "properties": {"id": "trv-12724:460033-12723:79766-0.3637", "country": "se", "source": "TRV", "updated": "2026-09-12", "name": "vägport 2.60 m", "type": "hauteur_limitee", "obstacle": "vägport", "hauteur_max_m": 2.6, "franchissable": false, "marge_cm": -60, "reference": "2-1066-1"}}, {"type": "Feature", "geometry": {"type": "Point", "coordinates": [17.83808, 59.23585]}, "properties": {"id": "trv-12725:183890-12723:82624-0.2513", "country": "se", "source": "TRV", "updated": "2026-09-12", "name": "övrigt hinder 2.60 m", "type": "hauteur_limitee", "obstacle": "övrigt hinder", "hauteur_max_m": 2.6, "franchissable": false, "marge_cm": -60}}, {"type": "Feature", "geometry": {"type": "Point", "coordinates": [14.9718, 57.66384]}, "properties": {"id": "trv-12725:78504-12725:75957-0.1285", "country": "se", "source": "TRV", "updated": "2026-09-12", "name": "vägport 2.60 m", "type": "hauteur_limitee", "obstacle": "vägport", "hauteur_max_m": 2.6, "franchissable": false, "marge_cm": -60}}, {"type": "Feature", "geometry": {"type": "Point", "coordinates": [14.51495, 59.32414]}, "properties": {"id": "trv-16590:75019-16590:69460-0.2218", "country": "se", "source": "TRV", "updated": "2026-09-12", "name": "vägport 2.60 m", "type": "hauteur_limitee", "obstacle": "vägport", "hauteur_max_m": 2.6, "franchissable": false, "marge_cm": -60}}, {"type": "Feature", "geometry": {"type": "Point", "coordinates": [20.95831, 64.75863]}, "properties": {"id": "trv-20296:760-23097:1701-0.5490", "country": "se", "source": "TRV", "updated": "2026-09-12", "name": "vägport 2.60 m", "type": "hauteur_limitee", "obstacle": "vägport", "hauteur_max_m": 2.6, "franchissable": false, "marge_cm": -60}}, {"type": "Feature", "geometry": {"type": "Point", "coordinates": [20.02617, 64.02077]}, "properties": {"id": "trv-11159:232969-12726:148345-0.0940", "country": "se", "source": "TRV", "updated": "2026-09-12", "name": "vägport 2.60 m", "type": "hauteur_limitee", "obstacle": "vägport", "hauteur_max_m": 2.6, "franchissable": false, "marge_cm": -60, "reference": "24-1530-1"}}, {"type": "Feature", "geometry": {"type": "Point", "coordinates": [14.1582, 58.4225]}, "properties": {"id": "trv-14448:19867-3:1258413-0.8042", "country": "se", "source": "TRV", "updated": "2026-09-12", "name": "vägport 2.60 m", "type": "hauteur_limitee", "obstacle": "vägport", "hauteur_max_m": 2.6, "franchissable": false, "marge_cm": -60}}, {"type": "Feature", "geometry": {"type": "Point", "coordinates": [18.13916, 59.17083]}, "properties": {"id": "trv-16665:70820-22126:182451-0.6321", "country": "se", "source": "TRV", "updated": "2026-09-12", "name": "vägport 2.60 m", "type": "hauteur_limitee", "obstacle": "vägport", "hauteur_max_m": 2.6, "franchissable": false, "marge_cm": -60}}, {"type": "Feature", "geometry": {"type": "Point", "coordinates": [12.76068, 56.02106]}, "properties": {"id": "trv-12730:394342-12730:394331-0.4790", "country": "se", "source": "TRV", "updated": "2026-09-12", "name": "vägport 2.60 m", "type": "hauteur_limitee", "obstacle": "vägport", "hauteur_max_m": 2.6, "franchissable": false, "marge_cm": -60, "reference": "1283-200-1"}}, {"type": "Feature", "geometry": {"type": "Point", "coordinates": [14.15118, 57.77978]}, "properties": {"id": "trv-16577:6718-16667:6372-0.8674", "country": "se", "source": "TRV", "updated": "2026-09-12", "name": "vägport 2.60 m", "type": "hauteur_limitee", "obstacle": "vägport", "hauteur_max_m": 2.6, "franchissable": false, "marge_cm": -60}}, {"type": "Feature", "geometry": {"type": "Point", "coordinates": [17.85222, 59.23863]}, "properties": {"id": "trv-12725:183785-12723:81962-0.9739", "country": "se", "source": "TRV", "updated": "2026-09-12", "name": "vägport 2.60 m", "type": "hauteur_limitee", "obstacle": "vägport", "hauteur_max_m": 2.6, "franchissable": false, "marge_cm": -60, "reference": "127-655-1"}}, {"type": "Feature", "geometry": {"type": "Point", "coordinates": [17.85738, 59.23868]}, "properties": {"id": "trv-12725:183789-12723:81521-0.7603", "country": "se", "source": "TRV", "updated": "2026-09-12", "name": "vägport 2.60 m", "type": "hauteur_limitee", "obstacle": "vägport", "hauteur_max_m": 2.6, "franchissable": false, "marge_cm": -60, "reference": "127-656-1"}}, {"type": "Feature", "geometry": {"type": "Point", "coordinates": [12.40289, 58.35458]}, "properties": {"id": "trv-16673:15475-11162:30946-0.1093", "country": "se", "source": "TRV", "updated": "2026-09-12", "name": "tunnel 2.60 m", "type": "hauteur_limitee", "obstacle": "tunnel", "hauteur_max_m": 2.6, "franchissable": false, "marge_cm": -60}}, {"type": "Feature", "geometry": {"type": "Point", "coordinates": [20.34562, 63.80245]}, "properties": {"id": "trv-13632:8770-20656:2861213-0.5550", "country": "se", "source": "TRV", "updated": "2026-09-12", "name": "vägport 2.60 m", "type": "hauteur_limitee", "obstacle": "vägport", "hauteur_max_m": 2.6, "franchissable": false, "marge_cm": -60, "reference": "2480-78-1"}}, {"type": "Feature", "geometry": {"type": "Point", "coordinates": [17.83702, 59.19465]}, "properties": {"id": "trv-12725:183817-12723:78024-0.7421", "country": "se", "source": "TRV", "updated": "2026-09-12", "name": "vägport 2.60 m", "type": "hauteur_limitee", "obstacle": "vägport", "hauteur_max_m": 2.6, "franchissable": false, "marge_cm": -60, "reference": "127-6121-1"}}, {"type": "Feature", "geometry": {"type": "Point", "coordinates": [17.50498, 59.55875]}, "properties": {"id": "trv-16171:67178-12729:66803-0.6021", "country": "se", "source": "TRV", "updated": "2026-09-12", "name": "vägport 2.60 m", "type": "hauteur_limitee", "obstacle": "vägport", "hauteur_max_m": 2.6, "franchissable": false, "marge_cm": -60}}, {"type": "Feature", "geometry": {"type": "Point", "coordinates": [13.07518, 55.67482]}, "properties": {"id": "trv-11161:378285-11161:378114-0.4692", "country": "se", "source": "TRV", "updated": "2026-09-12", "name": "vägport 2.60 m", "type": "hauteur_limitee", "obstacle": "vägport", "hauteur_max_m": 2.6, "franchissable": false, "marge_cm": -60, "reference": "100-362-1"}}, {"type": "Feature", "geometry": {"type": "Point", "coordinates": [17.81228, 59.25152]}, "properties": {"id": "trv-12725:183825-12723:87294-0.4451", "country": "se", "source": "TRV", "updated": "2026-09-12", "name": "vägport 2.60 m", "type": "hauteur_limitee", "obstacle": "vägport", "hauteur_max_m": 2.6, "franchissable": false, "marge_cm": -60, "reference": "127-604-1"}}, {"type": "Feature", "geometry": {"type": "Point", "coordinates": [17.81858, 59.25048]}, "properties": {"id": "trv-12725:183835-12723:87294-0.6952", "country": "se", "source": "TRV", "updated": "2026-09-12", "name": "vägport 2.60 m", "type": "hauteur_limitee", "obstacle": "vägport", "hauteur_max_m": 2.6, "franchissable": false, "marge_cm": -60, "reference": "127-613-1"}}, {"type": "Feature", "geometry": {"type": "Point", "coordinates": [20.26438, 63.81896]}, "properties": {"id": "trv-13632:8810-20656:2830617-0.5955", "country": "se", "source": "TRV", "updated": "2026-09-12", "name": "bro 2.60 m", "type": "hauteur_limitee", "obstacle": "bro", "hauteur_max_m": 2.6, "franchissable": false, "marge_cm": -60, "reference": "2480-43-2"}}, {"type": "Feature", "geometry": {"type": "Point", "coordinates": [13.81582, 59.38457]}, "properties": {"id": "trv-16585:234689-3:700935-0.0314", "country": "se", "source": "TRV", "updated": "2026-09-12", "name": "vägport 2.60 m", "type": "hauteur_limitee", "obstacle": "vägport", "hauteur_max_m": 2.6, "franchissable": false, "marge_cm": -60, "reference": "3500-793-1"}}, {"type": "Feature", "geometry": {"type": "Point", "coordinates": [12.85556, 56.2417]}, "properties": {"id": "trv-12765:437223-12726:137556-0.8143", "country": "se", "source": "TRV", "updated": "2026-09-12", "name": "vägport 2.60 m", "type": "hauteur_limitee", "obstacle": "vägport", "hauteur_max_m": 2.6, "franchissable": false, "marge_cm": -60, "reference": "3500-5843-1"}}, {"type": "Feature", "geometry": {"type": "Point", "coordinates": [12.29457, 58.29005]}, "properties": {"id": "trv-16157:397-11180:5399-0.2337", "country": "se", "source": "TRV", "updated": "2026-09-12", "name": "vägport 2.60 m", "type": "hauteur_limitee", "obstacle": "vägport", "hauteur_max_m": 2.6, "franchissable": false, "marge_cm": -60}}, {"type": "Feature", "geometry": {"type": "Point", "coordinates": [16.11068, 59.40898]}, "properties": {"id": "trv-14409:35787-3:34712-0.6659", "country": "se", "source": "TRV", "updated": "2026-09-12", "occurrences": 2, "name": "vägport 2.60 m", "type": "hauteur_limitee", "obstacle": "vägport", "hauteur_max_m": 2.6, "franchissable": false, "marge_cm": -60}}, {"type": "Feature", "geometry": {"type": "Point", "coordinates": [16.03066, 57.2278]}, "properties": {"id": "trv-19302:11827-19302:11140-0.4472", "country": "se", "source": "TRV", "updated": "2026-09-12", "name": "vägport 2.60 m", "type": "hauteur_limitee", "obstacle": "vägport", "hauteur_max_m": 2.6, "franchissable": false, "marge_cm": -60}}, {"type": "Feature", "geometry": {"type": "Point", "coordinates": [14.98601, 57.66635]}, "properties": {"id": "trv-12725:78498-12725:76467-0.4184", "country": "se", "source": "TRV", "updated": "2026-09-12", "name": "vägport 2.60 m", "type": "hauteur_limitee", "obstacle": "vägport", "hauteur_max_m": 2.6, "franchissable": false, "marge_cm": -60}}, {"type": "Feature", "geometry": {"type": "Point", "coordinates": [12.74656, 55.99797]}, "properties": {"id": "trv-16179:6605-12785:14746-0.8202", "country": "se", "source": "TRV", "updated": "2026-09-12", "name": "vägport 2.60 m", "type": "hauteur_limitee", "obstacle": "vägport", "hauteur_max_m": 2.6, "franchissable": false, "marge_cm": -60}}, {"type": "Feature", "geometry": {"type": "Point", "coordinates": [14.53915, 59.32725]}, "properties": {"id": "trv-16590:75023-16590:68345-0.9208", "country": "se", "source": "TRV", "updated": "2026-09-12", "name": "vägport 2.60 m", "type": "hauteur_limitee", "obstacle": "vägport", "hauteur_max_m": 2.6, "franchissable": false, "marge_cm": -60, "reference": "18-554-1"}}, {"type": "Feature", "geometry": {"type": "Point", "coordinates": [21.01659, 64.75383]}, "properties": {"id": "trv-20296:790-23097:2073-0.7841", "country": "se", "source": "TRV", "updated": "2026-09-12", "name": "vägport 2.60 m", "type": "hauteur_limitee", "obstacle": "vägport", "hauteur_max_m": 2.6, "franchissable": false, "marge_cm": -60}}, {"type": "Feature", "geometry": {"type": "Point", "coordinates": [12.29316, 57.10894]}, "properties": {"id": "trv-11158:117037-11158:109364-0.0533", "country": "se", "source": "TRV", "updated": "2026-09-12", "name": "vägport 2.60 m", "type": "hauteur_limitee", "obstacle": "vägport", "hauteur_max_m": 2.6, "franchissable": false, "marge_cm": -60}}, {"type": "Feature", "geometry": {"type": "Point", "coordinates": [18.68227, 64.59144]}, "properties": {"id": "trv-12726:222383-11160:146343-0.6363", "country": "se", "source": "TRV", "updated": "2026-09-12", "name": "vägport 2.60 m", "type": "hauteur_limitee", "obstacle": "vägport", "hauteur_max_m": 2.6, "franchissable": false, "marge_cm": -60, "reference": "24-1510-1"}}, {"type": "Feature", "geometry": {"type": "Point", "coordinates": [13.54801, 58.17199]}, "properties": {"id": "trv-16184:424169-12736:95528-0.8369", "country": "se", "source": "TRV", "updated": "2026-09-12", "name": "bro 2.60 m", "type": "hauteur_limitee", "obstacle": "bro", "hauteur_max_m": 2.6, "franchissable": false, "marge_cm": -60}}, {"type": "Feature", "geometry": {"type": "Point", "coordinates": [17.80581, 59.24527]}, "properties": {"id": "trv-12725:183849-12723:85892-0.8065", "country": "se", "source": "TRV", "updated": "2026-09-12", "name": "vägport 2.60 m", "type": "hauteur_limitee", "obstacle": "vägport", "hauteur_max_m": 2.6, "franchissable": false, "marge_cm": -60, "reference": "127-601-1"}}, {"type": "Feature", "geometry": {"type": "Point", "coordinates": [17.82337, 59.24468]}, "properties": {"id": "trv-12725:183855-12723:85892-0.0559", "country": "se", "source": "TRV", "updated": "2026-09-12", "name": "vägport 2.60 m", "type": "hauteur_limitee", "obstacle": "vägport", "hauteur_max_m": 2.6, "franchissable": false, "marge_cm": -60, "reference": "127-614-1"}}, {"type": "Feature", "geometry": {"type": "Point", "coordinates": [17.8189, 59.20022]}, "properties": {"id": "trv-12725:183877-12723:77419-0.1782", "country": "se", "source": "TRV", "updated": "2026-09-12", "name": "vägport 2.60 m", "type": "hauteur_limitee", "obstacle": "vägport", "hauteur_max_m": 2.6, "franchissable": false, "marge_cm": -60, "reference": "2-1590-1"}}, {"type": "Feature", "geometry": {"type": "Point", "coordinates": [13.54912, 57.33656]}, "properties": {"id": "trv-24324:12521-11163:113528-0.0076", "country": "se", "source": "TRV", "updated": "2026-09-12", "occurrences": 2, "name": "vägport 2.60 m", "type": "hauteur_limitee", "obstacle": "vägport", "hauteur_max_m": 2.6, "franchissable": false, "marge_cm": -60, "reference": "6-1003-1"}}, {"type": "Feature", "geometry": {"type": "Point", "coordinates": [18.71867, 59.76813]}, "properties": {"id": "trv-10085:182964-11159:19678-0.6929", "country": "se", "source": "TRV", "updated": "2026-09-12", "name": "vägport 2.60 m", "type": "hauteur_limitee", "obstacle": "vägport", "hauteur_max_m": 2.6, "franchissable": false, "marge_cm": -60}}, {"type": "Feature", "geometry": {"type": "Point", "coordinates": [17.83574, 59.19473]}, "properties": {"id": "trv-12725:183815-12723:78018-0.9248", "country": "se", "source": "TRV", "updated": "2026-09-12", "name": "vägport 2.60 m", "type": "hauteur_limitee", "obstacle": "vägport", "hauteur_max_m": 2.6, "franchissable": false, "marge_cm": -60, "reference": "127-6120-1"}}, {"type": "Feature", "geometry": {"type": "Point", "coordinates": [17.89947, 59.2158]}, "properties": {"id": "trv-12725:183737-12723:80691-0.3917", "country": "se", "source": "TRV", "updated": "2026-09-12", "name": "vägport 2.60 m", "type": "hauteur_limitee", "obstacle": "vägport", "hauteur_max_m": 2.6, "franchissable": false, "marge_cm": -60, "reference": "2-1339-1"}}, {"type": "Feature", "geometry": {"type": "Point", "coordinates": [14.14819, 64.50258]}, "properties": {"id": "trv-19328:7806-3:363499-0.2227", "country": "se", "source": "TRV", "updated": "2026-09-12", "name": "övrigt hinder 2.60 m", "type": "hauteur_limitee", "obstacle": "övrigt hinder", "hauteur_max_m": 2.6, "franchissable": false, "marge_cm": -60}}, {"type": "Feature", "geometry": {"type": "Point", "coordinates": [20.96361, 64.75707]}, "properties": {"id": "trv-20296:762-23097:5266-0.7347", "country": "se", "source": "TRV", "updated": "2026-09-12", "name": "vägport 2.60 m", "type": "hauteur_limitee", "obstacle": "vägport", "hauteur_max_m": 2.6, "franchissable": false, "marge_cm": -60}}, {"type": "Feature", "geometry": {"type": "Point", "coordinates": [14.96051, 57.67955]}, "properties": {"id": "trv-12725:78492-12725:76829-0.4438", "country": "se", "source": "TRV", "updated": "2026-09-12", "name": "vägport 2.60 m", "type": "hauteur_limitee", "obstacle": "vägport", "hauteur_max_m": 2.6, "franchissable": false, "marge_cm": -60}}, {"type": "Feature", "geometry": {"type": "Point", "coordinates": [18.13019, 59.14608]}, "properties": {"id": "trv-16665:70804-11161:18189-0.2942", "country": "se", "source": "TRV", "updated": "2026-09-12", "name": "vägport 2.60 m", "type": "hauteur_limitee", "obstacle": "vägport", "hauteur_max_m": 2.6, "franchissable": false, "marge_cm": -60, "reference": "2-1395-1"}}, {"type": "Feature", "geometry": {"type": "Point", "coordinates": [14.15828, 58.42244]}, "properties": {"id": "trv-14448:19865-3:1258413-0.1320", "country": "se", "source": "TRV", "updated": "2026-09-12", "name": "vägport 2.60 m", "type": "hauteur_limitee", "obstacle": "vägport", "hauteur_max_m": 2.6, "franchissable": false, "marge_cm": -60}}, {"type": "Feature", "geometry": {"type": "Point", "coordinates": [12.76094, 56.02107]}, "properties": {"id": "trv-12730:394346-12730:394331-0.5516", "country": "se", "source": "TRV", "updated": "2026-09-12", "name": "vägport 2.60 m", "type": "hauteur_limitee", "obstacle": "vägport", "hauteur_max_m": 2.6, "franchissable": false, "marge_cm": -60, "reference": "1283-111-1"}}, {"type": "Feature", "geometry": {"type": "Point", "coordinates": [20.26982, 63.83722]}, "properties": {"id": "trv-11159:232993-12726:148192-0.7557", "country": "se", "source": "TRV", "updated": "2026-09-12", "name": "vägport 2.60 m", "type": "hauteur_limitee", "obstacle": "vägport", "hauteur_max_m": 2.6, "franchissable": false, "marge_cm": -60, "reference": "24-1770-1"}}, {"type": "Feature", "geometry": {"type": "Point", "coordinates": [17.83169, 59.18398]}, "properties": {"id": "trv-12724:460037-12723:77547-0.8110", "country": "se", "source": "TRV", "updated": "2026-09-12", "name": "vägport 2.60 m", "type": "hauteur_limitee", "obstacle": "vägport", "hauteur_max_m": 2.6, "franchissable": false, "marge_cm": -60, "reference": "127-6134-1"}}, {"type": "Feature", "geometry": {"type": "Point", "coordinates": [17.82556, 59.20621]}, "properties": {"id": "trv-12725:183873-12723:79124-0.9477", "country": "se", "source": "TRV", "updated": "2026-09-12", "name": "vägport 2.60 m", "type": "hauteur_limitee", "obstacle": "vägport", "hauteur_max_m": 2.6, "franchissable": false, "marge_cm": -60}}, {"type": "Feature", "geometry": {"type": "Point", "coordinates": [13.88086, 56.23953]}, "properties": {"id": "trv-12576:35280-1000:15512-0.8515", "country": "se", "source": "TRV", "updated": "2026-09-12", "name": "vägport 2.60 m", "type": "hauteur_limitee", "obstacle": "vägport", "hauteur_max_m": 2.6, "franchissable": false, "marge_cm": -60, "reference": "3500-1251-1"}}, {"type": "Feature", "geometry": {"type": "Point", "coordinates": [17.83618, 59.25486]}, "properties": {"id": "trv-12725:183707-12723:84453-0.5648", "country": "se", "source": "TRV", "updated": "2026-09-12", "name": "vägport 2.60 m", "type": "hauteur_limitee", "obstacle": "vägport", "hauteur_max_m": 2.6, "franchissable": false, "marge_cm": -60, "reference": "127-619-1"}}, {"type": "Feature", "geometry": {"type": "Point", "coordinates": [18.03718, 59.34458]}, "properties": {"id": "trv-16972:407-13159:129929-0.0930", "country": "se", "source": "TRV", "updated": "2026-09-12", "name": "vägport 2.60 m", "type": "hauteur_limitee", "obstacle": "vägport", "hauteur_max_m": 2.6, "franchissable": false, "marge_cm": -60}}, {"type": "Feature", "geometry": {"type": "Point", "coordinates": [20.25873, 67.84412]}, "properties": {"id": "trv-12725:151680-12730:128512-0.7717", "country": "se", "source": "TRV", "updated": "2026-09-12", "name": "vägport 2.60 m", "type": "hauteur_limitee", "obstacle": "vägport", "hauteur_max_m": 2.6, "franchissable": false, "marge_cm": -60, "reference": "25-1897-1"}}, {"type": "Feature", "geometry": {"type": "Point", "coordinates": [17.85254, 59.2473]}, "properties": {"id": "trv-12725:183727-12723:83594-0.1403", "country": "se", "source": "TRV", "updated": "2026-09-12", "name": "vägport 2.60 m", "type": "hauteur_limitee", "obstacle": "vägport", "hauteur_max_m": 2.6, "franchissable": false, "marge_cm": -60, "reference": "127-636-1"}}, {"type": "Feature", "geometry": {"type": "Point", "coordinates": [17.83049, 59.25018]}, "properties": {"id": "trv-12725:183833-12723:84781-0.2228", "country": "se", "source": "TRV", "updated": "2026-09-12", "name": "vägport 2.60 m", "type": "hauteur_limitee", "obstacle": "vägport", "hauteur_max_m": 2.6, "franchissable": false, "marge_cm": -60, "reference": "127-608-1"}}, {"type": "Feature", "geometry": {"type": "Point", "coordinates": [20.26433, 63.8191]}, "properties": {"id": "trv-13632:8812-20656:2830619-0.4236", "country": "se", "source": "TRV", "updated": "2026-09-12", "name": "bro 2.60 m", "type": "hauteur_limitee", "obstacle": "bro", "hauteur_max_m": 2.6, "franchissable": false, "marge_cm": -60, "reference": "2480-43-1"}}, {"type": "Feature", "geometry": {"type": "Point", "coordinates": [20.26917, 63.82342]}, "properties": {"id": "trv-13632:8740-20656:2864116-0.5898", "country": "se", "source": "TRV", "updated": "2026-09-12", "name": "vägport 2.60 m", "type": "hauteur_limitee", "obstacle": "vägport", "hauteur_max_m": 2.6, "franchissable": false, "marge_cm": -60, "reference": "2480-46-1"}}, {"type": "Feature", "geometry": {"type": "Point", "coordinates": [17.9693, 59.34299]}, "properties": {"id": "trv-12730:310347-16668:60425-0.6146", "country": "se", "source": "TRV", "updated": "2026-09-12", "name": "vägport 2.60 m", "type": "hauteur_limitee", "obstacle": "vägport", "hauteur_max_m": 2.6, "franchissable": false, "marge_cm": -60, "reference": "Ulvsundabron"}}, {"type": "Feature", "geometry": {"type": "Point", "coordinates": [14.50837, 59.32648]}, "properties": {"id": "trv-16590:75021-16590:69593-0.4489", "country": "se", "source": "TRV", "updated": "2026-09-12", "name": "bro 2.60 m", "type": "hauteur_limitee", "obstacle": "bro", "hauteur_max_m": 2.6, "franchissable": false, "marge_cm": -60}}, {"type": "Feature", "geometry": {"type": "Point", "coordinates": [14.64129, 59.09669]}, "properties": {"id": "trv-14116:453247-3:465979-0.1018", "country": "se", "source": "TRV", "updated": "2026-09-12", "name": "vägport 2.60 m", "type": "hauteur_limitee", "obstacle": "vägport", "hauteur_max_m": 2.6, "franchissable": false, "marge_cm": -60}}, {"type": "Feature", "geometry": {"type": "Point", "coordinates": [14.56337, 58.97878]}, "properties": {"id": "trv-12724:413905-3:471189-0.5683", "country": "se", "source": "TRV", "updated": "2026-09-12", "name": "vägport 2.60 m", "type": "hauteur_limitee", "obstacle": "vägport", "hauteur_max_m": 2.6, "franchissable": false, "marge_cm": -60, "reference": "3500-587-1"}}, {"type": "Feature", "geometry": {"type": "Point", "coordinates": [13.13049, 58.49793]}, "properties": {"id": "trv-13667:29924-3:1404058-0.8410", "country": "se", "source": "TRV", "updated": "2026-09-12", "occurrences": 2, "name": "tunnel 2.60 m", "type": "hauteur_limitee", "obstacle": "tunnel", "hauteur_max_m": 2.6, "franchissable": false, "marge_cm": -60}}, {"type": "Feature", "geometry": {"type": "Point", "coordinates": [14.15025, 57.817]}, "properties": {"id": "trv-16575:3474-12732:126192-0.1578", "country": "se", "source": "TRV", "updated": "2026-09-12", "name": "vägport 2.60 m", "type": "hauteur_limitee", "obstacle": "vägport", "hauteur_max_m": 2.6, "franchissable": false, "marge_cm": -60}}, {"type": "Feature", "geometry": {"type": "Point", "coordinates": [16.24702, 56.6753]}, "properties": {"id": "trv-19308:5457-19308:3963-0.6248", "country": "se", "source": "TRV", "updated": "2026-09-12", "name": "vägport 2.60 m", "type": "hauteur_limitee", "obstacle": "vägport", "hauteur_max_m": 2.6, "franchissable": false, "marge_cm": -60, "reference": "3500-5627-1"}}, {"type": "Feature", "geometry": {"type": "Point", "coordinates": [13.54897, 57.33657]}, "properties": {"id": "trv-24324:12521-11163:113528-0.0084", "country": "se", "source": "TRV", "updated": "2026-09-12", "occurrences": 2, "name": "vägport 2.60 m", "type": "hauteur_limitee", "obstacle": "vägport", "hauteur_max_m": 2.6, "franchissable": false, "marge_cm": -60, "reference": "6-1003-1"}}, {"type": "Feature", "geometry": {"type": "Point", "coordinates": [17.83867, 59.19454]}, "properties": {"id": "trv-12725:183819-12723:77959-0.7760", "country": "se", "source": "TRV", "updated": "2026-09-12", "name": "vägport 2.60 m", "type": "hauteur_limitee", "obstacle": "vägport", "hauteur_max_m": 2.6, "franchissable": false, "marge_cm": -60, "reference": "127-6122-1"}}, {"type": "Feature", "geometry": {"type": "Point", "coordinates": [18.69263, 59.76369]}, "properties": {"id": "trv-10085:182948-12724:409722-0.3046", "country": "se", "source": "TRV", "updated": "2026-09-12", "name": "övrigt hinder 2.60 m", "type": "hauteur_limitee", "obstacle": "övrigt hinder", "hauteur_max_m": 2.6, "franchissable": false, "marge_cm": -60}}, {"type": "Feature", "geometry": {"type": "Point", "coordinates": [16.51978, 59.38744]}, "properties": {"id": "trv-11163:39920-3:329425-0.4730", "country": "se", "source": "TRV", "updated": "2026-09-12", "occurrences": 2, "name": "vägport 2.60 m", "type": "hauteur_limitee", "obstacle": "vägport", "hauteur_max_m": 2.6, "franchissable": false, "marge_cm": -60}}, {"type": "Feature", "geometry": {"type": "Point", "coordinates": [15.84208, 59.38926]}, "properties": {"id": "trv-12533:133287-3:34701-0.5668", "country": "se", "source": "TRV", "updated": "2026-09-12", "name": "vägport 2.60 m", "type": "hauteur_limitee", "obstacle": "vägport", "hauteur_max_m": 2.6, "franchissable": false, "marge_cm": -60, "reference": "19-433-1"}}, {"type": "Feature", "geometry": {"type": "Point", "coordinates": [20.26937, 63.82365]}, "properties": {"id": "trv-13632:8742-20656:2864118-0.6889", "country": "se", "source": "TRV", "updated": "2026-09-12", "name": "vägport 2.60 m", "type": "hauteur_limitee", "obstacle": "vägport", "hauteur_max_m": 2.6, "franchissable": false, "marge_cm": -60, "reference": "2480-46-2"}}, {"type": "Feature", "geometry": {"type": "Point", "coordinates": [20.26923, 63.82382]}, "properties": {"id": "trv-13632:8744-20656:2864114-0.5748", "country": "se", "source": "TRV", "updated": "2026-09-12", "name": "vägport 2.60 m", "type": "hauteur_limitee", "obstacle": "vägport", "hauteur_max_m": 2.6, "franchissable": false, "marge_cm": -60, "reference": "2480-46-3"}}, {"type": "Feature", "geometry": {"type": "Point", "coordinates": [17.8181, 59.24822]}, "properties": {"id": "trv-12725:183841-12723:85930-0.1256", "country": "se", "source": "TRV", "updated": "2026-09-12", "name": "vägport 2.60 m", "type": "hauteur_limitee", "obstacle": "vägport", "hauteur_max_m": 2.6, "franchissable": false, "marge_cm": -60, "reference": "127-612-1"}}, {"type": "Feature", "geometry": {"type": "Point", "coordinates": [17.83013, 59.24819]}, "properties": {"id": "trv-12725:183843-12723:84913-0.5438", "country": "se", "source": "TRV", "updated": "2026-09-12", "name": "vägport 2.60 m", "type": "hauteur_limitee", "obstacle": "vägport", "hauteur_max_m": 2.6, "franchissable": false, "marge_cm": -60, "reference": "127-609-1"}}, {"type": "Feature", "geometry": {"type": "Point", "coordinates": [13.03638, 56.22807]}, "properties": {"id": "trv-12765:437155-10850:6929-0.2611", "country": "se", "source": "TRV", "updated": "2026-09-12", "name": "vägport 2.60 m", "type": "hauteur_limitee", "obstacle": "vägport", "hauteur_max_m": 2.6, "franchissable": false, "marge_cm": -60, "reference": "11-715-1"}}, {"type": "Feature", "geometry": {"type": "Point", "coordinates": [20.30717, 63.80081]}, "properties": {"id": "trv-13632:8784-20656:2872338-0.5516", "country": "se", "source": "TRV", "updated": "2026-09-12", "name": "vägport 2.60 m", "type": "hauteur_limitee", "obstacle": "vägport", "hauteur_max_m": 2.6, "franchissable": false, "marge_cm": -60, "reference": "2480-109-1"}}, {"type": "Feature", "geometry": {"type": "Point", "coordinates": [20.258, 63.82868]}, "properties": {"id": "trv-13632:8780-20656:2893054-0.4437", "country": "se", "source": "TRV", "updated": "2026-09-12", "name": "vägport 2.60 m", "type": "hauteur_limitee", "obstacle": "vägport", "hauteur_max_m": 2.6, "franchissable": false, "marge_cm": -60, "reference": "2480-104-1"}}, {"type": "Feature", "geometry": {"type": "Point", "coordinates": [20.95322, 64.7432]}, "properties": {"id": "trv-20298:1306-23097:3881-0.7702", "country": "se", "source": "TRV", "updated": "2026-09-12", "name": "vägport 2.60 m", "type": "hauteur_limitee", "obstacle": "vägport", "hauteur_max_m": 2.6, "franchissable": false, "marge_cm": -60}}, {"type": "Feature", "geometry": {"type": "Point", "coordinates": [16.11063, 59.4091]}, "properties": {"id": "trv-14409:35787-3:34712-0.6396", "country": "se", "source": "TRV", "updated": "2026-09-12", "occurrences": 2, "name": "vägport 2.60 m", "type": "hauteur_limitee", "obstacle": "vägport", "hauteur_max_m": 2.6, "franchissable": false, "marge_cm": -60}}, {"type": "Feature", "geometry": {"type": "Point", "coordinates": [18.46681, 59.31696]}, "properties": {"id": "trv-19314:2564-19314:2451-0.7594", "country": "se", "source": "TRV", "updated": "2026-09-12", "name": "vägport 2.60 m", "type": "hauteur_limitee", "obstacle": "vägport", "hauteur_max_m": 2.6, "franchissable": false, "marge_cm": -60}}, {"type": "Feature", "geometry": {"type": "Point", "coordinates": [20.9599, 64.74309]}, "properties": {"id": "trv-11159:232683-11157:136285-0.0569", "country": "se", "source": "TRV", "updated": "2026-09-12", "name": "vägport 2.60 m", "type": "hauteur_limitee", "obstacle": "vägport", "hauteur_max_m": 2.6, "franchissable": false, "marge_cm": -60, "reference": "24-1526-1"}}, {"type": "Feature", "geometry": {"type": "Point", "coordinates": [13.25149, 55.78217]}, "properties": {"id": "trv-14430:24128-1000:5241-0.9910", "country": "se", "source": "TRV", "updated": "2026-09-12", "name": "bro 2.60 m", "type": "hauteur_limitee", "obstacle": "bro", "hauteur_max_m": 2.6, "franchissable": false, "marge_cm": -60}}, {"type": "Feature", "geometry": {"type": "Point", "coordinates": [12.84319, 56.23597]}, "properties": {"id": "trv-12765:437203-10850:6387-0.5927", "country": "se", "source": "TRV", "updated": "2026-09-12", "name": "vägport 2.60 m", "type": "hauteur_limitee", "obstacle": "vägport", "hauteur_max_m": 2.6, "franchissable": false, "marge_cm": -60, "reference": "3500-3748-1"}}, {"type": "Feature", "geometry": {"type": "Point", "coordinates": [13.13034, 58.49788]}, "properties": {"id": "trv-13667:29924-3:1404058-0.8780", "country": "se", "source": "TRV", "updated": "2026-09-12", "occurrences": 2, "name": "tunnel 2.60 m", "type": "hauteur_limitee", "obstacle": "tunnel", "hauteur_max_m": 2.6, "franchissable": false, "marge_cm": -60}}, {"type": "Feature", "geometry": {"type": "Point", "coordinates": [13.78545, 56.16196]}, "properties": {"id": "trv-14031:2160-3:1511453-0.3374", "country": "se", "source": "TRV", "updated": "2026-09-12", "name": "vägport 2.60 m", "type": "hauteur_limitee", "obstacle": "vägport", "hauteur_max_m": 2.6, "franchissable": false, "marge_cm": -60}}, {"type": "Feature", "geometry": {"type": "Point", "coordinates": [14.34731, 58.88083]}, "properties": {"id": "trv-12741:151391-3:1208689-0.2684", "country": "se", "source": "TRV", "updated": "2026-09-12", "name": "tunnel 2.60 m", "type": "hauteur_limitee", "obstacle": "tunnel", "hauteur_max_m": 2.6, "franchissable": false, "marge_cm": -60}}, {"type": "Feature", "geometry": {"type": "Point", "coordinates": [17.83902, 59.23852]}, "properties": {"id": "trv-12725:183777-12723:82649-0.1036", "country": "se", "source": "TRV", "updated": "2026-09-12", "name": "vägport 2.60 m", "type": "hauteur_limitee", "obstacle": "vägport", "hauteur_max_m": 2.6, "franchissable": false, "marge_cm": -60}}, {"type": "Feature", "geometry": {"type": "Point", "coordinates": [16.19609, 58.87108]}, "properties": {"id": "trv-12582:509432-3:320580-0.1686", "country": "se", "source": "TRV", "updated": "2026-09-12", "name": "vägport 2.60 m", "type": "hauteur_limitee", "obstacle": "vägport", "hauteur_max_m": 2.6, "franchissable": false, "marge_cm": -60, "reference": "3500-258-1"}}, {"type": "Feature", "geometry": {"type": "Point", "coordinates": [16.19324, 58.9347]}, "properties": {"id": "trv-12582:509436-3:317188-0.5287", "country": "se", "source": "TRV", "updated": "2026-09-12", "name": "vägport 2.60 m", "type": "hauteur_limitee", "obstacle": "vägport", "hauteur_max_m": 2.6, "franchissable": false, "marge_cm": -60, "reference": "3500-254-1"}}, {"type": "Feature", "geometry": {"type": "Point", "coordinates": [12.26064, 57.11488]}, "properties": {"id": "trv-11158:117049-11158:109848-0.0811", "country": "se", "source": "TRV", "updated": "2026-09-12", "name": "vägport 2.60 m", "type": "hauteur_limitee", "obstacle": "vägport", "hauteur_max_m": 2.6, "franchissable": false, "marge_cm": -60}}, {"type": "Feature", "geometry": {"type": "Point", "coordinates": [17.83709, 59.23844]}, "properties": {"id": "trv-12725:183773-12723:81778-0.9813", "country": "se", "source": "TRV", "updated": "2026-09-12", "name": "vägport 2.60 m", "type": "hauteur_limitee", "obstacle": "vägport", "hauteur_max_m": 2.6, "franchissable": false, "marge_cm": -60, "reference": "1-1061-1"}}, {"type": "Feature", "geometry": {"type": "Point", "coordinates": [17.8386, 59.23869]}, "properties": {"id": "trv-12725:183775-12723:81778-0.9008", "country": "se", "source": "TRV", "updated": "2026-09-12", "name": "vägport 2.60 m", "type": "hauteur_limitee", "obstacle": "vägport", "hauteur_max_m": 2.6, "franchissable": false, "marge_cm": -60, "reference": "127-651-1"}}, {"type": "Feature", "geometry": {"type": "Point", "coordinates": [13.51193, 59.37961]}, "properties": {"id": "trv-14851:15725-3:718197-0.2581", "country": "se", "source": "TRV", "updated": "2026-09-12", "name": "vägport 2.60 m", "type": "hauteur_limitee", "obstacle": "vägport", "hauteur_max_m": 2.6, "franchissable": false, "marge_cm": -60}}, {"type": "Feature", "geometry": {"type": "Point", "coordinates": [20.32724, 63.83391]}, "properties": {"id": "trv-20661:396293-20656:2888464-0.3202", "country": "se", "source": "TRV", "updated": "2026-09-12", "name": "övrigt hinder 2.60 m", "type": "hauteur_limitee", "obstacle": "övrigt hinder", "hauteur_max_m": 2.6, "franchissable": false, "marge_cm": -60}}, {"type": "Feature", "geometry": {"type": "Point", "coordinates": [15.27756, 56.21225]}, "properties": {"id": "trv-10015:57337-3:349063-0.9108", "country": "se", "source": "TRV", "updated": "2026-09-12", "name": "övrigt hinder 2.60 m", "type": "hauteur_limitee", "obstacle": "övrigt hinder", "hauteur_max_m": 2.6, "franchissable": false, "marge_cm": -60, "reference": "Takutsprång"}}, {"type": "Feature", "geometry": {"type": "Point", "coordinates": [12.86445, 56.68204]}, "properties": {"id": "trv-14115:191437-3:285435-0.0444", "country": "se", "source": "TRV", "updated": "2026-09-12", "name": "vägport 2.60 m", "type": "hauteur_limitee", "obstacle": "vägport", "hauteur_max_m": 2.6, "franchissable": false, "marge_cm": -60}}, {"type": "Feature", "geometry": {"type": "Point", "coordinates": [17.02192, 58.76515]}, "properties": {"id": "trv-21240:261662-21240:150035-0.6629", "country": "se", "source": "TRV", "updated": "2026-09-12", "name": "övrigt hinder 2.60 m", "type": "hauteur_limitee", "obstacle": "övrigt hinder", "hauteur_max_m": 2.6, "franchissable": false, "marge_cm": -60}}, {"type": "Feature", "geometry": {"type": "Point", "coordinates": [14.10888, 57.69684]}, "properties": {"id": "trv-14118:165459-3:131593-0.3966", "country": "se", "source": "TRV", "updated": "2026-09-12", "name": "bro 2.60 m", "type": "hauteur_limitee", "obstacle": "bro", "hauteur_max_m": 2.6, "franchissable": false, "marge_cm": -60}}, {"type": "Feature", "geometry": {"type": "Point", "coordinates": [16.9917, 60.63085]}, "properties": {"id": "trv-12582:527905-12582:527795-0.6607", "country": "se", "source": "TRV", "updated": "2026-09-12", "name": "vägport 2.60 m", "type": "hauteur_limitee", "obstacle": "vägport", "hauteur_max_m": 2.6, "franchissable": false, "marge_cm": -60}}, {"type": "Feature", "geometry": {"type": "Point", "coordinates": [16.99156, 60.63111]}, "properties": {"id": "trv-12582:527907-12582:527795-0.7010", "country": "se", "source": "TRV", "updated": "2026-09-12", "name": "vägport 2.60 m", "type": "hauteur_limitee", "obstacle": "vägport", "hauteur_max_m": 2.6, "franchissable": false, "marge_cm": -60}}, {"type": "Feature", "geometry": {"type": "Point", "coordinates": [16.99149, 60.63123]}, "properties": {"id": "trv-12582:527909-12582:527795-0.7205", "country": "se", "source": "TRV", "updated": "2026-09-12", "name": "vägport 2.60 m", "type": "hauteur_limitee", "obstacle": "vägport", "hauteur_max_m": 2.6, "franchissable": false, "marge_cm": -60}}, {"type": "Feature", "geometry": {"type": "Point", "coordinates": [16.99129, 60.63161]}, "properties": {"id": "trv-12582:527911-12582:527795-0.7819", "country": "se", "source": "TRV", "updated": "2026-09-12", "name": "vägport 2.60 m", "type": "hauteur_limitee", "obstacle": "vägport", "hauteur_max_m": 2.6, "franchissable": false, "marge_cm": -60}}, {"type": "Feature", "geometry": {"type": "Point", "coordinates": [14.15133, 57.77947]}, "properties": {"id": "trv-16577:6720-16667:6361-0.1032", "country": "se", "source": "TRV", "updated": "2026-09-12", "name": "vägport 2.60 m", "type": "hauteur_limitee", "obstacle": "vägport", "hauteur_max_m": 2.6, "franchissable": false, "marge_cm": -60}}, {"type": "Feature", "geometry": {"type": "Point", "coordinates": [13.78449, 56.16044]}, "properties": {"id": "trv-12749:16420-14423:7683-0.1896", "country": "se", "source": "TRV", "updated": "2026-09-12", "name": "vägport 2.60 m", "type": "hauteur_limitee", "obstacle": "vägport", "hauteur_max_m": 2.6, "franchissable": false, "marge_cm": -60}}, {"type": "Feature", "geometry": {"type": "Point", "coordinates": [11.98278, 57.86979]}, "properties": {"id": "trv-11103:60333-11162:285693-0.8544", "country": "se", "source": "TRV", "updated": "2026-09-12", "name": "tunnel 2.60 m", "type": "hauteur_limitee", "obstacle": "tunnel", "hauteur_max_m": 2.6, "franchissable": false, "marge_cm": -60}}, {"type": "Feature", "geometry": {"type": "Point", "coordinates": [17.00403, 58.75777]}, "properties": {"id": "trv-21240:261744-21236:220387-0.5976", "country": "se", "source": "TRV", "updated": "2026-09-12", "name": "bro 2.60 m", "type": "hauteur_limitee", "obstacle": "bro", "hauteur_max_m": 2.6, "franchissable": false, "marge_cm": -60}}, {"type": "Feature", "geometry": {"type": "Point", "coordinates": [12.7275, 56.01709]}, "properties": {"id": "trv-11791:220-12535:1803-0.7617", "country": "se", "source": "TRV", "updated": "2026-09-12", "name": "övrigt hinder 2.60 m", "type": "hauteur_limitee", "obstacle": "övrigt hinder", "hauteur_max_m": 2.6, "franchissable": false, "marge_cm": -60}}, {"type": "Feature", "geometry": {"type": "Point", "coordinates": [20.287, 63.8255]}, "properties": {"id": "trv-20661:552405-20661:552369-0.7500", "country": "se", "source": "TRV", "updated": "2026-09-12", "name": "vägport 2.60 m", "type": "hauteur_limitee", "obstacle": "vägport", "hauteur_max_m": 2.6, "franchissable": false, "marge_cm": -60, "reference": "2480-122-1"}}, {"type": "Feature", "geometry": {"type": "Point", "coordinates": [14.18839, 55.54449]}, "properties": {"id": "trv-12591:138936-12570:4336-0.6116", "country": "se", "source": "TRV", "updated": "2026-09-12", "name": "övrigt hinder 2.60 m", "type": "hauteur_limitee", "obstacle": "övrigt hinder", "hauteur_max_m": 2.6, "franchissable": false, "marge_cm": -60}}, {"type": "Feature", "geometry": {"type": "Point", "coordinates": [14.84275, 56.90705]}, "properties": {"id": "trv-12470:3025-13250:14210-0.0298", "country": "se", "source": "TRV", "updated": "2026-09-12", "name": "vägport 2.60 m", "type": "hauteur_limitee", "obstacle": "vägport", "hauteur_max_m": 2.6, "franchissable": false, "marge_cm": -60, "reference": "780-3042-1"}}, {"type": "Feature", "geometry": {"type": "Point", "coordinates": [14.58559, 57.17221]}, "properties": {"id": "trv-12468:5639-11162:249216-0.5495", "country": "se", "source": "TRV", "updated": "2026-09-12", "name": "vägport 2.60 m", "type": "hauteur_limitee", "obstacle": "vägport", "hauteur_max_m": 2.6, "franchissable": false, "marge_cm": -60}}, {"type": "Feature", "geometry": {"type": "Point", "coordinates": [16.36677, 56.67234]}, "properties": {"id": "trv-11154:173497-11154:168487-0.8379", "country": "se", "source": "TRV", "updated": "2026-09-12", "name": "vägport 2.60 m", "type": "hauteur_limitee", "obstacle": "vägport", "hauteur_max_m": 2.6, "franchissable": false, "marge_cm": -60, "reference": "8-511-1"}}, {"type": "Feature", "geometry": {"type": "Point", "coordinates": [14.80535, 56.86258]}, "properties": {"id": "trv-16588:56892-13253:630-0.2641", "country": "se", "source": "TRV", "updated": "2026-09-12", "name": "vägport 2.60 m", "type": "hauteur_limitee", "obstacle": "vägport", "hauteur_max_m": 2.6, "franchissable": false, "marge_cm": -60}}, {"type": "Feature", "geometry": {"type": "Point", "coordinates": [20.96533, 64.74152]}, "properties": {"id": "trv-20297:1667-23097:1602-0.0996", "country": "se", "source": "TRV", "updated": "2026-09-12", "name": "vägport 2.60 m", "type": "hauteur_limitee", "obstacle": "vägport", "hauteur_max_m": 2.6, "franchissable": false, "marge_cm": -60}}, {"type": "Feature", "geometry": {"type": "Point", "coordinates": [14.82842, 56.89916]}, "properties": {"id": "trv-12468:6145-12469:2309-0.2061", "country": "se", "source": "TRV", "updated": "2026-09-12", "name": "vägport 2.60 m", "type": "hauteur_limitee", "obstacle": "vägport", "hauteur_max_m": 2.6, "franchissable": false, "marge_cm": -60}}, {"type": "Feature", "geometry": {"type": "Point", "coordinates": [12.86295, 56.24678]}, "properties": {"id": "trv-12765:437227-10850:5771-0.0057", "country": "se", "source": "TRV", "updated": "2026-09-12", "name": "vägport 2.60 m", "type": "hauteur_limitee", "obstacle": "vägport", "hauteur_max_m": 2.6, "franchissable": false, "marge_cm": -60, "reference": "11-234-1"}}, {"type": "Feature", "geometry": {"type": "Point", "coordinates": [14.15344, 57.76737]}, "properties": {"id": "trv-16575:4008-16667:6408-0.5038", "country": "se", "source": "TRV", "updated": "2026-09-12", "name": "vägport 2.60 m", "type": "hauteur_limitee", "obstacle": "vägport", "hauteur_max_m": 2.6, "franchissable": false, "marge_cm": -60}}, {"type": "Feature", "geometry": {"type": "Point", "coordinates": [17.87009, 59.40396]}, "properties": {"id": "trv-20731:48952-11156:32170-0.4782", "country": "se", "source": "TRV", "updated": "2026-09-12", "name": "vägport 2.60 m", "type": "hauteur_limitee", "obstacle": "vägport", "hauteur_max_m": 2.6, "franchissable": false, "marge_cm": -60, "reference": "100-211-1"}}, {"type": "Feature", "geometry": {"type": "Point", "coordinates": [18.22945, 59.23764]}, "properties": {"id": "trv-22121:1288365-22121:1286946-0.5000", "country": "se", "source": "TRV", "updated": "2026-09-12", "name": "vägport 2.60 m", "type": "hauteur_limitee", "obstacle": "vägport", "hauteur_max_m": 2.6, "franchissable": false, "marge_cm": -60}}, {"type": "Feature", "geometry": {"type": "Point", "coordinates": [17.84559, 59.41698]}, "properties": {"id": "trv-20731:47556-11156:32359-0.7324", "country": "se", "source": "TRV", "updated": "2026-09-12", "name": "vägport 2.61 m", "type": "hauteur_limitee", "obstacle": "vägport", "hauteur_max_m": 2.61, "franchissable": false, "marge_cm": -59, "reference": "123-113-1"}}, {"type": "Feature", "geometry": {"type": "Point", "coordinates": [17.79112, 59.40273]}, "properties": {"id": "trv-20731:42846-11156:34735-0.0528", "country": "se", "source": "TRV", "updated": "2026-09-12", "name": "vägport 2.61 m", "type": "hauteur_limitee", "obstacle": "vägport", "hauteur_max_m": 2.61, "franchissable": false, "marge_cm": -59, "reference": "123-112-1"}}, {"type": "Feature", "geometry": {"type": "Point", "coordinates": [17.76009, 59.50891]}, "properties": {"id": "trv-22512:3823-11158:34509-0.5405", "country": "se", "source": "TRV", "updated": "2026-09-12", "name": "vägport 2.61 m", "type": "hauteur_limitee", "obstacle": "vägport", "hauteur_max_m": 2.61, "franchissable": false, "marge_cm": -59}}, {"type": "Feature", "geometry": {"type": "Point", "coordinates": [12.26146, 57.11934]}, "properties": {"id": "trv-11158:117027-11158:109810-0.4816", "country": "se", "source": "TRV", "updated": "2026-09-12", "name": "vägport 2.62 m", "type": "hauteur_limitee", "obstacle": "vägport", "hauteur_max_m": 2.62, "franchissable": false, "marge_cm": -58}}, {"type": "Feature", "geometry": {"type": "Point", "coordinates": [17.53308, 59.56891]}, "properties": {"id": "trv-12729:72258-12729:67532-0.1501", "country": "se", "source": "TRV", "updated": "2026-09-12", "name": "tunnel 2.62 m", "type": "hauteur_limitee", "obstacle": "tunnel", "hauteur_max_m": 2.62, "franchissable": false, "marge_cm": -58}}, {"type": "Feature", "geometry": {"type": "Point", "coordinates": [17.50697, 59.57242]}, "properties": {"id": "trv-12729:72244-12729:66094-0.2271", "country": "se", "source": "TRV", "updated": "2026-09-12", "name": "tunnel 2.62 m", "type": "hauteur_limitee", "obstacle": "tunnel", "hauteur_max_m": 2.62, "franchissable": false, "marge_cm": -58}}, {"type": "Feature", "geometry": {"type": "Point", "coordinates": [18.21476, 59.24405]}, "properties": {"id": "trv-22121:791338-11156:11124-0.4825", "country": "se", "source": "TRV", "updated": "2026-09-12", "name": "vägport 2.63 m", "type": "hauteur_limitee", "obstacle": "vägport", "hauteur_max_m": 2.63, "franchissable": false, "marge_cm": -57}}, {"type": "Feature", "geometry": {"type": "Point", "coordinates": [17.80853, 59.29094]}, "properties": {"id": "trv-11159:37391-16592:4364-0.5970", "country": "se", "source": "TRV", "updated": "2026-09-12", "name": "tunnel 2.64 m", "type": "hauteur_limitee", "obstacle": "tunnel", "hauteur_max_m": 2.64, "franchissable": false, "marge_cm": -56}}, {"type": "Feature", "geometry": {"type": "Point", "coordinates": [18.22437, 59.24194]}, "properties": {"id": "trv-22121:794076-11156:14443-0.5965", "country": "se", "source": "TRV", "updated": "2026-09-12", "name": "vägport 2.64 m", "type": "hauteur_limitee", "obstacle": "vägport", "hauteur_max_m": 2.64, "franchissable": false, "marge_cm": -56}}, {"type": "Feature", "geometry": {"type": "Point", "coordinates": [17.80398, 59.46986]}, "properties": {"id": "trv-20731:47732-11156:33140-0.3083", "country": "se", "source": "TRV", "updated": "2026-09-12", "name": "vägport 2.64 m", "type": "hauteur_limitee", "obstacle": "vägport", "hauteur_max_m": 2.64, "franchissable": false, "marge_cm": -56, "reference": "2-1496-1"}}, {"type": "Feature", "geometry": {"type": "Point", "coordinates": [17.80834, 59.46433]}, "properties": {"id": "trv-20731:47708-11156:33059-0.5261", "country": "se", "source": "TRV", "updated": "2026-09-12", "name": "vägport 2.65 m", "type": "hauteur_limitee", "obstacle": "vägport", "hauteur_max_m": 2.65, "franchissable": false, "marge_cm": -55, "reference": "123-109-1"}}, {"type": "Feature", "geometry": {"type": "Point", "coordinates": [17.80153, 59.41625]}, "properties": {"id": "trv-12592:31881-11156:33474-0.8667", "country": "se", "source": "TRV", "updated": "2026-09-12", "name": "vägport 2.65 m", "type": "hauteur_limitee", "obstacle": "vägport", "hauteur_max_m": 2.65, "franchissable": false, "marge_cm": -55, "reference": "2-1478-1"}}, {"type": "Feature", "geometry": {"type": "Point", "coordinates": [21.02611, 64.74168]}, "properties": {"id": "trv-20296:796-12583:16987-0.6473", "country": "se", "source": "TRV", "updated": "2026-09-12", "name": "vägport 2.65 m", "type": "hauteur_limitee", "obstacle": "vägport", "hauteur_max_m": 2.65, "franchissable": false, "marge_cm": -55}}, {"type": "Feature", "geometry": {"type": "Point", "coordinates": [17.81806, 59.45754]}, "properties": {"id": "trv-20731:47765-11156:33186-0.5200", "country": "se", "source": "TRV", "updated": "2026-09-12", "name": "vägport 2.65 m", "type": "hauteur_limitee", "obstacle": "vägport", "hauteur_max_m": 2.65, "franchissable": false, "marge_cm": -55, "reference": "123-115-1"}}, {"type": "Feature", "geometry": {"type": "Point", "coordinates": [12.25855, 57.11052]}, "properties": {"id": "trv-11158:117031-11158:109944-0.7888", "country": "se", "source": "TRV", "updated": "2026-09-12", "name": "vägport 2.65 m", "type": "hauteur_limitee", "obstacle": "vägport", "hauteur_max_m": 2.65, "franchissable": false, "marge_cm": -55}}, {"type": "Feature", "geometry": {"type": "Point", "coordinates": [18.23479, 59.23264]}, "properties": {"id": "trv-22121:791476-11156:10498-0.7963", "country": "se", "source": "TRV", "updated": "2026-09-12", "name": "vägport 2.65 m", "type": "hauteur_limitee", "obstacle": "vägport", "hauteur_max_m": 2.65, "franchissable": false, "marge_cm": -55}}, {"type": "Feature", "geometry": {"type": "Point", "coordinates": [17.82674, 59.45697]}, "properties": {"id": "trv-20731:47667-20731:47623-0.4538", "country": "se", "source": "TRV", "updated": "2026-09-12", "name": "vägport 2.66 m", "type": "hauteur_limitee", "obstacle": "vägport", "hauteur_max_m": 2.66, "franchissable": false, "marge_cm": -54, "reference": "123-108-1"}}, {"type": "Feature", "geometry": {"type": "Point", "coordinates": [17.85118, 59.41396]}, "properties": {"id": "trv-20731:55152-11156:32723-0.8320", "country": "se", "source": "TRV", "updated": "2026-09-12", "name": "vägport 2.66 m", "type": "hauteur_limitee", "obstacle": "vägport", "hauteur_max_m": 2.66, "franchissable": false, "marge_cm": -54, "reference": "123-114-1"}}, {"type": "Feature", "geometry": {"type": "Point", "coordinates": [17.74905, 59.5098]}, "properties": {"id": "trv-22512:3827-11158:34521-0.5593", "country": "se", "source": "TRV", "updated": "2026-09-12", "name": "vägport 2.67 m", "type": "hauteur_limitee", "obstacle": "vägport", "hauteur_max_m": 2.67, "franchissable": false, "marge_cm": -53}}, {"type": "Feature", "geometry": {"type": "Point", "coordinates": [17.80194, 59.40262]}, "properties": {"id": "trv-20731:36818-11156:34677-0.9598", "country": "se", "source": "TRV", "updated": "2026-09-12", "name": "vägport 2.69 m", "type": "hauteur_limitee", "obstacle": "vägport", "hauteur_max_m": 2.69, "franchissable": false, "marge_cm": -51, "reference": "2-1482-1"}}, {"type": "Feature", "geometry": {"type": "Point", "coordinates": [12.58466, 56.99149]}, "properties": {"id": "trv-11155:194808-11155:194762-0.5744", "country": "se", "source": "TRV", "updated": "2026-09-12", "name": "vägport 2.70 m", "type": "hauteur_limitee", "obstacle": "vägport", "hauteur_max_m": 2.7, "franchissable": false, "marge_cm": -50}}, {"type": "Feature", "geometry": {"type": "Point", "coordinates": [15.13108, 59.46414]}, "properties": {"id": "trv-11159:365323-11159:364482-0.3947", "country": "se", "source": "TRV", "updated": "2026-09-12", "name": "vägport 2.70 m", "type": "hauteur_limitee", "obstacle": "vägport", "hauteur_max_m": 2.7, "franchissable": false, "marge_cm": -50, "reference": "100-441-1"}}, {"type": "Feature", "geometry": {"type": "Point", "coordinates": [12.29692, 57.783]}, "properties": {"id": "trv-11163:46920-11163:41779-0.5836", "country": "se", "source": "TRV", "updated": "2026-09-12", "name": "vägport 2.70 m", "type": "hauteur_limitee", "obstacle": "vägport", "hauteur_max_m": 2.7, "franchissable": false, "marge_cm": -50}}, {"type": "Feature", "geometry": {"type": "Point", "coordinates": [12.90358, 56.65522]}, "properties": {"id": "trv-12726:405622-12726:405459-0.4850", "country": "se", "source": "TRV", "updated": "2026-09-12", "name": "vägport 2.70 m", "type": "hauteur_limitee", "obstacle": "vägport", "hauteur_max_m": 2.7, "franchissable": false, "marge_cm": -50, "reference": "100-486-2"}}, {"type": "Feature", "geometry": {"type": "Point", "coordinates": [13.97065, 56.851]}, "properties": {"id": "trv-16175:13485-11161:392292-0.5175", "country": "se", "source": "TRV", "updated": "2026-09-12", "name": "vägport 2.70 m", "type": "hauteur_limitee", "obstacle": "vägport", "hauteur_max_m": 2.7, "franchissable": false, "marge_cm": -50}}, {"type": "Feature", "geometry": {"type": "Point", "coordinates": [15.42226, 60.48329]}, "properties": {"id": "trv-16586:25867-16586:25691-0.3338", "country": "se", "source": "TRV", "updated": "2026-09-12", "name": "vägport 2.70 m", "type": "hauteur_limitee", "obstacle": "vägport", "hauteur_max_m": 2.7, "franchissable": false, "marge_cm": -50}}, {"type": "Feature", "geometry": {"type": "Point", "coordinates": [14.4291, 56.7633]}, "properties": {"id": "trv-10016:582529-3:204036-0.5721", "country": "se", "source": "TRV", "updated": "2026-09-12", "name": "vägport 2.70 m", "type": "hauteur_limitee", "obstacle": "vägport", "hauteur_max_m": 2.7, "franchissable": false, "marge_cm": -50}}, {"type": "Feature", "geometry": {"type": "Point", "coordinates": [12.0036, 57.70896]}, "properties": {"id": "trv-10081:172549-10081:171904-0.0317", "country": "se", "source": "TRV", "updated": "2026-09-12", "name": "vägport 2.70 m", "type": "hauteur_limitee", "obstacle": "vägport", "hauteur_max_m": 2.7, "franchissable": false, "marge_cm": -50}}, {"type": "Feature", "geometry": {"type": "Point", "coordinates": [15.1274, 58.35116]}, "properties": {"id": "trv-11157:135045-11157:134945-0.4619", "country": "se", "source": "TRV", "updated": "2026-09-12", "name": "vägport 2.70 m", "type": "hauteur_limitee", "obstacle": "vägport", "hauteur_max_m": 2.7, "franchissable": false, "marge_cm": -50, "reference": "3500-5701-1"}}, {"type": "Feature", "geometry": {"type": "Point", "coordinates": [12.69967, 56.06987]}, "properties": {"id": "trv-11159:316317-11159:316287-0.6486", "country": "se", "source": "TRV", "updated": "2026-09-12", "name": "vägport 2.70 m", "type": "hauteur_limitee", "obstacle": "vägport", "hauteur_max_m": 2.7, "franchissable": false, "marge_cm": -50, "reference": "100-482-1"}}, {"type": "Feature", "geometry": {"type": "Point", "coordinates": [17.85726, 59.2464]}, "properties": {"id": "trv-12725:183729-12723:83375-0.3210", "country": "se", "source": "TRV", "updated": "2026-09-12", "name": "vägport 2.70 m", "type": "hauteur_limitee", "obstacle": "vägport", "hauteur_max_m": 2.7, "franchissable": false, "marge_cm": -50, "reference": "127-637-1"}}, {"type": "Feature", "geometry": {"type": "Point", "coordinates": [17.89486, 59.21494]}, "properties": {"id": "trv-12725:183735-12723:80600-0.3123", "country": "se", "source": "TRV", "updated": "2026-09-12", "name": "vägport 2.70 m", "type": "hauteur_limitee", "obstacle": "vägport", "hauteur_max_m": 2.7, "franchissable": false, "marge_cm": -50, "reference": "127-6129-1"}}, {"type": "Feature", "geometry": {"type": "Point", "coordinates": [18.15956, 59.2888]}, "properties": {"id": "trv-12726:236907-16587:5616-0.0000", "country": "se", "source": "TRV", "updated": "2026-09-12", "name": "vägport 2.70 m", "type": "hauteur_limitee", "obstacle": "vägport", "hauteur_max_m": 2.7, "franchissable": false, "marge_cm": -50, "reference": "2-1005-1"}}, {"type": "Feature", "geometry": {"type": "Point", "coordinates": [20.30307, 63.80112]}, "properties": {"id": "trv-13632:8792-20656:2883916-0.4926", "country": "se", "source": "TRV", "updated": "2026-09-12", "name": "vägport 2.70 m", "type": "hauteur_limitee", "obstacle": "vägport", "hauteur_max_m": 2.7, "franchissable": false, "marge_cm": -50, "reference": "2480-123-1"}}, {"type": "Feature", "geometry": {"type": "Point", "coordinates": [12.84503, 56.26687]}, "properties": {"id": "trv-12765:437187-10850:4607-0.5842", "country": "se", "source": "TRV", "updated": "2026-09-12", "name": "vägport 2.70 m", "type": "hauteur_limitee", "obstacle": "vägport", "hauteur_max_m": 2.7, "franchissable": false, "marge_cm": -50, "reference": "3500-5837-1"}}, {"type": "Feature", "geometry": {"type": "Point", "coordinates": [15.56794, 60.54727]}, "properties": {"id": "trv-12731:140295-12731:140259-0.3784", "country": "se", "source": "TRV", "updated": "2026-09-12", "name": "vägport 2.70 m", "type": "hauteur_limitee", "obstacle": "vägport", "hauteur_max_m": 2.7, "franchissable": false, "marge_cm": -50, "reference": "20-1295-1"}}, {"type": "Feature", "geometry": {"type": "Point", "coordinates": [20.29671, 63.809]}, "properties": {"id": "trv-13632:8794-20656:2830825-0.2474", "country": "se", "source": "TRV", "updated": "2026-09-12", "name": "vägport 2.70 m", "type": "hauteur_limitee", "obstacle": "vägport", "hauteur_max_m": 2.7, "franchissable": false, "marge_cm": -50, "reference": "2480-127-1"}}, {"type": "Feature", "geometry": {"type": "Point", "coordinates": [15.01562, 58.51464]}, "properties": {"id": "trv-16593:100983-16593:100786-0.4382", "country": "se", "source": "TRV", "updated": "2026-09-12", "name": "vägport 2.70 m", "type": "hauteur_limitee", "obstacle": "vägport", "hauteur_max_m": 2.7, "franchissable": false, "marge_cm": -50, "reference": "3500-5847-1"}}, {"type": "Feature", "geometry": {"type": "Point", "coordinates": [15.21906, 59.37666]}, "properties": {"id": "trv-19306:50685-19306:50582-0.5307", "country": "se", "source": "TRV", "updated": "2026-09-12", "name": "vägport 2.70 m", "type": "hauteur_limitee", "obstacle": "vägport", "hauteur_max_m": 2.7, "franchissable": false, "marge_cm": -50, "reference": "18-992-1"}}, {"type": "Feature", "geometry": {"type": "Point", "coordinates": [12.166, 58.01074]}, "properties": {"id": "trv-11156:151357-11156:150692-0.7039", "country": "se", "source": "TRV", "updated": "2026-09-12", "occurrences": 2, "name": "tunnel 2.70 m", "type": "hauteur_limitee", "obstacle": "tunnel", "hauteur_max_m": 2.7, "franchissable": false, "marge_cm": -50, "reference": "15-1729-1"}}, {"type": "Feature", "geometry": {"type": "Point", "coordinates": [17.78753, 59.16888]}, "properties": {"id": "trv-12724:460029-12723:76886-0.8718", "country": "se", "source": "TRV", "updated": "2026-09-12", "name": "vägport 2.70 m", "type": "hauteur_limitee", "obstacle": "vägport", "hauteur_max_m": 2.7, "franchissable": false, "marge_cm": -50, "reference": "127-6140-1"}}, {"type": "Feature", "geometry": {"type": "Point", "coordinates": [17.83647, 59.23936]}, "properties": {"id": "trv-12725:183771-12723:82892-0.3736", "country": "se", "source": "TRV", "updated": "2026-09-12", "name": "vägport 2.70 m", "type": "hauteur_limitee", "obstacle": "vägport", "hauteur_max_m": 2.7, "franchissable": false, "marge_cm": -50, "reference": "2-1780-1"}}, {"type": "Feature", "geometry": {"type": "Point", "coordinates": [17.84078, 59.23899]}, "properties": {"id": "trv-12725:183779-12723:82905-0.0806", "country": "se", "source": "TRV", "updated": "2026-09-12", "name": "vägport 2.70 m", "type": "hauteur_limitee", "obstacle": "vägport", "hauteur_max_m": 2.7, "franchissable": false, "marge_cm": -50, "reference": "127-652-1"}}, {"type": "Feature", "geometry": {"type": "Point", "coordinates": [17.81514, 59.20008]}, "properties": {"id": "trv-12725:183875-12723:77413-0.1182", "country": "se", "source": "TRV", "updated": "2026-09-12", "name": "vägport 2.70 m", "type": "hauteur_limitee", "obstacle": "vägport", "hauteur_max_m": 2.7, "franchissable": false, "marge_cm": -50, "reference": "2-51-1"}}, {"type": "Feature", "geometry": {"type": "Point", "coordinates": [13.10773, 55.49044]}, "properties": {"id": "trv-12728:84493-12728:84295-0.5202", "country": "se", "source": "TRV", "updated": "2026-09-12", "name": "vägport 2.70 m", "type": "hauteur_limitee", "obstacle": "vägport", "hauteur_max_m": 2.7, "franchissable": false, "marge_cm": -50}}, {"type": "Feature", "geometry": {"type": "Point", "coordinates": [17.96923, 59.34302]}, "properties": {"id": "trv-12730:310351-16668:60413-0.4981", "country": "se", "source": "TRV", "updated": "2026-09-12", "name": "vägport 2.70 m", "type": "hauteur_limitee", "obstacle": "vägport", "hauteur_max_m": 2.7, "franchissable": false, "marge_cm": -50, "reference": "Ulvsundabron"}}, {"type": "Feature", "geometry": {"type": "Point", "coordinates": [14.71222, 60.46243]}, "properties": {"id": "trv-12737:65787-3:609406-0.8629", "country": "se", "source": "TRV", "updated": "2026-09-12", "name": "vägport 2.70 m", "type": "hauteur_limitee", "obstacle": "vägport", "hauteur_max_m": 2.7, "franchissable": false, "marge_cm": -50, "reference": "20-1236-1"}}, {"type": "Feature", "geometry": {"type": "Point", "coordinates": [14.67053, 57.39525]}, "properties": {"id": "trv-12794:66377-3:131627-0.4362", "country": "se", "source": "TRV", "updated": "2026-09-12", "name": "vägport 2.70 m", "type": "hauteur_limitee", "obstacle": "vägport", "hauteur_max_m": 2.7, "franchissable": false, "marge_cm": -50}}, {"type": "Feature", "geometry": {"type": "Point", "coordinates": [15.50386, 58.49754]}, "properties": {"id": "trv-19340:2662-16591:9153-0.1915", "country": "se", "source": "TRV", "updated": "2026-09-12", "name": "vägport 2.70 m", "type": "hauteur_limitee", "obstacle": "vägport", "hauteur_max_m": 2.7, "franchissable": false, "marge_cm": -50, "reference": "580-46-1"}}, {"type": "Feature", "geometry": {"type": "Point", "coordinates": [15.69615, 58.36202]}, "properties": {"id": "trv-12724:109782-12724:109565-0.1704", "country": "se", "source": "TRV", "updated": "2026-09-12", "name": "vägport 2.70 m", "type": "hauteur_limitee", "obstacle": "vägport", "hauteur_max_m": 2.7, "franchissable": false, "marge_cm": -50}}, {"type": "Feature", "geometry": {"type": "Point", "coordinates": [17.35211, 60.64952]}, "properties": {"id": "trv-11157:212934-16586:86545-0.6558", "country": "se", "source": "TRV", "updated": "2026-09-12", "name": "vägport 2.70 m", "type": "hauteur_limitee", "obstacle": "vägport", "hauteur_max_m": 2.7, "franchissable": false, "marge_cm": -50, "reference": "21-1285-1"}}, {"type": "Feature", "geometry": {"type": "Point", "coordinates": [13.57159, 58.15956]}, "properties": {"id": "trv-16184:424200-12726:136724-0.1301", "country": "se", "source": "TRV", "updated": "2026-09-12", "name": "bro 2.70 m", "type": "hauteur_limitee", "obstacle": "bro", "hauteur_max_m": 2.7, "franchissable": false, "marge_cm": -50}}, {"type": "Feature", "geometry": {"type": "Point", "coordinates": [13.54579, 58.15387]}, "properties": {"id": "trv-16184:424208-12736:94868-0.9177", "country": "se", "source": "TRV", "updated": "2026-09-12", "name": "bro 2.70 m", "type": "hauteur_limitee", "obstacle": "bro", "hauteur_max_m": 2.7, "franchissable": false, "marge_cm": -50}}, {"type": "Feature", "geometry": {"type": "Point", "coordinates": [24.0756, 65.8269]}, "properties": {"id": "trv-16552:14350-16552:13624-0.2920", "country": "se", "source": "TRV", "updated": "2026-09-12", "name": "vägport 2.70 m", "type": "hauteur_limitee", "obstacle": "vägport", "hauteur_max_m": 2.7, "franchissable": false, "marge_cm": -50}}, {"type": "Feature", "geometry": {"type": "Point", "coordinates": [14.19099, 57.76256]}, "properties": {"id": "trv-16670:7669-11156:80961-0.9434", "country": "se", "source": "TRV", "updated": "2026-09-12", "name": "vägport 2.70 m", "type": "hauteur_limitee", "obstacle": "vägport", "hauteur_max_m": 2.7, "franchissable": false, "marge_cm": -50}}, {"type": "Feature", "geometry": {"type": "Point", "coordinates": [17.82145, 59.93751]}, "properties": {"id": "trv-11158:147599-16674:4650-0.2855", "country": "se", "source": "TRV", "updated": "2026-09-12", "name": "vägport 2.70 m", "type": "hauteur_limitee", "obstacle": "vägport", "hauteur_max_m": 2.7, "franchissable": false, "marge_cm": -50, "reference": "3-850-1"}}, {"type": "Feature", "geometry": {"type": "Point", "coordinates": [18.05119, 59.42605]}, "properties": {"id": "trv-23701:4337-23701:4174-0.4721", "country": "se", "source": "TRV", "updated": "2026-09-12", "name": "vägport 2.70 m", "type": "hauteur_limitee", "obstacle": "vägport", "hauteur_max_m": 2.7, "franchissable": false, "marge_cm": -50}}, {"type": "Feature", "geometry": {"type": "Point", "coordinates": [17.85189, 59.23763]}, "properties": {"id": "trv-12725:183787-12723:81956-0.5464", "country": "se", "source": "TRV", "updated": "2026-09-12", "name": "vägport 2.70 m", "type": "hauteur_limitee", "obstacle": "vägport", "hauteur_max_m": 2.7, "franchissable": false, "marge_cm": -50, "reference": "127-665-1"}}, {"type": "Feature", "geometry": {"type": "Point", "coordinates": [11.98795, 57.49438]}, "properties": {"id": "trv-16589:52453-16589:52425-0.4773", "country": "se", "source": "TRV", "updated": "2026-09-12", "name": "vägport 2.70 m", "type": "hauteur_limitee", "obstacle": "vägport", "hauteur_max_m": 2.7, "franchissable": false, "marge_cm": -50, "reference": "13-685-1"}}, {"type": "Feature", "geometry": {"type": "Point", "coordinates": [18.04403, 59.10221]}, "properties": {"id": "trv-22121:448614-22121:268155-0.5853", "country": "se", "source": "TRV", "updated": "2026-09-12", "name": "tunnel 2.70 m", "type": "hauteur_limitee", "obstacle": "tunnel", "hauteur_max_m": 2.7, "franchissable": false, "marge_cm": -50}}, {"type": "Feature", "geometry": {"type": "Point", "coordinates": [17.8159, 59.25231]}, "properties": {"id": "trv-12725:183827-12723:87468-0.3306", "country": "se", "source": "TRV", "updated": "2026-09-12", "name": "vägport 2.70 m", "type": "hauteur_limitee", "obstacle": "vägport", "hauteur_max_m": 2.7, "franchissable": false, "marge_cm": -50, "reference": "127-605-1"}}, {"type": "Feature", "geometry": {"type": "Point", "coordinates": [12.90338, 56.6553]}, "properties": {"id": "trv-12726:405626-12726:405459-0.5429", "country": "se", "source": "TRV", "updated": "2026-09-12", "name": "vägport 2.70 m", "type": "hauteur_limitee", "obstacle": "vägport", "hauteur_max_m": 2.7, "franchissable": false, "marge_cm": -50, "reference": "100-486-1"}}, {"type": "Feature", "geometry": {"type": "Point", "coordinates": [12.87822, 56.25416]}, "properties": {"id": "trv-12765:437235-10850:5159-0.8807", "country": "se", "source": "TRV", "updated": "2026-09-12", "name": "vägport 2.70 m", "type": "hauteur_limitee", "obstacle": "vägport", "hauteur_max_m": 2.7, "franchissable": false, "marge_cm": -50, "reference": "11-692-1"}}, {"type": "Feature", "geometry": {"type": "Point", "coordinates": [14.12665, 58.70423]}, "properties": {"id": "trv-12799:7903-1000:65739-0.1008", "country": "se", "source": "TRV", "updated": "2026-09-12", "name": "vägport 2.70 m", "type": "hauteur_limitee", "obstacle": "vägport", "hauteur_max_m": 2.7, "franchissable": false, "marge_cm": -50, "reference": "R  381"}}, {"type": "Feature", "geometry": {"type": "Point", "coordinates": [20.33492, 63.8089]}, "properties": {"id": "trv-13632:8768-20656:2861217-0.5477", "country": "se", "source": "TRV", "updated": "2026-09-12", "name": "vägport 2.70 m", "type": "hauteur_limitee", "obstacle": "vägport", "hauteur_max_m": 2.7, "franchissable": false, "marge_cm": -50, "reference": "2480-77-1"}}, {"type": "Feature", "geometry": {"type": "Point", "coordinates": [13.08287, 55.87478]}, "properties": {"id": "trv-12737:53408-12737:53343-0.7787", "country": "se", "source": "TRV", "updated": "2026-09-12", "name": "vägport 2.70 m", "type": "hauteur_limitee", "obstacle": "vägport", "hauteur_max_m": 2.7, "franchissable": false, "marge_cm": -50}}, {"type": "Feature", "geometry": {"type": "Point", "coordinates": [14.58728, 56.88808]}, "properties": {"id": "trv-14118:87461-3:191729-0.9361", "country": "se", "source": "TRV", "updated": "2026-09-12", "name": "vägport 2.70 m", "type": "hauteur_limitee", "obstacle": "vägport", "hauteur_max_m": 2.7, "franchissable": false, "marge_cm": -50}}, {"type": "Feature", "geometry": {"type": "Point", "coordinates": [14.50565, 59.32258]}, "properties": {"id": "trv-16590:75029-16590:69526-0.8905", "country": "se", "source": "TRV", "updated": "2026-09-12", "name": "vägport 2.70 m", "type": "hauteur_limitee", "obstacle": "vägport", "hauteur_max_m": 2.7, "franchissable": false, "marge_cm": -50, "reference": "18-641-1"}}, {"type": "Feature", "geometry": {"type": "Point", "coordinates": [12.97734, 58.37939]}, "properties": {"id": "trv-19341:1964-19341:1935-0.0764", "country": "se", "source": "TRV", "updated": "2026-09-12", "name": "vägport 2.70 m", "type": "hauteur_limitee", "obstacle": "vägport", "hauteur_max_m": 2.7, "franchissable": false, "marge_cm": -50, "reference": "16-673-1"}}, {"type": "Feature", "geometry": {"type": "Point", "coordinates": [20.33109, 63.82707]}, "properties": {"id": "trv-20661:27399-19307:19784-0.2383", "country": "se", "source": "TRV", "updated": "2026-09-12", "name": "vägport 2.70 m", "type": "hauteur_limitee", "obstacle": "vägport", "hauteur_max_m": 2.7, "franchissable": false, "marge_cm": -50, "reference": "24-1435-1"}}, {"type": "Feature", "geometry": {"type": "Point", "coordinates": [17.85061, 59.42587]}, "properties": {"id": "trv-20731:48977-11156:32599-0.7497", "country": "se", "source": "TRV", "updated": "2026-09-12", "name": "vägport 2.70 m", "type": "hauteur_limitee", "obstacle": "vägport", "hauteur_max_m": 2.7, "franchissable": false, "marge_cm": -50, "reference": "2-836-1"}}, {"type": "Feature", "geometry": {"type": "Point", "coordinates": [14.15215, 57.74286]}, "properties": {"id": "trv-16504:2518-11156:80558-0.6039", "country": "se", "source": "TRV", "updated": "2026-09-12", "name": "bro 2.70 m", "type": "hauteur_limitee", "obstacle": "bro", "hauteur_max_m": 2.7, "franchissable": false, "marge_cm": -50}}, {"type": "Feature", "geometry": {"type": "Point", "coordinates": [20.96632, 64.7368]}, "properties": {"id": "trv-20297:1663-23097:1584-0.8971", "country": "se", "source": "TRV", "updated": "2026-09-12", "name": "vägport 2.70 m", "type": "hauteur_limitee", "obstacle": "vägport", "hauteur_max_m": 2.7, "franchissable": false, "marge_cm": -50}}, {"type": "Feature", "geometry": {"type": "Point", "coordinates": [17.81071, 59.47327]}, "properties": {"id": "trv-11156:623047-11156:622344-0.1393", "country": "se", "source": "TRV", "updated": "2026-09-12", "name": "vägport 2.70 m", "type": "hauteur_limitee", "obstacle": "vägport", "hauteur_max_m": 2.7, "franchissable": false, "marge_cm": -50}}, {"type": "Feature", "geometry": {"type": "Point", "coordinates": [18.22365, 59.23556]}, "properties": {"id": "trv-22121:780033-11156:11218-0.4552", "country": "se", "source": "TRV", "updated": "2026-09-12", "name": "vägport 2.70 m", "type": "hauteur_limitee", "obstacle": "vägport", "hauteur_max_m": 2.7, "franchissable": false, "marge_cm": -50}}, {"type": "Feature", "geometry": {"type": "Point", "coordinates": [13.54603, 58.15387]}, "properties": {"id": "trv-16184:424206-12736:94868-0.9394", "country": "se", "source": "TRV", "updated": "2026-09-12", "name": "bro 2.70 m", "type": "hauteur_limitee", "obstacle": "bro", "hauteur_max_m": 2.7, "franchissable": false, "marge_cm": -50}}, {"type": "Feature", "geometry": {"type": "Point", "coordinates": [14.19077, 57.76266]}, "properties": {"id": "trv-16670:7665-11156:80961-0.9045", "country": "se", "source": "TRV", "updated": "2026-09-12", "name": "vägport 2.70 m", "type": "hauteur_limitee", "obstacle": "vägport", "hauteur_max_m": 2.7, "franchissable": false, "marge_cm": -50}}, {"type": "Feature", "geometry": {"type": "Point", "coordinates": [16.20356, 59.63752]}, "properties": {"id": "trv-11157:357579-1000:86488-0.1855", "country": "se", "source": "TRV", "updated": "2026-09-12", "name": "vägport 2.70 m", "type": "hauteur_limitee", "obstacle": "vägport", "hauteur_max_m": 2.7, "franchissable": false, "marge_cm": -50, "reference": "100-164-1"}}, {"type": "Feature", "geometry": {"type": "Point", "coordinates": [13.14244, 55.74539]}, "properties": {"id": "trv-12734:54250-12734:54234-0.9510", "country": "se", "source": "TRV", "updated": "2026-09-12", "name": "vägport 2.70 m", "type": "hauteur_limitee", "obstacle": "vägport", "hauteur_max_m": 2.7, "franchissable": false, "marge_cm": -50, "reference": "12-1057-1"}}, {"type": "Feature", "geometry": {"type": "Point", "coordinates": [12.16637, 58.01056]}, "properties": {"id": "trv-11156:151357-11156:150692-0.7635", "country": "se", "source": "TRV", "updated": "2026-09-12", "occurrences": 2, "name": "tunnel 2.70 m", "type": "hauteur_limitee", "obstacle": "tunnel", "hauteur_max_m": 2.7, "franchissable": false, "marge_cm": -50, "reference": "15-1729-1"}}, {"type": "Feature", "geometry": {"type": "Point", "coordinates": [14.10185, 56.00111]}, "properties": {"id": "trv-11161:258045-10821:6385-0.0003", "country": "se", "source": "TRV", "updated": "2026-09-12", "name": "vägport 2.70 m", "type": "hauteur_limitee", "obstacle": "vägport", "hauteur_max_m": 2.7, "franchissable": false, "marge_cm": -50, "reference": "11-795-1"}}, {"type": "Feature", "geometry": {"type": "Point", "coordinates": [17.81196, 59.24838]}, "properties": {"id": "trv-12725:183839-12723:85930-0.4445", "country": "se", "source": "TRV", "updated": "2026-09-12", "name": "vägport 2.70 m", "type": "hauteur_limitee", "obstacle": "vägport", "hauteur_max_m": 2.7, "franchissable": false, "marge_cm": -50, "reference": "127-603-1"}}, {"type": "Feature", "geometry": {"type": "Point", "coordinates": [12.91903, 56.31577]}, "properties": {"id": "trv-12765:437163-10850:3767-0.7884", "country": "se", "source": "TRV", "updated": "2026-09-12", "name": "vägport 2.70 m", "type": "hauteur_limitee", "obstacle": "vägport", "hauteur_max_m": 2.7, "franchissable": false, "marge_cm": -50, "reference": "11-678-1"}}, {"type": "Feature", "geometry": {"type": "Point", "coordinates": [12.83841, 56.27215]}, "properties": {"id": "trv-12765:437191-10850:4341-0.2538", "country": "se", "source": "TRV", "updated": "2026-09-12", "name": "vägport 2.70 m", "type": "hauteur_limitee", "obstacle": "vägport", "hauteur_max_m": 2.7, "franchissable": false, "marge_cm": -50}}, {"type": "Feature", "geometry": {"type": "Point", "coordinates": [14.79911, 57.78317]}, "properties": {"id": "trv-14118:196624-12737:2821-0.3667", "country": "se", "source": "TRV", "updated": "2026-09-12", "name": "vägport 2.70 m", "type": "hauteur_limitee", "obstacle": "vägport", "hauteur_max_m": 2.7, "franchissable": false, "marge_cm": -50}}, {"type": "Feature", "geometry": {"type": "Point", "coordinates": [14.12693, 58.70416]}, "properties": {"id": "trv-14442:198086-1000:65739-0.1524", "country": "se", "source": "TRV", "updated": "2026-09-12", "name": "vägport 2.70 m", "type": "hauteur_limitee", "obstacle": "vägport", "hauteur_max_m": 2.7, "franchissable": false, "marge_cm": -50}}, {"type": "Feature", "geometry": {"type": "Point", "coordinates": [15.02129, 58.5256]}, "properties": {"id": "trv-16593:101141-16593:100827-0.4580", "country": "se", "source": "TRV", "updated": "2026-09-12", "name": "vägport 2.70 m", "type": "hauteur_limitee", "obstacle": "vägport", "hauteur_max_m": 2.7, "franchissable": false, "marge_cm": -50, "reference": "3500-5816-1"}}, {"type": "Feature", "geometry": {"type": "Point", "coordinates": [16.17036, 61.70769]}, "properties": {"id": "trv-11158:261061-11158:261014-0.4356", "country": "se", "source": "TRV", "updated": "2026-09-12", "name": "vägport 2.70 m", "type": "hauteur_limitee", "obstacle": "vägport", "hauteur_max_m": 2.7, "franchissable": false, "marge_cm": -50, "reference": "3500-1565-1"}}, {"type": "Feature", "geometry": {"type": "Point", "coordinates": [17.85584, 59.23343]}, "properties": {"id": "trv-12725:183797-12723:81532-0.3295", "country": "se", "source": "TRV", "updated": "2026-09-12", "name": "vägport 2.70 m", "type": "hauteur_limitee", "obstacle": "vägport", "hauteur_max_m": 2.7, "franchissable": false, "marge_cm": -50, "reference": "127-648-1"}}, {"type": "Feature", "geometry": {"type": "Point", "coordinates": [15.63644, 60.60387]}, "properties": {"id": "trv-12730:261318-12725:137514-0.0323", "country": "se", "source": "TRV", "updated": "2026-09-12", "occurrences": 2, "name": "vägport 2.70 m", "type": "hauteur_limitee", "obstacle": "vägport", "hauteur_max_m": 2.7, "franchissable": false, "marge_cm": -50, "reference": "3500-3285-1"}}, {"type": "Feature", "geometry": {"type": "Point", "coordinates": [20.17506, 63.76652]}, "properties": {"id": "trv-11159:232965-12726:148322-0.7014", "country": "se", "source": "TRV", "updated": "2026-09-12", "name": "vägport 2.70 m", "type": "hauteur_limitee", "obstacle": "vägport", "hauteur_max_m": 2.7, "franchissable": false, "marge_cm": -50, "reference": "24-1746-1"}}, {"type": "Feature", "geometry": {"type": "Point", "coordinates": [20.96383, 64.74341]}, "properties": {"id": "trv-20297:1671-23097:2585-0.8385", "country": "se", "source": "TRV", "updated": "2026-09-12", "name": "vägport 2.70 m", "type": "hauteur_limitee", "obstacle": "vägport", "hauteur_max_m": 2.7, "franchissable": false, "marge_cm": -50}}, {"type": "Feature", "geometry": {"type": "Point", "coordinates": [14.53274, 59.33756]}, "properties": {"id": "trv-16590:75027-16590:67464-0.6803", "country": "se", "source": "TRV", "updated": "2026-09-12", "name": "vägport 2.70 m", "type": "hauteur_limitee", "obstacle": "vägport", "hauteur_max_m": 2.7, "franchissable": false, "marge_cm": -50, "reference": "18-664-1"}}, {"type": "Feature", "geometry": {"type": "Point", "coordinates": [17.95003, 59.44617]}, "properties": {"id": "trv-11156:200508-16671:2830-0.5349", "country": "se", "source": "TRV", "updated": "2026-09-12", "name": "vägport 2.70 m", "type": "hauteur_limitee", "obstacle": "vägport", "hauteur_max_m": 2.7, "franchissable": false, "marge_cm": -50, "reference": "2-1925-1"}}, {"type": "Feature", "geometry": {"type": "Point", "coordinates": [17.85154, 59.235]}, "properties": {"id": "trv-12725:183795-12723:81962-0.1541", "country": "se", "source": "TRV", "updated": "2026-09-12", "name": "vägport 2.70 m", "type": "hauteur_limitee", "obstacle": "vägport", "hauteur_max_m": 2.7, "franchissable": false, "marge_cm": -50, "reference": "127-663-1"}}, {"type": "Feature", "geometry": {"type": "Point", "coordinates": [18.73777, 59.77141]}, "properties": {"id": "trv-10085:182972-11159:19648-0.1479", "country": "se", "source": "TRV", "updated": "2026-09-12", "name": "vägport 2.70 m", "type": "hauteur_limitee", "obstacle": "vägport", "hauteur_max_m": 2.7, "franchissable": false, "marge_cm": -50}}, {"type": "Feature", "geometry": {"type": "Point", "coordinates": [16.29168, 58.50939]}, "properties": {"id": "trv-11160:147031-11160:146986-0.6211", "country": "se", "source": "TRV", "updated": "2026-09-12", "name": "vägport 2.70 m", "type": "hauteur_limitee", "obstacle": "vägport", "hauteur_max_m": 2.7, "franchissable": false, "marge_cm": -50, "reference": "5-1287-1"}}, {"type": "Feature", "geometry": {"type": "Point", "coordinates": [13.58542, 59.47696]}, "properties": {"id": "trv-12724:491562-12724:491020-0.2863", "country": "se", "source": "TRV", "updated": "2026-09-12", "name": "vägport 2.70 m", "type": "hauteur_limitee", "obstacle": "vägport", "hauteur_max_m": 2.7, "franchissable": false, "marge_cm": -50, "reference": "100-921-1"}}, {"type": "Feature", "geometry": {"type": "Point", "coordinates": [15.50508, 60.47376]}, "properties": {"id": "trv-12725:25174-12723:49078-0.2081", "country": "se", "source": "TRV", "updated": "2026-09-12", "name": "vägport 2.70 m", "type": "hauteur_limitee", "obstacle": "vägport", "hauteur_max_m": 2.7, "franchissable": false, "marge_cm": -50, "reference": "GC-port under väg 800"}}, {"type": "Feature", "geometry": {"type": "Point", "coordinates": [13.11213, 55.64456]}, "properties": {"id": "trv-15005:8062-3:1599360-0.7417", "country": "se", "source": "TRV", "updated": "2026-09-12", "name": "vägport 2.70 m", "type": "hauteur_limitee", "obstacle": "vägport", "hauteur_max_m": 2.7, "franchissable": false, "marge_cm": -50}}, {"type": "Feature", "geometry": {"type": "Point", "coordinates": [14.52279, 59.32474]}, "properties": {"id": "trv-16590:75055-16590:69242-0.2749", "country": "se", "source": "TRV", "updated": "2026-09-12", "name": "vägport 2.70 m", "type": "hauteur_limitee", "obstacle": "vägport", "hauteur_max_m": 2.7, "franchissable": false, "marge_cm": -50}}, {"type": "Feature", "geometry": {"type": "Point", "coordinates": [14.10073, 56.00156]}, "properties": {"id": "trv-11161:258041-10821:6374-0.8446", "country": "se", "source": "TRV", "updated": "2026-09-12", "name": "vägport 2.70 m", "type": "hauteur_limitee", "obstacle": "vägport", "hauteur_max_m": 2.7, "franchissable": false, "marge_cm": -50, "reference": "11-794-1"}}, {"type": "Feature", "geometry": {"type": "Point", "coordinates": [17.80361, 59.24462]}, "properties": {"id": "trv-12725:183847-12723:85856-0.7339", "country": "se", "source": "TRV", "updated": "2026-09-12", "name": "vägport 2.70 m", "type": "hauteur_limitee", "obstacle": "vägport", "hauteur_max_m": 2.7, "franchissable": false, "marge_cm": -50, "reference": "127-626-1"}}, {"type": "Feature", "geometry": {"type": "Point", "coordinates": [15.0405, 58.45746]}, "properties": {"id": "trv-16593:101133-16593:100730-0.5851", "country": "se", "source": "TRV", "updated": "2026-09-12", "name": "vägport 2.70 m", "type": "hauteur_limitee", "obstacle": "vägport", "hauteur_max_m": 2.7, "franchissable": false, "marge_cm": -50, "reference": "3500-5848-1"}}, {"type": "Feature", "geometry": {"type": "Point", "coordinates": [12.90556, 57.69902]}, "properties": {"id": "trv-12733:143601-16586:94313-0.2763", "country": "se", "source": "TRV", "updated": "2026-09-12", "name": "vägport 2.70 m", "type": "hauteur_limitee", "obstacle": "vägport", "hauteur_max_m": 2.7, "franchissable": false, "marge_cm": -50, "reference": "15-1782-1"}}, {"type": "Feature", "geometry": {"type": "Point", "coordinates": [20.27116, 63.83719]}, "properties": {"id": "trv-11159:232989-12726:148276-0.3300", "country": "se", "source": "TRV", "updated": "2026-09-12", "name": "vägport 2.70 m", "type": "hauteur_limitee", "obstacle": "vägport", "hauteur_max_m": 2.7, "franchissable": false, "marge_cm": -50, "reference": "24-1769-1"}}, {"type": "Feature", "geometry": {"type": "Point", "coordinates": [17.83788, 59.23578]}, "properties": {"id": "trv-12725:183805-12723:82624-0.5819", "country": "se", "source": "TRV", "updated": "2026-09-12", "name": "vägport 2.70 m", "type": "hauteur_limitee", "obstacle": "vägport", "hauteur_max_m": 2.7, "franchissable": false, "marge_cm": -50, "reference": "2-1062-1"}}, {"type": "Feature", "geometry": {"type": "Point", "coordinates": [14.52465, 59.33786]}, "properties": {"id": "trv-16590:75025-16590:67457-0.7192", "country": "se", "source": "TRV", "updated": "2026-09-12", "name": "vägport 2.70 m", "type": "hauteur_limitee", "obstacle": "vägport", "hauteur_max_m": 2.7, "franchissable": false, "marge_cm": -50, "reference": "1883-5-1"}}, {"type": "Feature", "geometry": {"type": "Point", "coordinates": [18.15922, 59.18402]}, "properties": {"id": "trv-16665:70784-11161:17096-0.4924", "country": "se", "source": "TRV", "updated": "2026-09-12", "name": "vägport 2.70 m", "type": "hauteur_limitee", "obstacle": "vägport", "hauteur_max_m": 2.7, "franchissable": false, "marge_cm": -50, "reference": "136-13-1"}}, {"type": "Feature", "geometry": {"type": "Point", "coordinates": [20.33941, 63.84392]}, "properties": {"id": "trv-20661:351283-20656:2878641-0.4962", "country": "se", "source": "TRV", "updated": "2026-09-12", "name": "vägport 2.70 m", "type": "hauteur_limitee", "obstacle": "vägport", "hauteur_max_m": 2.7, "franchissable": false, "marge_cm": -50, "reference": "24-1925-1 Bro över GC-väg vid campingplats Marieberg i Umeå"}}, {"type": "Feature", "geometry": {"type": "Point", "coordinates": [13.56187, 58.15155]}, "properties": {"id": "trv-16184:424202-12736:94944-0.0781", "country": "se", "source": "TRV", "updated": "2026-09-12", "name": "bro 2.70 m", "type": "hauteur_limitee", "obstacle": "bro", "hauteur_max_m": 2.7, "franchissable": false, "marge_cm": -50}}, {"type": "Feature", "geometry": {"type": "Point", "coordinates": [17.80278, 59.93202]}, "properties": {"id": "trv-12736:125346-12736:125260-0.1504", "country": "se", "source": "TRV", "updated": "2026-09-12", "name": "vägport 2.70 m", "type": "hauteur_limitee", "obstacle": "vägport", "hauteur_max_m": 2.7, "franchissable": false, "marge_cm": -50, "reference": "100-279-1"}}, {"type": "Feature", "geometry": {"type": "Point", "coordinates": [17.82142, 59.47721]}, "properties": {"id": "trv-11156:623051-11156:622365-0.8386", "country": "se", "source": "TRV", "updated": "2026-09-12", "name": "vägport 2.70 m", "type": "hauteur_limitee", "obstacle": "vägport", "hauteur_max_m": 2.7, "franchissable": false, "marge_cm": -50}}, {"type": "Feature", "geometry": {"type": "Point", "coordinates": [17.85219, 59.23653]}, "properties": {"id": "trv-12725:183791-12723:81962-0.5163", "country": "se", "source": "TRV", "updated": "2026-09-12", "name": "vägport 2.70 m", "type": "hauteur_limitee", "obstacle": "vägport", "hauteur_max_m": 2.7, "franchissable": false, "marge_cm": -50}}, {"type": "Feature", "geometry": {"type": "Point", "coordinates": [15.63632, 60.60396]}, "properties": {"id": "trv-11163:348984-12725:137496-0.3095", "country": "se", "source": "TRV", "updated": "2026-09-12", "occurrences": 2, "name": "vägport 2.70 m", "type": "hauteur_limitee", "obstacle": "vägport", "hauteur_max_m": 2.7, "franchissable": false, "marge_cm": -50, "reference": "3500-6285-2"}}, {"type": "Feature", "geometry": {"type": "Point", "coordinates": [15.63643, 60.60397]}, "properties": {"id": "trv-11163:348984-12725:137514-0.0491", "country": "se", "source": "TRV", "updated": "2026-09-12", "occurrences": 2, "name": "vägport 2.70 m", "type": "hauteur_limitee", "obstacle": "vägport", "hauteur_max_m": 2.7, "franchissable": false, "marge_cm": -50, "reference": "3500-6285-2"}}, {"type": "Feature", "geometry": {"type": "Point", "coordinates": [18.10387, 59.12327]}, "properties": {"id": "trv-16665:70802-11161:19116-0.8133", "country": "se", "source": "TRV", "updated": "2026-09-12", "name": "vägport 2.70 m", "type": "hauteur_limitee", "obstacle": "vägport", "hauteur_max_m": 2.7, "franchissable": false, "marge_cm": -50}}, {"type": "Feature", "geometry": {"type": "Point", "coordinates": [13.11627, 57.61487]}, "properties": {"id": "trv-12725:189696-12725:189518-0.5209", "country": "se", "source": "TRV", "updated": "2026-09-12", "name": "vägport 2.70 m", "type": "hauteur_limitee", "obstacle": "vägport", "hauteur_max_m": 2.7, "franchissable": false, "marge_cm": -50, "reference": "100-364-1"}}, {"type": "Feature", "geometry": {"type": "Point", "coordinates": [14.97234, 57.6567]}, "properties": {"id": "trv-12725:78516-12725:76014-0.7932", "country": "se", "source": "TRV", "updated": "2026-09-12", "name": "vägport 2.70 m", "type": "hauteur_limitee", "obstacle": "vägport", "hauteur_max_m": 2.7, "franchissable": false, "marge_cm": -50}}, {"type": "Feature", "geometry": {"type": "Point", "coordinates": [15.63634, 60.60387]}, "properties": {"id": "trv-12730:261318-12725:137496-0.5361", "country": "se", "source": "TRV", "updated": "2026-09-12", "occurrences": 2, "name": "vägport 2.70 m", "type": "hauteur_limitee", "obstacle": "vägport", "hauteur_max_m": 2.7, "franchissable": false, "marge_cm": -50, "reference": "3500-3285-1"}}, {"type": "Feature", "geometry": {"type": "Point", "coordinates": [15.71209, 58.34146]}, "properties": {"id": "trv-19340:2656-12724:109576-0.2633", "country": "se", "source": "TRV", "updated": "2026-09-12", "name": "vägport 2.70 m", "type": "hauteur_limitee", "obstacle": "vägport", "hauteur_max_m": 2.7, "franchissable": false, "marge_cm": -50, "reference": "5-1225-1"}}, {"type": "Feature", "geometry": {"type": "Point", "coordinates": [20.93457, 64.76078]}, "properties": {"id": "trv-20298:1326-23097:4119-0.1224", "country": "se", "source": "TRV", "updated": "2026-09-12", "name": "vägport 2.70 m", "type": "hauteur_limitee", "obstacle": "vägport", "hauteur_max_m": 2.7, "franchissable": false, "marge_cm": -50}}, {"type": "Feature", "geometry": {"type": "Point", "coordinates": [18.09694, 59.44447]}, "properties": {"id": "trv-11158:263163-12724:393254-0.4691", "country": "se", "source": "TRV", "updated": "2026-09-12", "name": "vägport 2.70 m", "type": "hauteur_limitee", "obstacle": "vägport", "hauteur_max_m": 2.7, "franchissable": false, "marge_cm": -50, "reference": "2-2181-1"}}, {"type": "Feature", "geometry": {"type": "Point", "coordinates": [17.83519, 59.2447]}, "properties": {"id": "trv-12725:183859-12723:84919-0.4328", "country": "se", "source": "TRV", "updated": "2026-09-12", "name": "vägport 2.70 m", "type": "hauteur_limitee", "obstacle": "vägport", "hauteur_max_m": 2.7, "franchissable": false, "marge_cm": -50, "reference": "127-617-1"}}, {"type": "Feature", "geometry": {"type": "Point", "coordinates": [13.56134, 58.15432]}, "properties": {"id": "trv-16184:424198-12736:94938-0.8116", "country": "se", "source": "TRV", "updated": "2026-09-12", "name": "bro 2.70 m", "type": "hauteur_limitee", "obstacle": "bro", "hauteur_max_m": 2.7, "franchissable": false, "marge_cm": -50}}, {"type": "Feature", "geometry": {"type": "Point", "coordinates": [17.84778, 59.23844]}, "properties": {"id": "trv-12725:183783-12723:81999-0.9450", "country": "se", "source": "TRV", "updated": "2026-09-12", "name": "vägport 2.70 m", "type": "hauteur_limitee", "obstacle": "vägport", "hauteur_max_m": 2.7, "franchissable": false, "marge_cm": -50, "reference": "127-654-1"}}, {"type": "Feature", "geometry": {"type": "Point", "coordinates": [17.82918, 59.21461]}, "properties": {"id": "trv-12725:183869-12723:79267-0.0440", "country": "se", "source": "TRV", "updated": "2026-09-12", "name": "vägport 2.70 m", "type": "hauteur_limitee", "obstacle": "vägport", "hauteur_max_m": 2.7, "franchissable": false, "marge_cm": -50}}, {"type": "Feature", "geometry": {"type": "Point", "coordinates": [12.31687, 58.38171]}, "properties": {"id": "trv-12730:307747-11162:29839-0.4042", "country": "se", "source": "TRV", "updated": "2026-09-12", "name": "vägport 2.70 m", "type": "hauteur_limitee", "obstacle": "vägport", "hauteur_max_m": 2.7, "franchissable": false, "marge_cm": -50, "reference": "15-5-1"}}, {"type": "Feature", "geometry": {"type": "Point", "coordinates": [12.7109, 56.07611]}, "properties": {"id": "trv-22547:24883-22547:24557-0.7361", "country": "se", "source": "TRV", "updated": "2026-09-12", "name": "bro 2.70 m", "type": "hauteur_limitee", "obstacle": "bro", "hauteur_max_m": 2.7, "franchissable": false, "marge_cm": -50}}, {"type": "Feature", "geometry": {"type": "Point", "coordinates": [12.71129, 56.0763]}, "properties": {"id": "trv-22547:24895-22547:24505-0.4653", "country": "se", "source": "TRV", "updated": "2026-09-12", "name": "bro 2.70 m", "type": "hauteur_limitee", "obstacle": "bro", "hauteur_max_m": 2.7, "franchissable": false, "marge_cm": -50}}, {"type": "Feature", "geometry": {"type": "Point", "coordinates": [14.52893, 59.33739]}, "properties": {"id": "trv-16590:75031-16590:67421-0.7952", "country": "se", "source": "TRV", "updated": "2026-09-12", "name": "vägport 2.70 m", "type": "hauteur_limitee", "obstacle": "vägport", "hauteur_max_m": 2.7, "franchissable": false, "marge_cm": -50, "reference": "18-663-1"}}, {"type": "Feature", "geometry": {"type": "Point", "coordinates": [13.35408, 58.14206]}, "properties": {"id": "trv-16184:424210-3:1303853-0.4563", "country": "se", "source": "TRV", "updated": "2026-09-12", "name": "bro 2.70 m", "type": "hauteur_limitee", "obstacle": "bro", "hauteur_max_m": 2.7, "franchissable": false, "marge_cm": -50}}, {"type": "Feature", "geometry": {"type": "Point", "coordinates": [16.35633, 56.70533]}, "properties": {"id": "trv-19381:144134-19381:144076-0.8140", "country": "se", "source": "TRV", "updated": "2026-09-12", "name": "övrigt hinder 2.70 m", "type": "hauteur_limitee", "obstacle": "övrigt hinder", "hauteur_max_m": 2.7, "franchissable": false, "marge_cm": -50}}, {"type": "Feature", "geometry": {"type": "Point", "coordinates": [14.09602, 57.88963]}, "properties": {"id": "trv-12797:6199-1000:47103-0.4823", "country": "se", "source": "TRV", "updated": "2026-09-12", "name": "vägport 2.70 m", "type": "hauteur_limitee", "obstacle": "vägport", "hauteur_max_m": 2.7, "franchissable": false, "marge_cm": -50, "reference": "R  351"}}, {"type": "Feature", "geometry": {"type": "Point", "coordinates": [17.02776, 58.76547]}, "properties": {"id": "trv-21240:261728-21236:220914-0.4372", "country": "se", "source": "TRV", "updated": "2026-09-12", "name": "bro 2.70 m", "type": "hauteur_limitee", "obstacle": "bro", "hauteur_max_m": 2.7, "franchissable": false, "marge_cm": -50}}, {"type": "Feature", "geometry": {"type": "Point", "coordinates": [13.56758, 59.46571]}, "properties": {"id": "trv-12724:491558-12724:490968-0.8063", "country": "se", "source": "TRV", "updated": "2026-09-12", "name": "vägport 2.70 m", "type": "hauteur_limitee", "obstacle": "vägport", "hauteur_max_m": 2.7, "franchissable": false, "marge_cm": -50, "reference": "100-920-1"}}, {"type": "Feature", "geometry": {"type": "Point", "coordinates": [15.08316, 60.67878]}, "properties": {"id": "trv-13625:2106018-12724:334347-0.6574", "country": "se", "source": "TRV", "updated": "2026-09-12", "name": "tunnel 2.70 m", "type": "hauteur_limitee", "obstacle": "tunnel", "hauteur_max_m": 2.7, "franchissable": false, "marge_cm": -50}}, {"type": "Feature", "geometry": {"type": "Point", "coordinates": [14.82029, 56.84695]}, "properties": {"id": "trv-16665:70198-12468:495-0.9244", "country": "se", "source": "TRV", "updated": "2026-09-12", "name": "vägport 2.70 m", "type": "hauteur_limitee", "obstacle": "vägport", "hauteur_max_m": 2.7, "franchissable": false, "marge_cm": -50, "reference": "780-1018-1"}}, {"type": "Feature", "geometry": {"type": "Point", "coordinates": [14.79945, 56.90992]}, "properties": {"id": "trv-12468:5421-13250:12017-0.5007", "country": "se", "source": "TRV", "updated": "2026-09-12", "name": "vägport 2.70 m", "type": "hauteur_limitee", "obstacle": "vägport", "hauteur_max_m": 2.7, "franchissable": false, "marge_cm": -50, "reference": "780-2051-1"}}, {"type": "Feature", "geometry": {"type": "Point", "coordinates": [16.23847, 59.00774]}, "properties": {"id": "trv-16665:28385-16665:27732-0.3464", "country": "se", "source": "TRV", "updated": "2026-09-12", "name": "vägport 2.70 m", "type": "hauteur_limitee", "obstacle": "vägport", "hauteur_max_m": 2.7, "franchissable": false, "marge_cm": -50}}, {"type": "Feature", "geometry": {"type": "Point", "coordinates": [14.78508, 56.9133]}, "properties": {"id": "trv-12485:657-12468:2835-0.5472", "country": "se", "source": "TRV", "updated": "2026-09-12", "name": "vägport 2.70 m", "type": "hauteur_limitee", "obstacle": "vägport", "hauteur_max_m": 2.7, "franchissable": false, "marge_cm": -50}}, {"type": "Feature", "geometry": {"type": "Point", "coordinates": [14.79317, 56.91269]}, "properties": {"id": "trv-12485:661-13250:8709-0.4169", "country": "se", "source": "TRV", "updated": "2026-09-12", "name": "vägport 2.70 m", "type": "hauteur_limitee", "obstacle": "vägport", "hauteur_max_m": 2.7, "franchissable": false, "marge_cm": -50}}, {"type": "Feature", "geometry": {"type": "Point", "coordinates": [14.81554, 56.88135]}, "properties": {"id": "trv-12479:1099-12468:4487-0.3822", "country": "se", "source": "TRV", "updated": "2026-09-12", "name": "vägport 2.70 m", "type": "hauteur_limitee", "obstacle": "vägport", "hauteur_max_m": 2.7, "franchissable": false, "marge_cm": -50, "reference": "780-4098-1"}}, {"type": "Feature", "geometry": {"type": "Point", "coordinates": [14.79949, 56.89884]}, "properties": {"id": "trv-12470:3205-13250:11367-0.8718", "country": "se", "source": "TRV", "updated": "2026-09-12", "name": "vägport 2.70 m", "type": "hauteur_limitee", "obstacle": "vägport", "hauteur_max_m": 2.7, "franchissable": false, "marge_cm": -50}}, {"type": "Feature", "geometry": {"type": "Point", "coordinates": [14.79654, 56.9038]}, "properties": {"id": "trv-12470:3193-13250:11372-0.8548", "country": "se", "source": "TRV", "updated": "2026-09-12", "name": "vägport 2.70 m", "type": "hauteur_limitee", "obstacle": "vägport", "hauteur_max_m": 2.7, "franchissable": false, "marge_cm": -50, "reference": "780-2055-1"}}, {"type": "Feature", "geometry": {"type": "Point", "coordinates": [14.73598, 56.89533]}, "properties": {"id": "trv-12477:415-13254:1700-0.8771", "country": "se", "source": "TRV", "updated": "2026-09-12", "name": "vägport 2.70 m", "type": "hauteur_limitee", "obstacle": "vägport", "hauteur_max_m": 2.7, "franchissable": false, "marge_cm": -50}}, {"type": "Feature", "geometry": {"type": "Point", "coordinates": [14.73566, 56.89463]}, "properties": {"id": "trv-12477:411-13254:1700-0.3532", "country": "se", "source": "TRV", "updated": "2026-09-12", "name": "vägport 2.70 m", "type": "hauteur_limitee", "obstacle": "vägport", "hauteur_max_m": 2.7, "franchissable": false, "marge_cm": -50, "reference": "780-2075-1"}}, {"type": "Feature", "geometry": {"type": "Point", "coordinates": [20.96424, 64.74385]}, "properties": {"id": "trv-20297:1673-23097:1596-0.9251", "country": "se", "source": "TRV", "updated": "2026-09-12", "name": "vägport 2.70 m", "type": "hauteur_limitee", "obstacle": "vägport", "hauteur_max_m": 2.7, "franchissable": false, "marge_cm": -50}}, {"type": "Feature", "geometry": {"type": "Point", "coordinates": [13.46388, 59.54252]}, "properties": {"id": "trv-16155:3454-3:718167-0.6842", "country": "se", "source": "TRV", "updated": "2026-09-12", "occurrences": 2, "name": "tunnel 2.70 m", "type": "hauteur_limitee", "obstacle": "tunnel", "hauteur_max_m": 2.7, "franchissable": false, "marge_cm": -50}}, {"type": "Feature", "geometry": {"type": "Point", "coordinates": [13.464, 59.54243]}, "properties": {"id": "trv-16155:3454-3:718167-0.7895", "country": "se", "source": "TRV", "updated": "2026-09-12", "occurrences": 2, "name": "tunnel 2.70 m", "type": "hauteur_limitee", "obstacle": "tunnel", "hauteur_max_m": 2.7, "franchissable": false, "marge_cm": -50}}, {"type": "Feature", "geometry": {"type": "Point", "coordinates": [14.81575, 56.84047]}, "properties": {"id": "trv-16665:70193-12470:1938-0.4295", "country": "se", "source": "TRV", "updated": "2026-09-12", "name": "vägport 2.70 m", "type": "hauteur_limitee", "obstacle": "vägport", "hauteur_max_m": 2.7, "franchissable": false, "marge_cm": -50, "reference": "780-1016-1"}}, {"type": "Feature", "geometry": {"type": "Point", "coordinates": [18.23595, 59.24967]}, "properties": {"id": "trv-22121:1273163-22121:1205563-0.1227", "country": "se", "source": "TRV", "updated": "2026-09-12", "name": "vägport 2.70 m", "type": "hauteur_limitee", "obstacle": "vägport", "hauteur_max_m": 2.7, "franchissable": false, "marge_cm": -50}}, {"type": "Feature", "geometry": {"type": "Point", "coordinates": [18.23587, 59.24947]}, "properties": {"id": "trv-22121:1273170-22121:1205563-0.9460", "country": "se", "source": "TRV", "updated": "2026-09-12", "name": "vägport 2.70 m", "type": "hauteur_limitee", "obstacle": "vägport", "hauteur_max_m": 2.7, "franchissable": false, "marge_cm": -50}}, {"type": "Feature", "geometry": {"type": "Point", "coordinates": [17.84265, 59.24926]}, "properties": {"id": "trv-12725:183713-12723:83899-0.0675", "country": "se", "source": "TRV", "updated": "2026-09-12", "name": "vägport 2.70 m", "type": "hauteur_limitee", "obstacle": "vägport", "hauteur_max_m": 2.7, "franchissable": false, "marge_cm": -50, "reference": "127-623-1"}}, {"type": "Feature", "geometry": {"type": "Point", "coordinates": [17.84995, 59.25234]}, "properties": {"id": "trv-12725:183715-12723:83899-0.5359", "country": "se", "source": "TRV", "updated": "2026-09-12", "name": "vägport 2.70 m", "type": "hauteur_limitee", "obstacle": "vägport", "hauteur_max_m": 2.7, "franchissable": false, "marge_cm": -50, "reference": "127-621-1"}}, {"type": "Feature", "geometry": {"type": "Point", "coordinates": [13.56774, 58.16534]}, "properties": {"id": "trv-16184:424194-12736:95293-0.3773", "country": "se", "source": "TRV", "updated": "2026-09-12", "name": "bro 2.70 m", "type": "hauteur_limitee", "obstacle": "bro", "hauteur_max_m": 2.7, "franchissable": false, "marge_cm": -50}}, {"type": "Feature", "geometry": {"type": "Point", "coordinates": [16.4531, 57.26976]}, "properties": {"id": "trv-12574:14764-11161:294622-0.2084", "country": "se", "source": "TRV", "updated": "2026-09-12", "name": "tunnel 2.70 m", "type": "hauteur_limitee", "obstacle": "tunnel", "hauteur_max_m": 2.7, "franchissable": false, "marge_cm": -50}}, {"type": "Feature", "geometry": {"type": "Point", "coordinates": [12.35194, 58.34661]}, "properties": {"id": "trv-16673:15501-11162:30408-0.5662", "country": "se", "source": "TRV", "updated": "2026-09-12", "name": "tunnel 2.71 m", "type": "hauteur_limitee", "obstacle": "tunnel", "hauteur_max_m": 2.71, "franchissable": false, "marge_cm": -49}}, {"type": "Feature", "geometry": {"type": "Point", "coordinates": [18.25602, 59.24649]}, "properties": {"id": "trv-22121:794069-11156:11262-0.5000", "country": "se", "source": "TRV", "updated": "2026-09-12", "name": "vägport 2.72 m", "type": "hauteur_limitee", "obstacle": "vägport", "hauteur_max_m": 2.72, "franchissable": false, "marge_cm": -48}}, {"type": "Feature", "geometry": {"type": "Point", "coordinates": [17.81101, 59.4646]}, "properties": {"id": "trv-20731:47787-20732:37530-0.4757", "country": "se", "source": "TRV", "updated": "2026-09-12", "name": "vägport 2.73 m", "type": "hauteur_limitee", "obstacle": "vägport", "hauteur_max_m": 2.73, "franchissable": false, "marge_cm": -47, "reference": "123-118-1"}}, {"type": "Feature", "geometry": {"type": "Point", "coordinates": [17.72895, 59.48159]}, "properties": {"id": "trv-22512:3853-11158:34613-0.7041", "country": "se", "source": "TRV", "updated": "2026-09-12", "name": "vägport 2.73 m", "type": "hauteur_limitee", "obstacle": "vägport", "hauteur_max_m": 2.73, "franchissable": false, "marge_cm": -47}}, {"type": "Feature", "geometry": {"type": "Point", "coordinates": [20.94237, 64.74306]}, "properties": {"id": "trv-20298:1304-23097:3905-0.4520", "country": "se", "source": "TRV", "updated": "2026-09-12", "name": "vägport 2.75 m", "type": "hauteur_limitee", "obstacle": "vägport", "hauteur_max_m": 2.75, "franchissable": false, "marge_cm": -45}}, {"type": "Feature", "geometry": {"type": "Point", "coordinates": [17.76733, 59.19394]}, "properties": {"id": "trv-22121:1218816-22121:36002-0.5561", "country": "se", "source": "TRV", "updated": "2026-09-12", "name": "bro 2.75 m", "type": "hauteur_limitee", "obstacle": "bro", "hauteur_max_m": 2.75, "franchissable": false, "marge_cm": -45}}, {"type": "Feature", "geometry": {"type": "Point", "coordinates": [15.00753, 60.72063]}, "properties": {"id": "trv-13625:2106014-1000:99187-0.9710", "country": "se", "source": "TRV", "updated": "2026-09-12", "name": "tunnel 2.75 m", "type": "hauteur_limitee", "obstacle": "tunnel", "hauteur_max_m": 2.75, "franchissable": false, "marge_cm": -45}}, {"type": "Feature", "geometry": {"type": "Point", "coordinates": [17.751, 59.50654]}, "properties": {"id": "trv-22512:3829-11158:34647-0.5356", "country": "se", "source": "TRV", "updated": "2026-09-12", "name": "vägport 2.75 m", "type": "hauteur_limitee", "obstacle": "vägport", "hauteur_max_m": 2.75, "franchissable": false, "marge_cm": -45}}, {"type": "Feature", "geometry": {"type": "Point", "coordinates": [12.4048, 58.36937]}, "properties": {"id": "trv-16673:15477-11162:31034-0.7574", "country": "se", "source": "TRV", "updated": "2026-09-12", "name": "tunnel 2.76 m", "type": "hauteur_limitee", "obstacle": "tunnel", "hauteur_max_m": 2.76, "franchissable": false, "marge_cm": -44}}, {"type": "Feature", "geometry": {"type": "Point", "coordinates": [17.75481, 59.51038]}, "properties": {"id": "trv-22512:3825-11158:34515-0.5821", "country": "se", "source": "TRV", "updated": "2026-09-12", "name": "vägport 2.77 m", "type": "hauteur_limitee", "obstacle": "vägport", "hauteur_max_m": 2.77, "franchissable": false, "marge_cm": -43}}, {"type": "Feature", "geometry": {"type": "Point", "coordinates": [13.92701, 56.84459]}, "properties": {"id": "trv-11161:392425-12733:155032-0.3630", "country": "se", "source": "TRV", "updated": "2026-09-12", "name": "vägport 2.78 m", "type": "hauteur_limitee", "obstacle": "vägport", "hauteur_max_m": 2.78, "franchissable": false, "marge_cm": -42}}, {"type": "Feature", "geometry": {"type": "Point", "coordinates": [17.83904, 59.40675]}, "properties": {"id": "trv-20731:56115-11156:32020-0.4612", "country": "se", "source": "TRV", "updated": "2026-09-12", "occurrences": 2, "name": "vägport 2.78 m", "type": "hauteur_limitee", "obstacle": "vägport", "hauteur_max_m": 2.78, "franchissable": false, "marge_cm": -42, "reference": "2-1506-1"}}, {"type": "Feature", "geometry": {"type": "Point", "coordinates": [18.2567, 59.22695]}, "properties": {"id": "trv-22121:794126-11156:11046-0.5000", "country": "se", "source": "TRV", "updated": "2026-09-12", "name": "vägport 2.78 m", "type": "hauteur_limitee", "obstacle": "vägport", "hauteur_max_m": 2.78, "franchissable": false, "marge_cm": -42}}, {"type": "Feature", "geometry": {"type": "Point", "coordinates": [17.83916, 59.40665]}, "properties": {"id": "trv-20731:56115-11156:32020-0.4555", "country": "se", "source": "TRV", "updated": "2026-09-12", "occurrences": 2, "name": "vägport 2.78 m", "type": "hauteur_limitee", "obstacle": "vägport", "hauteur_max_m": 2.78, "franchissable": false, "marge_cm": -42, "reference": "2-1506-1"}}, {"type": "Feature", "geometry": {"type": "Point", "coordinates": [13.92709, 56.84454]}, "properties": {"id": "trv-11161:392427-12733:155032-0.3506", "country": "se", "source": "TRV", "updated": "2026-09-12", "name": "vägport 2.78 m", "type": "hauteur_limitee", "obstacle": "vägport", "hauteur_max_m": 2.78, "franchissable": false, "marge_cm": -42}}, {"type": "Feature", "geometry": {"type": "Point", "coordinates": [17.82971, 59.42941]}, "properties": {"id": "trv-20731:47799-11156:32699-0.6597", "country": "se", "source": "TRV", "updated": "2026-09-12", "name": "vägport 2.79 m", "type": "hauteur_limitee", "obstacle": "vägport", "hauteur_max_m": 2.79, "franchissable": false, "marge_cm": -41, "reference": "3500-3929-1"}}, {"type": "Feature", "geometry": {"type": "Point", "coordinates": [13.19989, 55.72697]}, "properties": {"id": "trv-15471:12960-3:1557965-0.4132", "country": "se", "source": "TRV", "updated": "2026-09-12", "name": "vägport 2.80 m", "type": "hauteur_limitee", "obstacle": "vägport", "hauteur_max_m": 2.8, "franchissable": false, "marge_cm": -40}}, {"type": "Feature", "geometry": {"type": "Point", "coordinates": [13.92474, 56.83842]}, "properties": {"id": "trv-11161:392423-12733:153748-0.7146", "country": "se", "source": "TRV", "updated": "2026-09-12", "name": "vägport 2.80 m", "type": "hauteur_limitee", "obstacle": "vägport", "hauteur_max_m": 2.8, "franchissable": false, "marge_cm": -40}}, {"type": "Feature", "geometry": {"type": "Point", "coordinates": [13.1549, 59.53952]}, "properties": {"id": "trv-11158:96653-3:686655-0.0276", "country": "se", "source": "TRV", "updated": "2026-09-12", "name": "vägport 2.80 m", "type": "hauteur_limitee", "obstacle": "vägport", "hauteur_max_m": 2.8, "franchissable": false, "marge_cm": -40}}, {"type": "Feature", "geometry": {"type": "Point", "coordinates": [12.9167, 59.13323]}, "properties": {"id": "trv-11307:138-3:715140-0.7183", "country": "se", "source": "TRV", "updated": "2026-09-12", "name": "vägport 2.80 m", "type": "hauteur_limitee", "obstacle": "vägport", "hauteur_max_m": 2.8, "franchissable": false, "marge_cm": -40}}, {"type": "Feature", "geometry": {"type": "Point", "coordinates": [15.67291, 59.82731]}, "properties": {"id": "trv-14845:192339-3:14550-0.4677", "country": "se", "source": "TRV", "updated": "2026-09-12", "occurrences": 2, "name": "vägport 2.80 m", "type": "hauteur_limitee", "obstacle": "vägport", "hauteur_max_m": 2.8, "franchissable": false, "marge_cm": -40}}, {"type": "Feature", "geometry": {"type": "Point", "coordinates": [17.85153, 59.25218]}, "properties": {"id": "trv-12725:183717-12723:83680-0.0437", "country": "se", "source": "TRV", "updated": "2026-09-12", "name": "vägport 2.80 m", "type": "hauteur_limitee", "obstacle": "vägport", "hauteur_max_m": 2.8, "franchissable": false, "marge_cm": -40, "reference": "127-624-1"}}, {"type": "Feature", "geometry": {"type": "Point", "coordinates": [13.97237, 56.8342]}, "properties": {"id": "trv-16175:13489-12733:153871-0.3984", "country": "se", "source": "TRV", "updated": "2026-09-12", "name": "vägport 2.80 m", "type": "hauteur_limitee", "obstacle": "vägport", "hauteur_max_m": 2.8, "franchissable": false, "marge_cm": -40}}, {"type": "Feature", "geometry": {"type": "Point", "coordinates": [17.85231, 59.24433]}, "properties": {"id": "trv-12725:183733-12723:83594-0.8950", "country": "se", "source": "TRV", "updated": "2026-09-12", "name": "vägport 2.80 m", "type": "hauteur_limitee", "obstacle": "vägport", "hauteur_max_m": 2.8, "franchissable": false, "marge_cm": -40, "reference": "127-640-1"}}, {"type": "Feature", "geometry": {"type": "Point", "coordinates": [17.82054, 59.25218]}, "properties": {"id": "trv-12725:183829-12723:86849-0.2279", "country": "se", "source": "TRV", "updated": "2026-09-12", "name": "vägport 2.80 m", "type": "hauteur_limitee", "obstacle": "vägport", "hauteur_max_m": 2.8, "franchissable": false, "marge_cm": -40, "reference": "127-606-1"}}, {"type": "Feature", "geometry": {"type": "Point", "coordinates": [17.82975, 59.21501]}, "properties": {"id": "trv-12725:183867-12723:79307-0.1967", "country": "se", "source": "TRV", "updated": "2026-09-12", "name": "vägport 2.80 m", "type": "hauteur_limitee", "obstacle": "vägport", "hauteur_max_m": 2.8, "franchissable": false, "marge_cm": -40, "reference": "2-1604-1"}}, {"type": "Feature", "geometry": {"type": "Point", "coordinates": [12.83014, 56.28157]}, "properties": {"id": "trv-12765:437199-10850:4207-0.6879", "country": "se", "source": "TRV", "updated": "2026-09-12", "name": "vägport 2.80 m", "type": "hauteur_limitee", "obstacle": "vägport", "hauteur_max_m": 2.8, "franchissable": false, "marge_cm": -40}}, {"type": "Feature", "geometry": {"type": "Point", "coordinates": [17.85737, 59.41233]}, "properties": {"id": "trv-20731:48966-16586:100333-0.2568", "country": "se", "source": "TRV", "updated": "2026-09-12", "name": "vägport 2.80 m", "type": "hauteur_limitee", "obstacle": "vägport", "hauteur_max_m": 2.8, "franchissable": false, "marge_cm": -40, "reference": "2-2098-1"}}, {"type": "Feature", "geometry": {"type": "Point", "coordinates": [20.30363, 67.84353]}, "properties": {"id": "trv-12725:151672-12730:128512-0.0151", "country": "se", "source": "TRV", "updated": "2026-09-12", "name": "vägport 2.80 m", "type": "hauteur_limitee", "obstacle": "vägport", "hauteur_max_m": 2.8, "franchissable": false, "marge_cm": -40, "reference": "25-1896-1"}}, {"type": "Feature", "geometry": {"type": "Point", "coordinates": [13.11848, 55.64757]}, "properties": {"id": "trv-12796:33690-1000:2253-0.2315", "country": "se", "source": "TRV", "updated": "2026-09-12", "name": "vägport 2.80 m", "type": "hauteur_limitee", "obstacle": "vägport", "hauteur_max_m": 2.8, "franchissable": false, "marge_cm": -40, "reference": "12-407"}}, {"type": "Feature", "geometry": {"type": "Point", "coordinates": [21.73117, 65.79658]}, "properties": {"id": "trv-16592:44663-16593:31313-0.2894", "country": "se", "source": "TRV", "updated": "2026-09-12", "name": "vägport 2.80 m", "type": "hauteur_limitee", "obstacle": "vägport", "hauteur_max_m": 2.8, "franchissable": false, "marge_cm": -40}}, {"type": "Feature", "geometry": {"type": "Point", "coordinates": [20.99744, 64.75458]}, "properties": {"id": "trv-20297:1697-20298:276-0.6582", "country": "se", "source": "TRV", "updated": "2026-09-12", "name": "vägport 2.80 m", "type": "hauteur_limitee", "obstacle": "vägport", "hauteur_max_m": 2.8, "franchissable": false, "marge_cm": -40}}, {"type": "Feature", "geometry": {"type": "Point", "coordinates": [14.30795, 57.85828]}, "properties": {"id": "trv-16576:6379-11154:72991-0.0086", "country": "se", "source": "TRV", "updated": "2026-09-12", "name": "vägport 2.80 m", "type": "hauteur_limitee", "obstacle": "vägport", "hauteur_max_m": 2.8, "franchissable": false, "marge_cm": -40}}, {"type": "Feature", "geometry": {"type": "Point", "coordinates": [17.66643, 59.50845]}, "properties": {"id": "trv-22512:3875-11155:40183-0.6555", "country": "se", "source": "TRV", "updated": "2026-09-12", "name": "vägport 2.80 m", "type": "hauteur_limitee", "obstacle": "vägport", "hauteur_max_m": 2.8, "franchissable": false, "marge_cm": -40}}, {"type": "Feature", "geometry": {"type": "Point", "coordinates": [18.69068, 64.59098]}, "properties": {"id": "trv-12726:222375-11160:146343-0.9833", "country": "se", "source": "TRV", "updated": "2026-09-12", "name": "vägport 2.80 m", "type": "hauteur_limitee", "obstacle": "vägport", "hauteur_max_m": 2.8, "franchissable": false, "marge_cm": -40, "reference": "24-1508-1"}}, {"type": "Feature", "geometry": {"type": "Point", "coordinates": [13.69763, 59.41694]}, "properties": {"id": "trv-23696:7566-13471:15728-0.8205", "country": "se", "source": "TRV", "updated": "2026-09-12", "name": "vägport 2.80 m", "type": "hauteur_limitee", "obstacle": "vägport", "hauteur_max_m": 2.8, "franchissable": false, "marge_cm": -40}}, {"type": "Feature", "geometry": {"type": "Point", "coordinates": [18.06008, 59.35622]}, "properties": {"id": "trv-19194:2498983-16507:8921-0.3969", "country": "se", "source": "TRV", "updated": "2026-09-12", "name": "vägport 2.80 m", "type": "hauteur_limitee", "obstacle": "vägport", "hauteur_max_m": 2.8, "franchissable": false, "marge_cm": -40}}, {"type": "Feature", "geometry": {"type": "Point", "coordinates": [17.83853, 59.19828]}, "properties": {"id": "trv-12725:183811-12723:78510-0.5442", "country": "se", "source": "TRV", "updated": "2026-09-12", "name": "vägport 2.80 m", "type": "hauteur_limitee", "obstacle": "vägport", "hauteur_max_m": 2.8, "franchissable": false, "marge_cm": -40, "reference": "2-1296-1"}}, {"type": "Feature", "geometry": {"type": "Point", "coordinates": [18.72776, 59.77019]}, "properties": {"id": "trv-10085:182968-11159:19633-0.0317", "country": "se", "source": "TRV", "updated": "2026-09-12", "name": "vägport 2.80 m", "type": "hauteur_limitee", "obstacle": "vägport", "hauteur_max_m": 2.8, "franchissable": false, "marge_cm": -40}}, {"type": "Feature", "geometry": {"type": "Point", "coordinates": [15.0422, 58.99707]}, "properties": {"id": "trv-11157:463037-11157:461853-0.1232", "country": "se", "source": "TRV", "updated": "2026-09-12", "name": "vägport 2.80 m", "type": "hauteur_limitee", "obstacle": "vägport", "hauteur_max_m": 2.8, "franchissable": false, "marge_cm": -40, "reference": "18-750-1"}}, {"type": "Feature", "geometry": {"type": "Point", "coordinates": [12.30699, 57.79623]}, "properties": {"id": "trv-16173:2892-11163:41646-0.0350", "country": "se", "source": "TRV", "updated": "2026-09-12", "name": "vägport 2.80 m", "type": "hauteur_limitee", "obstacle": "vägport", "hauteur_max_m": 2.8, "franchissable": false, "marge_cm": -40}}, {"type": "Feature", "geometry": {"type": "Point", "coordinates": [12.87516, 56.24051]}, "properties": {"id": "trv-12765:437219-10850:6089-0.4049", "country": "se", "source": "TRV", "updated": "2026-09-12", "name": "vägport 2.80 m", "type": "hauteur_limitee", "obstacle": "vägport", "hauteur_max_m": 2.8, "franchissable": false, "marge_cm": -40, "reference": "1292-8-1"}}, {"type": "Feature", "geometry": {"type": "Point", "coordinates": [13.83287, 57.76987]}, "properties": {"id": "trv-12786:532291-3:131569-0.2057", "country": "se", "source": "TRV", "updated": "2026-09-12", "name": "bro 2.80 m", "type": "hauteur_limitee", "obstacle": "bro", "hauteur_max_m": 2.8, "franchissable": false, "marge_cm": -40}}, {"type": "Feature", "geometry": {"type": "Point", "coordinates": [16.02199, 60.00155]}, "properties": {"id": "trv-12797:9306-1000:94497-0.6123", "country": "se", "source": "TRV", "updated": "2026-09-12", "name": "vägport 2.80 m", "type": "hauteur_limitee", "obstacle": "vägport", "hauteur_max_m": 2.8, "franchissable": false, "marge_cm": -40, "reference": "U  246"}}, {"type": "Feature", "geometry": {"type": "Point", "coordinates": [20.31153, 63.8253]}, "properties": {"id": "trv-13632:8814-20656:2866595-0.5079", "country": "se", "source": "TRV", "updated": "2026-09-12", "name": "bro 2.80 m", "type": "hauteur_limitee", "obstacle": "bro", "hauteur_max_m": 2.8, "franchissable": false, "marge_cm": -40, "reference": "2480-58-1"}}, {"type": "Feature", "geometry": {"type": "Point", "coordinates": [18.29119, 57.63928]}, "properties": {"id": "trv-14850:1-3:40622-0.1352", "country": "se", "source": "TRV", "updated": "2026-09-12", "name": "vägport 2.80 m", "type": "hauteur_limitee", "obstacle": "vägport", "hauteur_max_m": 2.8, "franchissable": false, "marge_cm": -40, "reference": "Donnersport"}}, {"type": "Feature", "geometry": {"type": "Point", "coordinates": [20.92816, 64.75874]}, "properties": {"id": "trv-20296:742-11157:136235-0.6711", "country": "se", "source": "TRV", "updated": "2026-09-12", "name": "vägport 2.80 m", "type": "hauteur_limitee", "obstacle": "vägport", "hauteur_max_m": 2.8, "franchissable": false, "marge_cm": -40}}, {"type": "Feature", "geometry": {"type": "Point", "coordinates": [15.12397, 59.13534]}, "properties": {"id": "trv-19302:10595-3:478348-0.3369", "country": "se", "source": "TRV", "updated": "2026-09-12", "name": "vägport 2.80 m", "type": "hauteur_limitee", "obstacle": "vägport", "hauteur_max_m": 2.8, "franchissable": false, "marge_cm": -40}}, {"type": "Feature", "geometry": {"type": "Point", "coordinates": [12.93192, 55.82672]}, "properties": {"id": "trv-11158:419570-11158:419509-0.7194", "country": "se", "source": "TRV", "updated": "2026-09-12", "name": "vägport 2.80 m", "type": "hauteur_limitee", "obstacle": "vägport", "hauteur_max_m": 2.8, "franchissable": false, "marge_cm": -40, "reference": "12-1433-1"}}, {"type": "Feature", "geometry": {"type": "Point", "coordinates": [18.03746, 59.34428]}, "properties": {"id": "trv-16972:403-13159:129636-0.9345", "country": "se", "source": "TRV", "updated": "2026-09-12", "name": "vägport 2.80 m", "type": "hauteur_limitee", "obstacle": "vägport", "hauteur_max_m": 2.8, "franchissable": false, "marge_cm": -40}}, {"type": "Feature", "geometry": {"type": "Point", "coordinates": [20.9751, 64.75243]}, "properties": {"id": "trv-20296:770-23097:3676-0.8604", "country": "se", "source": "TRV", "updated": "2026-09-12", "name": "vägport 2.80 m", "type": "hauteur_limitee", "obstacle": "vägport", "hauteur_max_m": 2.8, "franchissable": false, "marge_cm": -40}}, {"type": "Feature", "geometry": {"type": "Point", "coordinates": [18.69553, 59.75891]}, "properties": {"id": "trv-10085:182932-11159:19501-0.1518", "country": "se", "source": "TRV", "updated": "2026-09-12", "name": "vägport 2.80 m", "type": "hauteur_limitee", "obstacle": "vägport", "hauteur_max_m": 2.8, "franchissable": false, "marge_cm": -40, "reference": "2-1614-1"}}, {"type": "Feature", "geometry": {"type": "Point", "coordinates": [15.99417, 59.50822]}, "properties": {"id": "trv-14860:34720-3:29443-0.6534", "country": "se", "source": "TRV", "updated": "2026-09-12", "name": "vägport 2.80 m", "type": "hauteur_limitee", "obstacle": "vägport", "hauteur_max_m": 2.8, "franchissable": false, "marge_cm": -40}}, {"type": "Feature", "geometry": {"type": "Point", "coordinates": [13.11836, 55.64763]}, "properties": {"id": "trv-12796:33726-1000:2253-0.2259", "country": "se", "source": "TRV", "updated": "2026-09-12", "name": "vägport 2.80 m", "type": "hauteur_limitee", "obstacle": "vägport", "hauteur_max_m": 2.8, "franchissable": false, "marge_cm": -40, "reference": "12-407"}}, {"type": "Feature", "geometry": {"type": "Point", "coordinates": [15.09879, 60.103]}, "properties": {"id": "trv-12801:106346-1000:93654-0.0071", "country": "se", "source": "TRV", "updated": "2026-09-12", "name": "vägport 2.80 m", "type": "hauteur_limitee", "obstacle": "vägport", "hauteur_max_m": 2.8, "franchissable": false, "marge_cm": -40, "reference": "W  318"}}, {"type": "Feature", "geometry": {"type": "Point", "coordinates": [16.02195, 57.17076]}, "properties": {"id": "trv-19302:11831-19302:11338-0.5037", "country": "se", "source": "TRV", "updated": "2026-09-12", "name": "vägport 2.80 m", "type": "hauteur_limitee", "obstacle": "vägport", "hauteur_max_m": 2.8, "franchissable": false, "marge_cm": -40}}, {"type": "Feature", "geometry": {"type": "Point", "coordinates": [17.839, 59.4068]}, "properties": {"id": "trv-12592:31873-11156:32050-0.1231", "country": "se", "source": "TRV", "updated": "2026-09-12", "name": "vägport 2.80 m", "type": "hauteur_limitee", "obstacle": "vägport", "hauteur_max_m": 2.8, "franchissable": false, "marge_cm": -40, "reference": "2-1506-1"}}, {"type": "Feature", "geometry": {"type": "Point", "coordinates": [13.90598, 56.82827]}, "properties": {"id": "trv-16668:76309-16668:76272-0.4919", "country": "se", "source": "TRV", "updated": "2026-09-12", "name": "vägport 2.80 m", "type": "hauteur_limitee", "obstacle": "vägport", "hauteur_max_m": 2.8, "franchissable": false, "marge_cm": -40, "reference": "7-604-1"}}, {"type": "Feature", "geometry": {"type": "Point", "coordinates": [12.91626, 59.13323]}, "properties": {"id": "trv-11307:140-11177:1185-0.6787", "country": "se", "source": "TRV", "updated": "2026-09-12", "name": "vägport 2.80 m", "type": "hauteur_limitee", "obstacle": "vägport", "hauteur_max_m": 2.8, "franchissable": false, "marge_cm": -40}}, {"type": "Feature", "geometry": {"type": "Point", "coordinates": [14.46885, 59.31168]}, "properties": {"id": "trv-16590:75037-16590:69308-0.3335", "country": "se", "source": "TRV", "updated": "2026-09-12", "name": "vägport 2.80 m", "type": "hauteur_limitee", "obstacle": "vägport", "hauteur_max_m": 2.8, "franchissable": false, "marge_cm": -40, "reference": "18-735-1"}}, {"type": "Feature", "geometry": {"type": "Point", "coordinates": [20.30893, 63.80356]}, "properties": {"id": "trv-13632:8782-20656:2873427-0.5251", "country": "se", "source": "TRV", "updated": "2026-09-12", "name": "vägport 2.80 m", "type": "hauteur_limitee", "obstacle": "vägport", "hauteur_max_m": 2.8, "franchissable": false, "marge_cm": -40, "reference": "2480-108-1"}}, {"type": "Feature", "geometry": {"type": "Point", "coordinates": [17.85918, 59.25392]}, "properties": {"id": "trv-12725:183769-22126:160138-0.2413", "country": "se", "source": "TRV", "updated": "2026-09-12", "name": "vägport 2.80 m", "type": "hauteur_limitee", "obstacle": "vägport", "hauteur_max_m": 2.8, "franchissable": false, "marge_cm": -40}}, {"type": "Feature", "geometry": {"type": "Point", "coordinates": [14.53391, 59.32626]}, "properties": {"id": "trv-16590:75035-16590:68345-0.2638", "country": "se", "source": "TRV", "updated": "2026-09-12", "name": "bro 2.80 m", "type": "hauteur_limitee", "obstacle": "bro", "hauteur_max_m": 2.8, "franchissable": false, "marge_cm": -40, "reference": "3500-4736-1"}}, {"type": "Feature", "geometry": {"type": "Point", "coordinates": [18.23049, 59.24643]}, "properties": {"id": "trv-22121:791393-11156:11006-0.8080", "country": "se", "source": "TRV", "updated": "2026-09-12", "name": "vägport 2.80 m", "type": "hauteur_limitee", "obstacle": "vägport", "hauteur_max_m": 2.8, "franchissable": false, "marge_cm": -40}}, {"type": "Feature", "geometry": {"type": "Point", "coordinates": [16.49865, 56.66696]}, "properties": {"id": "trv-10827:2320-3:861184-0.5604", "country": "se", "source": "TRV", "updated": "2026-09-12", "name": "vägport 2.80 m", "type": "hauteur_limitee", "obstacle": "vägport", "hauteur_max_m": 2.8, "franchissable": false, "marge_cm": -40}}, {"type": "Feature", "geometry": {"type": "Point", "coordinates": [13.19989, 55.72597]}, "properties": {"id": "trv-15471:12962-3:1557965-0.7163", "country": "se", "source": "TRV", "updated": "2026-09-12", "name": "vägport 2.80 m", "type": "hauteur_limitee", "obstacle": "vägport", "hauteur_max_m": 2.8, "franchissable": false, "marge_cm": -40}}, {"type": "Feature", "geometry": {"type": "Point", "coordinates": [17.83659, 59.24971]}, "properties": {"id": "trv-12725:183711-12723:84949-0.0682", "country": "se", "source": "TRV", "updated": "2026-09-12", "name": "vägport 2.80 m", "type": "hauteur_limitee", "obstacle": "vägport", "hauteur_max_m": 2.8, "franchissable": false, "marge_cm": -40, "reference": "127-622-1"}}, {"type": "Feature", "geometry": {"type": "Point", "coordinates": [15.67304, 59.82729]}, "properties": {"id": "trv-14845:192339-3:14550-0.3387", "country": "se", "source": "TRV", "updated": "2026-09-12", "occurrences": 2, "name": "vägport 2.80 m", "type": "hauteur_limitee", "obstacle": "vägport", "hauteur_max_m": 2.8, "franchissable": false, "marge_cm": -40}}, {"type": "Feature", "geometry": {"type": "Point", "coordinates": [14.4422, 56.92427]}, "properties": {"id": "trv-10017:29656-3:187910-0.9462", "country": "se", "source": "TRV", "updated": "2026-09-12", "name": "tunnel 2.80 m", "type": "hauteur_limitee", "obstacle": "tunnel", "hauteur_max_m": 2.8, "franchissable": false, "marge_cm": -40}}, {"type": "Feature", "geometry": {"type": "Point", "coordinates": [17.23604, 63.17826]}, "properties": {"id": "trv-14128:52096-3:743683-0.8711", "country": "se", "source": "TRV", "updated": "2026-09-12", "name": "vägport 2.80 m", "type": "hauteur_limitee", "obstacle": "vägport", "hauteur_max_m": 2.8, "franchissable": false, "marge_cm": -40, "reference": "Vägport under järnväg"}}, {"type": "Feature", "geometry": {"type": "Point", "coordinates": [14.5152, 59.32481]}, "properties": {"id": "trv-16590:75013-16590:69471-0.8760", "country": "se", "source": "TRV", "updated": "2026-09-12", "name": "bro 2.80 m", "type": "hauteur_limitee", "obstacle": "bro", "hauteur_max_m": 2.8, "franchissable": false, "marge_cm": -40}}, {"type": "Feature", "geometry": {"type": "Point", "coordinates": [12.35436, 58.56463]}, "properties": {"id": "trv-16665:80847-23099:326-0.5065", "country": "se", "source": "TRV", "updated": "2026-09-12", "name": "vägport 2.80 m", "type": "hauteur_limitee", "obstacle": "vägport", "hauteur_max_m": 2.8, "franchissable": false, "marge_cm": -40, "reference": "3500-3188-1"}}, {"type": "Feature", "geometry": {"type": "Point", "coordinates": [17.83999, 59.20585]}, "properties": {"id": "trv-12725:183807-12723:79011-0.2357", "country": "se", "source": "TRV", "updated": "2026-09-12", "name": "vägport 2.80 m", "type": "hauteur_limitee", "obstacle": "vägport", "hauteur_max_m": 2.8, "franchissable": false, "marge_cm": -40, "reference": "2-1606-1"}}, {"type": "Feature", "geometry": {"type": "Point", "coordinates": [17.8379, 59.19831]}, "properties": {"id": "trv-12725:183813-22126:225064-0.5543", "country": "se", "source": "TRV", "updated": "2026-09-12", "name": "vägport 2.80 m", "type": "hauteur_limitee", "obstacle": "vägport", "hauteur_max_m": 2.8, "franchissable": false, "marge_cm": -40, "reference": "2-1295-1"}}, {"type": "Feature", "geometry": {"type": "Point", "coordinates": [14.5059, 59.32459]}, "properties": {"id": "trv-16590:75033-16590:69618-0.6078", "country": "se", "source": "TRV", "updated": "2026-09-12", "name": "vägport 2.80 m", "type": "hauteur_limitee", "obstacle": "vägport", "hauteur_max_m": 2.8, "franchissable": false, "marge_cm": -40, "reference": "18-636-1"}}, {"type": "Feature", "geometry": {"type": "Point", "coordinates": [12.24386, 58.33852]}, "properties": {"id": "trv-16665:80860-11162:29623-0.2565", "country": "se", "source": "TRV", "updated": "2026-09-12", "name": "vägport 2.80 m", "type": "hauteur_limitee", "obstacle": "vägport", "hauteur_max_m": 2.8, "franchissable": false, "marge_cm": -40, "reference": "15-1466-1"}}, {"type": "Feature", "geometry": {"type": "Point", "coordinates": [13.4173, 58.14963]}, "properties": {"id": "trv-12728:269356-3:1303269-0.5715", "country": "se", "source": "TRV", "updated": "2026-09-12", "name": "vägport 2.80 m", "type": "hauteur_limitee", "obstacle": "vägport", "hauteur_max_m": 2.8, "franchissable": false, "marge_cm": -40, "reference": "3500-544-1"}}, {"type": "Feature", "geometry": {"type": "Point", "coordinates": [13.04362, 56.51391]}, "properties": {"id": "trv-22537:109829-22537:109648-0.8913", "country": "se", "source": "TRV", "updated": "2026-09-12", "name": "övrigt hinder 2.80 m", "type": "hauteur_limitee", "obstacle": "övrigt hinder", "hauteur_max_m": 2.8, "franchissable": false, "marge_cm": -40}}, {"type": "Feature", "geometry": {"type": "Point", "coordinates": [17.85432, 59.2425]}, "properties": {"id": "trv-12725:183757-12723:82470-0.5366", "country": "se", "source": "TRV", "updated": "2026-09-12", "name": "vägport 2.80 m", "type": "hauteur_limitee", "obstacle": "vägport", "hauteur_max_m": 2.8, "franchissable": false, "marge_cm": -40, "reference": "127-662-1"}}, {"type": "Feature", "geometry": {"type": "Point", "coordinates": [17.55042, 59.08263]}, "properties": {"id": "trv-22121:1099904-3:1100352-0.5013", "country": "se", "source": "TRV", "updated": "2026-09-12", "name": "tunnel 2.80 m", "type": "hauteur_limitee", "obstacle": "tunnel", "hauteur_max_m": 2.8, "franchissable": false, "marge_cm": -40}}, {"type": "Feature", "geometry": {"type": "Point", "coordinates": [17.55019, 59.08272]}, "properties": {"id": "trv-22121:1099908-3:1100352-0.7914", "country": "se", "source": "TRV", "updated": "2026-09-12", "name": "tunnel 2.80 m", "type": "hauteur_limitee", "obstacle": "tunnel", "hauteur_max_m": 2.8, "franchissable": false, "marge_cm": -40}}, {"type": "Feature", "geometry": {"type": "Point", "coordinates": [17.81754, 59.24502]}, "properties": {"id": "trv-12725:183853-12723:85892-0.3058", "country": "se", "source": "TRV", "updated": "2026-09-12", "name": "vägport 2.80 m", "type": "hauteur_limitee", "obstacle": "vägport", "hauteur_max_m": 2.8, "franchissable": false, "marge_cm": -40, "reference": "127-611-1"}}, {"type": "Feature", "geometry": {"type": "Point", "coordinates": [17.79271, 59.61683]}, "properties": {"id": "trv-12735:235053-12735:235014-0.8369", "country": "se", "source": "TRV", "updated": "2026-09-12", "name": "övrigt hinder 2.80 m", "type": "hauteur_limitee", "obstacle": "övrigt hinder", "hauteur_max_m": 2.8, "franchissable": false, "marge_cm": -40}}, {"type": "Feature", "geometry": {"type": "Point", "coordinates": [17.2952, 62.38818]}, "properties": {"id": "trv-21277:215147-21277:70336-0.1549", "country": "se", "source": "TRV", "updated": "2026-09-12", "name": "vägport 2.80 m", "type": "hauteur_limitee", "obstacle": "vägport", "hauteur_max_m": 2.8, "franchissable": false, "marge_cm": -40}}, {"type": "Feature", "geometry": {"type": "Point", "coordinates": [17.2962, 62.38807]}, "properties": {"id": "trv-21277:215151-21277:70336-0.7474", "country": "se", "source": "TRV", "updated": "2026-09-12", "name": "vägport 2.80 m", "type": "hauteur_limitee", "obstacle": "vägport", "hauteur_max_m": 2.8, "franchissable": false, "marge_cm": -40}}, {"type": "Feature", "geometry": {"type": "Point", "coordinates": [18.29478, 57.64129]}, "properties": {"id": "trv-14850:17-3:40474-0.1283", "country": "se", "source": "TRV", "updated": "2026-09-12", "name": "vägport 2.80 m", "type": "hauteur_limitee", "obstacle": "vägport", "hauteur_max_m": 2.8, "franchissable": false, "marge_cm": -40, "reference": "St: Hansgatan 41"}}, {"type": "Feature", "geometry": {"type": "Point", "coordinates": [12.31804, 58.38197]}, "properties": {"id": "trv-12730:307743-11162:29833-0.2425", "country": "se", "source": "TRV", "updated": "2026-09-12", "name": "vägport 2.80 m", "type": "hauteur_limitee", "obstacle": "vägport", "hauteur_max_m": 2.8, "franchissable": false, "marge_cm": -40, "reference": "15-965-1"}}, {"type": "Feature", "geometry": {"type": "Point", "coordinates": [17.75568, 59.19641]}, "properties": {"id": "trv-22121:1223842-22121:120151-0.9335", "country": "se", "source": "TRV", "updated": "2026-09-12", "name": "bro 2.80 m", "type": "hauteur_limitee", "obstacle": "bro", "hauteur_max_m": 2.8, "franchissable": false, "marge_cm": -40}}, {"type": "Feature", "geometry": {"type": "Point", "coordinates": [17.0368, 58.75108]}, "properties": {"id": "trv-21240:261675-21236:293935-0.4459", "country": "se", "source": "TRV", "updated": "2026-09-12", "name": "bro 2.80 m", "type": "hauteur_limitee", "obstacle": "bro", "hauteur_max_m": 2.8, "franchissable": false, "marge_cm": -40}}, {"type": "Feature", "geometry": {"type": "Point", "coordinates": [14.97368, 60.756]}, "properties": {"id": "trv-11084:236215-12724:334830-0.8340", "country": "se", "source": "TRV", "updated": "2026-09-12", "name": "tunnel 2.80 m", "type": "hauteur_limitee", "obstacle": "tunnel", "hauteur_max_m": 2.8, "franchissable": false, "marge_cm": -40}}, {"type": "Feature", "geometry": {"type": "Point", "coordinates": [14.97383, 60.75601]}, "properties": {"id": "trv-11084:236219-12724:334830-0.8474", "country": "se", "source": "TRV", "updated": "2026-09-12", "name": "tunnel 2.80 m", "type": "hauteur_limitee", "obstacle": "tunnel", "hauteur_max_m": 2.8, "franchissable": false, "marge_cm": -40}}, {"type": "Feature", "geometry": {"type": "Point", "coordinates": [14.7967, 56.91326]}, "properties": {"id": "trv-12468:5425-13250:8703-0.2783", "country": "se", "source": "TRV", "updated": "2026-09-12", "name": "vägport 2.80 m", "type": "hauteur_limitee", "obstacle": "vägport", "hauteur_max_m": 2.8, "franchissable": false, "marge_cm": -40, "reference": "780-2052-1"}}, {"type": "Feature", "geometry": {"type": "Point", "coordinates": [14.81003, 56.87633]}, "properties": {"id": "trv-13250:16890-13253:10426-0.4585", "country": "se", "source": "TRV", "updated": "2026-09-12", "name": "vägport 2.80 m", "type": "hauteur_limitee", "obstacle": "vägport", "hauteur_max_m": 2.8, "franchissable": false, "marge_cm": -40}}, {"type": "Feature", "geometry": {"type": "Point", "coordinates": [14.78712, 56.87629]}, "properties": {"id": "trv-13250:16882-13253:4556-0.2887", "country": "se", "source": "TRV", "updated": "2026-09-12", "name": "vägport 2.80 m", "type": "hauteur_limitee", "obstacle": "vägport", "hauteur_max_m": 2.8, "franchissable": false, "marge_cm": -40, "reference": "3500-2651-1"}}, {"type": "Feature", "geometry": {"type": "Point", "coordinates": [14.76629, 56.87943]}, "properties": {"id": "trv-16588:56816-13250:1519-0.3753", "country": "se", "source": "TRV", "updated": "2026-09-12", "name": "vägport 2.80 m", "type": "hauteur_limitee", "obstacle": "vägport", "hauteur_max_m": 2.8, "franchissable": false, "marge_cm": -40}}, {"type": "Feature", "geometry": {"type": "Point", "coordinates": [16.35963, 56.70295]}, "properties": {"id": "trv-11154:173505-11154:169554-0.2532", "country": "se", "source": "TRV", "updated": "2026-09-12", "name": "vägport 2.80 m", "type": "hauteur_limitee", "obstacle": "vägport", "hauteur_max_m": 2.8, "franchissable": false, "marge_cm": -40, "reference": "8-609-1"}}, {"type": "Feature", "geometry": {"type": "Point", "coordinates": [14.76709, 56.87623]}, "properties": {"id": "trv-12472:633-12743:37085-0.6025", "country": "se", "source": "TRV", "updated": "2026-09-12", "name": "vägport 2.80 m", "type": "hauteur_limitee", "obstacle": "vägport", "hauteur_max_m": 2.8, "franchissable": false, "marge_cm": -40}}, {"type": "Feature", "geometry": {"type": "Point", "coordinates": [16.08466, 61.82997]}, "properties": {"id": "trv-11163:190600-11163:189609-0.9298", "country": "se", "source": "TRV", "updated": "2026-09-12", "name": "vägport 2.80 m", "type": "hauteur_limitee", "obstacle": "vägport", "hauteur_max_m": 2.8, "franchissable": false, "marge_cm": -40, "reference": "3500-1572-1"}}, {"type": "Feature", "geometry": {"type": "Point", "coordinates": [14.82479, 56.90306]}, "properties": {"id": "trv-17738:32-12470:2423-0.7938", "country": "se", "source": "TRV", "updated": "2026-09-12", "name": "vägport 2.80 m", "type": "hauteur_limitee", "obstacle": "vägport", "hauteur_max_m": 2.8, "franchissable": false, "marge_cm": -40, "reference": "7-568-1"}}, {"type": "Feature", "geometry": {"type": "Point", "coordinates": [14.7995, 56.89613]}, "properties": {"id": "trv-12468:5649-13250:11462-0.0749", "country": "se", "source": "TRV", "updated": "2026-09-12", "name": "vägport 2.80 m", "type": "hauteur_limitee", "obstacle": "vägport", "hauteur_max_m": 2.8, "franchissable": false, "marge_cm": -40}}, {"type": "Feature", "geometry": {"type": "Point", "coordinates": [14.83117, 56.90494]}, "properties": {"id": "trv-12485:716-12470:2421-0.9366", "country": "se", "source": "TRV", "updated": "2026-09-12", "name": "vägport 2.80 m", "type": "hauteur_limitee", "obstacle": "vägport", "hauteur_max_m": 2.8, "franchissable": false, "marge_cm": -40}}, {"type": "Feature", "geometry": {"type": "Point", "coordinates": [17.30746, 62.3868]}, "properties": {"id": "trv-21277:237075-21277:102780-0.5435", "country": "se", "source": "TRV", "updated": "2026-09-12", "name": "övrigt hinder 2.80 m", "type": "hauteur_limitee", "obstacle": "övrigt hinder", "hauteur_max_m": 2.8, "franchissable": false, "marge_cm": -40}}, {"type": "Feature", "geometry": {"type": "Point", "coordinates": [18.23201, 59.23666]}, "properties": {"id": "trv-22121:1289830-22121:1289800-0.6797", "country": "se", "source": "TRV", "updated": "2026-09-12", "name": "vägport 2.80 m", "type": "hauteur_limitee", "obstacle": "vägport", "hauteur_max_m": 2.8, "franchissable": false, "marge_cm": -40}}, {"type": "Feature", "geometry": {"type": "Point", "coordinates": [17.74624, 59.50014]}, "properties": {"id": "trv-22512:3837-11158:34545-0.5268", "country": "se", "source": "TRV", "updated": "2026-09-12", "name": "vägport 2.81 m", "type": "hauteur_limitee", "obstacle": "vägport", "hauteur_max_m": 2.81, "franchissable": false, "marge_cm": -39}}, {"type": "Feature", "geometry": {"type": "Point", "coordinates": [17.52223, 59.57384]}, "properties": {"id": "trv-12729:72252-12729:66166-0.1172", "country": "se", "source": "TRV", "updated": "2026-09-12", "name": "bro 2.85 m", "type": "hauteur_limitee", "obstacle": "bro", "hauteur_max_m": 2.85, "franchissable": false, "marge_cm": -35}}, {"type": "Feature", "geometry": {"type": "Point", "coordinates": [17.76472, 59.19925]}, "properties": {"id": "trv-22121:398694-22121:48315-0.0665", "country": "se", "source": "TRV", "updated": "2026-09-12", "name": "bro 2.85 m", "type": "hauteur_limitee", "obstacle": "bro", "hauteur_max_m": 2.85, "franchissable": false, "marge_cm": -35}}, {"type": "Feature", "geometry": {"type": "Point", "coordinates": [17.84869, 59.40996]}, "properties": {"id": "trv-16665:82204-11156:32138-0.9716", "country": "se", "source": "TRV", "updated": "2026-09-12", "name": "vägport 2.86 m", "type": "hauteur_limitee", "obstacle": "vägport", "hauteur_max_m": 2.86, "franchissable": false, "marge_cm": -34, "reference": "2-1491-1"}}, {"type": "Feature", "geometry": {"type": "Point", "coordinates": [13.94787, 56.85115]}, "properties": {"id": "trv-11161:392417-12733:154767-0.8534", "country": "se", "source": "TRV", "updated": "2026-09-12", "name": "vägport 2.86 m", "type": "hauteur_limitee", "obstacle": "vägport", "hauteur_max_m": 2.86, "franchissable": false, "marge_cm": -34}}, {"type": "Feature", "geometry": {"type": "Point", "coordinates": [13.78451, 56.16043]}, "properties": {"id": "trv-23979:1091-3:1511749-0.6811", "country": "se", "source": "TRV", "updated": "2026-09-12", "name": "vägport 2.86 m", "type": "hauteur_limitee", "obstacle": "vägport", "hauteur_max_m": 2.86, "franchissable": false, "marge_cm": -34}}, {"type": "Feature", "geometry": {"type": "Point", "coordinates": [17.78105, 59.20024]}, "properties": {"id": "trv-22121:1223857-22121:117678-0.1084", "country": "se", "source": "TRV", "updated": "2026-09-12", "name": "bro 2.87 m", "type": "hauteur_limitee", "obstacle": "bro", "hauteur_max_m": 2.87, "franchissable": false, "marge_cm": -33}}, {"type": "Feature", "geometry": {"type": "Point", "coordinates": [12.33608, 58.36404]}, "properties": {"id": "trv-16673:15491-11162:30218-0.1214", "country": "se", "source": "TRV", "updated": "2026-09-12", "name": "tunnel 2.88 m", "type": "hauteur_limitee", "obstacle": "tunnel", "hauteur_max_m": 2.88, "franchissable": false, "marge_cm": -32}}, {"type": "Feature", "geometry": {"type": "Point", "coordinates": [17.76538, 59.20027]}, "properties": {"id": "trv-22121:1196816-22121:96309-0.4882", "country": "se", "source": "TRV", "updated": "2026-09-12", "name": "bro 2.88 m", "type": "hauteur_limitee", "obstacle": "bro", "hauteur_max_m": 2.88, "franchissable": false, "marge_cm": -32}}, {"type": "Feature", "geometry": {"type": "Point", "coordinates": [17.76685, 59.20083]}, "properties": {"id": "trv-22121:1196788-22121:158150-0.4309", "country": "se", "source": "TRV", "updated": "2026-09-12", "name": "tunnel 2.88 m", "type": "hauteur_limitee", "obstacle": "tunnel", "hauteur_max_m": 2.88, "franchissable": false, "marge_cm": -32}}, {"type": "Feature", "geometry": {"type": "Point", "coordinates": [17.76947, 59.20272]}, "properties": {"id": "trv-22121:398764-22121:119290-0.0363", "country": "se", "source": "TRV", "updated": "2026-09-12", "name": "bro 2.88 m", "type": "hauteur_limitee", "obstacle": "bro", "hauteur_max_m": 2.88, "franchissable": false, "marge_cm": -32}}, {"type": "Feature", "geometry": {"type": "Point", "coordinates": [17.75603, 59.19772]}, "properties": {"id": "trv-22121:1223847-22121:769313-0.7474", "country": "se", "source": "TRV", "updated": "2026-09-12", "name": "bro 2.89 m", "type": "hauteur_limitee", "obstacle": "bro", "hauteur_max_m": 2.89, "franchissable": false, "marge_cm": -31}}, {"type": "Feature", "geometry": {"type": "Point", "coordinates": [17.54414, 59.56139]}, "properties": {"id": "trv-14116:381400-3:169487-0.6834", "country": "se", "source": "TRV", "updated": "2026-09-12", "occurrences": 2, "name": "vägport 2.90 m", "type": "hauteur_limitee", "obstacle": "vägport", "hauteur_max_m": 2.9, "franchissable": false, "marge_cm": -30}}, {"type": "Feature", "geometry": {"type": "Point", "coordinates": [13.92895, 56.81351]}, "properties": {"id": "trv-16175:13469-11157:117810-0.4199", "country": "se", "source": "TRV", "updated": "2026-09-12", "name": "vägport 2.90 m", "type": "hauteur_limitee", "obstacle": "vägport", "hauteur_max_m": 2.9, "franchissable": false, "marge_cm": -30}}, {"type": "Feature", "geometry": {"type": "Point", "coordinates": [17.80366, 59.45496]}, "properties": {"id": "trv-16351:8593-16351:8282-0.6380", "country": "se", "source": "TRV", "updated": "2026-09-12", "name": "vägport 2.90 m", "type": "hauteur_limitee", "obstacle": "vägport", "hauteur_max_m": 2.9, "franchissable": false, "marge_cm": -30}}, {"type": "Feature", "geometry": {"type": "Point", "coordinates": [18.69946, 59.75271]}, "properties": {"id": "trv-10085:182924-11159:19290-0.1284", "country": "se", "source": "TRV", "updated": "2026-09-12", "name": "vägport 2.90 m", "type": "hauteur_limitee", "obstacle": "vägport", "hauteur_max_m": 2.9, "franchissable": false, "marge_cm": -30}}, {"type": "Feature", "geometry": {"type": "Point", "coordinates": [12.43823, 59.71459]}, "properties": {"id": "trv-13669:3818-1000:84694-0.9347", "country": "se", "source": "TRV", "updated": "2026-09-12", "name": "vägport 2.90 m", "type": "hauteur_limitee", "obstacle": "vägport", "hauteur_max_m": 2.9, "franchissable": false, "marge_cm": -30, "reference": "S 559"}}, {"type": "Feature", "geometry": {"type": "Point", "coordinates": [15.05803, 59.05902]}, "properties": {"id": "trv-14451:19676-3:468020-0.0493", "country": "se", "source": "TRV", "updated": "2026-09-12", "occurrences": 2, "name": "vägport 2.90 m", "type": "hauteur_limitee", "obstacle": "vägport", "hauteur_max_m": 2.9, "franchissable": false, "marge_cm": -30}}, {"type": "Feature", "geometry": {"type": "Point", "coordinates": [17.80333, 59.45487]}, "properties": {"id": "trv-16351:8597-16351:8282-0.7332", "country": "se", "source": "TRV", "updated": "2026-09-12", "name": "vägport 2.90 m", "type": "hauteur_limitee", "obstacle": "vägport", "hauteur_max_m": 2.9, "franchissable": false, "marge_cm": -30}}, {"type": "Feature", "geometry": {"type": "Point", "coordinates": [11.97954, 57.6941]}, "properties": {"id": "trv-16452:1109-3:1364013-0.3728", "country": "se", "source": "TRV", "updated": "2026-09-12", "name": "vägport 2.90 m", "type": "hauteur_limitee", "obstacle": "vägport", "hauteur_max_m": 2.9, "franchissable": false, "marge_cm": -30}}, {"type": "Feature", "geometry": {"type": "Point", "coordinates": [21.0179, 64.7495]}, "properties": {"id": "trv-20296:792-23097:2724-0.8976", "country": "se", "source": "TRV", "updated": "2026-09-12", "name": "vägport 2.90 m", "type": "hauteur_limitee", "obstacle": "vägport", "hauteur_max_m": 2.9, "franchissable": false, "marge_cm": -30}}, {"type": "Feature", "geometry": {"type": "Point", "coordinates": [13.73865, 56.11501]}, "properties": {"id": "trv-24036:823-24036:336-0.7669", "country": "se", "source": "TRV", "updated": "2026-09-12", "name": "vägport 2.90 m", "type": "hauteur_limitee", "obstacle": "vägport", "hauteur_max_m": 2.9, "franchissable": false, "marge_cm": -30}}, {"type": "Feature", "geometry": {"type": "Point", "coordinates": [14.31998, 59.26113]}, "properties": {"id": "trv-11159:107100-3:455650-0.2693", "country": "se", "source": "TRV", "updated": "2026-09-12", "name": "vägport 2.90 m", "type": "hauteur_limitee", "obstacle": "vägport", "hauteur_max_m": 2.9, "franchissable": false, "marge_cm": -30, "reference": "3500-770-1"}}, {"type": "Feature", "geometry": {"type": "Point", "coordinates": [20.24629, 67.84221]}, "properties": {"id": "trv-12725:151688-12730:128517-0.5402", "country": "se", "source": "TRV", "updated": "2026-09-12", "name": "vägport 2.90 m", "type": "hauteur_limitee", "obstacle": "vägport", "hauteur_max_m": 2.9, "franchissable": false, "marge_cm": -30, "reference": "25-1516-1"}}, {"type": "Feature", "geometry": {"type": "Point", "coordinates": [12.36139, 59.83152]}, "properties": {"id": "trv-13157:1428-1000:84598-0.9592", "country": "se", "source": "TRV", "updated": "2026-09-12", "name": "vägport 2.90 m", "type": "hauteur_limitee", "obstacle": "vägport", "hauteur_max_m": 2.9, "franchissable": false, "marge_cm": -30, "reference": "S  524"}}, {"type": "Feature", "geometry": {"type": "Point", "coordinates": [12.57364, 57.66227]}, "properties": {"id": "trv-14848:28578-3:1404336-0.1475", "country": "se", "source": "TRV", "updated": "2026-09-12", "name": "vägport 2.90 m", "type": "hauteur_limitee", "obstacle": "vägport", "hauteur_max_m": 2.9, "franchissable": false, "marge_cm": -30}}, {"type": "Feature", "geometry": {"type": "Point", "coordinates": [17.85337, 59.25104]}, "properties": {"id": "trv-12725:183721-12723:83680-0.2407", "country": "se", "source": "TRV", "updated": "2026-09-12", "name": "vägport 2.90 m", "type": "hauteur_limitee", "obstacle": "vägport", "hauteur_max_m": 2.9, "franchissable": false, "marge_cm": -30, "reference": "2-144-1"}}, {"type": "Feature", "geometry": {"type": "Point", "coordinates": [16.22916, 56.6824]}, "properties": {"id": "trv-19308:5459-19308:4166-0.8407", "country": "se", "source": "TRV", "updated": "2026-09-12", "name": "vägport 2.90 m", "type": "hauteur_limitee", "obstacle": "vägport", "hauteur_max_m": 2.9, "franchissable": false, "marge_cm": -30, "reference": "880-650-1"}}, {"type": "Feature", "geometry": {"type": "Point", "coordinates": [12.98246, 59.61134]}, "properties": {"id": "trv-13157:1412-1000:84490-0.3293", "country": "se", "source": "TRV", "updated": "2026-09-12", "name": "vägport 2.90 m", "type": "hauteur_limitee", "obstacle": "vägport", "hauteur_max_m": 2.9, "franchissable": false, "marge_cm": -30, "reference": "S  504"}}, {"type": "Feature", "geometry": {"type": "Point", "coordinates": [13.18531, 55.70176]}, "properties": {"id": "trv-15471:12958-3:1560721-0.8626", "country": "se", "source": "TRV", "updated": "2026-09-12", "name": "vägport 2.90 m", "type": "hauteur_limitee", "obstacle": "vägport", "hauteur_max_m": 2.9, "franchissable": false, "marge_cm": -30}}, {"type": "Feature", "geometry": {"type": "Point", "coordinates": [14.57322, 59.33895]}, "properties": {"id": "trv-16590:75039-16590:68151-0.1496", "country": "se", "source": "TRV", "updated": "2026-09-12", "name": "vägport 2.90 m", "type": "hauteur_limitee", "obstacle": "vägport", "hauteur_max_m": 2.9, "franchissable": false, "marge_cm": -30, "reference": "18-756-1"}}, {"type": "Feature", "geometry": {"type": "Point", "coordinates": [12.78301, 56.05852]}, "properties": {"id": "trv-11784:15854-3:1599388-0.7727", "country": "se", "source": "TRV", "updated": "2026-09-12", "name": "övrigt hinder 2.90 m", "type": "hauteur_limitee", "obstacle": "övrigt hinder", "hauteur_max_m": 2.9, "franchissable": false, "marge_cm": -30}}, {"type": "Feature", "geometry": {"type": "Point", "coordinates": [12.57374, 57.66214]}, "properties": {"id": "trv-14848:28580-3:1404336-0.2050", "country": "se", "source": "TRV", "updated": "2026-09-12", "name": "vägport 2.90 m", "type": "hauteur_limitee", "obstacle": "vägport", "hauteur_max_m": 2.9, "franchissable": false, "marge_cm": -30}}, {"type": "Feature", "geometry": {"type": "Point", "coordinates": [13.59548, 55.48277]}, "properties": {"id": "trv-16521:6073-3:1599445-0.2248", "country": "se", "source": "TRV", "updated": "2026-09-12", "name": "vägport 2.90 m", "type": "hauteur_limitee", "obstacle": "vägport", "hauteur_max_m": 2.9, "franchissable": false, "marge_cm": -30, "reference": "12-572-1"}}, {"type": "Feature", "geometry": {"type": "Point", "coordinates": [20.92771, 64.75767]}, "properties": {"id": "trv-20296:746-23097:1932-0.9559", "country": "se", "source": "TRV", "updated": "2026-09-12", "name": "bro 2.90 m", "type": "hauteur_limitee", "obstacle": "bro", "hauteur_max_m": 2.9, "franchissable": false, "marge_cm": -30}}, {"type": "Feature", "geometry": {"type": "Point", "coordinates": [12.84416, 56.15227]}, "properties": {"id": "trv-19309:11807-3:1599448-0.2232", "country": "se", "source": "TRV", "updated": "2026-09-12", "name": "vägport 2.90 m", "type": "hauteur_limitee", "obstacle": "vägport", "hauteur_max_m": 2.9, "franchissable": false, "marge_cm": -30, "reference": "11-866-1"}}, {"type": "Feature", "geometry": {"type": "Point", "coordinates": [15.05835, 59.05805]}, "properties": {"id": "trv-14451:19676-3:468020-0.5028", "country": "se", "source": "TRV", "updated": "2026-09-12", "occurrences": 2, "name": "vägport 2.90 m", "type": "hauteur_limitee", "obstacle": "vägport", "hauteur_max_m": 2.9, "franchissable": false, "marge_cm": -30}}, {"type": "Feature", "geometry": {"type": "Point", "coordinates": [20.01772, 63.67891]}, "properties": {"id": "trv-16593:47219-18931:171514-0.4001", "country": "se", "source": "TRV", "updated": "2026-09-12", "name": "vägport 2.90 m", "type": "hauteur_limitee", "obstacle": "vägport", "hauteur_max_m": 2.9, "franchissable": false, "marge_cm": -30}}, {"type": "Feature", "geometry": {"type": "Point", "coordinates": [11.97918, 57.69395]}, "properties": {"id": "trv-12723:334953-12723:68089-0.8715", "country": "se", "source": "TRV", "updated": "2026-09-12", "name": "vägport 2.90 m", "type": "hauteur_limitee", "obstacle": "vägport", "hauteur_max_m": 2.9, "franchissable": false, "marge_cm": -30}}, {"type": "Feature", "geometry": {"type": "Point", "coordinates": [18.15742, 59.17685]}, "properties": {"id": "trv-16665:70796-11161:16911-0.3313", "country": "se", "source": "TRV", "updated": "2026-09-12", "name": "vägport 2.90 m", "type": "hauteur_limitee", "obstacle": "vägport", "hauteur_max_m": 2.9, "franchissable": false, "marge_cm": -30, "reference": "2-906-1"}}, {"type": "Feature", "geometry": {"type": "Point", "coordinates": [12.23347, 58.76046]}, "properties": {"id": "trv-12728:206616-3:1214268-0.9088", "country": "se", "source": "TRV", "updated": "2026-09-12", "name": "vägport 2.90 m", "type": "hauteur_limitee", "obstacle": "vägport", "hauteur_max_m": 2.9, "franchissable": false, "marge_cm": -30, "reference": "3500-3272-1"}}, {"type": "Feature", "geometry": {"type": "Point", "coordinates": [13.13191, 55.46912]}, "properties": {"id": "trv-19301:11140-12727:300924-0.6663", "country": "se", "source": "TRV", "updated": "2026-09-12", "occurrences": 2, "name": "vägport 2.90 m", "type": "hauteur_limitee", "obstacle": "vägport", "hauteur_max_m": 2.9, "franchissable": false, "marge_cm": -30, "reference": "100-96-1"}}, {"type": "Feature", "geometry": {"type": "Point", "coordinates": [20.92755, 64.75744]}, "properties": {"id": "trv-20296:744-23097:1932-0.9161", "country": "se", "source": "TRV", "updated": "2026-09-12", "name": "bro 2.90 m", "type": "hauteur_limitee", "obstacle": "bro", "hauteur_max_m": 2.9, "franchissable": false, "marge_cm": -30}}, {"type": "Feature", "geometry": {"type": "Point", "coordinates": [17.51645, 60.34427]}, "properties": {"id": "trv-14847:88171-13467:104034-0.4895", "country": "se", "source": "TRV", "updated": "2026-09-12", "name": "vägport 2.90 m", "type": "hauteur_limitee", "obstacle": "vägport", "hauteur_max_m": 2.9, "franchissable": false, "marge_cm": -30}}, {"type": "Feature", "geometry": {"type": "Point", "coordinates": [14.96569, 58.80026]}, "properties": {"id": "trv-12733:112804-3:478361-0.5388", "country": "se", "source": "TRV", "updated": "2026-09-12", "name": "vägport 2.90 m", "type": "hauteur_limitee", "obstacle": "vägport", "hauteur_max_m": 2.9, "franchissable": false, "marge_cm": -30, "reference": "18-525-1"}}, {"type": "Feature", "geometry": {"type": "Point", "coordinates": [18.03792, 59.3459]}, "properties": {"id": "trv-19194:2479728-19194:2479698-0.0793", "country": "se", "source": "TRV", "updated": "2026-09-12", "name": "vägport 2.90 m", "type": "hauteur_limitee", "obstacle": "vägport", "hauteur_max_m": 2.9, "franchissable": false, "marge_cm": -30}}, {"type": "Feature", "geometry": {"type": "Point", "coordinates": [17.5439, 59.56134]}, "properties": {"id": "trv-14116:381400-3:169487-0.6080", "country": "se", "source": "TRV", "updated": "2026-09-12", "occurrences": 2, "name": "vägport 2.90 m", "type": "hauteur_limitee", "obstacle": "vägport", "hauteur_max_m": 2.9, "franchissable": false, "marge_cm": -30}}, {"type": "Feature", "geometry": {"type": "Point", "coordinates": [21.00863, 64.752]}, "properties": {"id": "trv-20296:784-23097:1990-0.7033", "country": "se", "source": "TRV", "updated": "2026-09-12", "name": "vägport 2.90 m", "type": "hauteur_limitee", "obstacle": "vägport", "hauteur_max_m": 2.9, "franchissable": false, "marge_cm": -30}}, {"type": "Feature", "geometry": {"type": "Point", "coordinates": [21.019, 64.7501]}, "properties": {"id": "trv-20296:786-23097:2278-0.0459", "country": "se", "source": "TRV", "updated": "2026-09-12", "name": "vägport 2.90 m", "type": "hauteur_limitee", "obstacle": "vägport", "hauteur_max_m": 2.9, "franchissable": false, "marge_cm": -30}}, {"type": "Feature", "geometry": {"type": "Point", "coordinates": [15.42676, 58.379]}, "properties": {"id": "trv-15060:6662-3:549776-0.8082", "country": "se", "source": "TRV", "updated": "2026-09-12", "name": "vägport 2.90 m", "type": "hauteur_limitee", "obstacle": "vägport", "hauteur_max_m": 2.9, "franchissable": false, "marge_cm": -30}}, {"type": "Feature", "geometry": {"type": "Point", "coordinates": [20.26602, 63.83021]}, "properties": {"id": "trv-13632:8798-20656:2850162-0.4791", "country": "se", "source": "TRV", "updated": "2026-09-12", "name": "vägport 2.90 m", "type": "hauteur_limitee", "obstacle": "vägport", "hauteur_max_m": 2.9, "franchissable": false, "marge_cm": -30, "reference": "2480-209-1"}}, {"type": "Feature", "geometry": {"type": "Point", "coordinates": [16.04193, 59.85652]}, "properties": {"id": "trv-16585:175302-3:13849-0.9573", "country": "se", "source": "TRV", "updated": "2026-09-12", "name": "vägport 2.90 m", "type": "hauteur_limitee", "obstacle": "vägport", "hauteur_max_m": 2.9, "franchissable": false, "marge_cm": -30}}, {"type": "Feature", "geometry": {"type": "Point", "coordinates": [17.85964, 59.25388]}, "properties": {"id": "trv-12725:183767-12723:83893-0.0236", "country": "se", "source": "TRV", "updated": "2026-09-12", "name": "vägport 2.90 m", "type": "hauteur_limitee", "obstacle": "vägport", "hauteur_max_m": 2.9, "franchissable": false, "marge_cm": -30, "reference": "127-625-1"}}, {"type": "Feature", "geometry": {"type": "Point", "coordinates": [13.56025, 58.19339]}, "properties": {"id": "trv-16184:424190-12726:136742-0.0285", "country": "se", "source": "TRV", "updated": "2026-09-12", "name": "bro 2.90 m", "type": "hauteur_limitee", "obstacle": "bro", "hauteur_max_m": 2.9, "franchissable": false, "marge_cm": -30}}, {"type": "Feature", "geometry": {"type": "Point", "coordinates": [20.89642, 64.76065]}, "properties": {"id": "trv-20298:1316-23097:1805-0.6148", "country": "se", "source": "TRV", "updated": "2026-09-12", "name": "vägport 2.90 m", "type": "hauteur_limitee", "obstacle": "vägport", "hauteur_max_m": 2.9, "franchissable": false, "marge_cm": -30}}, {"type": "Feature", "geometry": {"type": "Point", "coordinates": [12.91656, 56.61484]}, "properties": {"id": "trv-12735:4479-3:285453-0.9760", "country": "se", "source": "TRV", "updated": "2026-09-12", "name": "vägport 2.90 m", "type": "hauteur_limitee", "obstacle": "vägport", "hauteur_max_m": 2.9, "franchissable": false, "marge_cm": -30}}, {"type": "Feature", "geometry": {"type": "Point", "coordinates": [20.22725, 63.8139]}, "properties": {"id": "trv-12745:68896-12745:66413-0.3031", "country": "se", "source": "TRV", "updated": "2026-09-12", "name": "vägport 2.90 m", "type": "hauteur_limitee", "obstacle": "vägport", "hauteur_max_m": 2.9, "franchissable": false, "marge_cm": -30, "reference": "100-1964-1"}}, {"type": "Feature", "geometry": {"type": "Point", "coordinates": [12.91702, 56.61489]}, "properties": {"id": "trv-12735:4475-3:285453-0.9529", "country": "se", "source": "TRV", "updated": "2026-09-12", "name": "vägport 2.90 m", "type": "hauteur_limitee", "obstacle": "vägport", "hauteur_max_m": 2.9, "franchissable": false, "marge_cm": -30}}, {"type": "Feature", "geometry": {"type": "Point", "coordinates": [12.36317, 59.82592]}, "properties": {"id": "trv-13157:1426-1000:84559-0.8958", "country": "se", "source": "TRV", "updated": "2026-09-12", "name": "vägport 2.90 m", "type": "hauteur_limitee", "obstacle": "vägport", "hauteur_max_m": 2.9, "franchissable": false, "marge_cm": -30, "reference": "S  525"}}, {"type": "Feature", "geometry": {"type": "Point", "coordinates": [20.27256, 63.82756]}, "properties": {"id": "trv-20661:396309-20656:2831574-0.1900", "country": "se", "source": "TRV", "updated": "2026-09-12", "name": "övrigt hinder 2.90 m", "type": "hauteur_limitee", "obstacle": "övrigt hinder", "hauteur_max_m": 2.9, "franchissable": false, "marge_cm": -30}}, {"type": "Feature", "geometry": {"type": "Point", "coordinates": [12.26246, 57.1076]}, "properties": {"id": "trv-11158:117039-11158:109918-0.4777", "country": "se", "source": "TRV", "updated": "2026-09-12", "name": "bro 2.90 m", "type": "hauteur_limitee", "obstacle": "bro", "hauteur_max_m": 2.9, "franchissable": false, "marge_cm": -30, "reference": "13-352-1"}}, {"type": "Feature", "geometry": {"type": "Point", "coordinates": [17.65259, 59.85519]}, "properties": {"id": "trv-11161:303785-11161:303709-0.6205", "country": "se", "source": "TRV", "updated": "2026-09-12", "name": "vägport 2.90 m", "type": "hauteur_limitee", "obstacle": "vägport", "hauteur_max_m": 2.9, "franchissable": false, "marge_cm": -30, "reference": "3500-5869-1"}}, {"type": "Feature", "geometry": {"type": "Point", "coordinates": [17.65273, 59.8553]}, "properties": {"id": "trv-11161:303793-11161:303709-0.5490", "country": "se", "source": "TRV", "updated": "2026-09-12", "name": "vägport 2.90 m", "type": "hauteur_limitee", "obstacle": "vägport", "hauteur_max_m": 2.9, "franchissable": false, "marge_cm": -30, "reference": "3500-5869-2"}}, {"type": "Feature", "geometry": {"type": "Point", "coordinates": [17.65288, 59.85542]}, "properties": {"id": "trv-11161:303801-11161:303709-0.4656", "country": "se", "source": "TRV", "updated": "2026-09-12", "name": "vägport 2.90 m", "type": "hauteur_limitee", "obstacle": "vägport", "hauteur_max_m": 2.9, "franchissable": false, "marge_cm": -30, "reference": "3500-5869-3"}}, {"type": "Feature", "geometry": {"type": "Point", "coordinates": [13.13188, 55.46915]}, "properties": {"id": "trv-19301:11140-12727:300904-0.4025", "country": "se", "source": "TRV", "updated": "2026-09-12", "occurrences": 2, "name": "vägport 2.90 m", "type": "hauteur_limitee", "obstacle": "vägport", "hauteur_max_m": 2.9, "franchissable": false, "marge_cm": -30, "reference": "100-96-1"}}, {"type": "Feature", "geometry": {"type": "Point", "coordinates": [13.73862, 56.11504]}, "properties": {"id": "trv-12749:16404-24036:349-0.2238", "country": "se", "source": "TRV", "updated": "2026-09-12", "name": "vägport 2.90 m", "type": "hauteur_limitee", "obstacle": "vägport", "hauteur_max_m": 2.9, "franchissable": false, "marge_cm": -30}}, {"type": "Feature", "geometry": {"type": "Point", "coordinates": [17.83297, 59.42175]}, "properties": {"id": "trv-20731:55319-11156:525855-0.4696", "country": "se", "source": "TRV", "updated": "2026-09-12", "name": "tunnel 2.90 m", "type": "hauteur_limitee", "obstacle": "tunnel", "hauteur_max_m": 2.9, "franchissable": false, "marge_cm": -30, "reference": "100-206-1"}}, {"type": "Feature", "geometry": {"type": "Point", "coordinates": [16.98841, 58.76879]}, "properties": {"id": "trv-21240:261739-21240:22491-0.5632", "country": "se", "source": "TRV", "updated": "2026-09-12", "name": "övrigt hinder 2.90 m", "type": "hauteur_limitee", "obstacle": "övrigt hinder", "hauteur_max_m": 2.9, "franchissable": false, "marge_cm": -30}}, {"type": "Feature", "geometry": {"type": "Point", "coordinates": [14.14395, 57.74391]}, "properties": {"id": "trv-16577:1599-11156:80570-0.8377", "country": "se", "source": "TRV", "updated": "2026-09-12", "name": "vägport 2.90 m", "type": "hauteur_limitee", "obstacle": "vägport", "hauteur_max_m": 2.9, "franchissable": false, "marge_cm": -30}}, {"type": "Feature", "geometry": {"type": "Point", "coordinates": [14.15024, 57.74653]}, "properties": {"id": "trv-16577:1601-11156:80603-0.3822", "country": "se", "source": "TRV", "updated": "2026-09-12", "name": "vägport 2.90 m", "type": "hauteur_limitee", "obstacle": "vägport", "hauteur_max_m": 2.9, "franchissable": false, "marge_cm": -30}}, {"type": "Feature", "geometry": {"type": "Point", "coordinates": [17.83298, 59.42178]}, "properties": {"id": "trv-20731:142242-11156:525865-0.2337", "country": "se", "source": "TRV", "updated": "2026-09-12", "name": "tunnel 2.90 m", "type": "hauteur_limitee", "obstacle": "tunnel", "hauteur_max_m": 2.9, "franchissable": false, "marge_cm": -30, "reference": "100-206-1"}}, {"type": "Feature", "geometry": {"type": "Point", "coordinates": [12.3458, 58.37196]}, "properties": {"id": "trv-16673:15485-11162:30148-0.0286", "country": "se", "source": "TRV", "updated": "2026-09-12", "name": "tunnel 2.91 m", "type": "hauteur_limitee", "obstacle": "tunnel", "hauteur_max_m": 2.91, "franchissable": false, "marge_cm": -29}}, {"type": "Feature", "geometry": {"type": "Point", "coordinates": [12.32981, 58.36428]}, "properties": {"id": "trv-16673:15493-11162:30248-0.3519", "country": "se", "source": "TRV", "updated": "2026-09-12", "name": "tunnel 2.93 m", "type": "hauteur_limitee", "obstacle": "tunnel", "hauteur_max_m": 2.93, "franchissable": false, "marge_cm": -27}}, {"type": "Feature", "geometry": {"type": "Point", "coordinates": [17.53119, 59.56968]}, "properties": {"id": "trv-12729:72250-12729:65806-0.0462", "country": "se", "source": "TRV", "updated": "2026-09-12", "name": "bro 2.95 m", "type": "hauteur_limitee", "obstacle": "bro", "hauteur_max_m": 2.95, "franchissable": false, "marge_cm": -25}}, {"type": "Feature", "geometry": {"type": "Point", "coordinates": [14.95306, 57.65037]}, "properties": {"id": "trv-12725:78518-12725:75798-0.7777", "country": "se", "source": "TRV", "updated": "2026-09-12", "name": "vägport 2.95 m", "type": "hauteur_limitee", "obstacle": "vägport", "hauteur_max_m": 2.95, "franchissable": false, "marge_cm": -25}}, {"type": "Feature", "geometry": {"type": "Point", "coordinates": [17.75909, 59.20214]}, "properties": {"id": "trv-22121:327903-22121:116779-0.4712", "country": "se", "source": "TRV", "updated": "2026-09-12", "name": "bro 2.97 m", "type": "hauteur_limitee", "obstacle": "bro", "hauteur_max_m": 2.97, "franchissable": false, "marge_cm": -23}}, {"type": "Feature", "geometry": {"type": "Point", "coordinates": [15.08758, 60.67997]}, "properties": {"id": "trv-13625:2106022-1000:99063-0.1720", "country": "se", "source": "TRV", "updated": "2026-09-12", "name": "tunnel 2.97 m", "type": "hauteur_limitee", "obstacle": "tunnel", "hauteur_max_m": 2.97, "franchissable": false, "marge_cm": -23}}, {"type": "Feature", "geometry": {"type": "Point", "coordinates": [12.31362, 58.3563]}, "properties": {"id": "trv-16673:15497-11162:30495-0.8401", "country": "se", "source": "TRV", "updated": "2026-09-12", "name": "tunnel 2.98 m", "type": "hauteur_limitee", "obstacle": "tunnel", "hauteur_max_m": 2.98, "franchissable": false, "marge_cm": -22}}, {"type": "Feature", "geometry": {"type": "Point", "coordinates": [17.7697, 59.20445]}, "properties": {"id": "trv-22121:1196782-22121:112819-0.6196", "country": "se", "source": "TRV", "updated": "2026-09-12", "name": "bro 2.98 m", "type": "hauteur_limitee", "obstacle": "bro", "hauteur_max_m": 2.98, "franchissable": false, "marge_cm": -22}}, {"type": "Feature", "geometry": {"type": "Point", "coordinates": [17.76572, 59.20573]}, "properties": {"id": "trv-22121:401520-22121:114239-0.3416", "country": "se", "source": "TRV", "updated": "2026-09-12", "name": "bro 2.98 m", "type": "hauteur_limitee", "obstacle": "bro", "hauteur_max_m": 2.98, "franchissable": false, "marge_cm": -22}}, {"type": "Feature", "geometry": {"type": "Point", "coordinates": [17.77503, 59.2046]}, "properties": {"id": "trv-22121:1223852-22121:52132-0.7385", "country": "se", "source": "TRV", "updated": "2026-09-12", "name": "bro 2.98 m", "type": "hauteur_limitee", "obstacle": "bro", "hauteur_max_m": 2.98, "franchissable": false, "marge_cm": -22}}, {"type": "Feature", "geometry": {"type": "Point", "coordinates": [12.30408, 58.38398]}, "properties": {"id": "trv-16673:15503-11162:29803-0.1154", "country": "se", "source": "TRV", "updated": "2026-09-12", "name": "tunnel 2.99 m", "type": "hauteur_limitee", "obstacle": "tunnel", "hauteur_max_m": 2.99, "franchissable": false, "marge_cm": -21}}, {"type": "Feature", "geometry": {"type": "Point", "coordinates": [16.64395, 57.74437]}, "properties": {"id": "trv-12724:595229-12730:101224-0.0856", "country": "se", "source": "TRV", "updated": "2026-09-12", "name": "vägport 3.00 m", "type": "hauteur_limitee", "obstacle": "vägport", "hauteur_max_m": 3.0, "franchissable": false, "marge_cm": -20}}, {"type": "Feature", "geometry": {"type": "Point", "coordinates": [16.61002, 57.77102]}, "properties": {"id": "trv-12724:595253-12730:102356-0.0915", "country": "se", "source": "TRV", "updated": "2026-09-12", "name": "vägport 3.00 m", "type": "hauteur_limitee", "obstacle": "vägport", "hauteur_max_m": 3.0, "franchissable": false, "marge_cm": -20}}, {"type": "Feature", "geometry": {"type": "Point", "coordinates": [16.35596, 56.68344]}, "properties": {"id": "trv-11154:173493-11154:168734-0.6398", "country": "se", "source": "TRV", "updated": "2026-09-12", "name": "vägport 3.00 m", "type": "hauteur_limitee", "obstacle": "vägport", "hauteur_max_m": 3.0, "franchissable": false, "marge_cm": -20, "reference": "8-505-1"}}, {"type": "Feature", "geometry": {"type": "Point", "coordinates": [11.99546, 57.72357]}, "properties": {"id": "trv-11162:313397-11162:313395-0.0373", "country": "se", "source": "TRV", "updated": "2026-09-12", "name": "övrigt hinder 3.00 m", "type": "hauteur_limitee", "obstacle": "övrigt hinder", "hauteur_max_m": 3.0, "franchissable": false, "marge_cm": -20}}, {"type": "Feature", "geometry": {"type": "Point", "coordinates": [12.27253, 57.09789]}, "properties": {"id": "trv-11158:117051-11158:110093-0.9216", "country": "se", "source": "TRV", "updated": "2026-09-12", "name": "vägport 3.00 m", "type": "hauteur_limitee", "obstacle": "vägport", "hauteur_max_m": 3.0, "franchissable": false, "marge_cm": -20}}, {"type": "Feature", "geometry": {"type": "Point", "coordinates": [14.86303, 56.20407]}, "properties": {"id": "trv-12724:525184-3:350007-0.9025", "country": "se", "source": "TRV", "updated": "2026-09-12", "name": "övrigt hinder 3.00 m", "type": "hauteur_limitee", "obstacle": "övrigt hinder", "hauteur_max_m": 3.0, "franchissable": false, "marge_cm": -20}}, {"type": "Feature", "geometry": {"type": "Point", "coordinates": [12.04907, 57.52784]}, "properties": {"id": "trv-12747:4898-3:285368-0.6231", "country": "se", "source": "TRV", "updated": "2026-09-12", "name": "vägport 3.00 m", "type": "hauteur_limitee", "obstacle": "vägport", "hauteur_max_m": 3.0, "franchissable": false, "marge_cm": -20, "reference": "13-921-1"}}, {"type": "Feature", "geometry": {"type": "Point", "coordinates": [13.10613, 55.72527]}, "properties": {"id": "trv-12726:419266-11156:465998-0.7133", "country": "se", "source": "TRV", "updated": "2026-09-12", "name": "vägport 3.00 m", "type": "hauteur_limitee", "obstacle": "vägport", "hauteur_max_m": 3.0, "franchissable": false, "marge_cm": -20, "reference": "12-1035-1"}}, {"type": "Feature", "geometry": {"type": "Point", "coordinates": [12.9315, 57.72001]}, "properties": {"id": "trv-11156:396032-13663:10510-0.2518", "country": "se", "source": "TRV", "updated": "2026-09-12", "name": "vägport 3.00 m", "type": "hauteur_limitee", "obstacle": "vägport", "hauteur_max_m": 3.0, "franchissable": false, "marge_cm": -20, "reference": "15-611-1"}}, {"type": "Feature", "geometry": {"type": "Point", "coordinates": [17.83499, 59.243]}, "properties": {"id": "trv-12725:183861-12723:85410-0.5335", "country": "se", "source": "TRV", "updated": "2026-09-12", "name": "vägport 3.00 m", "type": "hauteur_limitee", "obstacle": "vägport", "hauteur_max_m": 3.0, "franchissable": false, "marge_cm": -20, "reference": "127-629-1"}}, {"type": "Feature", "geometry": {"type": "Point", "coordinates": [14.24727, 56.20483]}, "properties": {"id": "trv-14050:1557-3:1599285-0.8507", "country": "se", "source": "TRV", "updated": "2026-09-12", "name": "tunnel 3.00 m", "type": "hauteur_limitee", "obstacle": "tunnel", "hauteur_max_m": 3.0, "franchissable": false, "marge_cm": -20}}, {"type": "Feature", "geometry": {"type": "Point", "coordinates": [12.81464, 56.31708]}, "properties": {"id": "trv-12765:437159-10850:7465-0.5439", "country": "se", "source": "TRV", "updated": "2026-09-12", "name": "vägport 3.00 m", "type": "hauteur_limitee", "obstacle": "vägport", "hauteur_max_m": 3.0, "franchissable": false, "marge_cm": -20, "reference": "3500-4371-1"}}, {"type": "Feature", "geometry": {"type": "Point", "coordinates": [16.22588, 56.68356]}, "properties": {"id": "trv-19308:5461-19308:4150-0.1742", "country": "se", "source": "TRV", "updated": "2026-09-12", "name": "vägport 3.00 m", "type": "hauteur_limitee", "obstacle": "vägport", "hauteur_max_m": 3.0, "franchissable": false, "marge_cm": -20, "reference": "880-13-1"}}, {"type": "Feature", "geometry": {"type": "Point", "coordinates": [20.91292, 64.76064]}, "properties": {"id": "trv-20296:738-11157:136235-0.9724", "country": "se", "source": "TRV", "updated": "2026-09-12", "name": "vägport 3.00 m", "type": "hauteur_limitee", "obstacle": "vägport", "hauteur_max_m": 3.0, "franchissable": false, "marge_cm": -20}}, {"type": "Feature", "geometry": {"type": "Point", "coordinates": [16.53036, 59.624]}, "properties": {"id": "trv-14405:37519-3:34702-0.8251", "country": "se", "source": "TRV", "updated": "2026-09-12", "occurrences": 2, "name": "vägport 3.00 m", "type": "hauteur_limitee", "obstacle": "vägport", "hauteur_max_m": 3.0, "franchissable": false, "marge_cm": -20}}, {"type": "Feature", "geometry": {"type": "Point", "coordinates": [12.94909, 56.61969]}, "properties": {"id": "trv-13662:11497-3:277170-0.6817", "country": "se", "source": "TRV", "updated": "2026-09-12", "name": "vägport 3.00 m", "type": "hauteur_limitee", "obstacle": "vägport", "hauteur_max_m": 3.0, "franchissable": false, "marge_cm": -20}}, {"type": "Feature", "geometry": {"type": "Point", "coordinates": [16.97135, 60.62872]}, "properties": {"id": "trv-16552:2448-3:1191411-0.1815", "country": "se", "source": "TRV", "updated": "2026-09-12", "name": "vägport 3.00 m", "type": "hauteur_limitee", "obstacle": "vägport", "hauteur_max_m": 3.0, "franchissable": false, "marge_cm": -20, "reference": "21-1184-1"}}, {"type": "Feature", "geometry": {"type": "Point", "coordinates": [13.37958, 59.45912]}, "properties": {"id": "trv-13228:4121-3:692962-0.3304", "country": "se", "source": "TRV", "updated": "2026-09-12", "name": "vägport 3.00 m", "type": "hauteur_limitee", "obstacle": "vägport", "hauteur_max_m": 3.0, "franchissable": false, "marge_cm": -20}}, {"type": "Feature", "geometry": {"type": "Point", "coordinates": [15.06207, 58.54773]}, "properties": {"id": "trv-13260:11881-3:499456-0.6311", "country": "se", "source": "TRV", "updated": "2026-09-12", "name": "vägport 3.00 m", "type": "hauteur_limitee", "obstacle": "vägport", "hauteur_max_m": 3.0, "franchissable": false, "marge_cm": -20}}, {"type": "Feature", "geometry": {"type": "Point", "coordinates": [13.0996, 55.66431]}, "properties": {"id": "trv-14186:3423-3:1599457-0.6415", "country": "se", "source": "TRV", "updated": "2026-09-12", "name": "tunnel 3.00 m", "type": "hauteur_limitee", "obstacle": "tunnel", "hauteur_max_m": 3.0, "franchissable": false, "marge_cm": -20}}, {"type": "Feature", "geometry": {"type": "Point", "coordinates": [21.04434, 64.7353]}, "properties": {"id": "trv-20297:1651-11157:136347-0.7045", "country": "se", "source": "TRV", "updated": "2026-09-12", "name": "vägport 3.00 m", "type": "hauteur_limitee", "obstacle": "vägport", "hauteur_max_m": 3.0, "franchissable": false, "marge_cm": -20}}, {"type": "Feature", "geometry": {"type": "Point", "coordinates": [18.69442, 59.76569]}, "properties": {"id": "trv-16588:56717-11159:21383-0.5712", "country": "se", "source": "TRV", "updated": "2026-09-12", "name": "vägport 3.00 m", "type": "hauteur_limitee", "obstacle": "vägport", "hauteur_max_m": 3.0, "franchissable": false, "marge_cm": -20}}, {"type": "Feature", "geometry": {"type": "Point", "coordinates": [20.90703, 64.76447]}, "properties": {"id": "trv-20298:1320-23097:1772-0.2741", "country": "se", "source": "TRV", "updated": "2026-09-12", "name": "vägport 3.00 m", "type": "hauteur_limitee", "obstacle": "vägport", "hauteur_max_m": 3.0, "franchissable": false, "marge_cm": -20}}, {"type": "Feature", "geometry": {"type": "Point", "coordinates": [17.73149, 60.07759]}, "properties": {"id": "trv-22863:32106-22863:29255-0.3012", "country": "se", "source": "TRV", "updated": "2026-09-12", "name": "vägport 3.00 m", "type": "hauteur_limitee", "obstacle": "vägport", "hauteur_max_m": 3.0, "franchissable": false, "marge_cm": -20}}, {"type": "Feature", "geometry": {"type": "Point", "coordinates": [12.037, 57.757]}, "properties": {"id": "trv-12779:12432-3:1348553-0.4618", "country": "se", "source": "TRV", "updated": "2026-09-12", "name": "vägport 3.00 m", "type": "hauteur_limitee", "obstacle": "vägport", "hauteur_max_m": 3.0, "franchissable": false, "marge_cm": -20, "reference": "1480-3001-1"}}, {"type": "Feature", "geometry": {"type": "Point", "coordinates": [13.70673, 59.41225]}, "properties": {"id": "trv-23696:7570-3:697237-0.4325", "country": "se", "source": "TRV", "updated": "2026-09-12", "name": "vägport 3.00 m", "type": "hauteur_limitee", "obstacle": "vägport", "hauteur_max_m": 3.0, "franchissable": false, "marge_cm": -20}}, {"type": "Feature", "geometry": {"type": "Point", "coordinates": [17.91834, 59.47009]}, "properties": {"id": "trv-16345:1108-3:1097919-0.1459", "country": "se", "source": "TRV", "updated": "2026-09-12", "name": "vägport 3.00 m", "type": "hauteur_limitee", "obstacle": "vägport", "hauteur_max_m": 3.0, "franchissable": false, "marge_cm": -20}}, {"type": "Feature", "geometry": {"type": "Point", "coordinates": [13.59639, 57.17266]}, "properties": {"id": "trv-24324:12533-12734:178551-0.1503", "country": "se", "source": "TRV", "updated": "2026-09-12", "name": "vägport 3.00 m", "type": "hauteur_limitee", "obstacle": "vägport", "hauteur_max_m": 3.0, "franchissable": false, "marge_cm": -20, "reference": "6-1250-1"}}, {"type": "Feature", "geometry": {"type": "Point", "coordinates": [17.88646, 59.26688]}, "properties": {"id": "trv-22121:1131322-22121:304679-0.5000", "country": "se", "source": "TRV", "updated": "2026-09-12", "name": "övrigt hinder 3.00 m", "type": "hauteur_limitee", "obstacle": "övrigt hinder", "hauteur_max_m": 3.0, "franchissable": false, "marge_cm": -20, "reference": "Husportal"}}, {"type": "Feature", "geometry": {"type": "Point", "coordinates": [17.88725, 59.26688]}, "properties": {"id": "trv-22121:1131326-22126:25289-0.1632", "country": "se", "source": "TRV", "updated": "2026-09-12", "occurrences": 2, "name": "övrigt hinder 3.00 m", "type": "hauteur_limitee", "obstacle": "övrigt hinder", "hauteur_max_m": 3.0, "franchissable": false, "marge_cm": -20, "reference": "Husportal"}}, {"type": "Feature", "geometry": {"type": "Point", "coordinates": [17.8889, 59.26531]}, "properties": {"id": "trv-22121:1131339-16588:8824-0.3326", "country": "se", "source": "TRV", "updated": "2026-09-12", "name": "övrigt hinder 3.00 m", "type": "hauteur_limitee", "obstacle": "övrigt hinder", "hauteur_max_m": 3.0, "franchissable": false, "marge_cm": -20, "reference": "Husportal"}}, {"type": "Feature", "geometry": {"type": "Point", "coordinates": [17.30511, 62.39187]}, "properties": {"id": "trv-21277:212765-3:778646-0.3571", "country": "se", "source": "TRV", "updated": "2026-09-12", "name": "övrigt hinder 3.00 m", "type": "hauteur_limitee", "obstacle": "övrigt hinder", "hauteur_max_m": 3.0, "franchissable": false, "marge_cm": -20}}, {"type": "Feature", "geometry": {"type": "Point", "coordinates": [17.28338, 62.39415]}, "properties": {"id": "trv-21277:212787-21277:66254-0.9820", "country": "se", "source": "TRV", "updated": "2026-09-12", "name": "övrigt hinder 3.00 m", "type": "hauteur_limitee", "obstacle": "övrigt hinder", "hauteur_max_m": 3.0, "franchissable": false, "marge_cm": -20}}, {"type": "Feature", "geometry": {"type": "Point", "coordinates": [16.6073, 57.77505]}, "properties": {"id": "trv-12724:595257-12730:102027-0.9549", "country": "se", "source": "TRV", "updated": "2026-09-12", "name": "vägport 3.00 m", "type": "hauteur_limitee", "obstacle": "vägport", "hauteur_max_m": 3.0, "franchissable": false, "marge_cm": -20}}, {"type": "Feature", "geometry": {"type": "Point", "coordinates": [12.71177, 59.08809]}, "properties": {"id": "trv-11159:222701-15819:1615-0.0596", "country": "se", "source": "TRV", "updated": "2026-09-12", "name": "vägport 3.00 m", "type": "hauteur_limitee", "obstacle": "vägport", "hauteur_max_m": 3.0, "franchissable": false, "marge_cm": -20, "reference": "15-1458-1"}}, {"type": "Feature", "geometry": {"type": "Point", "coordinates": [21.15219, 64.71364]}, "properties": {"id": "trv-11163:270526-3:1007202-0.4804", "country": "se", "source": "TRV", "updated": "2026-09-12", "name": "vägport 3.00 m", "type": "hauteur_limitee", "obstacle": "vägport", "hauteur_max_m": 3.0, "franchissable": false, "marge_cm": -20, "reference": "3500-2202-1"}}, {"type": "Feature", "geometry": {"type": "Point", "coordinates": [15.78338, 60.00354]}, "properties": {"id": "trv-16591:66567-1000:93804-0.8914", "country": "se", "source": "TRV", "updated": "2026-09-12", "name": "vägport 3.00 m", "type": "hauteur_limitee", "obstacle": "vägport", "hauteur_max_m": 3.0, "franchissable": false, "marge_cm": -20}}, {"type": "Feature", "geometry": {"type": "Point", "coordinates": [14.95908, 57.64442]}, "properties": {"id": "trv-12725:80670-12725:75761-0.1756", "country": "se", "source": "TRV", "updated": "2026-09-12", "name": "vägport 3.00 m", "type": "hauteur_limitee", "obstacle": "vägport", "hauteur_max_m": 3.0, "franchissable": false, "marge_cm": -20, "reference": "6-981-1"}}, {"type": "Feature", "geometry": {"type": "Point", "coordinates": [18.05778, 59.31531]}, "properties": {"id": "trv-16972:436-13212:28722-0.9060", "country": "se", "source": "TRV", "updated": "2026-09-12", "occurrences": 2, "name": "vägport 3.00 m", "type": "hauteur_limitee", "obstacle": "vägport", "hauteur_max_m": 3.0, "franchissable": false, "marge_cm": -20}}, {"type": "Feature", "geometry": {"type": "Point", "coordinates": [12.72051, 56.71398]}, "properties": {"id": "trv-11155:171125-11155:170985-0.0419", "country": "se", "source": "TRV", "updated": "2026-09-12", "name": "vägport 3.00 m", "type": "hauteur_limitee", "obstacle": "vägport", "hauteur_max_m": 3.0, "franchissable": false, "marge_cm": -20, "reference": "13-979-1"}}, {"type": "Feature", "geometry": {"type": "Point", "coordinates": [16.85778, 59.94002]}, "properties": {"id": "trv-13564:121-3:9608-0.7083", "country": "se", "source": "TRV", "updated": "2026-09-12", "name": "vägport 3.00 m", "type": "hauteur_limitee", "obstacle": "vägport", "hauteur_max_m": 3.0, "franchissable": false, "marge_cm": -20}}, {"type": "Feature", "geometry": {"type": "Point", "coordinates": [14.78596, 56.87381]}, "properties": {"id": "trv-14846:32294-12724:17738-0.6568", "country": "se", "source": "TRV", "updated": "2026-09-12", "name": "vägport 3.00 m", "type": "hauteur_limitee", "obstacle": "vägport", "hauteur_max_m": 3.0, "franchissable": false, "marge_cm": -20, "reference": "780-1004-1"}}, {"type": "Feature", "geometry": {"type": "Point", "coordinates": [20.91279, 64.76051]}, "properties": {"id": "trv-20296:736-11157:136235-0.9781", "country": "se", "source": "TRV", "updated": "2026-09-12", "name": "vägport 3.00 m", "type": "hauteur_limitee", "obstacle": "vägport", "hauteur_max_m": 3.0, "franchissable": false, "marge_cm": -20}}, {"type": "Feature", "geometry": {"type": "Point", "coordinates": [20.91373, 64.76108]}, "properties": {"id": "trv-20296:740-11157:136235-0.9500", "country": "se", "source": "TRV", "updated": "2026-09-12", "name": "vägport 3.00 m", "type": "hauteur_limitee", "obstacle": "vägport", "hauteur_max_m": 3.0, "franchissable": false, "marge_cm": -20}}, {"type": "Feature", "geometry": {"type": "Point", "coordinates": [20.91731, 64.76306]}, "properties": {"id": "trv-20298:1322-23097:3367-0.2297", "country": "se", "source": "TRV", "updated": "2026-09-12", "name": "vägport 3.00 m", "type": "hauteur_limitee", "obstacle": "vägport", "hauteur_max_m": 3.0, "franchissable": false, "marge_cm": -20}}, {"type": "Feature", "geometry": {"type": "Point", "coordinates": [20.93362, 64.76182]}, "properties": {"id": "trv-20298:1324-23097:4119-0.8713", "country": "se", "source": "TRV", "updated": "2026-09-12", "name": "vägport 3.00 m", "type": "hauteur_limitee", "obstacle": "vägport", "hauteur_max_m": 3.0, "franchissable": false, "marge_cm": -20}}, {"type": "Feature", "geometry": {"type": "Point", "coordinates": [14.69567, 57.56186]}, "properties": {"id": "trv-14118:196932-3:88404-0.6791", "country": "se", "source": "TRV", "updated": "2026-09-12", "name": "vägport 3.00 m", "type": "hauteur_limitee", "obstacle": "vägport", "hauteur_max_m": 3.0, "franchissable": false, "marge_cm": -20}}, {"type": "Feature", "geometry": {"type": "Point", "coordinates": [12.96496, 55.79184]}, "properties": {"id": "trv-15700:1701-3:1599348-0.5114", "country": "se", "source": "TRV", "updated": "2026-09-12", "name": "vägport 3.00 m", "type": "hauteur_limitee", "obstacle": "vägport", "hauteur_max_m": 3.0, "franchissable": false, "marge_cm": -20}}, {"type": "Feature", "geometry": {"type": "Point", "coordinates": [17.88816, 59.26689]}, "properties": {"id": "trv-22121:1131326-22126:25289-0.8431", "country": "se", "source": "TRV", "updated": "2026-09-12", "occurrences": 2, "name": "övrigt hinder 3.00 m", "type": "hauteur_limitee", "obstacle": "övrigt hinder", "hauteur_max_m": 3.0, "franchissable": false, "marge_cm": -20, "reference": "Husportal"}}, {"type": "Feature", "geometry": {"type": "Point", "coordinates": [17.88918, 59.26407]}, "properties": {"id": "trv-22121:1131343-16588:8880-0.0681", "country": "se", "source": "TRV", "updated": "2026-09-12", "name": "övrigt hinder 3.00 m", "type": "hauteur_limitee", "obstacle": "övrigt hinder", "hauteur_max_m": 3.0, "franchissable": false, "marge_cm": -20, "reference": "Husportal"}}, {"type": "Feature", "geometry": {"type": "Point", "coordinates": [14.08973, 57.68061]}, "properties": {"id": "trv-11161:309649-11161:308945-0.3180", "country": "se", "source": "TRV", "updated": "2026-09-12", "name": "bro 3.00 m", "type": "hauteur_limitee", "obstacle": "bro", "hauteur_max_m": 3.0, "franchissable": false, "marge_cm": -20}}, {"type": "Feature", "geometry": {"type": "Point", "coordinates": [15.07051, 60.58863]}, "properties": {"id": "trv-11101:244089-1000:97650-0.4753", "country": "se", "source": "TRV", "updated": "2026-09-12", "name": "övrigt hinder 3.00 m", "type": "hauteur_limitee", "obstacle": "övrigt hinder", "hauteur_max_m": 3.0, "franchissable": false, "marge_cm": -20}}, {"type": "Feature", "geometry": {"type": "Point", "coordinates": [15.65699, 60.6089]}, "properties": {"id": "trv-12289:16756-14438:96661-0.4881", "country": "se", "source": "TRV", "updated": "2026-09-12", "name": "vägport 3.00 m", "type": "hauteur_limitee", "obstacle": "vägport", "hauteur_max_m": 3.0, "franchissable": false, "marge_cm": -20, "reference": "Vägport under väg 80"}}, {"type": "Feature", "geometry": {"type": "Point", "coordinates": [11.97839, 57.69487]}, "properties": {"id": "trv-12723:334951-12723:68089-0.0171", "country": "se", "source": "TRV", "updated": "2026-09-12", "name": "vägport 3.00 m", "type": "hauteur_limitee", "obstacle": "vägport", "hauteur_max_m": 3.0, "franchissable": false, "marge_cm": -20}}, {"type": "Feature", "geometry": {"type": "Point", "coordinates": [16.47638, 57.25375]}, "properties": {"id": "trv-12574:14748-11161:294208-0.0396", "country": "se", "source": "TRV", "updated": "2026-09-12", "name": "tunnel 3.00 m", "type": "hauteur_limitee", "obstacle": "tunnel", "hauteur_max_m": 3.0, "franchissable": false, "marge_cm": -20}}, {"type": "Feature", "geometry": {"type": "Point", "coordinates": [17.8303, 59.24305]}, "properties": {"id": "trv-12725:183845-16591:58054-0.5757", "country": "se", "source": "TRV", "updated": "2026-09-12", "name": "vägport 3.00 m", "type": "hauteur_limitee", "obstacle": "vägport", "hauteur_max_m": 3.0, "franchissable": false, "marge_cm": -20}}, {"type": "Feature", "geometry": {"type": "Point", "coordinates": [14.13758, 56.55323]}, "properties": {"id": "trv-12864:6213-12729:3392-0.6779", "country": "se", "source": "TRV", "updated": "2026-09-12", "name": "vägport 3.00 m", "type": "hauteur_limitee", "obstacle": "vägport", "hauteur_max_m": 3.0, "franchissable": false, "marge_cm": -20}}, {"type": "Feature", "geometry": {"type": "Point", "coordinates": [12.50755, 56.91963]}, "properties": {"id": "trv-11162:56882-16671:15409-0.8145", "country": "se", "source": "TRV", "updated": "2026-09-12", "name": "vägport 3.00 m", "type": "hauteur_limitee", "obstacle": "vägport", "hauteur_max_m": 3.0, "franchissable": false, "marge_cm": -20}}, {"type": "Feature", "geometry": {"type": "Point", "coordinates": [14.24466, 59.24429]}, "properties": {"id": "trv-19303:11725-13663:16472-0.1235", "country": "se", "source": "TRV", "updated": "2026-09-12", "name": "vägport 3.00 m", "type": "hauteur_limitee", "obstacle": "vägport", "hauteur_max_m": 3.0, "franchissable": false, "marge_cm": -20, "reference": "3500-775-1"}}, {"type": "Feature", "geometry": {"type": "Point", "coordinates": [16.53041, 59.62379]}, "properties": {"id": "trv-14405:37519-3:34702-0.8548", "country": "se", "source": "TRV", "updated": "2026-09-12", "occurrences": 2, "name": "vägport 3.00 m", "type": "hauteur_limitee", "obstacle": "vägport", "hauteur_max_m": 3.0, "franchissable": false, "marge_cm": -20}}, {"type": "Feature", "geometry": {"type": "Point", "coordinates": [13.33262, 59.48999]}, "properties": {"id": "trv-12731:198830-12731:198796-0.4185", "country": "se", "source": "TRV", "updated": "2026-09-12", "name": "vägport 3.00 m", "type": "hauteur_limitee", "obstacle": "vägport", "hauteur_max_m": 3.0, "franchissable": false, "marge_cm": -20, "reference": "17-1047-1"}}, {"type": "Feature", "geometry": {"type": "Point", "coordinates": [15.04327, 58.53145]}, "properties": {"id": "trv-16593:101145-3:501346-0.4381", "country": "se", "source": "TRV", "updated": "2026-09-12", "name": "vägport 3.00 m", "type": "hauteur_limitee", "obstacle": "vägport", "hauteur_max_m": 3.0, "franchissable": false, "marge_cm": -20, "reference": "3500-5919-1"}}, {"type": "Feature", "geometry": {"type": "Point", "coordinates": [17.8602, 59.23325]}, "properties": {"id": "trv-12725:183799-12723:81111-0.1378", "country": "se", "source": "TRV", "updated": "2026-09-12", "name": "vägport 3.00 m", "type": "hauteur_limitee", "obstacle": "vägport", "hauteur_max_m": 3.0, "franchissable": false, "marge_cm": -20, "reference": "127-649-1"}}, {"type": "Feature", "geometry": {"type": "Point", "coordinates": [13.04417, 55.72225]}, "properties": {"id": "trv-12727:310681-12727:310590-0.1261", "country": "se", "source": "TRV", "updated": "2026-09-12", "name": "vägport 3.00 m", "type": "hauteur_limitee", "obstacle": "vägport", "hauteur_max_m": 3.0, "franchissable": false, "marge_cm": -20, "reference": "100-455-1"}}, {"type": "Feature", "geometry": {"type": "Point", "coordinates": [17.88816, 59.2653]}, "properties": {"id": "trv-22121:1131335-16588:8824-0.2403", "country": "se", "source": "TRV", "updated": "2026-09-12", "occurrences": 2, "name": "övrigt hinder 3.00 m", "type": "hauteur_limitee", "obstacle": "övrigt hinder", "hauteur_max_m": 3.0, "franchissable": false, "marge_cm": -20, "reference": "Husportal"}}, {"type": "Feature", "geometry": {"type": "Point", "coordinates": [16.26793, 59.58815]}, "properties": {"id": "trv-24277:3855-24277:361-0.4003", "country": "se", "source": "TRV", "updated": "2026-09-12", "name": "vägport 3.00 m", "type": "hauteur_limitee", "obstacle": "vägport", "hauteur_max_m": 3.0, "franchissable": false, "marge_cm": -20, "reference": "100-20671-2"}}, {"type": "Feature", "geometry": {"type": "Point", "coordinates": [15.06937, 60.58691]}, "properties": {"id": "trv-11101:244087-1000:97650-0.1055", "country": "se", "source": "TRV", "updated": "2026-09-12", "name": "övrigt hinder 3.00 m", "type": "hauteur_limitee", "obstacle": "övrigt hinder", "hauteur_max_m": 3.0, "franchissable": false, "marge_cm": -20}}, {"type": "Feature", "geometry": {"type": "Point", "coordinates": [11.28293, 58.8101]}, "properties": {"id": "trv-11162:178850-11162:178834-0.7652", "country": "se", "source": "TRV", "updated": "2026-09-12", "name": "vägport 3.00 m", "type": "hauteur_limitee", "obstacle": "vägport", "hauteur_max_m": 3.0, "franchissable": false, "marge_cm": -20, "reference": "14-1740-1"}}, {"type": "Feature", "geometry": {"type": "Point", "coordinates": [21.15235, 64.71377]}, "properties": {"id": "trv-11163:270516-3:1007202-0.6389", "country": "se", "source": "TRV", "updated": "2026-09-12", "name": "vägport 3.00 m", "type": "hauteur_limitee", "obstacle": "vägport", "hauteur_max_m": 3.0, "franchissable": false, "marge_cm": -20, "reference": "24-1365-1"}}, {"type": "Feature", "geometry": {"type": "Point", "coordinates": [17.37119, 62.25252]}, "properties": {"id": "trv-12724:322278-12734:117312-0.5426", "country": "se", "source": "TRV", "updated": "2026-09-12", "name": "vägport 3.00 m", "type": "hauteur_limitee", "obstacle": "vägport", "hauteur_max_m": 3.0, "franchissable": false, "marge_cm": -20, "reference": "22-1620-1"}}, {"type": "Feature", "geometry": {"type": "Point", "coordinates": [13.55691, 59.59563]}, "properties": {"id": "trv-13157:1418-1000:84953-0.4282", "country": "se", "source": "TRV", "updated": "2026-09-12", "name": "vägport 3.00 m", "type": "hauteur_limitee", "obstacle": "vägport", "hauteur_max_m": 3.0, "franchissable": false, "marge_cm": -20, "reference": "S  413"}}, {"type": "Feature", "geometry": {"type": "Point", "coordinates": [17.85408, 59.24996]}, "properties": {"id": "trv-12725:183725-12723:83680-0.3952", "country": "se", "source": "TRV", "updated": "2026-09-12", "name": "vägport 3.00 m", "type": "hauteur_limitee", "obstacle": "vägport", "hauteur_max_m": 3.0, "franchissable": false, "marge_cm": -20, "reference": "127-634-1"}}, {"type": "Feature", "geometry": {"type": "Point", "coordinates": [13.86153, 58.42235]}, "properties": {"id": "trv-16585:140980-3:1404066-0.5471", "country": "se", "source": "TRV", "updated": "2026-09-12", "name": "vägport 3.00 m", "type": "hauteur_limitee", "obstacle": "vägport", "hauteur_max_m": 3.0, "franchissable": false, "marge_cm": -20, "reference": "1496-113-1"}}, {"type": "Feature", "geometry": {"type": "Point", "coordinates": [18.0629, 59.32991]}, "properties": {"id": "trv-16972:367-12592:12790-0.0162", "country": "se", "source": "TRV", "updated": "2026-09-12", "name": "vägport 3.00 m", "type": "hauteur_limitee", "obstacle": "vägport", "hauteur_max_m": 3.0, "franchissable": false, "marge_cm": -20}}, {"type": "Feature", "geometry": {"type": "Point", "coordinates": [13.54216, 55.93717]}, "properties": {"id": "trv-12727:69892-12727:69625-0.7178", "country": "se", "source": "TRV", "updated": "2026-09-12", "name": "bro 3.00 m", "type": "hauteur_limitee", "obstacle": "bro", "hauteur_max_m": 3.0, "franchissable": false, "marge_cm": -20}}, {"type": "Feature", "geometry": {"type": "Point", "coordinates": [19.42586, 63.55967]}, "properties": {"id": "trv-19319:3343-3:1007232-0.1016", "country": "se", "source": "TRV", "updated": "2026-09-12", "name": "vägport 3.00 m", "type": "hauteur_limitee", "obstacle": "vägport", "hauteur_max_m": 3.0, "franchissable": false, "marge_cm": -20}}, {"type": "Feature", "geometry": {"type": "Point", "coordinates": [13.35416, 57.81522]}, "properties": {"id": "trv-12735:165696-12735:164704-0.1916", "country": "se", "source": "TRV", "updated": "2026-09-12", "name": "vägport 3.00 m", "type": "hauteur_limitee", "obstacle": "vägport", "hauteur_max_m": 3.0, "franchissable": false, "marge_cm": -20, "reference": "15-1754-1"}}, {"type": "Feature", "geometry": {"type": "Point", "coordinates": [18.06144, 59.31496]}, "properties": {"id": "trv-16972:436-13212:29028-0.0458", "country": "se", "source": "TRV", "updated": "2026-09-12", "occurrences": 2, "name": "vägport 3.00 m", "type": "hauteur_limitee", "obstacle": "vägport", "hauteur_max_m": 3.0, "franchissable": false, "marge_cm": -20}}, {"type": "Feature", "geometry": {"type": "Point", "coordinates": [15.78494, 60.00371]}, "properties": {"id": "trv-13552:2432-1000:93804-0.9066", "country": "se", "source": "TRV", "updated": "2026-09-12", "name": "vägport 3.00 m", "type": "hauteur_limitee", "obstacle": "vägport", "hauteur_max_m": 3.0, "franchissable": false, "marge_cm": -20}}, {"type": "Feature", "geometry": {"type": "Point", "coordinates": [13.09939, 55.6643]}, "properties": {"id": "trv-14186:3419-3:1599457-0.6202", "country": "se", "source": "TRV", "updated": "2026-09-12", "name": "tunnel 3.00 m", "type": "hauteur_limitee", "obstacle": "tunnel", "hauteur_max_m": 3.0, "franchissable": false, "marge_cm": -20}}, {"type": "Feature", "geometry": {"type": "Point", "coordinates": [16.02046, 57.17644]}, "properties": {"id": "trv-19302:11829-19302:11404-0.5842", "country": "se", "source": "TRV", "updated": "2026-09-12", "name": "vägport 3.00 m", "type": "hauteur_limitee", "obstacle": "vägport", "hauteur_max_m": 3.0, "franchissable": false, "marge_cm": -20}}, {"type": "Feature", "geometry": {"type": "Point", "coordinates": [14.56926, 56.6959]}, "properties": {"id": "trv-14435:19741-1000:23049-0.0901", "country": "se", "source": "TRV", "updated": "2026-09-12", "name": "övrigt hinder 3.00 m", "type": "hauteur_limitee", "obstacle": "övrigt hinder", "hauteur_max_m": 3.0, "franchissable": false, "marge_cm": -20}}, {"type": "Feature", "geometry": {"type": "Point", "coordinates": [15.63111, 58.4138]}, "properties": {"id": "trv-14409:38921-3:549768-0.8330", "country": "se", "source": "TRV", "updated": "2026-09-12", "name": "vägport 3.00 m", "type": "hauteur_limitee", "obstacle": "vägport", "hauteur_max_m": 3.0, "franchissable": false, "marge_cm": -20}}, {"type": "Feature", "geometry": {"type": "Point", "coordinates": [16.2316, 56.67793]}, "properties": {"id": "trv-19381:48470-11154:148323-0.8230", "country": "se", "source": "TRV", "updated": "2026-09-12", "name": "bro 3.00 m", "type": "hauteur_limitee", "obstacle": "bro", "hauteur_max_m": 3.0, "franchissable": false, "marge_cm": -20}}, {"type": "Feature", "geometry": {"type": "Point", "coordinates": [17.03296, 58.69134]}, "properties": {"id": "trv-24290:9-3:329501-0.0579", "country": "se", "source": "TRV", "updated": "2026-09-12", "name": "vägport 3.00 m", "type": "hauteur_limitee", "obstacle": "vägport", "hauteur_max_m": 3.0, "franchissable": false, "marge_cm": -20, "reference": "4-428-1"}}, {"type": "Feature", "geometry": {"type": "Point", "coordinates": [17.9181, 59.47002]}, "properties": {"id": "trv-16345:1112-3:1097919-0.1662", "country": "se", "source": "TRV", "updated": "2026-09-12", "name": "vägport 3.00 m", "type": "hauteur_limitee", "obstacle": "vägport", "hauteur_max_m": 3.0, "franchissable": false, "marge_cm": -20}}, {"type": "Feature", "geometry": {"type": "Point", "coordinates": [17.88613, 59.26876]}, "properties": {"id": "trv-22121:1131318-22126:25122-0.7421", "country": "se", "source": "TRV", "updated": "2026-09-12", "name": "övrigt hinder 3.00 m", "type": "hauteur_limitee", "obstacle": "övrigt hinder", "hauteur_max_m": 3.0, "franchissable": false, "marge_cm": -20, "reference": "Husportal"}}, {"type": "Feature", "geometry": {"type": "Point", "coordinates": [17.88652, 59.26531]}, "properties": {"id": "trv-22121:1131331-16588:8824-0.0359", "country": "se", "source": "TRV", "updated": "2026-09-12", "name": "övrigt hinder 3.00 m", "type": "hauteur_limitee", "obstacle": "övrigt hinder", "hauteur_max_m": 3.0, "franchissable": false, "marge_cm": -20, "reference": "Husportal"}}, {"type": "Feature", "geometry": {"type": "Point", "coordinates": [17.88725, 59.26531]}, "properties": {"id": "trv-22121:1131335-16588:8824-0.1283", "country": "se", "source": "TRV", "updated": "2026-09-12", "occurrences": 2, "name": "övrigt hinder 3.00 m", "type": "hauteur_limitee", "obstacle": "övrigt hinder", "hauteur_max_m": 3.0, "franchissable": false, "marge_cm": -20, "reference": "Husportal"}}, {"type": "Feature", "geometry": {"type": "Point", "coordinates": [16.34794, 56.6834]}, "properties": {"id": "trv-11154:173473-11154:168782-0.3702", "country": "se", "source": "TRV", "updated": "2026-09-12", "name": "vägport 3.00 m", "type": "hauteur_limitee", "obstacle": "vägport", "hauteur_max_m": 3.0, "franchissable": false, "marge_cm": -20, "reference": "8-486-1"}}, {"type": "Feature", "geometry": {"type": "Point", "coordinates": [13.39493, 55.9006]}, "properties": {"id": "trv-11155:68840-1000:5114-0.9882", "country": "se", "source": "TRV", "updated": "2026-09-12", "name": "vägport 3.00 m", "type": "hauteur_limitee", "obstacle": "vägport", "hauteur_max_m": 3.0, "franchissable": false, "marge_cm": -20}}, {"type": "Feature", "geometry": {"type": "Point", "coordinates": [13.71147, 56.27791]}, "properties": {"id": "trv-14032:2371-1000:15061-0.9335", "country": "se", "source": "TRV", "updated": "2026-09-12", "name": "vägport 3.00 m", "type": "hauteur_limitee", "obstacle": "vägport", "hauteur_max_m": 3.0, "franchissable": false, "marge_cm": -20}}, {"type": "Feature", "geometry": {"type": "Point", "coordinates": [21.50308, 65.40888]}, "properties": {"id": "trv-16585:163855-16585:163385-0.4405", "country": "se", "source": "TRV", "updated": "2026-09-12", "name": "vägport 3.00 m", "type": "hauteur_limitee", "obstacle": "vägport", "hauteur_max_m": 3.0, "franchissable": false, "marge_cm": -20, "reference": "25-1973-1"}}, {"type": "Feature", "geometry": {"type": "Point", "coordinates": [13.41203, 57.81121]}, "properties": {"id": "trv-12735:165704-12735:164756-0.3298", "country": "se", "source": "TRV", "updated": "2026-09-12", "name": "vägport 3.00 m", "type": "hauteur_limitee", "obstacle": "vägport", "hauteur_max_m": 3.0, "franchissable": false, "marge_cm": -20, "reference": "15-1759-1"}}, {"type": "Feature", "geometry": {"type": "Point", "coordinates": [12.91293, 57.69728]}, "properties": {"id": "trv-12733:143605-16586:94237-0.4479", "country": "se", "source": "TRV", "updated": "2026-09-12", "name": "vägport 3.00 m", "type": "hauteur_limitee", "obstacle": "vägport", "hauteur_max_m": 3.0, "franchissable": false, "marge_cm": -20, "reference": "15-1784-1"}}, {"type": "Feature", "geometry": {"type": "Point", "coordinates": [13.12752, 57.78997]}, "properties": {"id": "trv-11158:368304-11158:367994-0.3881", "country": "se", "source": "TRV", "updated": "2026-09-12", "name": "vägport 3.00 m", "type": "hauteur_limitee", "obstacle": "vägport", "hauteur_max_m": 3.0, "franchissable": false, "marge_cm": -20, "reference": "100-110-1"}}, {"type": "Feature", "geometry": {"type": "Point", "coordinates": [18.44856, 63.37978]}, "properties": {"id": "trv-12801:104136-1000:111705-0.3623", "country": "se", "source": "TRV", "updated": "2026-09-12", "name": "vägport 3.00 m", "type": "hauteur_limitee", "obstacle": "vägport", "hauteur_max_m": 3.0, "franchissable": false, "marge_cm": -20, "reference": "3500-2164-1"}}, {"type": "Feature", "geometry": {"type": "Point", "coordinates": [17.07007, 60.66289]}, "properties": {"id": "trv-16552:2440-3:1191404-0.7472", "country": "se", "source": "TRV", "updated": "2026-09-12", "name": "vägport 3.00 m", "type": "hauteur_limitee", "obstacle": "vägport", "hauteur_max_m": 3.0, "franchissable": false, "marge_cm": -20, "reference": "21-819-1"}}, {"type": "Feature", "geometry": {"type": "Point", "coordinates": [17.74409, 60.01568]}, "properties": {"id": "trv-22863:32110-22863:29176-0.1178", "country": "se", "source": "TRV", "updated": "2026-09-12", "name": "vägport 3.00 m", "type": "hauteur_limitee", "obstacle": "vägport", "hauteur_max_m": 3.0, "franchissable": false, "marge_cm": -20}}, {"type": "Feature", "geometry": {"type": "Point", "coordinates": [17.8518, 59.23343]}, "properties": {"id": "trv-12725:183793-12723:81538-0.3966", "country": "se", "source": "TRV", "updated": "2026-09-12", "name": "vägport 3.00 m", "type": "hauteur_limitee", "obstacle": "vägport", "hauteur_max_m": 3.0, "franchissable": false, "marge_cm": -20, "reference": "127-647-1"}}, {"type": "Feature", "geometry": {"type": "Point", "coordinates": [16.26776, 59.588]}, "properties": {"id": "trv-24277:3851-24277:361-0.2517", "country": "se", "source": "TRV", "updated": "2026-09-12", "name": "vägport 3.00 m", "type": "hauteur_limitee", "obstacle": "vägport", "hauteur_max_m": 3.0, "franchissable": false, "marge_cm": -20, "reference": "100-20671-1"}}, {"type": "Feature", "geometry": {"type": "Point", "coordinates": [17.34629, 62.40124]}, "properties": {"id": "trv-21277:214709-21277:128860-0.8436", "country": "se", "source": "TRV", "updated": "2026-09-12", "name": "vägport 3.00 m", "type": "hauteur_limitee", "obstacle": "vägport", "hauteur_max_m": 3.0, "franchissable": false, "marge_cm": -20}}, {"type": "Feature", "geometry": {"type": "Point", "coordinates": [17.25465, 62.41045]}, "properties": {"id": "trv-21277:214713-12579:2448-0.6669", "country": "se", "source": "TRV", "updated": "2026-09-12", "name": "vägport 3.00 m", "type": "hauteur_limitee", "obstacle": "vägport", "hauteur_max_m": 3.0, "franchissable": false, "marge_cm": -20}}, {"type": "Feature", "geometry": {"type": "Point", "coordinates": [17.25645, 62.41088]}, "properties": {"id": "trv-21277:214717-12579:3276-0.6992", "country": "se", "source": "TRV", "updated": "2026-09-12", "name": "vägport 3.00 m", "type": "hauteur_limitee", "obstacle": "vägport", "hauteur_max_m": 3.0, "franchissable": false, "marge_cm": -20}}, {"type": "Feature", "geometry": {"type": "Point", "coordinates": [18.29456, 57.64029]}, "properties": {"id": "trv-14850:21-3:40547-0.5556", "country": "se", "source": "TRV", "updated": "2026-09-12", "name": "vägport 3.00 m", "type": "hauteur_limitee", "obstacle": "vägport", "hauteur_max_m": 3.0, "franchissable": false, "marge_cm": -20, "reference": "St: Hansgatan 27"}}, {"type": "Feature", "geometry": {"type": "Point", "coordinates": [18.29134, 57.64212]}, "properties": {"id": "trv-14850:13-3:40531-0.8850", "country": "se", "source": "TRV", "updated": "2026-09-12", "name": "vägport 3.00 m", "type": "hauteur_limitee", "obstacle": "vägport", "hauteur_max_m": 3.0, "franchissable": false, "marge_cm": -20, "reference": "Strandporten"}}, {"type": "Feature", "geometry": {"type": "Point", "coordinates": [18.29239, 57.6402]}, "properties": {"id": "trv-14850:3-3:40606-0.1171", "country": "se", "source": "TRV", "updated": "2026-09-12", "name": "vägport 3.00 m", "type": "hauteur_limitee", "obstacle": "vägport", "hauteur_max_m": 3.0, "franchissable": false, "marge_cm": -20, "reference": "Fiskarporten"}}, {"type": "Feature", "geometry": {"type": "Point", "coordinates": [17.04268, 58.75792]}, "properties": {"id": "trv-21240:239365-21236:219606-0.5275", "country": "se", "source": "TRV", "updated": "2026-09-12", "name": "bro 3.00 m", "type": "hauteur_limitee", "obstacle": "bro", "hauteur_max_m": 3.0, "franchissable": false, "marge_cm": -20}}, {"type": "Feature", "geometry": {"type": "Point", "coordinates": [17.85784, 59.24576]}, "properties": {"id": "trv-12725:183731-12723:83242-0.6327", "country": "se", "source": "TRV", "updated": "2026-09-12", "name": "vägport 3.00 m", "type": "hauteur_limitee", "obstacle": "vägport", "hauteur_max_m": 3.0, "franchissable": false, "marge_cm": -20, "reference": "127-641-1"}}, {"type": "Feature", "geometry": {"type": "Point", "coordinates": [14.41458, 59.24974]}, "properties": {"id": "trv-14454:13993-3:456882-0.4896", "country": "se", "source": "TRV", "updated": "2026-09-12", "name": "vägport 3.00 m", "type": "hauteur_limitee", "obstacle": "vägport", "hauteur_max_m": 3.0, "franchissable": false, "marge_cm": -20}}, {"type": "Feature", "geometry": {"type": "Point", "coordinates": [14.95105, 57.64903]}, "properties": {"id": "trv-12725:78520-12725:75798-0.6305", "country": "se", "source": "TRV", "updated": "2026-09-12", "name": "vägport 3.00 m", "type": "hauteur_limitee", "obstacle": "vägport", "hauteur_max_m": 3.0, "franchissable": false, "marge_cm": -20}}, {"type": "Feature", "geometry": {"type": "Point", "coordinates": [16.31845, 57.69528]}, "properties": {"id": "trv-11103:59027-3:861163-0.6931", "country": "se", "source": "TRV", "updated": "2026-09-12", "name": "vägport 3.00 m", "type": "hauteur_limitee", "obstacle": "vägport", "hauteur_max_m": 3.0, "franchissable": false, "marge_cm": -20}}, {"type": "Feature", "geometry": {"type": "Point", "coordinates": [17.02629, 58.73161]}, "properties": {"id": "trv-21240:261754-21236:218015-0.4801", "country": "se", "source": "TRV", "updated": "2026-09-12", "name": "tunnel 3.00 m", "type": "hauteur_limitee", "obstacle": "tunnel", "hauteur_max_m": 3.0, "franchissable": false, "marge_cm": -20}}, {"type": "Feature", "geometry": {"type": "Point", "coordinates": [13.54972, 58.17396]}, "properties": {"id": "trv-16184:424175-12736:95522-0.2842", "country": "se", "source": "TRV", "updated": "2026-09-12", "name": "bro 3.00 m", "type": "hauteur_limitee", "obstacle": "bro", "hauteur_max_m": 3.0, "franchissable": false, "marge_cm": -20}}, {"type": "Feature", "geometry": {"type": "Point", "coordinates": [17.74753, 59.19571]}, "properties": {"id": "trv-22121:1223837-22121:275235-0.6280", "country": "se", "source": "TRV", "updated": "2026-09-12", "name": "övrigt hinder 3.00 m", "type": "hauteur_limitee", "obstacle": "övrigt hinder", "hauteur_max_m": 3.0, "franchissable": false, "marge_cm": -20}}, {"type": "Feature", "geometry": {"type": "Point", "coordinates": [17.74799, 59.19565]}, "properties": {"id": "trv-22121:275257-22121:275235-0.9210", "country": "se", "source": "TRV", "updated": "2026-09-12", "name": "övrigt hinder 3.00 m", "type": "hauteur_limitee", "obstacle": "övrigt hinder", "hauteur_max_m": 3.0, "franchissable": false, "marge_cm": -20}}, {"type": "Feature", "geometry": {"type": "Point", "coordinates": [16.60884, 57.76729]}, "properties": {"id": "trv-12724:595249-12730:101842-0.7487", "country": "se", "source": "TRV", "updated": "2026-09-12", "name": "vägport 3.00 m", "type": "hauteur_limitee", "obstacle": "vägport", "hauteur_max_m": 3.0, "franchissable": false, "marge_cm": -20}}, {"type": "Feature", "geometry": {"type": "Point", "coordinates": [18.07003, 59.33426]}, "properties": {"id": "trv-16972:359-12592:10825-0.0216", "country": "se", "source": "TRV", "updated": "2026-09-12", "name": "vägport 3.00 m", "type": "hauteur_limitee", "obstacle": "vägport", "hauteur_max_m": 3.0, "franchissable": false, "marge_cm": -20}}, {"type": "Feature", "geometry": {"type": "Point", "coordinates": [18.06515, 59.33316]}, "properties": {"id": "trv-16972:363-12592:13148-0.6664", "country": "se", "source": "TRV", "updated": "2026-09-12", "name": "vägport 3.00 m", "type": "hauteur_limitee", "obstacle": "vägport", "hauteur_max_m": 3.0, "franchissable": false, "marge_cm": -20}}, {"type": "Feature", "geometry": {"type": "Point", "coordinates": [18.14606, 59.17685]}, "properties": {"id": "trv-16665:70822-11161:17253-0.5139", "country": "se", "source": "TRV", "updated": "2026-09-12", "name": "vägport 3.00 m", "type": "hauteur_limitee", "obstacle": "vägport", "hauteur_max_m": 3.0, "franchissable": false, "marge_cm": -20, "reference": "2-1281-1"}}, {"type": "Feature", "geometry": {"type": "Point", "coordinates": [12.7069, 56.03887]}, "properties": {"id": "trv-11789:906-16134:1862-0.5482", "country": "se", "source": "TRV", "updated": "2026-09-12", "name": "övrigt hinder 3.00 m", "type": "hauteur_limitee", "obstacle": "övrigt hinder", "hauteur_max_m": 3.0, "franchissable": false, "marge_cm": -20}}, {"type": "Feature", "geometry": {"type": "Point", "coordinates": [22.04151, 65.59616]}, "properties": {"id": "trv-12723:38086-3:1600259-0.5172", "country": "se", "source": "TRV", "updated": "2026-09-12", "name": "vägport 3.00 m", "type": "hauteur_limitee", "obstacle": "vägport", "hauteur_max_m": 3.0, "franchissable": false, "marge_cm": -20}}, {"type": "Feature", "geometry": {"type": "Point", "coordinates": [12.31757, 58.38176]}, "properties": {"id": "trv-10084:274298-1000:53927-0.0092", "country": "se", "source": "TRV", "updated": "2026-09-12", "name": "övrigt hinder 3.00 m", "type": "hauteur_limitee", "obstacle": "övrigt hinder", "hauteur_max_m": 3.0, "franchissable": false, "marge_cm": -20}}, {"type": "Feature", "geometry": {"type": "Point", "coordinates": [12.30566, 58.38334]}, "properties": {"id": "trv-10084:274302-10810:258-0.7790", "country": "se", "source": "TRV", "updated": "2026-09-12", "name": "övrigt hinder 3.00 m", "type": "hauteur_limitee", "obstacle": "övrigt hinder", "hauteur_max_m": 3.0, "franchissable": false, "marge_cm": -20}}, {"type": "Feature", "geometry": {"type": "Point", "coordinates": [17.30431, 62.38965]}, "properties": {"id": "trv-21277:237282-21277:155488-0.1609", "country": "se", "source": "TRV", "updated": "2026-09-12", "name": "övrigt hinder 3.00 m", "type": "hauteur_limitee", "obstacle": "övrigt hinder", "hauteur_max_m": 3.0, "franchissable": false, "marge_cm": -20}}, {"type": "Feature", "geometry": {"type": "Point", "coordinates": [15.62298, 60.61531]}, "properties": {"id": "trv-22529:149868-16668:2122-0.9421", "country": "se", "source": "TRV", "updated": "2026-09-12", "name": "övrigt hinder 3.00 m", "type": "hauteur_limitee", "obstacle": "övrigt hinder", "hauteur_max_m": 3.0, "franchissable": false, "marge_cm": -20}}, {"type": "Feature", "geometry": {"type": "Point", "coordinates": [14.70855, 57.64811]}, "properties": {"id": "trv-14118:196640-11155:7184-0.4118", "country": "se", "source": "TRV", "updated": "2026-09-12", "name": "vägport 3.00 m", "type": "hauteur_limitee", "obstacle": "vägport", "hauteur_max_m": 3.0, "franchissable": false, "marge_cm": -20}}, {"type": "Feature", "geometry": {"type": "Point", "coordinates": [16.64249, 57.74082]}, "properties": {"id": "trv-12724:595225-12730:101236-0.1252", "country": "se", "source": "TRV", "updated": "2026-09-12", "name": "vägport 3.00 m", "type": "hauteur_limitee", "obstacle": "vägport", "hauteur_max_m": 3.0, "franchissable": false, "marge_cm": -20}}, {"type": "Feature", "geometry": {"type": "Point", "coordinates": [14.53435, 59.12624]}, "properties": {"id": "trv-23762:316500-3:464209-0.5915", "country": "se", "source": "TRV", "updated": "2026-09-12", "name": "vägport 3.00 m", "type": "hauteur_limitee", "obstacle": "vägport", "hauteur_max_m": 3.0, "franchissable": false, "marge_cm": -20}}, {"type": "Feature", "geometry": {"type": "Point", "coordinates": [16.35679, 56.68422]}, "properties": {"id": "trv-11154:173477-11154:168520-0.4966", "country": "se", "source": "TRV", "updated": "2026-09-12", "name": "vägport 3.00 m", "type": "hauteur_limitee", "obstacle": "vägport", "hauteur_max_m": 3.0, "franchissable": false, "marge_cm": -20, "reference": "8-532-1"}}, {"type": "Feature", "geometry": {"type": "Point", "coordinates": [14.96964, 57.66331]}, "properties": {"id": "trv-12725:78508-12725:75940-0.3099", "country": "se", "source": "TRV", "updated": "2026-09-12", "name": "bro 3.05 m", "type": "hauteur_limitee", "obstacle": "bro", "hauteur_max_m": 3.05, "franchissable": false, "marge_cm": -15}}, {"type": "Feature", "geometry": {"type": "Point", "coordinates": [20.89668, 64.76104]}, "properties": {"id": "trv-20298:1318-23097:1805-0.6643", "country": "se", "source": "TRV", "updated": "2026-09-12", "name": "vägport 3.05 m", "type": "hauteur_limitee", "obstacle": "vägport", "hauteur_max_m": 3.05, "franchissable": false, "marge_cm": -15}}, {"type": "Feature", "geometry": {"type": "Point", "coordinates": [15.10156, 60.66843]}, "properties": {"id": "trv-13625:2106026-12724:334294-0.1866", "country": "se", "source": "TRV", "updated": "2026-09-12", "name": "tunnel 3.05 m", "type": "hauteur_limitee", "obstacle": "tunnel", "hauteur_max_m": 3.05, "franchissable": false, "marge_cm": -15}}, {"type": "Feature", "geometry": {"type": "Point", "coordinates": [17.72709, 59.48758]}, "properties": {"id": "trv-22512:3843-11158:34583-0.4237", "country": "se", "source": "TRV", "updated": "2026-09-12", "name": "vägport 3.06 m", "type": "hauteur_limitee", "obstacle": "vägport", "hauteur_max_m": 3.06, "franchissable": false, "marge_cm": -14}}, {"type": "Feature", "geometry": {"type": "Point", "coordinates": [20.33019, 63.82267]}, "properties": {"id": "trv-20661:27393-20661:26869-0.7617", "country": "se", "source": "TRV", "updated": "2026-09-12", "name": "vägport 3.06 m", "type": "hauteur_limitee", "obstacle": "vägport", "hauteur_max_m": 3.06, "franchissable": false, "marge_cm": -14, "reference": "24-1923-1"}}, {"type": "Feature", "geometry": {"type": "Point", "coordinates": [17.8427, 59.4024]}, "properties": {"id": "trv-20731:47576-11156:32020-0.2203", "country": "se", "source": "TRV", "updated": "2026-09-12", "name": "vägport 3.08 m", "type": "hauteur_limitee", "obstacle": "vägport", "hauteur_max_m": 3.08, "franchissable": false, "marge_cm": -12, "reference": "123-117-1"}}, {"type": "Feature", "geometry": {"type": "Point", "coordinates": [13.90831, 56.81314]}, "properties": {"id": "trv-11161:392439-12733:154943-0.3443", "country": "se", "source": "TRV", "updated": "2026-09-12", "name": "vägport 3.08 m", "type": "hauteur_limitee", "obstacle": "vägport", "hauteur_max_m": 3.08, "franchissable": false, "marge_cm": -12}}, {"type": "Feature", "geometry": {"type": "Point", "coordinates": [16.61511, 57.7522]}, "properties": {"id": "trv-12724:595233-12730:102110-0.9556", "country": "se", "source": "TRV", "updated": "2026-09-12", "name": "vägport 3.10 m", "type": "hauteur_limitee", "obstacle": "vägport", "hauteur_max_m": 3.1, "franchissable": false, "marge_cm": -10}}, {"type": "Feature", "geometry": {"type": "Point", "coordinates": [12.77818, 55.98754]}, "properties": {"id": "trv-11784:15858-3:1533913-0.5388", "country": "se", "source": "TRV", "updated": "2026-09-12", "name": "övrigt hinder 3.10 m", "type": "hauteur_limitee", "obstacle": "övrigt hinder", "hauteur_max_m": 3.1, "franchissable": false, "marge_cm": -10}}, {"type": "Feature", "geometry": {"type": "Point", "coordinates": [12.68267, 56.05919]}, "properties": {"id": "trv-11784:15840-3:1523136-0.6339", "country": "se", "source": "TRV", "updated": "2026-09-12", "name": "bro 3.10 m", "type": "hauteur_limitee", "obstacle": "bro", "hauteur_max_m": 3.1, "franchissable": false, "marge_cm": -10}}, {"type": "Feature", "geometry": {"type": "Point", "coordinates": [20.2568, 67.84416]}, "properties": {"id": "trv-12725:151684-12730:128506-0.0465", "country": "se", "source": "TRV", "updated": "2026-09-12", "name": "vägport 3.10 m", "type": "hauteur_limitee", "obstacle": "vägport", "hauteur_max_m": 3.1, "franchissable": false, "marge_cm": -10, "reference": "25-1898-1"}}, {"type": "Feature", "geometry": {"type": "Point", "coordinates": [13.95483, 56.85456]}, "properties": {"id": "trv-16175:13481-3:229316-0.7117", "country": "se", "source": "TRV", "updated": "2026-09-12", "name": "vägport 3.10 m", "type": "hauteur_limitee", "obstacle": "vägport", "hauteur_max_m": 3.1, "franchissable": false, "marge_cm": -10}}, {"type": "Feature", "geometry": {"type": "Point", "coordinates": [12.83206, 56.27797]}, "properties": {"id": "trv-12765:437195-11160:61645-0.2510", "country": "se", "source": "TRV", "updated": "2026-09-12", "name": "vägport 3.10 m", "type": "hauteur_limitee", "obstacle": "vägport", "hauteur_max_m": 3.1, "franchissable": false, "marge_cm": -10}}, {"type": "Feature", "geometry": {"type": "Point", "coordinates": [16.19493, 58.99535]}, "properties": {"id": "trv-14123:43415-3:313280-0.6190", "country": "se", "source": "TRV", "updated": "2026-09-12", "name": "bro 3.10 m", "type": "hauteur_limitee", "obstacle": "bro", "hauteur_max_m": 3.1, "franchissable": false, "marge_cm": -10, "reference": "Okänd"}}, {"type": "Feature", "geometry": {"type": "Point", "coordinates": [17.11366, 61.73513]}, "properties": {"id": "trv-11154:152287-3:1139446-0.4762", "country": "se", "source": "TRV", "updated": "2026-09-12", "name": "vägport 3.10 m", "type": "hauteur_limitee", "obstacle": "vägport", "hauteur_max_m": 3.1, "franchissable": false, "marge_cm": -10, "reference": "3500-2488-1"}}, {"type": "Feature", "geometry": {"type": "Point", "coordinates": [17.11366, 61.73517]}, "properties": {"id": "trv-11154:152289-11154:150173-0.1971", "country": "se", "source": "TRV", "updated": "2026-09-12", "name": "vägport 3.10 m", "type": "hauteur_limitee", "obstacle": "vägport", "hauteur_max_m": 3.1, "franchissable": false, "marge_cm": -10, "reference": "3500-2488-1"}}, {"type": "Feature", "geometry": {"type": "Point", "coordinates": [15.45807, 60.49824]}, "properties": {"id": "trv-14131:52315-1000:98750-0.0255", "country": "se", "source": "TRV", "updated": "2026-09-12", "name": "vägport 3.10 m", "type": "hauteur_limitee", "obstacle": "vägport", "hauteur_max_m": 3.1, "franchissable": false, "marge_cm": -10, "reference": "Under järnväg"}}, {"type": "Feature", "geometry": {"type": "Point", "coordinates": [14.50604, 59.32374]}, "properties": {"id": "trv-16590:75043-16590:69471-0.1591", "country": "se", "source": "TRV", "updated": "2026-09-12", "name": "bro 3.10 m", "type": "hauteur_limitee", "obstacle": "bro", "hauteur_max_m": 3.1, "franchissable": false, "marge_cm": -10, "reference": "18-635-1"}}, {"type": "Feature", "geometry": {"type": "Point", "coordinates": [12.24597, 57.68298]}, "properties": {"id": "trv-16146:3016-3:1404323-0.6768", "country": "se", "source": "TRV", "updated": "2026-09-12", "occurrences": 4, "name": "vägport 3.10 m", "type": "hauteur_limitee", "obstacle": "vägport", "hauteur_max_m": 3.1, "franchissable": false, "marge_cm": -10}}, {"type": "Feature", "geometry": {"type": "Point", "coordinates": [21.10668, 64.72305]}, "properties": {"id": "trv-11159:232679-11157:136291-0.2198", "country": "se", "source": "TRV", "updated": "2026-09-12", "name": "vägport 3.10 m", "type": "hauteur_limitee", "obstacle": "vägport", "hauteur_max_m": 3.1, "franchissable": false, "marge_cm": -10, "reference": "24-1470-1"}}, {"type": "Feature", "geometry": {"type": "Point", "coordinates": [12.3444, 58.36504]}, "properties": {"id": "trv-16673:15489-11162:30283-0.6371", "country": "se", "source": "TRV", "updated": "2026-09-12", "name": "tunnel 3.10 m", "type": "hauteur_limitee", "obstacle": "tunnel", "hauteur_max_m": 3.1, "franchissable": false, "marge_cm": -10}}, {"type": "Feature", "geometry": {"type": "Point", "coordinates": [16.40657, 57.89926]}, "properties": {"id": "trv-19305:23893-19305:23771-0.9732", "country": "se", "source": "TRV", "updated": "2026-09-12", "name": "vägport 3.10 m", "type": "hauteur_limitee", "obstacle": "vägport", "hauteur_max_m": 3.1, "franchissable": false, "marge_cm": -10, "reference": "3500-2692-1"}}, {"type": "Feature", "geometry": {"type": "Point", "coordinates": [17.8117, 59.24524]}, "properties": {"id": "trv-12725:183851-12723:85892-0.5555", "country": "se", "source": "TRV", "updated": "2026-09-12", "name": "vägport 3.10 m", "type": "hauteur_limitee", "obstacle": "vägport", "hauteur_max_m": 3.1, "franchissable": false, "marge_cm": -10, "reference": "127-602-1"}}, {"type": "Feature", "geometry": {"type": "Point", "coordinates": [13.03108, 55.5801]}, "properties": {"id": "trv-14417:4285-16518:3011-0.0000", "country": "se", "source": "TRV", "updated": "2026-09-12", "name": "övrigt hinder 3.10 m", "type": "hauteur_limitee", "obstacle": "övrigt hinder", "hauteur_max_m": 3.1, "franchissable": false, "marge_cm": -10}}, {"type": "Feature", "geometry": {"type": "Point", "coordinates": [17.05429, 60.6561]}, "properties": {"id": "trv-16552:2444-3:1191448-0.6095", "country": "se", "source": "TRV", "updated": "2026-09-12", "name": "vägport 3.10 m", "type": "hauteur_limitee", "obstacle": "vägport", "hauteur_max_m": 3.1, "franchissable": false, "marge_cm": -10, "reference": "21-826-1"}}, {"type": "Feature", "geometry": {"type": "Point", "coordinates": [14.81864, 56.18258]}, "properties": {"id": "trv-14120:9561-1000:17740-0.3060", "country": "se", "source": "TRV", "updated": "2026-09-12", "name": "vägport 3.10 m", "type": "hauteur_limitee", "obstacle": "vägport", "hauteur_max_m": 3.1, "franchissable": false, "marge_cm": -10}}, {"type": "Feature", "geometry": {"type": "Point", "coordinates": [21.19116, 64.6971]}, "properties": {"id": "trv-20297:1655-23097:4217-0.3664", "country": "se", "source": "TRV", "updated": "2026-09-12", "name": "vägport 3.10 m", "type": "hauteur_limitee", "obstacle": "vägport", "hauteur_max_m": 3.1, "franchissable": false, "marge_cm": -10}}, {"type": "Feature", "geometry": {"type": "Point", "coordinates": [12.24611, 57.68312]}, "properties": {"id": "trv-16146:3016-3:1404323-0.7687", "country": "se", "source": "TRV", "updated": "2026-09-12", "occurrences": 4, "name": "vägport 3.10 m", "type": "hauteur_limitee", "obstacle": "vägport", "hauteur_max_m": 3.1, "franchissable": false, "marge_cm": -10}}, {"type": "Feature", "geometry": {"type": "Point", "coordinates": [14.09795, 58.6722]}, "properties": {"id": "trv-11157:635176-3:1225269-0.8821", "country": "se", "source": "TRV", "updated": "2026-09-12", "name": "vägport 3.10 m", "type": "hauteur_limitee", "obstacle": "vägport", "hauteur_max_m": 3.1, "franchissable": false, "marge_cm": -10, "reference": "3500-615-1"}}, {"type": "Feature", "geometry": {"type": "Point", "coordinates": [16.32453, 56.70271]}, "properties": {"id": "trv-19381:48190-11154:169712-0.4806", "country": "se", "source": "TRV", "updated": "2026-09-12", "name": "vägport 3.10 m", "type": "hauteur_limitee", "obstacle": "vägport", "hauteur_max_m": 3.1, "franchissable": false, "marge_cm": -10}}, {"type": "Feature", "geometry": {"type": "Point", "coordinates": [12.9263, 59.13691]}, "properties": {"id": "trv-11307:142-3:718230-0.6321", "country": "se", "source": "TRV", "updated": "2026-09-12", "name": "vägport 3.10 m", "type": "hauteur_limitee", "obstacle": "vägport", "hauteur_max_m": 3.1, "franchissable": false, "marge_cm": -10}}, {"type": "Feature", "geometry": {"type": "Point", "coordinates": [19.85933, 66.60279]}, "properties": {"id": "trv-11161:341942-11161:341798-0.9861", "country": "se", "source": "TRV", "updated": "2026-09-12", "name": "vägport 3.10 m", "type": "hauteur_limitee", "obstacle": "vägport", "hauteur_max_m": 3.1, "franchissable": false, "marge_cm": -10, "reference": "25-1858-1"}}, {"type": "Feature", "geometry": {"type": "Point", "coordinates": [24.14114, 65.82773]}, "properties": {"id": "trv-14446:26649-3:894417-0.5860", "country": "se", "source": "TRV", "updated": "2026-09-12", "name": "vägport 3.10 m", "type": "hauteur_limitee", "obstacle": "vägport", "hauteur_max_m": 3.1, "franchissable": false, "marge_cm": -10}}, {"type": "Feature", "geometry": {"type": "Point", "coordinates": [12.25682, 57.68325]}, "properties": {"id": "trv-16146:3016-3:1404324-0.4663", "country": "se", "source": "TRV", "updated": "2026-09-12", "occurrences": 4, "name": "vägport 3.10 m", "type": "hauteur_limitee", "obstacle": "vägport", "hauteur_max_m": 3.1, "franchissable": false, "marge_cm": -10}}, {"type": "Feature", "geometry": {"type": "Point", "coordinates": [14.50443, 59.32681]}, "properties": {"id": "trv-16590:75041-12731:126718-0.3583", "country": "se", "source": "TRV", "updated": "2026-09-12", "name": "bro 3.10 m", "type": "hauteur_limitee", "obstacle": "bro", "hauteur_max_m": 3.1, "franchissable": false, "marge_cm": -10}}, {"type": "Feature", "geometry": {"type": "Point", "coordinates": [14.96021, 57.65831]}, "properties": {"id": "trv-12725:78514-12725:75882-0.2107", "country": "se", "source": "TRV", "updated": "2026-09-12", "name": "vägport 3.10 m", "type": "hauteur_limitee", "obstacle": "vägport", "hauteur_max_m": 3.1, "franchissable": false, "marge_cm": -10}}, {"type": "Feature", "geometry": {"type": "Point", "coordinates": [17.84182, 59.20156]}, "properties": {"id": "trv-12725:183809-12723:78955-0.1506", "country": "se", "source": "TRV", "updated": "2026-09-12", "name": "vägport 3.10 m", "type": "hauteur_limitee", "obstacle": "vägport", "hauteur_max_m": 3.1, "franchissable": false, "marge_cm": -10, "reference": "2-1607-1"}}, {"type": "Feature", "geometry": {"type": "Point", "coordinates": [14.47926, 59.18181]}, "properties": {"id": "trv-12723:205423-3:461084-0.1565", "country": "se", "source": "TRV", "updated": "2026-09-12", "name": "vägport 3.10 m", "type": "hauteur_limitee", "obstacle": "vägport", "hauteur_max_m": 3.1, "franchissable": false, "marge_cm": -10}}, {"type": "Feature", "geometry": {"type": "Point", "coordinates": [14.27217, 56.66339]}, "properties": {"id": "trv-14853:25723-3:211403-0.4885", "country": "se", "source": "TRV", "updated": "2026-09-12", "name": "bro 3.10 m", "type": "hauteur_limitee", "obstacle": "bro", "hauteur_max_m": 3.1, "franchissable": false, "marge_cm": -10}}, {"type": "Feature", "geometry": {"type": "Point", "coordinates": [12.53735, 59.66207]}, "properties": {"id": "trv-12731:207123-1000:84247-0.0048", "country": "se", "source": "TRV", "updated": "2026-09-12", "name": "vägport 3.10 m", "type": "hauteur_limitee", "obstacle": "vägport", "hauteur_max_m": 3.1, "franchissable": false, "marge_cm": -10, "reference": "3500-876-1"}}, {"type": "Feature", "geometry": {"type": "Point", "coordinates": [14.09804, 58.67218]}, "properties": {"id": "trv-11157:635180-3:1225269-0.8526", "country": "se", "source": "TRV", "updated": "2026-09-12", "name": "vägport 3.10 m", "type": "hauteur_limitee", "obstacle": "vägport", "hauteur_max_m": 3.1, "franchissable": false, "marge_cm": -10, "reference": "3500-615-2"}}, {"type": "Feature", "geometry": {"type": "Point", "coordinates": [17.84613, 59.43296]}, "properties": {"id": "trv-11157:152300-3:1097960-0.4439", "country": "se", "source": "TRV", "updated": "2026-09-12", "name": "vägport 3.10 m", "type": "hauteur_limitee", "obstacle": "vägport", "hauteur_max_m": 3.1, "franchissable": false, "marge_cm": -10, "reference": "2-753-1"}}, {"type": "Feature", "geometry": {"type": "Point", "coordinates": [16.84892, 59.97703]}, "properties": {"id": "trv-16670:41791-16670:40257-0.5300", "country": "se", "source": "TRV", "updated": "2026-09-12", "name": "vägport 3.10 m", "type": "hauteur_limitee", "obstacle": "vägport", "hauteur_max_m": 3.1, "franchissable": false, "marge_cm": -10, "reference": "19-1011-1"}}, {"type": "Feature", "geometry": {"type": "Point", "coordinates": [18.10401, 59.31377]}, "properties": {"id": "trv-16972:456-13213:38172-0.7966", "country": "se", "source": "TRV", "updated": "2026-09-12", "name": "vägport 3.10 m", "type": "hauteur_limitee", "obstacle": "vägport", "hauteur_max_m": 3.1, "franchissable": false, "marge_cm": -10}}, {"type": "Feature", "geometry": {"type": "Point", "coordinates": [16.37999, 61.47569]}, "properties": {"id": "trv-14120:243636-3:1149872-0.5455", "country": "se", "source": "TRV", "updated": "2026-09-12", "name": "vägport 3.10 m", "type": "hauteur_limitee", "obstacle": "vägport", "hauteur_max_m": 3.1, "franchissable": false, "marge_cm": -10, "reference": "Vägport under järnväg"}}, {"type": "Feature", "geometry": {"type": "Point", "coordinates": [12.25679, 57.68311]}, "properties": {"id": "trv-16146:3016-3:1404324-0.4336", "country": "se", "source": "TRV", "updated": "2026-09-12", "occurrences": 4, "name": "vägport 3.10 m", "type": "hauteur_limitee", "obstacle": "vägport", "hauteur_max_m": 3.1, "franchissable": false, "marge_cm": -10}}, {"type": "Feature", "geometry": {"type": "Point", "coordinates": [21.17451, 64.70654]}, "properties": {"id": "trv-20297:1657-23097:3002-0.3361", "country": "se", "source": "TRV", "updated": "2026-09-12", "name": "vägport 3.10 m", "type": "hauteur_limitee", "obstacle": "vägport", "hauteur_max_m": 3.1, "franchissable": false, "marge_cm": -10}}, {"type": "Feature", "geometry": {"type": "Point", "coordinates": [11.93315, 58.34291]}, "properties": {"id": "trv-15063:32999-3:1266600-0.2423", "country": "se", "source": "TRV", "updated": "2026-09-12", "name": "vägport 3.10 m", "type": "hauteur_limitee", "obstacle": "vägport", "hauteur_max_m": 3.1, "franchissable": false, "marge_cm": -10}}, {"type": "Feature", "geometry": {"type": "Point", "coordinates": [15.50413, 59.58279]}, "properties": {"id": "trv-12799:10222-1000:85943-0.3927", "country": "se", "source": "TRV", "updated": "2026-09-12", "name": "vägport 3.10 m", "type": "hauteur_limitee", "obstacle": "vägport", "hauteur_max_m": 3.1, "franchissable": false, "marge_cm": -10, "reference": "T  427"}}, {"type": "Feature", "geometry": {"type": "Point", "coordinates": [17.83805, 59.19985]}, "properties": {"id": "trv-12725:183884-12723:78918-0.7843", "country": "se", "source": "TRV", "updated": "2026-09-12", "name": "vägport 3.10 m", "type": "hauteur_limitee", "obstacle": "vägport", "hauteur_max_m": 3.1, "franchissable": false, "marge_cm": -10, "reference": "1277-2142-1"}}, {"type": "Feature", "geometry": {"type": "Point", "coordinates": [16.19809, 58.89553]}, "properties": {"id": "trv-12582:509428-3:319556-0.4916", "country": "se", "source": "TRV", "updated": "2026-09-12", "name": "vägport 3.10 m", "type": "hauteur_limitee", "obstacle": "vägport", "hauteur_max_m": 3.1, "franchissable": false, "marge_cm": -10, "reference": "3500-256-1"}}, {"type": "Feature", "geometry": {"type": "Point", "coordinates": [17.84447, 59.23325]}, "properties": {"id": "trv-12725:183801-12723:81778-0.1353", "country": "se", "source": "TRV", "updated": "2026-09-12", "name": "vägport 3.10 m", "type": "hauteur_limitee", "obstacle": "vägport", "hauteur_max_m": 3.1, "franchissable": false, "marge_cm": -10}}, {"type": "Feature", "geometry": {"type": "Point", "coordinates": [17.75265, 59.19351]}, "properties": {"id": "trv-22121:1196391-3:1100146-0.4778", "country": "se", "source": "TRV", "updated": "2026-09-12", "name": "vägport 3.10 m", "type": "hauteur_limitee", "obstacle": "vägport", "hauteur_max_m": 3.1, "franchissable": false, "marge_cm": -10, "reference": "Okänt"}}, {"type": "Feature", "geometry": {"type": "Point", "coordinates": [20.30744, 63.82186]}, "properties": {"id": "trv-20661:396305-20656:2868487-0.8002", "country": "se", "source": "TRV", "updated": "2026-09-12", "name": "övrigt hinder 3.10 m", "type": "hauteur_limitee", "obstacle": "övrigt hinder", "hauteur_max_m": 3.1, "franchissable": false, "marge_cm": -10}}, {"type": "Feature", "geometry": {"type": "Point", "coordinates": [20.2642, 63.81904]}, "properties": {"id": "trv-12847:8047-3:1007244-0.2867", "country": "se", "source": "TRV", "updated": "2026-09-12", "name": "bro 3.10 m", "type": "hauteur_limitee", "obstacle": "bro", "hauteur_max_m": 3.1, "franchissable": false, "marge_cm": -10}}, {"type": "Feature", "geometry": {"type": "Point", "coordinates": [20.26423, 63.81891]}, "properties": {"id": "trv-12847:8051-3:1007244-0.3759", "country": "se", "source": "TRV", "updated": "2026-09-12", "name": "bro 3.10 m", "type": "hauteur_limitee", "obstacle": "bro", "hauteur_max_m": 3.1, "franchissable": false, "marge_cm": -10}}, {"type": "Feature", "geometry": {"type": "Point", "coordinates": [17.86333, 59.40858]}, "properties": {"id": "trv-20731:94780-20731:94748-0.4110", "country": "se", "source": "TRV", "updated": "2026-09-12", "name": "bro 3.10 m", "type": "hauteur_limitee", "obstacle": "bro", "hauteur_max_m": 3.1, "franchissable": false, "marge_cm": -10}}, {"type": "Feature", "geometry": {"type": "Point", "coordinates": [12.29668, 58.39859]}, "properties": {"id": "trv-12533:358532-12730:90678-0.5118", "country": "se", "source": "TRV", "updated": "2026-09-12", "name": "tunnel 3.10 m", "type": "hauteur_limitee", "obstacle": "tunnel", "hauteur_max_m": 3.1, "franchissable": false, "marge_cm": -10}}, {"type": "Feature", "geometry": {"type": "Point", "coordinates": [13.37419, 59.46838]}, "properties": {"id": "trv-13157:1414-1000:71670-0.8845", "country": "se", "source": "TRV", "updated": "2026-09-12", "name": "vägport 3.10 m", "type": "hauteur_limitee", "obstacle": "vägport", "hauteur_max_m": 3.1, "franchissable": false, "marge_cm": -10, "reference": "S  408"}}, {"type": "Feature", "geometry": {"type": "Point", "coordinates": [13.55567, 58.17857]}, "properties": {"id": "trv-16184:424177-12736:95760-0.4985", "country": "se", "source": "TRV", "updated": "2026-09-12", "name": "bro 3.10 m", "type": "hauteur_limitee", "obstacle": "bro", "hauteur_max_m": 3.1, "franchissable": false, "marge_cm": -10}}, {"type": "Feature", "geometry": {"type": "Point", "coordinates": [13.55576, 58.17865]}, "properties": {"id": "trv-16184:424183-12736:95748-0.9337", "country": "se", "source": "TRV", "updated": "2026-09-12", "name": "bro 3.10 m", "type": "hauteur_limitee", "obstacle": "bro", "hauteur_max_m": 3.1, "franchissable": false, "marge_cm": -10}}, {"type": "Feature", "geometry": {"type": "Point", "coordinates": [14.15567, 57.74797]}, "properties": {"id": "trv-16577:1603-11156:80746-0.0435", "country": "se", "source": "TRV", "updated": "2026-09-12", "name": "vägport 3.10 m", "type": "hauteur_limitee", "obstacle": "vägport", "hauteur_max_m": 3.1, "franchissable": false, "marge_cm": -10}}, {"type": "Feature", "geometry": {"type": "Point", "coordinates": [14.13764, 57.74291]}, "properties": {"id": "trv-16577:1597-11156:80576-0.5059", "country": "se", "source": "TRV", "updated": "2026-09-12", "name": "vägport 3.10 m", "type": "hauteur_limitee", "obstacle": "vägport", "hauteur_max_m": 3.1, "franchissable": false, "marge_cm": -10}}, {"type": "Feature", "geometry": {"type": "Point", "coordinates": [14.7923, 56.86506]}, "properties": {"id": "trv-12468:5807-12468:5687-0.7858", "country": "se", "source": "TRV", "updated": "2026-09-12", "name": "vägport 3.10 m", "type": "hauteur_limitee", "obstacle": "vägport", "hauteur_max_m": 3.1, "franchissable": false, "marge_cm": -10, "reference": "780-1006-2"}}, {"type": "Feature", "geometry": {"type": "Point", "coordinates": [12.31354, 58.34876]}, "properties": {"id": "trv-16673:15499-11162:30514-0.2238", "country": "se", "source": "TRV", "updated": "2026-09-12", "name": "tunnel 3.15 m", "type": "hauteur_limitee", "obstacle": "tunnel", "hauteur_max_m": 3.15, "franchissable": false, "marge_cm": -5}}, {"type": "Feature", "geometry": {"type": "Point", "coordinates": [20.94142, 64.7422]}, "properties": {"id": "trv-20298:1302-23097:3911-0.7559", "country": "se", "source": "TRV", "updated": "2026-09-12", "name": "vägport 3.15 m", "type": "hauteur_limitee", "obstacle": "vägport", "hauteur_max_m": 3.15, "franchissable": false, "marge_cm": -5}}, {"type": "Feature", "geometry": {"type": "Point", "coordinates": [12.31817, 58.36502]}, "properties": {"id": "trv-16673:15495-11162:30463-0.6663", "country": "se", "source": "TRV", "updated": "2026-09-12", "name": "tunnel 3.18 m", "type": "hauteur_limitee", "obstacle": "tunnel", "hauteur_max_m": 3.18, "franchissable": false, "marge_cm": -2}}, {"type": "Feature", "geometry": {"type": "Point", "coordinates": [18.13208, 59.45001]}, "properties": {"id": "trv-10132:810343-20866:197182-0.6614", "country": "se", "source": "TRV", "updated": "2026-09-12", "name": "vägport 3.20 m", "type": "hauteur_limitee", "obstacle": "vägport", "hauteur_max_m": 3.2, "franchissable": false, "marge_cm": 0}}, {"type": "Feature", "geometry": {"type": "Point", "coordinates": [16.6086, 57.75911]}, "properties": {"id": "trv-12724:595245-12730:101936-0.9870", "country": "se", "source": "TRV", "updated": "2026-09-12", "name": "vägport 3.20 m", "type": "hauteur_limitee", "obstacle": "vägport", "hauteur_max_m": 3.2, "franchissable": false, "marge_cm": 0}}, {"type": "Feature", "geometry": {"type": "Point", "coordinates": [15.13236, 59.20922]}, "properties": {"id": "trv-22857:6495-3:460029-0.2813", "country": "se", "source": "TRV", "updated": "2026-09-12", "name": "övrigt hinder 3.20 m", "type": "hauteur_limitee", "obstacle": "övrigt hinder", "hauteur_max_m": 3.2, "franchissable": false, "marge_cm": 0}}, {"type": "Feature", "geometry": {"type": "Point", "coordinates": [18.68602, 59.76761]}, "properties": {"id": "trv-10085:182952-12725:121071-0.2128", "country": "se", "source": "TRV", "updated": "2026-09-12", "name": "vägport 3.20 m", "type": "hauteur_limitee", "obstacle": "vägport", "hauteur_max_m": 3.2, "franchissable": false, "marge_cm": 0}}, {"type": "Feature", "geometry": {"type": "Point", "coordinates": [11.92766, 58.35214]}, "properties": {"id": "trv-12574:236845-13989:8449-0.9763", "country": "se", "source": "TRV", "updated": "2026-09-12", "name": "övrigt hinder 3.20 m", "type": "hauteur_limitee", "obstacle": "övrigt hinder", "hauteur_max_m": 3.2, "franchissable": false, "marge_cm": 0}}, {"type": "Feature", "geometry": {"type": "Point", "coordinates": [14.93657, 58.01059]}, "properties": {"id": "trv-14444:117955-3:54935-0.1702", "country": "se", "source": "TRV", "updated": "2026-09-12", "name": "bro 3.20 m", "type": "hauteur_limitee", "obstacle": "bro", "hauteur_max_m": 3.2, "franchissable": false, "marge_cm": 0}}, {"type": "Feature", "geometry": {"type": "Point", "coordinates": [14.59178, 56.05925]}, "properties": {"id": "trv-15058:4761-3:362868-0.6503", "country": "se", "source": "TRV", "updated": "2026-09-12", "name": "vägport 3.20 m", "type": "hauteur_limitee", "obstacle": "vägport", "hauteur_max_m": 3.2, "franchissable": false, "marge_cm": 0}}, {"type": "Feature", "geometry": {"type": "Point", "coordinates": [16.8308, 59.07924]}, "properties": {"id": "trv-14847:73179-3:329443-0.3470", "country": "se", "source": "TRV", "updated": "2026-09-12", "name": "vägport 3.20 m", "type": "hauteur_limitee", "obstacle": "vägport", "hauteur_max_m": 3.2, "franchissable": false, "marge_cm": 0}}, {"type": "Feature", "geometry": {"type": "Point", "coordinates": [14.8023, 60.50642]}, "properties": {"id": "trv-22551:173100-3:604972-0.0000", "country": "se", "source": "TRV", "updated": "2026-09-12", "occurrences": 2, "name": "vägport 3.20 m", "type": "hauteur_limitee", "obstacle": "vägport", "hauteur_max_m": 3.2, "franchissable": false, "marge_cm": 0}}, {"type": "Feature", "geometry": {"type": "Point", "coordinates": [14.79895, 60.5079]}, "properties": {"id": "trv-22551:173100-1000:97503-0.8899", "country": "se", "source": "TRV", "updated": "2026-09-12", "occurrences": 2, "name": "vägport 3.20 m", "type": "hauteur_limitee", "obstacle": "vägport", "hauteur_max_m": 3.2, "franchissable": false, "marge_cm": 0}}, {"type": "Feature", "geometry": {"type": "Point", "coordinates": [17.04316, 59.12552]}, "properties": {"id": "trv-16991:400-3:304837-0.1399", "country": "se", "source": "TRV", "updated": "2026-09-12", "name": "övrigt hinder 3.20 m", "type": "hauteur_limitee", "obstacle": "övrigt hinder", "hauteur_max_m": 3.2, "franchissable": false, "marge_cm": 0, "reference": "Bro till ladugårdshöskulle"}}, {"type": "Feature", "geometry": {"type": "Point", "coordinates": [14.47109, 59.18564]}, "properties": {"id": "trv-16651:11280-3:460898-0.1188", "country": "se", "source": "TRV", "updated": "2026-09-12", "name": "vägport 3.20 m", "type": "hauteur_limitee", "obstacle": "vägport", "hauteur_max_m": 3.2, "franchissable": false, "marge_cm": 0}}, {"type": "Feature", "geometry": {"type": "Point", "coordinates": [13.28569, 57.8191]}, "properties": {"id": "trv-12735:165692-12735:164628-0.3818", "country": "se", "source": "TRV", "updated": "2026-09-12", "name": "vägport 3.20 m", "type": "hauteur_limitee", "obstacle": "vägport", "hauteur_max_m": 3.2, "franchissable": false, "marge_cm": 0, "reference": "15-1751-1"}}, {"type": "Feature", "geometry": {"type": "Point", "coordinates": [13.54472, 58.16637]}, "properties": {"id": "trv-16184:424159-12736:95441-0.4727", "country": "se", "source": "TRV", "updated": "2026-09-12", "name": "bro 3.20 m", "type": "hauteur_limitee", "obstacle": "bro", "hauteur_max_m": 3.2, "franchissable": false, "marge_cm": 0}}, {"type": "Feature", "geometry": {"type": "Point", "coordinates": [17.85297, 59.25128]}, "properties": {"id": "trv-12725:183719-12723:83680-0.1986", "country": "se", "source": "TRV", "updated": "2026-09-12", "name": "vägport 3.20 m", "type": "hauteur_limitee", "obstacle": "vägport", "hauteur_max_m": 3.2, "franchissable": false, "marge_cm": 0, "reference": "2-1057-1"}}, {"type": "Feature", "geometry": {"type": "Point", "coordinates": [17.88207, 59.35538]}, "properties": {"id": "trv-16972:563-12756:16922-0.0198", "country": "se", "source": "TRV", "updated": "2026-09-12", "name": "vägport 3.20 m", "type": "hauteur_limitee", "obstacle": "vägport", "hauteur_max_m": 3.2, "franchissable": false, "marge_cm": 0}}, {"type": "Feature", "geometry": {"type": "Point", "coordinates": [20.31804, 63.80387]}, "properties": {"id": "trv-13632:8724-20656:2872350-0.6787", "country": "se", "source": "TRV", "updated": "2026-09-12", "name": "vägport 3.20 m", "type": "hauteur_limitee", "obstacle": "vägport", "hauteur_max_m": 3.2, "franchissable": false, "marge_cm": 0, "reference": "2480-7-1"}}, {"type": "Feature", "geometry": {"type": "Point", "coordinates": [14.16554, 55.69314]}, "properties": {"id": "trv-14595:13841-1000:7345-0.2115", "country": "se", "source": "TRV", "updated": "2026-09-12", "name": "vägport 3.20 m", "type": "hauteur_limitee", "obstacle": "vägport", "hauteur_max_m": 3.2, "franchissable": false, "marge_cm": 0}}, {"type": "Feature", "geometry": {"type": "Point", "coordinates": [14.48101, 61.11899]}, "properties": {"id": "trv-13656:6066-3:563829-0.6633", "country": "se", "source": "TRV", "updated": "2026-09-12", "name": "övrigt hinder 3.20 m", "type": "hauteur_limitee", "obstacle": "övrigt hinder", "hauteur_max_m": 3.2, "franchissable": false, "marge_cm": 0, "reference": "Utstickande hustak."}}, {"type": "Feature", "geometry": {"type": "Point", "coordinates": [17.00819, 59.08145]}, "properties": {"id": "trv-12797:5067-1000:77275-0.6308", "country": "se", "source": "TRV", "updated": "2026-09-12", "name": "vägport 3.20 m", "type": "hauteur_limitee", "obstacle": "vägport", "hauteur_max_m": 3.2, "franchissable": false, "marge_cm": 0, "reference": "3500-204-1"}}, {"type": "Feature", "geometry": {"type": "Point", "coordinates": [14.48275, 61.11848]}, "properties": {"id": "trv-13656:6064-3:563829-0.1020", "country": "se", "source": "TRV", "updated": "2026-09-12", "name": "övrigt hinder 3.20 m", "type": "hauteur_limitee", "obstacle": "övrigt hinder", "hauteur_max_m": 3.2, "franchissable": false, "marge_cm": 0, "reference": "Utstickande hustak."}}, {"type": "Feature", "geometry": {"type": "Point", "coordinates": [14.451, 59.32373]}, "properties": {"id": "trv-16590:75047-16590:70141-0.9437", "country": "se", "source": "TRV", "updated": "2026-09-12", "name": "vägport 3.20 m", "type": "hauteur_limitee", "obstacle": "vägport", "hauteur_max_m": 3.2, "franchissable": false, "marge_cm": 0, "reference": "18-804-1"}}, {"type": "Feature", "geometry": {"type": "Point", "coordinates": [15.04429, 58.53454]}, "properties": {"id": "trv-13260:11885-3:549757-0.7510", "country": "se", "source": "TRV", "updated": "2026-09-12", "name": "vägport 3.20 m", "type": "hauteur_limitee", "obstacle": "vägport", "hauteur_max_m": 3.2, "franchissable": false, "marge_cm": 0}}, {"type": "Feature", "geometry": {"type": "Point", "coordinates": [14.62946, 61.00532]}, "properties": {"id": "trv-15068:4054-3:638255-0.4921", "country": "se", "source": "TRV", "updated": "2026-09-12", "name": "vägport 3.20 m", "type": "hauteur_limitee", "obstacle": "vägport", "hauteur_max_m": 3.2, "franchissable": false, "marge_cm": 0, "reference": "Vägport under riksväg 70"}}, {"type": "Feature", "geometry": {"type": "Point", "coordinates": [14.52818, 59.32476]}, "properties": {"id": "trv-16590:75045-16590:69248-0.1086", "country": "se", "source": "TRV", "updated": "2026-09-12", "name": "vägport 3.20 m", "type": "hauteur_limitee", "obstacle": "vägport", "hauteur_max_m": 3.2, "franchissable": false, "marge_cm": 0, "reference": "18-1104-1"}}, {"type": "Feature", "geometry": {"type": "Point", "coordinates": [18.07876, 59.53527]}, "properties": {"id": "trv-14122:117-3:1099278-0.6745", "country": "se", "source": "TRV", "updated": "2026-09-12", "name": "vägport 3.20 m", "type": "hauteur_limitee", "obstacle": "vägport", "hauteur_max_m": 3.2, "franchissable": false, "marge_cm": 0, "reference": "Okänt"}}, {"type": "Feature", "geometry": {"type": "Point", "coordinates": [16.60702, 57.7558]}, "properties": {"id": "trv-12724:595241-12730:101982-0.0446", "country": "se", "source": "TRV", "updated": "2026-09-12", "name": "vägport 3.20 m", "type": "hauteur_limitee", "obstacle": "vägport", "hauteur_max_m": 3.2, "franchissable": false, "marge_cm": 0}}, {"type": "Feature", "geometry": {"type": "Point", "coordinates": [16.30609, 56.67079]}, "properties": {"id": "trv-11154:173501-11154:169783-0.5522", "country": "se", "source": "TRV", "updated": "2026-09-12", "name": "vägport 3.20 m", "type": "hauteur_limitee", "obstacle": "vägport", "hauteur_max_m": 3.2, "franchissable": false, "marge_cm": 0, "reference": "8-658-1"}}, {"type": "Feature", "geometry": {"type": "Point", "coordinates": [15.17839, 59.24987]}, "properties": {"id": "trv-14850:32868-3:457309-0.2963", "country": "se", "source": "TRV", "updated": "2026-09-12", "occurrences": 2, "name": "vägport 3.20 m", "type": "hauteur_limitee", "obstacle": "vägport", "hauteur_max_m": 3.2, "franchissable": false, "marge_cm": 0}}, {"type": "Feature", "geometry": {"type": "Point", "coordinates": [15.17821, 59.24991]}, "properties": {"id": "trv-14850:32868-3:457309-0.3416", "country": "se", "source": "TRV", "updated": "2026-09-12", "occurrences": 2, "name": "vägport 3.20 m", "type": "hauteur_limitee", "obstacle": "vägport", "hauteur_max_m": 3.2, "franchissable": false, "marge_cm": 0}}, {"type": "Feature", "geometry": {"type": "Point", "coordinates": [12.02778, 57.65906]}, "properties": {"id": "trv-14128:112224-3:1373121-0.7690", "country": "se", "source": "TRV", "updated": "2026-09-12", "name": "vägport 3.20 m", "type": "hauteur_limitee", "obstacle": "vägport", "hauteur_max_m": 3.2, "franchissable": false, "marge_cm": 0}}, {"type": "Feature", "geometry": {"type": "Point", "coordinates": [16.21897, 60.12464]}, "properties": {"id": "trv-12731:218063-1000:94736-0.6706", "country": "se", "source": "TRV", "updated": "2026-09-12", "name": "vägport 3.20 m", "type": "hauteur_limitee", "obstacle": "vägport", "hauteur_max_m": 3.2, "franchissable": false, "marge_cm": 0, "reference": "3500-353-1"}}, {"type": "Feature", "geometry": {"type": "Point", "coordinates": [16.21913, 60.12468]}, "properties": {"id": "trv-12731:218067-1000:94736-0.7466", "country": "se", "source": "TRV", "updated": "2026-09-12", "name": "vägport 3.20 m", "type": "hauteur_limitee", "obstacle": "vägport", "hauteur_max_m": 3.2, "franchissable": false, "marge_cm": 0, "reference": "3500-353-2"}}, {"type": "Feature", "geometry": {"type": "Point", "coordinates": [15.39931, 57.00434]}, "properties": {"id": "trv-14856:22266-3:229297-0.9439", "country": "se", "source": "TRV", "updated": "2026-09-12", "name": "vägport 3.20 m", "type": "hauteur_limitee", "obstacle": "vägport", "hauteur_max_m": 3.2, "franchissable": false, "marge_cm": 0}}, {"type": "Feature", "geometry": {"type": "Point", "coordinates": [18.00039, 59.36147]}, "properties": {"id": "trv-19881:292337-11156:22214-0.0433", "country": "se", "source": "TRV", "updated": "2026-09-12", "name": "bro 3.20 m", "type": "hauteur_limitee", "obstacle": "bro", "hauteur_max_m": 3.2, "franchissable": false, "marge_cm": 0}}, {"type": "Feature", "geometry": {"type": "Point", "coordinates": [11.93581, 58.37307]}, "properties": {"id": "trv-11156:552507-3:1258706-0.6757", "country": "se", "source": "TRV", "updated": "2026-09-12", "name": "vägport 3.20 m", "type": "hauteur_limitee", "obstacle": "vägport", "hauteur_max_m": 3.2, "franchissable": false, "marge_cm": 0, "reference": "1485-123-1"}}, {"type": "Feature", "geometry": {"type": "Point", "coordinates": [13.54504, 58.16632]}, "properties": {"id": "trv-16184:424161-12736:95441-0.4019", "country": "se", "source": "TRV", "updated": "2026-09-12", "name": "bro 3.20 m", "type": "hauteur_limitee", "obstacle": "bro", "hauteur_max_m": 3.2, "franchissable": false, "marge_cm": 0}}, {"type": "Feature", "geometry": {"type": "Point", "coordinates": [12.10789, 57.44542]}, "properties": {"id": "trv-13624:111473-3:285419-0.1876", "country": "se", "source": "TRV", "updated": "2026-09-12", "name": "vägport 3.20 m", "type": "hauteur_limitee", "obstacle": "vägport", "hauteur_max_m": 3.2, "franchissable": false, "marge_cm": 0, "reference": "13-471-1"}}, {"type": "Feature", "geometry": {"type": "Point", "coordinates": [14.48368, 61.11708]}, "properties": {"id": "trv-13656:6062-3:564258-0.8687", "country": "se", "source": "TRV", "updated": "2026-09-12", "name": "övrigt hinder 3.20 m", "type": "hauteur_limitee", "obstacle": "övrigt hinder", "hauteur_max_m": 3.2, "franchissable": false, "marge_cm": 0, "reference": "Utstickande hustak."}}, {"type": "Feature", "geometry": {"type": "Point", "coordinates": [13.29572, 55.81527]}, "properties": {"id": "trv-15914:7674-1000:5224-0.7332", "country": "se", "source": "TRV", "updated": "2026-09-12", "name": "bro 3.20 m", "type": "hauteur_limitee", "obstacle": "bro", "hauteur_max_m": 3.2, "franchissable": false, "marge_cm": 0}}, {"type": "Feature", "geometry": {"type": "Point", "coordinates": [16.55067, 61.79796]}, "properties": {"id": "trv-12797:10079-1000:104330-0.4283", "country": "se", "source": "TRV", "updated": "2026-09-12", "name": "vägport 3.20 m", "type": "hauteur_limitee", "obstacle": "vägport", "hauteur_max_m": 3.2, "franchissable": false, "marge_cm": 0, "reference": "X  483"}}, {"type": "Feature", "geometry": {"type": "Point", "coordinates": [15.04553, 58.53428]}, "properties": {"id": "trv-16593:101149-3:549757-0.6405", "country": "se", "source": "TRV", "updated": "2026-09-12", "name": "vägport 3.20 m", "type": "hauteur_limitee", "obstacle": "vägport", "hauteur_max_m": 3.2, "franchissable": false, "marge_cm": 0, "reference": "3500-5916-1"}}, {"type": "Feature", "geometry": {"type": "Point", "coordinates": [17.8701, 62.8114]}, "properties": {"id": "trv-16995:29611-1000:108636-0.4413", "country": "se", "source": "TRV", "updated": "2026-09-12", "name": "vägport 3.20 m", "type": "hauteur_limitee", "obstacle": "vägport", "hauteur_max_m": 3.2, "franchissable": false, "marge_cm": 0, "reference": "Y 524"}}, {"type": "Feature", "geometry": {"type": "Point", "coordinates": [17.74482, 59.19263]}, "properties": {"id": "trv-14444:74910-3:1100153-0.7051", "country": "se", "source": "TRV", "updated": "2026-09-12", "name": "vägport 3.20 m", "type": "hauteur_limitee", "obstacle": "vägport", "hauteur_max_m": 3.2, "franchissable": false, "marge_cm": 0, "reference": "Okänt"}}, {"type": "Feature", "geometry": {"type": "Point", "coordinates": [15.22757, 58.33432]}, "properties": {"id": "trv-12796:36885-1000:59335-0.9758", "country": "se", "source": "TRV", "updated": "2026-09-12", "name": "vägport 3.20 m", "type": "hauteur_limitee", "obstacle": "vägport", "hauteur_max_m": 3.2, "franchissable": false, "marge_cm": 0, "reference": "VÄGPORT"}}, {"type": "Feature", "geometry": {"type": "Point", "coordinates": [13.54505, 58.16622]}, "properties": {"id": "trv-16184:424163-12736:94891-0.5179", "country": "se", "source": "TRV", "updated": "2026-09-12", "name": "bro 3.20 m", "type": "hauteur_limitee", "obstacle": "bro", "hauteur_max_m": 3.2, "franchissable": false, "marge_cm": 0}}, {"type": "Feature", "geometry": {"type": "Point", "coordinates": [13.54473, 58.16626]}, "properties": {"id": "trv-16184:424157-12736:94891-0.5052", "country": "se", "source": "TRV", "updated": "2026-09-12", "name": "bro 3.20 m", "type": "hauteur_limitee", "obstacle": "bro", "hauteur_max_m": 3.2, "franchissable": false, "marge_cm": 0}}, {"type": "Feature", "geometry": {"type": "Point", "coordinates": [15.18115, 59.28728]}, "properties": {"id": "trv-14850:32948-3:478313-0.5960", "country": "se", "source": "TRV", "updated": "2026-09-12", "occurrences": 2, "name": "vägport 3.20 m", "type": "hauteur_limitee", "obstacle": "vägport", "hauteur_max_m": 3.2, "franchissable": false, "marge_cm": 0}}, {"type": "Feature", "geometry": {"type": "Point", "coordinates": [15.181, 59.2872]}, "properties": {"id": "trv-14850:32948-3:478313-0.7273", "country": "se", "source": "TRV", "updated": "2026-09-12", "occurrences": 2, "name": "vägport 3.20 m", "type": "hauteur_limitee", "obstacle": "vägport", "hauteur_max_m": 3.2, "franchissable": false, "marge_cm": 0}}, {"type": "Feature", "geometry": {"type": "Point", "coordinates": [18.21698, 59.24833]}, "properties": {"id": "trv-22121:791343-22121:347598-0.3421", "country": "se", "source": "TRV", "updated": "2026-09-12", "name": "vägport 3.21 m", "type": "hauteur_limitee", "obstacle": "vägport", "hauteur_max_m": 3.21, "franchissable": true, "marge_cm": 1, "vigilance": true}}, {"type": "Feature", "geometry": {"type": "Point", "coordinates": [18.2493, 59.24703]}, "properties": {"id": "trv-22121:794064-22121:636746-0.6940", "country": "se", "source": "TRV", "updated": "2026-09-12", "name": "vägport 3.22 m", "type": "hauteur_limitee", "obstacle": "vägport", "hauteur_max_m": 3.22, "franchissable": true, "marge_cm": 2, "vigilance": true}}, {"type": "Feature", "geometry": {"type": "Point", "coordinates": [18.23029, 59.24646]}, "properties": {"id": "trv-22121:791388-11156:11006-0.2466", "country": "se", "source": "TRV", "updated": "2026-09-12", "name": "vägport 3.23 m", "type": "hauteur_limitee", "obstacle": "vägport", "hauteur_max_m": 3.23, "franchissable": true, "marge_cm": 3, "vigilance": true}}, {"type": "Feature", "geometry": {"type": "Point", "coordinates": [18.22641, 59.24072]}, "properties": {"id": "trv-22121:791441-11156:13952-0.4220", "country": "se", "source": "TRV", "updated": "2026-09-12", "name": "vägport 3.23 m", "type": "hauteur_limitee", "obstacle": "vägport", "hauteur_max_m": 3.23, "franchissable": true, "marge_cm": 3, "vigilance": true}}, {"type": "Feature", "geometry": {"type": "Point", "coordinates": [17.7489, 59.1866]}, "properties": {"id": "trv-22121:328841-22121:108567-0.1452", "country": "se", "source": "TRV", "updated": "2026-09-12", "name": "bro 3.27 m", "type": "hauteur_limitee", "obstacle": "bro", "hauteur_max_m": 3.27, "franchissable": true, "marge_cm": 7, "vigilance": true}}, {"type": "Feature", "geometry": {"type": "Point", "coordinates": [17.00062, 58.75711]}, "properties": {"id": "trv-14122:105103-1000:68614-0.6866", "country": "se", "source": "TRV", "updated": "2026-09-12", "name": "tunnel 3.30 m", "type": "hauteur_limitee", "obstacle": "tunnel", "hauteur_max_m": 3.3, "franchissable": true, "marge_cm": 10, "reference": "Okänd", "vigilance": true}}, {"type": "Feature", "geometry": {"type": "Point", "coordinates": [16.60895, 57.75366]}, "properties": {"id": "trv-12724:595237-12730:102092-0.2280", "country": "se", "source": "TRV", "updated": "2026-09-12", "name": "vägport 3.30 m", "type": "hauteur_limitee", "obstacle": "vägport", "hauteur_max_m": 3.3, "franchissable": true, "marge_cm": 10, "vigilance": true}}, {"type": "Feature", "geometry": {"type": "Point", "coordinates": [17.15241, 60.67521]}, "properties": {"id": "trv-14411:914-3:1177399-0.4683", "country": "se", "source": "TRV", "updated": "2026-09-12", "name": "vägport 3.30 m", "type": "hauteur_limitee", "obstacle": "vägport", "hauteur_max_m": 3.3, "franchissable": true, "marge_cm": 10, "reference": "Järnvägsbro över N. Strandgatan", "vigilance": true}}, {"type": "Feature", "geometry": {"type": "Point", "coordinates": [18.09305, 59.24417]}, "properties": {"id": "trv-16119:1087-12415:10112-0.3367", "country": "se", "source": "TRV", "updated": "2026-09-12", "name": "vägport 3.30 m", "type": "hauteur_limitee", "obstacle": "vägport", "hauteur_max_m": 3.3, "franchissable": true, "marge_cm": 10, "vigilance": true}}, {"type": "Feature", "geometry": {"type": "Point", "coordinates": [18.09087, 59.31745]}, "properties": {"id": "trv-19194:2008047-19194:2008013-0.0914", "country": "se", "source": "TRV", "updated": "2026-09-12", "name": "övrigt hinder 3.30 m", "type": "hauteur_limitee", "obstacle": "övrigt hinder", "hauteur_max_m": 3.3, "franchissable": true, "marge_cm": 10, "vigilance": true}}, {"type": "Feature", "geometry": {"type": "Point", "coordinates": [12.84723, 56.26219]}, "properties": {"id": "trv-12765:437183-11160:61694-0.1098", "country": "se", "source": "TRV", "updated": "2026-09-12", "name": "vägport 3.30 m", "type": "hauteur_limitee", "obstacle": "vägport", "hauteur_max_m": 3.3, "franchissable": true, "marge_cm": 10, "vigilance": true}}, {"type": "Feature", "geometry": {"type": "Point", "coordinates": [18.08721, 59.30774]}, "properties": {"id": "trv-16972:448-13213:35162-0.9309", "country": "se", "source": "TRV", "updated": "2026-09-12", "name": "vägport 3.30 m", "type": "hauteur_limitee", "obstacle": "vägport", "hauteur_max_m": 3.3, "franchissable": true, "marge_cm": 10, "vigilance": true}}, {"type": "Feature", "geometry": {"type": "Point", "coordinates": [16.56734, 59.62723]}, "properties": {"id": "trv-14405:37491-3:21623-0.3175", "country": "se", "source": "TRV", "updated": "2026-09-12", "name": "vägport 3.30 m", "type": "hauteur_limitee", "obstacle": "vägport", "hauteur_max_m": 3.3, "franchissable": true, "marge_cm": 10, "vigilance": true}}, {"type": "Feature", "geometry": {"type": "Point", "coordinates": [15.64002, 60.60502]}, "properties": {"id": "trv-12735:256500-12735:256399-0.4953", "country": "se", "source": "TRV", "updated": "2026-09-12", "name": "vägport 3.30 m", "type": "hauteur_limitee", "obstacle": "vägport", "hauteur_max_m": 3.3, "franchissable": true, "marge_cm": 10, "reference": "3500-5350-1", "vigilance": true}}, {"type": "Feature", "geometry": {"type": "Point", "coordinates": [15.63981, 60.605]}, "properties": {"id": "trv-12735:256504-12735:256399-0.4438", "country": "se", "source": "TRV", "updated": "2026-09-12", "name": "vägport 3.30 m", "type": "hauteur_limitee", "obstacle": "vägport", "hauteur_max_m": 3.3, "franchissable": true, "marge_cm": 10, "reference": "20-756-1", "vigilance": true}}, {"type": "Feature", "geometry": {"type": "Point", "coordinates": [11.86181, 57.71472]}, "properties": {"id": "trv-12784:166889-12784:166859-0.9215", "country": "se", "source": "TRV", "updated": "2026-09-12", "name": "vägport 3.30 m", "type": "hauteur_limitee", "obstacle": "vägport", "hauteur_max_m": 3.3, "franchissable": true, "marge_cm": 10, "vigilance": true}}, {"type": "Feature", "geometry": {"type": "Point", "coordinates": [17.92497, 59.38709]}, "properties": {"id": "trv-19194:2365168-12726:42588-0.4305", "country": "se", "source": "TRV", "updated": "2026-09-12", "name": "vägport 3.30 m", "type": "hauteur_limitee", "obstacle": "vägport", "hauteur_max_m": 3.3, "franchissable": true, "marge_cm": 10, "vigilance": true}}, {"type": "Feature", "geometry": {"type": "Point", "coordinates": [21.03716, 64.7518]}, "properties": {"id": "trv-20297:1695-23097:2116-0.5893", "country": "se", "source": "TRV", "updated": "2026-09-12", "name": "bro 3.30 m", "type": "hauteur_limitee", "obstacle": "bro", "hauteur_max_m": 3.3, "franchissable": true, "marge_cm": 10, "vigilance": true}}, {"type": "Feature", "geometry": {"type": "Point", "coordinates": [11.91573, 57.65499]}, "properties": {"id": "trv-11091:5514-3:1404419-0.6441", "country": "se", "source": "TRV", "updated": "2026-09-12", "name": "vägport 3.30 m", "type": "hauteur_limitee", "obstacle": "vägport", "hauteur_max_m": 3.3, "franchissable": true, "marge_cm": 10, "reference": "1480-1089-1", "vigilance": true}}, {"type": "Feature", "geometry": {"type": "Point", "coordinates": [13.71092, 58.27218]}, "properties": {"id": "trv-12799:7885-1000:56222-0.1922", "country": "se", "source": "TRV", "updated": "2026-09-12", "name": "vägport 3.30 m", "type": "hauteur_limitee", "obstacle": "vägport", "hauteur_max_m": 3.3, "franchissable": true, "marge_cm": 10, "reference": "R  76", "vigilance": true}}, {"type": "Feature", "geometry": {"type": "Point", "coordinates": [15.13242, 59.21244]}, "properties": {"id": "trv-22857:6497-14124:224696-0.1400", "country": "se", "source": "TRV", "updated": "2026-09-12", "name": "övrigt hinder 3.30 m", "type": "hauteur_limitee", "obstacle": "övrigt hinder", "hauteur_max_m": 3.3, "franchissable": true, "marge_cm": 10, "vigilance": true}}, {"type": "Feature", "geometry": {"type": "Point", "coordinates": [12.9358, 57.72339]}, "properties": {"id": "trv-10085:182976-3:1362675-0.3629", "country": "se", "source": "TRV", "updated": "2026-09-12", "name": "vägport 3.30 m", "type": "hauteur_limitee", "obstacle": "vägport", "hauteur_max_m": 3.3, "franchissable": true, "marge_cm": 10, "reference": "3500-1079-1", "vigilance": true}}, {"type": "Feature", "geometry": {"type": "Point", "coordinates": [20.28478, 67.84283]}, "properties": {"id": "trv-12725:151676-12730:128512-0.3329", "country": "se", "source": "TRV", "updated": "2026-09-12", "name": "vägport 3.30 m", "type": "hauteur_limitee", "obstacle": "vägport", "hauteur_max_m": 3.3, "franchissable": true, "marge_cm": 10, "reference": "25-1619-1", "vigilance": true}}, {"type": "Feature", "geometry": {"type": "Point", "coordinates": [12.13606, 58.13511]}, "properties": {"id": "trv-13623:84574-12728:59405-0.6862", "country": "se", "source": "TRV", "updated": "2026-09-12", "name": "vägport 3.30 m", "type": "hauteur_limitee", "obstacle": "vägport", "hauteur_max_m": 3.3, "franchissable": true, "marge_cm": 10, "reference": "15-1591-1", "vigilance": true}}, {"type": "Feature", "geometry": {"type": "Point", "coordinates": [12.76034, 59.62012]}, "properties": {"id": "trv-12734:271644-3:680311-0.9237", "country": "se", "source": "TRV", "updated": "2026-09-12", "name": "vägport 3.30 m", "type": "hauteur_limitee", "obstacle": "vägport", "hauteur_max_m": 3.3, "franchissable": true, "marge_cm": 10, "reference": "3500-866-1", "vigilance": true}}, {"type": "Feature", "geometry": {"type": "Point", "coordinates": [15.97733, 60.29776]}, "properties": {"id": "trv-14414:125927-3:638284-0.3600", "country": "se", "source": "TRV", "updated": "2026-09-12", "name": "vägport 3.30 m", "type": "hauteur_limitee", "obstacle": "vägport", "hauteur_max_m": 3.3, "franchissable": true, "marge_cm": 10, "reference": "Vägport under väg 70.", "vigilance": true}}, {"type": "Feature", "geometry": {"type": "Point", "coordinates": [18.20006, 59.20419]}, "properties": {"id": "trv-16665:70798-11161:16179-0.4126", "country": "se", "source": "TRV", "updated": "2026-09-12", "name": "vägport 3.30 m", "type": "hauteur_limitee", "obstacle": "vägport", "hauteur_max_m": 3.3, "franchissable": true, "marge_cm": 10, "reference": "2-1991-1", "vigilance": true}}, {"type": "Feature", "geometry": {"type": "Point", "coordinates": [11.91551, 57.65506]}, "properties": {"id": "trv-11091:5516-3:1404419-0.5243", "country": "se", "source": "TRV", "updated": "2026-09-12", "name": "vägport 3.30 m", "type": "hauteur_limitee", "obstacle": "vägport", "hauteur_max_m": 3.3, "franchissable": true, "marge_cm": 10, "reference": "1480-3043-1", "vigilance": true}}, {"type": "Feature", "geometry": {"type": "Point", "coordinates": [17.34414, 62.28238]}, "properties": {"id": "trv-12724:322282-12734:117390-0.3964", "country": "se", "source": "TRV", "updated": "2026-09-12", "name": "vägport 3.30 m", "type": "hauteur_limitee", "obstacle": "vägport", "hauteur_max_m": 3.3, "franchissable": true, "marge_cm": 10, "reference": "22-1625-1", "vigilance": true}}, {"type": "Feature", "geometry": {"type": "Point", "coordinates": [15.91151, 59.04773]}, "properties": {"id": "trv-13557:1198-3:309842-0.1701", "country": "se", "source": "TRV", "updated": "2026-09-12", "name": "vägport 3.30 m", "type": "hauteur_limitee", "obstacle": "vägport", "hauteur_max_m": 3.3, "franchissable": true, "marge_cm": 10, "vigilance": true}}, {"type": "Feature", "geometry": {"type": "Point", "coordinates": [18.06272, 59.32968]}, "properties": {"id": "trv-16972:705-12592:13451-0.3619", "country": "se", "source": "TRV", "updated": "2026-09-12", "name": "vägport 3.30 m", "type": "hauteur_limitee", "obstacle": "vägport", "hauteur_max_m": 3.3, "franchissable": true, "marge_cm": 10, "vigilance": true}}, {"type": "Feature", "geometry": {"type": "Point", "coordinates": [12.93666, 57.72336]}, "properties": {"id": "trv-10085:182980-3:1362675-0.1055", "country": "se", "source": "TRV", "updated": "2026-09-12", "name": "vägport 3.30 m", "type": "hauteur_limitee", "obstacle": "vägport", "hauteur_max_m": 3.3, "franchissable": true, "marge_cm": 10, "reference": "3500-2583-1", "vigilance": true}}, {"type": "Feature", "geometry": {"type": "Point", "coordinates": [21.41343, 65.299]}, "properties": {"id": "trv-10133:278712-10133:278334-0.3412", "country": "se", "source": "TRV", "updated": "2026-09-12", "name": "vägport 3.30 m", "type": "hauteur_limitee", "obstacle": "vägport", "hauteur_max_m": 3.3, "franchissable": true, "marge_cm": 10, "vigilance": true}}, {"type": "Feature", "geometry": {"type": "Point", "coordinates": [12.22723, 57.23072]}, "properties": {"id": "trv-13155:6597-1000:32410-0.8363", "country": "se", "source": "TRV", "updated": "2026-09-12", "occurrences": 2, "name": "vägport 3.30 m", "type": "hauteur_limitee", "obstacle": "vägport", "hauteur_max_m": 3.3, "franchissable": true, "marge_cm": 10, "vigilance": true}}, {"type": "Feature", "geometry": {"type": "Point", "coordinates": [21.05255, 64.73355]}, "properties": {"id": "trv-12730:234035-12730:233933-0.2970", "country": "se", "source": "TRV", "updated": "2026-09-12", "name": "vägport 3.30 m", "type": "hauteur_limitee", "obstacle": "vägport", "hauteur_max_m": 3.3, "franchissable": true, "marge_cm": 10, "reference": "24-1955-1", "vigilance": true}}, {"type": "Feature", "geometry": {"type": "Point", "coordinates": [16.56301, 59.05247]}, "properties": {"id": "trv-12797:5057-1000:68246-0.6155", "country": "se", "source": "TRV", "updated": "2026-09-12", "name": "vägport 3.30 m", "type": "hauteur_limitee", "obstacle": "vägport", "hauteur_max_m": 3.3, "franchissable": true, "marge_cm": 10, "reference": "3500-225-1", "vigilance": true}}, {"type": "Feature", "geometry": {"type": "Point", "coordinates": [14.63662, 61.00255]}, "properties": {"id": "trv-12727:120681-3:638244-0.2429", "country": "se", "source": "TRV", "updated": "2026-09-12", "name": "vägport 3.30 m", "type": "hauteur_limitee", "obstacle": "vägport", "hauteur_max_m": 3.3, "franchissable": true, "marge_cm": 10, "reference": "20-780-1", "vigilance": true}}, {"type": "Feature", "geometry": {"type": "Point", "coordinates": [17.07441, 61.25856]}, "properties": {"id": "trv-12731:67952-3:1161980-0.4940", "country": "se", "source": "TRV", "updated": "2026-09-12", "name": "övrigt hinder 3.30 m", "type": "hauteur_limitee", "obstacle": "övrigt hinder", "hauteur_max_m": 3.3, "franchissable": true, "marge_cm": 10, "vigilance": true}}, {"type": "Feature", "geometry": {"type": "Point", "coordinates": [14.50796, 59.32455]}, "properties": {"id": "trv-16590:75049-16590:69471-0.3404", "country": "se", "source": "TRV", "updated": "2026-09-12", "name": "bro 3.30 m", "type": "hauteur_limitee", "obstacle": "bro", "hauteur_max_m": 3.3, "franchissable": true, "marge_cm": 10, "reference": "18-637", "vigilance": true}}, {"type": "Feature", "geometry": {"type": "Point", "coordinates": [20.35226, 63.80245]}, "properties": {"id": "trv-13632:8796-20656:2870306-0.6137", "country": "se", "source": "TRV", "updated": "2026-09-12", "name": "vägport 3.30 m", "type": "hauteur_limitee", "obstacle": "vägport", "hauteur_max_m": 3.3, "franchissable": true, "marge_cm": 10, "reference": "2480-140-1", "vigilance": true}}, {"type": "Feature", "geometry": {"type": "Point", "coordinates": [18.06148, 59.33004]}, "properties": {"id": "trv-16972:371-12592:10413-0.1399", "country": "se", "source": "TRV", "updated": "2026-09-12", "name": "vägport 3.30 m", "type": "hauteur_limitee", "obstacle": "vägport", "hauteur_max_m": 3.3, "franchissable": true, "marge_cm": 10, "vigilance": true}}, {"type": "Feature", "geometry": {"type": "Point", "coordinates": [17.15237, 60.67477]}, "properties": {"id": "trv-12737:52589-3:1177465-0.3191", "country": "se", "source": "TRV", "updated": "2026-09-12", "name": "vägport 3.30 m", "type": "hauteur_limitee", "obstacle": "vägport", "hauteur_max_m": 3.3, "franchissable": true, "marge_cm": 10, "reference": "Järnvägsbro över S.", "vigilance": true}}, {"type": "Feature", "geometry": {"type": "Point", "coordinates": [17.63563, 59.87883]}, "properties": {"id": "trv-19323:1799-19323:1788-0.5041", "country": "se", "source": "TRV", "updated": "2026-09-12", "name": "vägport 3.30 m", "type": "hauteur_limitee", "obstacle": "vägport", "hauteur_max_m": 3.3, "franchissable": true, "marge_cm": 10, "reference": "3-334-1", "vigilance": true}}, {"type": "Feature", "geometry": {"type": "Point", "coordinates": [20.29182, 63.85102]}, "properties": {"id": "trv-11159:232981-12726:148192-0.1267", "country": "se", "source": "TRV", "updated": "2026-09-12", "name": "vägport 3.30 m", "type": "hauteur_limitee", "obstacle": "vägport", "hauteur_max_m": 3.3, "franchissable": true, "marge_cm": 10, "reference": "24-1943-1", "vigilance": true}}, {"type": "Feature", "geometry": {"type": "Point", "coordinates": [12.22686, 57.23065]}, "properties": {"id": "trv-13155:6597-1000:32410-0.8229", "country": "se", "source": "TRV", "updated": "2026-09-12", "occurrences": 2, "name": "vägport 3.30 m", "type": "hauteur_limitee", "obstacle": "vägport", "hauteur_max_m": 3.3, "franchissable": true, "marge_cm": 10, "vigilance": true}}, {"type": "Feature", "geometry": {"type": "Point", "coordinates": [17.96888, 60.00903]}, "properties": {"id": "trv-11154:392449-11154:390806-0.4856", "country": "se", "source": "TRV", "updated": "2026-09-12", "name": "vägport 3.30 m", "type": "hauteur_limitee", "obstacle": "vägport", "hauteur_max_m": 3.3, "franchissable": true, "marge_cm": 10, "reference": "3-1411-1", "vigilance": true}}, {"type": "Feature", "geometry": {"type": "Point", "coordinates": [18.14253, 59.1997]}, "properties": {"id": "trv-22121:549493-3:1100119-0.7437", "country": "se", "source": "TRV", "updated": "2026-09-12", "name": "bro 3.30 m", "type": "hauteur_limitee", "obstacle": "bro", "hauteur_max_m": 3.3, "franchissable": true, "marge_cm": 10, "vigilance": true}}, {"type": "Feature", "geometry": {"type": "Point", "coordinates": [14.03493, 57.19668]}, "properties": {"id": "trv-14124:216-3:119933-0.0602", "country": "se", "source": "TRV", "updated": "2026-09-12", "name": "vägport 3.30 m", "type": "hauteur_limitee", "obstacle": "vägport", "hauteur_max_m": 3.3, "franchissable": true, "marge_cm": 10, "vigilance": true}}, {"type": "Feature", "geometry": {"type": "Point", "coordinates": [15.52057, 59.331]}, "properties": {"id": "trv-16651:12415-3:478295-0.8037", "country": "se", "source": "TRV", "updated": "2026-09-12", "name": "vägport 3.30 m", "type": "hauteur_limitee", "obstacle": "vägport", "hauteur_max_m": 3.3, "franchissable": true, "marge_cm": 10, "vigilance": true}}, {"type": "Feature", "geometry": {"type": "Point", "coordinates": [16.17333, 61.72419]}, "properties": {"id": "trv-14125:39651-3:1140905-0.2993", "country": "se", "source": "TRV", "updated": "2026-09-12", "name": "vägport 3.30 m", "type": "hauteur_limitee", "obstacle": "vägport", "hauteur_max_m": 3.3, "franchissable": true, "marge_cm": 10, "reference": "Vägport under järnväg.", "vigilance": true}}, {"type": "Feature", "geometry": {"type": "Point", "coordinates": [20.3402, 63.84493]}, "properties": {"id": "trv-20661:351277-20656:2878611-0.5203", "country": "se", "source": "TRV", "updated": "2026-09-12", "name": "bro 3.30 m", "type": "hauteur_limitee", "obstacle": "bro", "hauteur_max_m": 3.3, "franchissable": true, "marge_cm": 10, "reference": "24-1926-1 Bro över anslutningsväg vid Marieberg i Umeå", "vigilance": true}}, {"type": "Feature", "geometry": {"type": "Point", "coordinates": [13.55475, 58.15162]}, "properties": {"id": "trv-16184:424204-12736:94980-0.1702", "country": "se", "source": "TRV", "updated": "2026-09-12", "name": "bro 3.30 m", "type": "hauteur_limitee", "obstacle": "bro", "hauteur_max_m": 3.3, "franchissable": true, "marge_cm": 10, "vigilance": true}}, {"type": "Feature", "geometry": {"type": "Point", "coordinates": [16.26978, 56.65817]}, "properties": {"id": "trv-19381:48177-19308:3802-0.4884", "country": "se", "source": "TRV", "updated": "2026-09-12", "name": "vägport 3.30 m", "type": "hauteur_limitee", "obstacle": "vägport", "hauteur_max_m": 3.3, "franchissable": true, "marge_cm": 10, "vigilance": true}}, {"type": "Feature", "geometry": {"type": "Point", "coordinates": [13.55375, 58.16028]}, "properties": {"id": "trv-19911:21249-12727:2451-0.1458", "country": "se", "source": "TRV", "updated": "2026-09-12", "name": "övrigt hinder 3.30 m", "type": "hauteur_limitee", "obstacle": "övrigt hinder", "hauteur_max_m": 3.3, "franchissable": true, "marge_cm": 10, "vigilance": true}}, {"type": "Feature", "geometry": {"type": "Point", "coordinates": [17.92605, 59.38834]}, "properties": {"id": "trv-19194:2365175-12726:42608-0.5582", "country": "se", "source": "TRV", "updated": "2026-09-12", "name": "vägport 3.30 m", "type": "hauteur_limitee", "obstacle": "vägport", "hauteur_max_m": 3.3, "franchissable": true, "marge_cm": 10, "vigilance": true}}, {"type": "Feature", "geometry": {"type": "Point", "coordinates": [17.08431, 60.69337]}, "properties": {"id": "trv-24216:164-3:1191438-0.2069", "country": "se", "source": "TRV", "updated": "2026-09-12", "occurrences": 2, "name": "vägport 3.30 m", "type": "hauteur_limitee", "obstacle": "vägport", "hauteur_max_m": 3.3, "franchissable": true, "marge_cm": 10, "reference": "21-840-1", "vigilance": true}}, {"type": "Feature", "geometry": {"type": "Point", "coordinates": [17.08447, 60.69337]}, "properties": {"id": "trv-24216:164-3:1191438-0.1999", "country": "se", "source": "TRV", "updated": "2026-09-12", "occurrences": 2, "name": "vägport 3.30 m", "type": "hauteur_limitee", "obstacle": "vägport", "hauteur_max_m": 3.3, "franchissable": true, "marge_cm": 10, "reference": "21-840-1", "vigilance": true}}, {"type": "Feature", "geometry": {"type": "Point", "coordinates": [20.24392, 63.83986]}, "properties": {"id": "trv-11159:232985-12726:148172-0.8120", "country": "se", "source": "TRV", "updated": "2026-09-12", "name": "vägport 3.30 m", "type": "hauteur_limitee", "obstacle": "vägport", "hauteur_max_m": 3.3, "franchissable": true, "marge_cm": 10, "reference": "3500-14666-1", "vigilance": true}}, {"type": "Feature", "geometry": {"type": "Point", "coordinates": [14.35423, 55.55457]}, "properties": {"id": "trv-14595:13966-3:1582614-0.3571", "country": "se", "source": "TRV", "updated": "2026-09-12", "name": "vägport 3.30 m", "type": "hauteur_limitee", "obstacle": "vägport", "hauteur_max_m": 3.3, "franchissable": true, "marge_cm": 10, "vigilance": true}}, {"type": "Feature", "geometry": {"type": "Point", "coordinates": [20.25965, 63.8253]}, "properties": {"id": "trv-20661:396321-20661:91369-0.1018", "country": "se", "source": "TRV", "updated": "2026-09-12", "name": "övrigt hinder 3.30 m", "type": "hauteur_limitee", "obstacle": "övrigt hinder", "hauteur_max_m": 3.3, "franchissable": true, "marge_cm": 10, "vigilance": true}}, {"type": "Feature", "geometry": {"type": "Point", "coordinates": [16.54256, 59.62732]}, "properties": {"id": "trv-14405:37499-3:21622-0.5448", "country": "se", "source": "TRV", "updated": "2026-09-12", "name": "vägport 3.30 m", "type": "hauteur_limitee", "obstacle": "vägport", "hauteur_max_m": 3.3, "franchissable": true, "marge_cm": 10, "vigilance": true}}, {"type": "Feature", "geometry": {"type": "Point", "coordinates": [14.58621, 57.15556]}, "properties": {"id": "trv-12468:5629-3:172903-0.6369", "country": "se", "source": "TRV", "updated": "2026-09-12", "name": "vägport 3.30 m", "type": "hauteur_limitee", "obstacle": "vägport", "hauteur_max_m": 3.3, "franchissable": true, "marge_cm": 10, "vigilance": true}}, {"type": "Feature", "geometry": {"type": "Point", "coordinates": [18.19682, 59.23054]}, "properties": {"id": "trv-22121:794093-22126:463763-0.0978", "country": "se", "source": "TRV", "updated": "2026-09-12", "name": "vägport 3.38 m", "type": "hauteur_limitee", "obstacle": "vägport", "hauteur_max_m": 3.38, "franchissable": true, "marge_cm": 18, "vigilance": true}}, {"type": "Feature", "geometry": {"type": "Point", "coordinates": [13.60327, 56.15971]}, "properties": {"id": "trv-10848:20811-1000:15114-0.1373", "country": "se", "source": "TRV", "updated": "2026-09-12", "name": "vägport 3.40 m", "type": "hauteur_limitee", "obstacle": "vägport", "hauteur_max_m": 3.4, "franchissable": true, "marge_cm": 20, "vigilance": true}}, {"type": "Feature", "geometry": {"type": "Point", "coordinates": [12.65585, 56.10762]}, "properties": {"id": "trv-11784:15834-3:1599381-0.7609", "country": "se", "source": "TRV", "updated": "2026-09-12", "name": "vägport 3.40 m", "type": "hauteur_limitee", "obstacle": "vägport", "hauteur_max_m": 3.4, "franchissable": true, "marge_cm": 20, "vigilance": true}}, {"type": "Feature", "geometry": {"type": "Point", "coordinates": [12.03354, 57.72317]}, "properties": {"id": "trv-11154:424648-3:1355817-0.4341", "country": "se", "source": "TRV", "updated": "2026-09-12", "name": "vägport 3.40 m", "type": "hauteur_limitee", "obstacle": "vägport", "hauteur_max_m": 3.4, "franchissable": true, "marge_cm": 20, "vigilance": true}}, {"type": "Feature", "geometry": {"type": "Point", "coordinates": [13.31819, 58.52779]}, "properties": {"id": "trv-11158:261866-3:1240767-0.7837", "country": "se", "source": "TRV", "updated": "2026-09-12", "name": "vägport 3.40 m", "type": "hauteur_limitee", "obstacle": "vägport", "hauteur_max_m": 3.4, "franchissable": true, "marge_cm": 20, "reference": "3500-3156-1", "vigilance": true}}, {"type": "Feature", "geometry": {"type": "Point", "coordinates": [12.76214, 55.99819]}, "properties": {"id": "trv-11784:15842-3:1532487-0.2823", "country": "se", "source": "TRV", "updated": "2026-09-12", "name": "bro 3.40 m", "type": "hauteur_limitee", "obstacle": "bro", "hauteur_max_m": 3.4, "franchissable": true, "marge_cm": 20, "vigilance": true}}, {"type": "Feature", "geometry": {"type": "Point", "coordinates": [12.29213, 58.27463]}, "properties": {"id": "trv-12736:64899-12736:52676-0.6702", "country": "se", "source": "TRV", "updated": "2026-09-12", "name": "vägport 3.40 m", "type": "hauteur_limitee", "obstacle": "vägport", "hauteur_max_m": 3.4, "franchissable": true, "marge_cm": 20, "vigilance": true}}, {"type": "Feature", "geometry": {"type": "Point", "coordinates": [18.04744, 59.39292]}, "properties": {"id": "trv-14436:44228-3:1097987-0.5523", "country": "se", "source": "TRV", "updated": "2026-09-12", "occurrences": 2, "name": "vägport 3.40 m", "type": "hauteur_limitee", "obstacle": "vägport", "hauteur_max_m": 3.4, "franchissable": true, "marge_cm": 20, "reference": "Okänt", "vigilance": true}}, {"type": "Feature", "geometry": {"type": "Point", "coordinates": [17.90515, 59.39275]}, "properties": {"id": "trv-16348:1026-12726:42722-0.6342", "country": "se", "source": "TRV", "updated": "2026-09-12", "name": "vägport 3.40 m", "type": "hauteur_limitee", "obstacle": "vägport", "hauteur_max_m": 3.4, "franchissable": true, "marge_cm": 20, "vigilance": true}}, {"type": "Feature", "geometry": {"type": "Point", "coordinates": [18.03342, 59.33943]}, "properties": {"id": "trv-16972:399-13159:126959-0.9164", "country": "se", "source": "TRV", "updated": "2026-09-12", "name": "vägport 3.40 m", "type": "hauteur_limitee", "obstacle": "vägport", "hauteur_max_m": 3.4, "franchissable": true, "marge_cm": 20, "vigilance": true}}, {"type": "Feature", "geometry": {"type": "Point", "coordinates": [18.06754, 59.27782]}, "properties": {"id": "trv-19194:2005661-19194:2005627-0.3113", "country": "se", "source": "TRV", "updated": "2026-09-12", "occurrences": 2, "name": "vägport 3.40 m", "type": "hauteur_limitee", "obstacle": "vägport", "hauteur_max_m": 3.4, "franchissable": true, "marge_cm": 20, "vigilance": true}}, {"type": "Feature", "geometry": {"type": "Point", "coordinates": [18.06774, 59.27794]}, "properties": {"id": "trv-19194:2005661-19194:2005627-0.7851", "country": "se", "source": "TRV", "updated": "2026-09-12", "occurrences": 2, "name": "vägport 3.40 m", "type": "hauteur_limitee", "obstacle": "vägport", "hauteur_max_m": 3.4, "franchissable": true, "marge_cm": 20, "vigilance": true}}, {"type": "Feature", "geometry": {"type": "Point", "coordinates": [12.76415, 55.99725]}, "properties": {"id": "trv-11785:20025-3:1532505-0.7041", "country": "se", "source": "TRV", "updated": "2026-09-12", "name": "bro 3.40 m", "type": "hauteur_limitee", "obstacle": "bro", "hauteur_max_m": 3.4, "franchissable": true, "marge_cm": 20, "vigilance": true}}, {"type": "Feature", "geometry": {"type": "Point", "coordinates": [15.78076, 58.436]}, "properties": {"id": "trv-12796:36887-1000:60825-0.6142", "country": "se", "source": "TRV", "updated": "2026-09-12", "name": "vägport 3.40 m", "type": "hauteur_limitee", "obstacle": "vägport", "hauteur_max_m": 3.4, "franchissable": true, "marge_cm": 20, "reference": "VÄGPORT", "vigilance": true}}, {"type": "Feature", "geometry": {"type": "Point", "coordinates": [14.8127, 57.83881]}, "properties": {"id": "trv-12797:6197-1000:48975-0.2424", "country": "se", "source": "TRV", "updated": "2026-09-12", "name": "vägport 3.40 m", "type": "hauteur_limitee", "obstacle": "vägport", "hauteur_max_m": 3.4, "franchissable": true, "marge_cm": 20, "reference": "F  217", "vigilance": true}}, {"type": "Feature", "geometry": {"type": "Point", "coordinates": [16.44029, 64.25633]}, "properties": {"id": "trv-14129:16191-3:980082-0.6415", "country": "se", "source": "TRV", "updated": "2026-09-12", "name": "vägport 3.40 m", "type": "hauteur_limitee", "obstacle": "vägport", "hauteur_max_m": 3.4, "franchissable": true, "marge_cm": 20, "reference": "Vägport under järnväg.", "vigilance": true}}, {"type": "Feature", "geometry": {"type": "Point", "coordinates": [11.91917, 57.68459]}, "properties": {"id": "trv-14438:102920-3:1366327-0.4816", "country": "se", "source": "TRV", "updated": "2026-09-12", "name": "vägport 3.40 m", "type": "hauteur_limitee", "obstacle": "vägport", "hauteur_max_m": 3.4, "franchissable": true, "marge_cm": 20, "vigilance": true}}, {"type": "Feature", "geometry": {"type": "Point", "coordinates": [17.89323, 59.39565]}, "properties": {"id": "trv-16972:577-12726:42932-0.3499", "country": "se", "source": "TRV", "updated": "2026-09-12", "occurrences": 3, "name": "vägport 3.40 m", "type": "hauteur_limitee", "obstacle": "vägport", "hauteur_max_m": 3.4, "franchissable": true, "marge_cm": 20, "vigilance": true}}, {"type": "Feature", "geometry": {"type": "Point", "coordinates": [20.25218, 63.82158]}, "properties": {"id": "trv-20661:303811-20661:279622-0.7556", "country": "se", "source": "TRV", "updated": "2026-09-12", "occurrences": 3, "name": "bro 3.40 m", "type": "hauteur_limitee", "obstacle": "bro", "hauteur_max_m": 3.4, "franchissable": true, "marge_cm": 20, "reference": "24-1366-1", "vigilance": true}}, {"type": "Feature", "geometry": {"type": "Point", "coordinates": [14.10181, 57.8156]}, "properties": {"id": "trv-12797:6189-1000:46958-0.8681", "country": "se", "source": "TRV", "updated": "2026-09-12", "name": "vägport 3.40 m", "type": "hauteur_limitee", "obstacle": "vägport", "hauteur_max_m": 3.4, "franchissable": true, "marge_cm": 20, "reference": "6-803-1", "vigilance": true}}, {"type": "Feature", "geometry": {"type": "Point", "coordinates": [12.28719, 58.27681]}, "properties": {"id": "trv-12736:64905-12736:52763-0.9509", "country": "se", "source": "TRV", "updated": "2026-09-12", "name": "vägport 3.40 m", "type": "hauteur_limitee", "obstacle": "vägport", "hauteur_max_m": 3.4, "franchissable": true, "marge_cm": 20, "vigilance": true}}, {"type": "Feature", "geometry": {"type": "Point", "coordinates": [17.5032, 59.58147]}, "properties": {"id": "trv-14116:381404-3:168752-0.4845", "country": "se", "source": "TRV", "updated": "2026-09-12", "occurrences": 2, "name": "vägport 3.40 m", "type": "hauteur_limitee", "obstacle": "vägport", "hauteur_max_m": 3.4, "franchissable": true, "marge_cm": 20, "vigilance": true}}, {"type": "Feature", "geometry": {"type": "Point", "coordinates": [13.16712, 55.66996]}, "properties": {"id": "trv-12796:33728-1000:3711-0.4424", "country": "se", "source": "TRV", "updated": "2026-09-12", "name": "vägport 3.40 m", "type": "hauteur_limitee", "obstacle": "vägport", "hauteur_max_m": 3.4, "franchissable": true, "marge_cm": 20, "reference": "12-412", "vigilance": true}}, {"type": "Feature", "geometry": {"type": "Point", "coordinates": [14.81281, 57.83882]}, "properties": {"id": "trv-14116:235629-1000:48975-0.2582", "country": "se", "source": "TRV", "updated": "2026-09-12", "name": "vägport 3.40 m", "type": "hauteur_limitee", "obstacle": "vägport", "hauteur_max_m": 3.4, "franchissable": true, "marge_cm": 20, "vigilance": true}}, {"type": "Feature", "geometry": {"type": "Point", "coordinates": [13.04478, 55.58765]}, "properties": {"id": "trv-14417:4325-16554:5076-0.0042", "country": "se", "source": "TRV", "updated": "2026-09-12", "name": "bro 3.40 m", "type": "hauteur_limitee", "obstacle": "bro", "hauteur_max_m": 3.4, "franchissable": true, "marge_cm": 20, "vigilance": true}}, {"type": "Feature", "geometry": {"type": "Point", "coordinates": [12.406, 58.35317]}, "properties": {"id": "trv-15835:2395-3:1267278-0.7218", "country": "se", "source": "TRV", "updated": "2026-09-12", "name": "vägport 3.40 m", "type": "hauteur_limitee", "obstacle": "vägport", "hauteur_max_m": 3.4, "franchissable": true, "marge_cm": 20, "vigilance": true}}, {"type": "Feature", "geometry": {"type": "Point", "coordinates": [17.90543, 59.3945]}, "properties": {"id": "trv-16972:657-12726:43538-0.2780", "country": "se", "source": "TRV", "updated": "2026-09-12", "occurrences": 2, "name": "vägport 3.40 m", "type": "hauteur_limitee", "obstacle": "vägport", "hauteur_max_m": 3.4, "franchissable": true, "marge_cm": 20, "vigilance": true}}, {"type": "Feature", "geometry": {"type": "Point", "coordinates": [17.90107, 59.39545]}, "properties": {"id": "trv-16972:657-12726:43554-0.5195", "country": "se", "source": "TRV", "updated": "2026-09-12", "occurrences": 2, "name": "vägport 3.40 m", "type": "hauteur_limitee", "obstacle": "vägport", "hauteur_max_m": 3.4, "franchissable": true, "marge_cm": 20, "vigilance": true}}, {"type": "Feature", "geometry": {"type": "Point", "coordinates": [17.92356, 59.41463]}, "properties": {"id": "trv-17112:3232-12730:4206-0.0583", "country": "se", "source": "TRV", "updated": "2026-09-12", "name": "vägport 3.40 m", "type": "hauteur_limitee", "obstacle": "vägport", "hauteur_max_m": 3.4, "franchissable": true, "marge_cm": 20, "vigilance": true}}, {"type": "Feature", "geometry": {"type": "Point", "coordinates": [21.50448, 65.30755]}, "properties": {"id": "trv-14441:557-3:1600274-0.7038", "country": "se", "source": "TRV", "updated": "2026-09-12", "name": "vägport 3.40 m", "type": "hauteur_limitee", "obstacle": "vägport", "hauteur_max_m": 3.4, "franchissable": true, "marge_cm": 20, "vigilance": true}}, {"type": "Feature", "geometry": {"type": "Point", "coordinates": [11.58248, 58.52752]}, "properties": {"id": "trv-12794:66233-1000:53092-0.7799", "country": "se", "source": "TRV", "updated": "2026-09-12", "name": "vägport 3.40 m", "type": "hauteur_limitee", "obstacle": "vägport", "hauteur_max_m": 3.4, "franchissable": true, "marge_cm": 20, "reference": "O  411", "vigilance": true}}, {"type": "Feature", "geometry": {"type": "Point", "coordinates": [20.14413, 63.8365]}, "properties": {"id": "trv-10085:189755-10085:188991-0.1147", "country": "se", "source": "TRV", "updated": "2026-09-12", "name": "vägport 3.40 m", "type": "hauteur_limitee", "obstacle": "vägport", "hauteur_max_m": 3.4, "franchissable": true, "marge_cm": 20, "reference": "100-1996-1", "vigilance": true}}, {"type": "Feature", "geometry": {"type": "Point", "coordinates": [13.99329, 56.37883]}, "properties": {"id": "trv-11565:2712-1000:21971-0.6626", "country": "se", "source": "TRV", "updated": "2026-09-12", "name": "vägport 3.40 m", "type": "hauteur_limitee", "obstacle": "vägport", "hauteur_max_m": 3.4, "franchissable": true, "marge_cm": 20, "vigilance": true}}, {"type": "Feature", "geometry": {"type": "Point", "coordinates": [14.10164, 57.78849]}, "properties": {"id": "trv-12797:6185-1000:47195-0.8175", "country": "se", "source": "TRV", "updated": "2026-09-12", "name": "vägport 3.40 m", "type": "hauteur_limitee", "obstacle": "vägport", "hauteur_max_m": 3.4, "franchissable": true, "marge_cm": 20, "reference": "6-801-1", "vigilance": true}}, {"type": "Feature", "geometry": {"type": "Point", "coordinates": [13.046, 55.58394]}, "properties": {"id": "trv-14417:4301-16518:2991-0.1070", "country": "se", "source": "TRV", "updated": "2026-09-12", "name": "bro 3.40 m", "type": "hauteur_limitee", "obstacle": "bro", "hauteur_max_m": 3.4, "franchissable": true, "marge_cm": 20, "vigilance": true}}, {"type": "Feature", "geometry": {"type": "Point", "coordinates": [18.04754, 59.3929]}, "properties": {"id": "trv-14436:44228-3:1097987-0.5010", "country": "se", "source": "TRV", "updated": "2026-09-12", "occurrences": 2, "name": "vägport 3.40 m", "type": "hauteur_limitee", "obstacle": "vägport", "hauteur_max_m": 3.4, "franchissable": true, "marge_cm": 20, "reference": "Okänt", "vigilance": true}}, {"type": "Feature", "geometry": {"type": "Point", "coordinates": [15.23561, 59.29601]}, "properties": {"id": "trv-14850:32944-3:478311-0.4154", "country": "se", "source": "TRV", "updated": "2026-09-12", "occurrences": 2, "name": "vägport 3.40 m", "type": "hauteur_limitee", "obstacle": "vägport", "hauteur_max_m": 3.4, "franchissable": true, "marge_cm": 20, "vigilance": true}}, {"type": "Feature", "geometry": {"type": "Point", "coordinates": [17.90737, 59.39513]}, "properties": {"id": "trv-16348:1010-12726:42016-0.5777", "country": "se", "source": "TRV", "updated": "2026-09-12", "name": "vägport 3.40 m", "type": "hauteur_limitee", "obstacle": "vägport", "hauteur_max_m": 3.4, "franchissable": true, "marge_cm": 20, "vigilance": true}}, {"type": "Feature", "geometry": {"type": "Point", "coordinates": [17.90578, 59.39348]}, "properties": {"id": "trv-16348:1014-12726:42714-0.3464", "country": "se", "source": "TRV", "updated": "2026-09-12", "name": "vägport 3.40 m", "type": "hauteur_limitee", "obstacle": "vägport", "hauteur_max_m": 3.4, "franchissable": true, "marge_cm": 20, "vigilance": true}}, {"type": "Feature", "geometry": {"type": "Point", "coordinates": [12.02186, 57.76984]}, "properties": {"id": "trv-16452:1093-3:1346332-0.8757", "country": "se", "source": "TRV", "updated": "2026-09-12", "name": "vägport 3.40 m", "type": "hauteur_limitee", "obstacle": "vägport", "hauteur_max_m": 3.4, "franchissable": true, "marge_cm": 20, "vigilance": true}}, {"type": "Feature", "geometry": {"type": "Point", "coordinates": [11.9333, 57.67686]}, "properties": {"id": "trv-11159:7900-3:1404381-0.4640", "country": "se", "source": "TRV", "updated": "2026-09-12", "name": "vägport 3.40 m", "type": "hauteur_limitee", "obstacle": "vägport", "hauteur_max_m": 3.4, "franchissable": true, "marge_cm": 20, "vigilance": true}}, {"type": "Feature", "geometry": {"type": "Point", "coordinates": [12.18967, 59.13776]}, "properties": {"id": "trv-12732:234808-3:1193298-0.1464", "country": "se", "source": "TRV", "updated": "2026-09-12", "name": "vägport 3.40 m", "type": "hauteur_limitee", "obstacle": "vägport", "hauteur_max_m": 3.4, "franchissable": true, "marge_cm": 20, "vigilance": true}}, {"type": "Feature", "geometry": {"type": "Point", "coordinates": [13.04603, 55.58441]}, "properties": {"id": "trv-14417:4305-16518:2973-1.0000", "country": "se", "source": "TRV", "updated": "2026-09-12", "name": "bro 3.40 m", "type": "hauteur_limitee", "obstacle": "bro", "hauteur_max_m": 3.4, "franchissable": true, "marge_cm": 20, "vigilance": true}}, {"type": "Feature", "geometry": {"type": "Point", "coordinates": [13.43729, 58.62988]}, "properties": {"id": "trv-14438:74800-3:1228757-0.2395", "country": "se", "source": "TRV", "updated": "2026-09-12", "name": "vägport 3.40 m", "type": "hauteur_limitee", "obstacle": "vägport", "hauteur_max_m": 3.4, "franchissable": true, "marge_cm": 20, "vigilance": true}}, {"type": "Feature", "geometry": {"type": "Point", "coordinates": [17.90454, 59.39472]}, "properties": {"id": "trv-19194:2000620-12726:43538-0.5137", "country": "se", "source": "TRV", "updated": "2026-09-12", "occurrences": 2, "name": "vägport 3.40 m", "type": "hauteur_limitee", "obstacle": "vägport", "hauteur_max_m": 3.4, "franchissable": true, "marge_cm": 20, "vigilance": true}}, {"type": "Feature", "geometry": {"type": "Point", "coordinates": [17.50312, 59.58138]}, "properties": {"id": "trv-14116:381404-3:168752-0.5528", "country": "se", "source": "TRV", "updated": "2026-09-12", "occurrences": 2, "name": "vägport 3.40 m", "type": "hauteur_limitee", "obstacle": "vägport", "hauteur_max_m": 3.4, "franchissable": true, "marge_cm": 20, "vigilance": true}}, {"type": "Feature", "geometry": {"type": "Point", "coordinates": [14.26975, 57.79571]}, "properties": {"id": "trv-14118:165467-3:66257-0.5192", "country": "se", "source": "TRV", "updated": "2026-09-12", "name": "bro 3.40 m", "type": "hauteur_limitee", "obstacle": "bro", "hauteur_max_m": 3.4, "franchissable": true, "marge_cm": 20, "vigilance": true}}, {"type": "Feature", "geometry": {"type": "Point", "coordinates": [18.06944, 59.31063]}, "properties": {"id": "trv-16972:496-13212:27552-0.1049", "country": "se", "source": "TRV", "updated": "2026-09-12", "name": "vägport 3.40 m", "type": "hauteur_limitee", "obstacle": "vägport", "hauteur_max_m": 3.4, "franchissable": true, "marge_cm": 20, "vigilance": true}}, {"type": "Feature", "geometry": {"type": "Point", "coordinates": [16.78977, 60.62515]}, "properties": {"id": "trv-14119:37309-3:1191415-0.7433", "country": "se", "source": "TRV", "updated": "2026-09-12", "name": "vägport 3.40 m", "type": "hauteur_limitee", "obstacle": "vägport", "hauteur_max_m": 3.4, "franchissable": true, "marge_cm": 20, "reference": "Under Gävlevägen", "vigilance": true}}, {"type": "Feature", "geometry": {"type": "Point", "coordinates": [16.76806, 60.61724]}, "properties": {"id": "trv-16495:36053-16523:223257-0.9540", "country": "se", "source": "TRV", "updated": "2026-09-12", "name": "övrigt hinder 3.40 m", "type": "hauteur_limitee", "obstacle": "övrigt hinder", "hauteur_max_m": 3.4, "franchissable": true, "marge_cm": 20, "vigilance": true}}, {"type": "Feature", "geometry": {"type": "Point", "coordinates": [12.3948, 57.82942]}, "properties": {"id": "trv-16716:21276-16716:21248-0.2951", "country": "se", "source": "TRV", "updated": "2026-09-12", "occurrences": 2, "name": "tunnel 3.40 m", "type": "hauteur_limitee", "obstacle": "tunnel", "hauteur_max_m": 3.4, "franchissable": true, "marge_cm": 20, "vigilance": true}}, {"type": "Feature", "geometry": {"type": "Point", "coordinates": [17.90559, 59.39305]}, "properties": {"id": "trv-19194:2487969-3:1099584-0.1050", "country": "se", "source": "TRV", "updated": "2026-09-12", "name": "vägport 3.40 m", "type": "hauteur_limitee", "obstacle": "vägport", "hauteur_max_m": 3.4, "franchissable": true, "marge_cm": 20, "vigilance": true}}, {"type": "Feature", "geometry": {"type": "Point", "coordinates": [13.91846, 56.1043]}, "properties": {"id": "trv-23979:1095-1000:13975-0.6052", "country": "se", "source": "TRV", "updated": "2026-09-12", "name": "vägport 3.40 m", "type": "hauteur_limitee", "obstacle": "vägport", "hauteur_max_m": 3.4, "franchissable": true, "marge_cm": 20, "vigilance": true}}, {"type": "Feature", "geometry": {"type": "Point", "coordinates": [12.2937, 58.27504]}, "properties": {"id": "trv-12736:64895-12736:52670-0.8754", "country": "se", "source": "TRV", "updated": "2026-09-12", "name": "vägport 3.40 m", "type": "hauteur_limitee", "obstacle": "vägport", "hauteur_max_m": 3.4, "franchissable": true, "marge_cm": 20, "vigilance": true}}, {"type": "Feature", "geometry": {"type": "Point", "coordinates": [12.29244, 58.27469]}, "properties": {"id": "trv-12736:64897-12736:52670-0.1403", "country": "se", "source": "TRV", "updated": "2026-09-12", "name": "vägport 3.40 m", "type": "hauteur_limitee", "obstacle": "vägport", "hauteur_max_m": 3.4, "franchissable": true, "marge_cm": 20, "vigilance": true}}, {"type": "Feature", "geometry": {"type": "Point", "coordinates": [15.82426, 62.52923]}, "properties": {"id": "trv-12750:385-12727:322383-0.3074", "country": "se", "source": "TRV", "updated": "2026-09-12", "name": "vägport 3.40 m", "type": "hauteur_limitee", "obstacle": "vägport", "hauteur_max_m": 3.4, "franchissable": true, "marge_cm": 20, "reference": "100-283-1", "vigilance": true}}, {"type": "Feature", "geometry": {"type": "Point", "coordinates": [13.04268, 55.58548]}, "properties": {"id": "trv-14417:4289-16518:2205-0.7169", "country": "se", "source": "TRV", "updated": "2026-09-12", "name": "bro 3.40 m", "type": "hauteur_limitee", "obstacle": "bro", "hauteur_max_m": 3.4, "franchissable": true, "marge_cm": 20, "vigilance": true}}, {"type": "Feature", "geometry": {"type": "Point", "coordinates": [13.04346, 55.58477]}, "properties": {"id": "trv-14417:4293-16518:1783-0.3326", "country": "se", "source": "TRV", "updated": "2026-09-12", "name": "bro 3.40 m", "type": "hauteur_limitee", "obstacle": "bro", "hauteur_max_m": 3.4, "franchissable": true, "marge_cm": 20, "vigilance": true}}, {"type": "Feature", "geometry": {"type": "Point", "coordinates": [18.03748, 59.31516]}, "properties": {"id": "trv-19194:2008842-19194:2008601-0.0090", "country": "se", "source": "TRV", "updated": "2026-09-12", "occurrences": 2, "name": "vägport 3.40 m", "type": "hauteur_limitee", "obstacle": "vägport", "hauteur_max_m": 3.4, "franchissable": true, "marge_cm": 20, "vigilance": true}}, {"type": "Feature", "geometry": {"type": "Point", "coordinates": [13.04819, 55.58655]}, "properties": {"id": "trv-11157:197930-16554:4097-0.2726", "country": "se", "source": "TRV", "updated": "2026-09-12", "name": "bro 3.40 m", "type": "hauteur_limitee", "obstacle": "bro", "hauteur_max_m": 3.4, "franchissable": true, "marge_cm": 20, "vigilance": true}}, {"type": "Feature", "geometry": {"type": "Point", "coordinates": [13.05192, 55.58603]}, "properties": {"id": "trv-11157:197932-11157:195288-0.6971", "country": "se", "source": "TRV", "updated": "2026-09-12", "name": "bro 3.40 m", "type": "hauteur_limitee", "obstacle": "bro", "hauteur_max_m": 3.4, "franchissable": true, "marge_cm": 20, "vigilance": true}}, {"type": "Feature", "geometry": {"type": "Point", "coordinates": [13.04697, 55.58762]}, "properties": {"id": "trv-11157:197936-11157:194521-0.1710", "country": "se", "source": "TRV", "updated": "2026-09-12", "name": "bro 3.40 m", "type": "hauteur_limitee", "obstacle": "bro", "hauteur_max_m": 3.4, "franchissable": true, "marge_cm": 20, "vigilance": true}}, {"type": "Feature", "geometry": {"type": "Point", "coordinates": [12.29141, 58.27455]}, "properties": {"id": "trv-12736:64901-12736:52682-0.2619", "country": "se", "source": "TRV", "updated": "2026-09-12", "name": "vägport 3.40 m", "type": "hauteur_limitee", "obstacle": "vägport", "hauteur_max_m": 3.4, "franchissable": true, "marge_cm": 20, "vigilance": true}}, {"type": "Feature", "geometry": {"type": "Point", "coordinates": [14.53808, 58.97325]}, "properties": {"id": "trv-14116:453442-3:471341-0.5086", "country": "se", "source": "TRV", "updated": "2026-09-12", "name": "vägport 3.40 m", "type": "hauteur_limitee", "obstacle": "vägport", "hauteur_max_m": 3.4, "franchissable": true, "marge_cm": 20, "reference": "3500-588-1", "vigilance": true}}, {"type": "Feature", "geometry": {"type": "Point", "coordinates": [13.8466, 58.38334]}, "properties": {"id": "trv-16585:140982-3:1267384-0.3405", "country": "se", "source": "TRV", "updated": "2026-09-12", "name": "vägport 3.40 m", "type": "hauteur_limitee", "obstacle": "vägport", "hauteur_max_m": 3.4, "franchissable": true, "marge_cm": 20, "reference": "3500-4143-1", "vigilance": true}}, {"type": "Feature", "geometry": {"type": "Point", "coordinates": [13.0908, 55.63429]}, "properties": {"id": "trv-10849:13657-1000:2186-0.7349", "country": "se", "source": "TRV", "updated": "2026-09-12", "occurrences": 2, "name": "bro 3.40 m", "type": "hauteur_limitee", "obstacle": "bro", "hauteur_max_m": 3.4, "franchissable": true, "marge_cm": 20, "vigilance": true}}, {"type": "Feature", "geometry": {"type": "Point", "coordinates": [13.04958, 55.5861]}, "properties": {"id": "trv-11157:197928-11157:195286-0.7164", "country": "se", "source": "TRV", "updated": "2026-09-12", "name": "bro 3.40 m", "type": "hauteur_limitee", "obstacle": "bro", "hauteur_max_m": 3.4, "franchissable": true, "marge_cm": 20, "vigilance": true}}, {"type": "Feature", "geometry": {"type": "Point", "coordinates": [12.39487, 57.82931]}, "properties": {"id": "trv-16716:21276-16716:21248-0.8255", "country": "se", "source": "TRV", "updated": "2026-09-12", "occurrences": 2, "name": "tunnel 3.40 m", "type": "hauteur_limitee", "obstacle": "tunnel", "hauteur_max_m": 3.4, "franchissable": true, "marge_cm": 20, "vigilance": true}}, {"type": "Feature", "geometry": {"type": "Point", "coordinates": [13.08959, 63.39666]}, "properties": {"id": "trv-12284:56234-3:426243-0.5015", "country": "se", "source": "TRV", "updated": "2026-09-12", "name": "vägport 3.40 m", "type": "hauteur_limitee", "obstacle": "vägport", "hauteur_max_m": 3.4, "franchissable": true, "marge_cm": 20, "reference": "Vägport under E14", "vigilance": true}}, {"type": "Feature", "geometry": {"type": "Point", "coordinates": [13.04539, 55.5838]}, "properties": {"id": "trv-14417:4297-16518:3330-0.1632", "country": "se", "source": "TRV", "updated": "2026-09-12", "name": "bro 3.40 m", "type": "hauteur_limitee", "obstacle": "bro", "hauteur_max_m": 3.4, "franchissable": true, "marge_cm": 20, "vigilance": true}}, {"type": "Feature", "geometry": {"type": "Point", "coordinates": [19.81261, 63.91483]}, "properties": {"id": "trv-14845:19414-3:991364-0.4719", "country": "se", "source": "TRV", "updated": "2026-09-12", "name": "vägport 3.40 m", "type": "hauteur_limitee", "obstacle": "vägport", "hauteur_max_m": 3.4, "franchissable": true, "marge_cm": 20, "reference": "Vägport under järnväg", "vigilance": true}}, {"type": "Feature", "geometry": {"type": "Point", "coordinates": [11.93345, 57.67666]}, "properties": {"id": "trv-14438:102904-3:1404381-0.3941", "country": "se", "source": "TRV", "updated": "2026-09-12", "name": "vägport 3.40 m", "type": "hauteur_limitee", "obstacle": "vägport", "hauteur_max_m": 3.4, "franchissable": true, "marge_cm": 20, "vigilance": true}}, {"type": "Feature", "geometry": {"type": "Point", "coordinates": [15.45445, 59.49644]}, "properties": {"id": "trv-16445:7559-3:442499-0.1153", "country": "se", "source": "TRV", "updated": "2026-09-12", "name": "vägport 3.40 m", "type": "hauteur_limitee", "obstacle": "vägport", "hauteur_max_m": 3.4, "franchissable": true, "marge_cm": 20, "vigilance": true}}, {"type": "Feature", "geometry": {"type": "Point", "coordinates": [16.52444, 59.62241]}, "properties": {"id": "trv-14405:37523-13462:148823-0.1887", "country": "se", "source": "TRV", "updated": "2026-09-12", "occurrences": 2, "name": "vägport 3.40 m", "type": "hauteur_limitee", "obstacle": "vägport", "hauteur_max_m": 3.4, "franchissable": true, "marge_cm": 20, "vigilance": true}}, {"type": "Feature", "geometry": {"type": "Point", "coordinates": [16.52429, 59.62251]}, "properties": {"id": "trv-14405:37523-13462:148823-0.4340", "country": "se", "source": "TRV", "updated": "2026-09-12", "occurrences": 2, "name": "vägport 3.40 m", "type": "hauteur_limitee", "obstacle": "vägport", "hauteur_max_m": 3.4, "franchissable": true, "marge_cm": 20, "vigilance": true}}, {"type": "Feature", "geometry": {"type": "Point", "coordinates": [17.89356, 59.39656]}, "properties": {"id": "trv-16972:577-12726:42932-0.7497", "country": "se", "source": "TRV", "updated": "2026-09-12", "occurrences": 3, "name": "vägport 3.40 m", "type": "hauteur_limitee", "obstacle": "vägport", "hauteur_max_m": 3.4, "franchissable": true, "marge_cm": 20, "vigilance": true}}, {"type": "Feature", "geometry": {"type": "Point", "coordinates": [13.14461, 55.65926]}, "properties": {"id": "trv-12796:33716-1000:2259-0.1527", "country": "se", "source": "TRV", "updated": "2026-09-12", "name": "vägport 3.40 m", "type": "hauteur_limitee", "obstacle": "vägport", "hauteur_max_m": 3.4, "franchissable": true, "marge_cm": 20, "reference": "12-410", "vigilance": true}}, {"type": "Feature", "geometry": {"type": "Point", "coordinates": [14.85203, 57.98885]}, "properties": {"id": "trv-12797:6177-1000:49303-0.2830", "country": "se", "source": "TRV", "updated": "2026-09-12", "name": "vägport 3.40 m", "type": "hauteur_limitee", "obstacle": "vägport", "hauteur_max_m": 3.4, "franchissable": true, "marge_cm": 20, "reference": "3500-1164-1", "vigilance": true}}, {"type": "Feature", "geometry": {"type": "Point", "coordinates": [18.20968, 59.34979]}, "properties": {"id": "trv-14126:50142-3:1099683-0.4077", "country": "se", "source": "TRV", "updated": "2026-09-12", "name": "tunnel 3.40 m", "type": "hauteur_limitee", "obstacle": "tunnel", "hauteur_max_m": 3.4, "franchissable": true, "marge_cm": 20, "vigilance": true}}, {"type": "Feature", "geometry": {"type": "Point", "coordinates": [13.091, 55.63428]}, "properties": {"id": "trv-10849:13657-1000:2186-0.7441", "country": "se", "source": "TRV", "updated": "2026-09-12", "occurrences": 2, "name": "bro 3.40 m", "type": "hauteur_limitee", "obstacle": "bro", "hauteur_max_m": 3.4, "franchissable": true, "marge_cm": 20, "vigilance": true}}, {"type": "Feature", "geometry": {"type": "Point", "coordinates": [13.14475, 55.65922]}, "properties": {"id": "trv-12796:33718-1000:2259-0.1615", "country": "se", "source": "TRV", "updated": "2026-09-12", "name": "vägport 3.40 m", "type": "hauteur_limitee", "obstacle": "vägport", "hauteur_max_m": 3.4, "franchissable": true, "marge_cm": 20, "reference": "12-410", "vigilance": true}}, {"type": "Feature", "geometry": {"type": "Point", "coordinates": [14.96894, 58.03131]}, "properties": {"id": "trv-14115:354611-3:53653-0.5844", "country": "se", "source": "TRV", "updated": "2026-09-12", "name": "vägport 3.40 m", "type": "hauteur_limitee", "obstacle": "vägport", "hauteur_max_m": 3.4, "franchissable": true, "marge_cm": 20, "vigilance": true}}, {"type": "Feature", "geometry": {"type": "Point", "coordinates": [17.90864, 59.39637]}, "properties": {"id": "trv-16348:1006-12726:42796-0.5383", "country": "se", "source": "TRV", "updated": "2026-09-12", "name": "vägport 3.40 m", "type": "hauteur_limitee", "obstacle": "vägport", "hauteur_max_m": 3.4, "franchissable": true, "marge_cm": 20, "vigilance": true}}, {"type": "Feature", "geometry": {"type": "Point", "coordinates": [15.211, 59.26934]}, "properties": {"id": "trv-14850:32960-1000:73320-0.8464", "country": "se", "source": "TRV", "updated": "2026-09-12", "occurrences": 2, "name": "tunnel 3.40 m", "type": "hauteur_limitee", "obstacle": "tunnel", "hauteur_max_m": 3.4, "franchissable": true, "marge_cm": 20, "vigilance": true}}, {"type": "Feature", "geometry": {"type": "Point", "coordinates": [17.63536, 59.85853]}, "properties": {"id": "trv-14401:5194-3:170982-0.5808", "country": "se", "source": "TRV", "updated": "2026-09-12", "name": "vägport 3.40 m", "type": "hauteur_limitee", "obstacle": "vägport", "hauteur_max_m": 3.4, "franchissable": true, "marge_cm": 20, "vigilance": true}}, {"type": "Feature", "geometry": {"type": "Point", "coordinates": [17.90411, 59.39337]}, "properties": {"id": "trv-16348:1018-12726:44067-0.6123", "country": "se", "source": "TRV", "updated": "2026-09-12", "name": "vägport 3.40 m", "type": "hauteur_limitee", "obstacle": "vägport", "hauteur_max_m": 3.4, "franchissable": true, "marge_cm": 20, "vigilance": true}}, {"type": "Feature", "geometry": {"type": "Point", "coordinates": [13.09887, 55.67394]}, "properties": {"id": "trv-11162:333484-11162:333393-0.6125", "country": "se", "source": "TRV", "updated": "2026-09-12", "name": "vägport 3.40 m", "type": "hauteur_limitee", "obstacle": "vägport", "hauteur_max_m": 3.4, "franchissable": true, "marge_cm": 20, "reference": "12-462-1", "vigilance": true}}, {"type": "Feature", "geometry": {"type": "Point", "coordinates": [15.23569, 59.29585]}, "properties": {"id": "trv-14850:32944-3:478311-0.2769", "country": "se", "source": "TRV", "updated": "2026-09-12", "occurrences": 2, "name": "vägport 3.40 m", "type": "hauteur_limitee", "obstacle": "vägport", "hauteur_max_m": 3.4, "franchissable": true, "marge_cm": 20, "vigilance": true}}, {"type": "Feature", "geometry": {"type": "Point", "coordinates": [18.03764, 59.31528]}, "properties": {"id": "trv-19194:2008842-19194:2008725-0.8799", "country": "se", "source": "TRV", "updated": "2026-09-12", "occurrences": 2, "name": "vägport 3.40 m", "type": "hauteur_limitee", "obstacle": "vägport", "hauteur_max_m": 3.4, "franchissable": true, "marge_cm": 20, "vigilance": true}}, {"type": "Feature", "geometry": {"type": "Point", "coordinates": [13.0469, 55.58756]}, "properties": {"id": "trv-11157:197934-11157:195263-0.5593", "country": "se", "source": "TRV", "updated": "2026-09-12", "name": "bro 3.40 m", "type": "hauteur_limitee", "obstacle": "bro", "hauteur_max_m": 3.4, "franchissable": true, "marge_cm": 20, "vigilance": true}}, {"type": "Feature", "geometry": {"type": "Point", "coordinates": [17.88902, 59.27548]}, "properties": {"id": "trv-16119:1043-12740:19310-0.6706", "country": "se", "source": "TRV", "updated": "2026-09-12", "name": "vägport 3.40 m", "type": "hauteur_limitee", "obstacle": "vägport", "hauteur_max_m": 3.4, "franchissable": true, "marge_cm": 20, "vigilance": true}}, {"type": "Feature", "geometry": {"type": "Point", "coordinates": [18.07772, 59.42631]}, "properties": {"id": "trv-14123:777-3:1099457-0.4108", "country": "se", "source": "TRV", "updated": "2026-09-12", "name": "vägport 3.40 m", "type": "hauteur_limitee", "obstacle": "vägport", "hauteur_max_m": 3.4, "franchissable": true, "marge_cm": 20, "vigilance": true}}, {"type": "Feature", "geometry": {"type": "Point", "coordinates": [16.76952, 60.61741]}, "properties": {"id": "trv-16495:36055-3:1182172-0.1301", "country": "se", "source": "TRV", "updated": "2026-09-12", "name": "övrigt hinder 3.40 m", "type": "hauteur_limitee", "obstacle": "övrigt hinder", "hauteur_max_m": 3.4, "franchissable": true, "marge_cm": 20, "vigilance": true}}, {"type": "Feature", "geometry": {"type": "Point", "coordinates": [17.90458, 59.39476]}, "properties": {"id": "trv-19194:2000620-19194:148956-0.3549", "country": "se", "source": "TRV", "updated": "2026-09-12", "occurrences": 2, "name": "vägport 3.40 m", "type": "hauteur_limitee", "obstacle": "vägport", "hauteur_max_m": 3.4, "franchissable": true, "marge_cm": 20, "vigilance": true}}, {"type": "Feature", "geometry": {"type": "Point", "coordinates": [13.91847, 56.10448]}, "properties": {"id": "trv-11544:1872-11128:18369-0.4865", "country": "se", "source": "TRV", "updated": "2026-09-12", "name": "vägport 3.40 m", "type": "hauteur_limitee", "obstacle": "vägport", "hauteur_max_m": 3.4, "franchissable": true, "marge_cm": 20, "vigilance": true}}, {"type": "Feature", "geometry": {"type": "Point", "coordinates": [12.29107, 58.27452]}, "properties": {"id": "trv-12736:64903-12736:52688-0.6491", "country": "se", "source": "TRV", "updated": "2026-09-12", "name": "vägport 3.40 m", "type": "hauteur_limitee", "obstacle": "vägport", "hauteur_max_m": 3.4, "franchissable": true, "marge_cm": 20, "vigilance": true}}, {"type": "Feature", "geometry": {"type": "Point", "coordinates": [15.16219, 58.3352]}, "properties": {"id": "trv-14119:541-3:520369-0.9549", "country": "se", "source": "TRV", "updated": "2026-09-12", "name": "vägport 3.40 m", "type": "hauteur_limitee", "obstacle": "vägport", "hauteur_max_m": 3.4, "franchissable": true, "marge_cm": 20, "vigilance": true}}, {"type": "Feature", "geometry": {"type": "Point", "coordinates": [16.77052, 60.61763]}, "properties": {"id": "trv-16495:36057-3:1182156-0.3613", "country": "se", "source": "TRV", "updated": "2026-09-12", "name": "övrigt hinder 3.40 m", "type": "hauteur_limitee", "obstacle": "övrigt hinder", "hauteur_max_m": 3.4, "franchissable": true, "marge_cm": 20, "vigilance": true}}, {"type": "Feature", "geometry": {"type": "Point", "coordinates": [13.0481, 55.58657]}, "properties": {"id": "trv-11157:197938-11155:75114-0.8311", "country": "se", "source": "TRV", "updated": "2026-09-12", "name": "bro 3.40 m", "type": "hauteur_limitee", "obstacle": "bro", "hauteur_max_m": 3.4, "franchissable": true, "marge_cm": 20, "vigilance": true}}, {"type": "Feature", "geometry": {"type": "Point", "coordinates": [13.16727, 55.66993]}, "properties": {"id": "trv-12796:33694-1000:3711-0.4606", "country": "se", "source": "TRV", "updated": "2026-09-12", "name": "vägport 3.40 m", "type": "hauteur_limitee", "obstacle": "vägport", "hauteur_max_m": 3.4, "franchissable": true, "marge_cm": 20, "reference": "12-412", "vigilance": true}}, {"type": "Feature", "geometry": {"type": "Point", "coordinates": [17.85708, 62.82912]}, "properties": {"id": "trv-12801:104134-1000:108448-0.9620", "country": "se", "source": "TRV", "updated": "2026-09-12", "name": "vägport 3.40 m", "type": "hauteur_limitee", "obstacle": "vägport", "hauteur_max_m": 3.4, "franchissable": true, "marge_cm": 20, "reference": "3500-1835-1", "vigilance": true}}, {"type": "Feature", "geometry": {"type": "Point", "coordinates": [12.45583, 57.7044]}, "properties": {"id": "trv-16147:310-3:1365020-0.6244", "country": "se", "source": "TRV", "updated": "2026-09-12", "name": "vägport 3.40 m", "type": "hauteur_limitee", "obstacle": "vägport", "hauteur_max_m": 3.4, "franchissable": true, "marge_cm": 20, "vigilance": true}}, {"type": "Feature", "geometry": {"type": "Point", "coordinates": [15.20973, 59.26962]}, "properties": {"id": "trv-14850:32960-1000:73320-0.8817", "country": "se", "source": "TRV", "updated": "2026-09-12", "occurrences": 2, "name": "tunnel 3.40 m", "type": "hauteur_limitee", "obstacle": "tunnel", "hauteur_max_m": 3.4, "franchissable": true, "marge_cm": 20, "vigilance": true}}, {"type": "Feature", "geometry": {"type": "Point", "coordinates": [17.89198, 59.39419]}, "properties": {"id": "trv-16972:577-12726:42906-0.5339", "country": "se", "source": "TRV", "updated": "2026-09-12", "occurrences": 3, "name": "vägport 3.40 m", "type": "hauteur_limitee", "obstacle": "vägport", "hauteur_max_m": 3.4, "franchissable": true, "marge_cm": 20, "vigilance": true}}, {"type": "Feature", "geometry": {"type": "Point", "coordinates": [17.3013, 62.38683]}, "properties": {"id": "trv-21277:212773-16172:583851-0.4647", "country": "se", "source": "TRV", "updated": "2026-09-12", "name": "övrigt hinder 3.40 m", "type": "hauteur_limitee", "obstacle": "övrigt hinder", "hauteur_max_m": 3.4, "franchissable": true, "marge_cm": 20, "vigilance": true}}, {"type": "Feature", "geometry": {"type": "Point", "coordinates": [17.29647, 62.39254]}, "properties": {"id": "trv-21277:212779-16172:583913-0.8960", "country": "se", "source": "TRV", "updated": "2026-09-12", "name": "övrigt hinder 3.40 m", "type": "hauteur_limitee", "obstacle": "övrigt hinder", "hauteur_max_m": 3.4, "franchissable": true, "marge_cm": 20, "vigilance": true}}, {"type": "Feature", "geometry": {"type": "Point", "coordinates": [12.26251, 57.10755]}, "properties": {"id": "trv-14413:36603-3:285390-0.5413", "country": "se", "source": "TRV", "updated": "2026-09-12", "name": "vägport 3.40 m", "type": "hauteur_limitee", "obstacle": "vägport", "hauteur_max_m": 3.4, "franchissable": true, "marge_cm": 20, "vigilance": true}}, {"type": "Feature", "geometry": {"type": "Point", "coordinates": [20.26394, 63.82479]}, "properties": {"id": "trv-20661:396313-20661:347061-0.2383", "country": "se", "source": "TRV", "updated": "2026-09-12", "name": "övrigt hinder 3.40 m", "type": "hauteur_limitee", "obstacle": "övrigt hinder", "hauteur_max_m": 3.4, "franchissable": true, "marge_cm": 20, "vigilance": true}}, {"type": "Feature", "geometry": {"type": "Point", "coordinates": [20.30702, 63.81895]}, "properties": {"id": "trv-20661:396297-20656:2888631-0.1957", "country": "se", "source": "TRV", "updated": "2026-09-12", "name": "övrigt hinder 3.40 m", "type": "hauteur_limitee", "obstacle": "övrigt hinder", "hauteur_max_m": 3.4, "franchissable": true, "marge_cm": 20, "vigilance": true}}, {"type": "Feature", "geometry": {"type": "Point", "coordinates": [20.2594, 63.82541]}, "properties": {"id": "trv-20661:396317-20661:244190-0.4864", "country": "se", "source": "TRV", "updated": "2026-09-12", "name": "övrigt hinder 3.40 m", "type": "hauteur_limitee", "obstacle": "övrigt hinder", "hauteur_max_m": 3.4, "franchissable": true, "marge_cm": 20, "vigilance": true}}, {"type": "Feature", "geometry": {"type": "Point", "coordinates": [20.30891, 63.82055]}, "properties": {"id": "trv-20661:396301-20656:2868493-0.2025", "country": "se", "source": "TRV", "updated": "2026-09-12", "name": "övrigt hinder 3.40 m", "type": "hauteur_limitee", "obstacle": "övrigt hinder", "hauteur_max_m": 3.4, "franchissable": true, "marge_cm": 20, "vigilance": true}}, {"type": "Feature", "geometry": {"type": "Point", "coordinates": [16.99552, 58.75919]}, "properties": {"id": "trv-21240:255255-3:324998-0.7410", "country": "se", "source": "TRV", "updated": "2026-09-12", "name": "övrigt hinder 3.40 m", "type": "hauteur_limitee", "obstacle": "övrigt hinder", "hauteur_max_m": 3.4, "franchissable": true, "marge_cm": 20, "vigilance": true}}, {"type": "Feature", "geometry": {"type": "Point", "coordinates": [15.53916, 56.20866]}, "properties": {"id": "trv-12797:1241-1000:19004-0.9245", "country": "se", "source": "TRV", "updated": "2026-09-12", "name": "vägport 3.40 m", "type": "hauteur_limitee", "obstacle": "vägport", "hauteur_max_m": 3.4, "franchissable": true, "marge_cm": 20, "reference": "10-255-1", "vigilance": true}}, {"type": "Feature", "geometry": {"type": "Point", "coordinates": [12.89264, 56.69848]}, "properties": {"id": "trv-13155:6601-1000:21185-0.3228", "country": "se", "source": "TRV", "updated": "2026-09-12", "occurrences": 2, "name": "vägport 3.40 m", "type": "hauteur_limitee", "obstacle": "vägport", "hauteur_max_m": 3.4, "franchissable": true, "marge_cm": 20, "vigilance": true}}, {"type": "Feature", "geometry": {"type": "Point", "coordinates": [12.89284, 56.69855]}, "properties": {"id": "trv-13155:6601-1000:21185-0.3256", "country": "se", "source": "TRV", "updated": "2026-09-12", "occurrences": 2, "name": "vägport 3.40 m", "type": "hauteur_limitee", "obstacle": "vägport", "hauteur_max_m": 3.4, "franchissable": true, "marge_cm": 20, "vigilance": true}}, {"type": "Feature", "geometry": {"type": "Point", "coordinates": [16.31413, 56.6924]}, "properties": {"id": "trv-11154:173499-11154:169473-0.9110", "country": "se", "source": "TRV", "updated": "2026-09-12", "name": "vägport 3.40 m", "type": "hauteur_limitee", "obstacle": "vägport", "hauteur_max_m": 3.4, "franchissable": true, "marge_cm": 20, "vigilance": true}}, {"type": "Feature", "geometry": {"type": "Point", "coordinates": [20.2522, 63.82163]}, "properties": {"id": "trv-20661:303811-3:1007241-0.4101", "country": "se", "source": "TRV", "updated": "2026-09-12", "occurrences": 3, "name": "bro 3.40 m", "type": "hauteur_limitee", "obstacle": "bro", "hauteur_max_m": 3.4, "franchissable": true, "marge_cm": 20, "reference": "24-1366-1", "vigilance": true}}, {"type": "Feature", "geometry": {"type": "Point", "coordinates": [20.25224, 63.82166]}, "properties": {"id": "trv-20661:303811-20661:279646-0.7452", "country": "se", "source": "TRV", "updated": "2026-09-12", "occurrences": 3, "name": "bro 3.40 m", "type": "hauteur_limitee", "obstacle": "bro", "hauteur_max_m": 3.4, "franchissable": true, "marge_cm": 20, "reference": "24-1366-1", "vigilance": true}}, {"type": "Feature", "geometry": {"type": "Point", "coordinates": [14.27796, 57.76974]}, "properties": {"id": "trv-14118:165435-1000:48610-0.5554", "country": "se", "source": "TRV", "updated": "2026-09-12", "name": "bro 3.40 m", "type": "hauteur_limitee", "obstacle": "bro", "hauteur_max_m": 3.4, "franchissable": true, "marge_cm": 20, "vigilance": true}}, {"type": "Feature", "geometry": {"type": "Point", "coordinates": [18.10186, 59.44475]}, "properties": {"id": "trv-14123:783-3:1097959-0.4464", "country": "se", "source": "TRV", "updated": "2026-09-12", "occurrences": 2, "name": "vägport 3.40 m", "type": "hauteur_limitee", "obstacle": "vägport", "hauteur_max_m": 3.4, "franchissable": true, "marge_cm": 20, "vigilance": true}}, {"type": "Feature", "geometry": {"type": "Point", "coordinates": [18.10195, 59.44453]}, "properties": {"id": "trv-14123:783-3:1097959-0.6316", "country": "se", "source": "TRV", "updated": "2026-09-12", "occurrences": 2, "name": "vägport 3.40 m", "type": "hauteur_limitee", "obstacle": "vägport", "hauteur_max_m": 3.4, "franchissable": true, "marge_cm": 20, "vigilance": true}}, {"type": "Feature", "geometry": {"type": "Point", "coordinates": [17.01644, 58.73434]}, "properties": {"id": "trv-21240:261749-21236:215929-0.5076", "country": "se", "source": "TRV", "updated": "2026-09-12", "name": "tunnel 3.40 m", "type": "hauteur_limitee", "obstacle": "tunnel", "hauteur_max_m": 3.4, "franchissable": true, "marge_cm": 20, "vigilance": true}}, {"type": "Feature", "geometry": {"type": "Point", "coordinates": [13.54979, 58.17399]}, "properties": {"id": "trv-12736:98632-1000:56096-0.2235", "country": "se", "source": "TRV", "updated": "2026-09-12", "name": "bro 3.40 m", "type": "hauteur_limitee", "obstacle": "bro", "hauteur_max_m": 3.4, "franchissable": true, "marge_cm": 20, "reference": "3500-535-1", "vigilance": true}}, {"type": "Feature", "geometry": {"type": "Point", "coordinates": [13.54977, 58.174]}, "properties": {"id": "trv-16184:424173-1000:56096-0.2265", "country": "se", "source": "TRV", "updated": "2026-09-12", "name": "bro 3.40 m", "type": "hauteur_limitee", "obstacle": "bro", "hauteur_max_m": 3.4, "franchissable": true, "marge_cm": 20, "vigilance": true}}, {"type": "Feature", "geometry": {"type": "Point", "coordinates": [13.54974, 58.17396]}, "properties": {"id": "trv-12736:98634-12736:95522-0.2809", "country": "se", "source": "TRV", "updated": "2026-09-12", "name": "bro 3.40 m", "type": "hauteur_limitee", "obstacle": "bro", "hauteur_max_m": 3.4, "franchissable": true, "marge_cm": 20, "reference": "3500-535-1", "vigilance": true}}, {"type": "Feature", "geometry": {"type": "Point", "coordinates": [15.08665, 60.67525]}, "properties": {"id": "trv-13625:2106030-12724:334718-0.4044", "country": "se", "source": "TRV", "updated": "2026-09-12", "name": "tunnel 3.40 m", "type": "hauteur_limitee", "obstacle": "tunnel", "hauteur_max_m": 3.4, "franchissable": true, "marge_cm": 20, "vigilance": true}}, {"type": "Feature", "geometry": {"type": "Point", "coordinates": [22.14753, 65.60035]}, "properties": {"id": "trv-21041:294124-3:912107-0.6912", "country": "se", "source": "TRV", "updated": "2026-09-12", "name": "vägport 3.40 m", "type": "hauteur_limitee", "obstacle": "vägport", "hauteur_max_m": 3.4, "franchissable": true, "marge_cm": 20, "reference": "3500-2049-1", "vigilance": true}}, {"type": "Feature", "geometry": {"type": "Point", "coordinates": [14.84531, 56.91293]}, "properties": {"id": "trv-12470:3029-12882:426-0.1062", "country": "se", "source": "TRV", "updated": "2026-09-12", "name": "vägport 3.40 m", "type": "hauteur_limitee", "obstacle": "vägport", "hauteur_max_m": 3.4, "franchissable": true, "marge_cm": 20, "reference": "7-645-1", "vigilance": true}}, {"type": "Feature", "geometry": {"type": "Point", "coordinates": [14.82505, 56.90142]}, "properties": {"id": "trv-17738:28-12470:2423-0.4909", "country": "se", "source": "TRV", "updated": "2026-09-12", "name": "vägport 3.40 m", "type": "hauteur_limitee", "obstacle": "vägport", "hauteur_max_m": 3.4, "franchissable": true, "marge_cm": 20, "reference": "7-643-1", "vigilance": true}}, {"type": "Feature", "geometry": {"type": "Point", "coordinates": [11.32313, 58.47525]}, "properties": {"id": "trv-12740:149555-3:1240060-0.8470", "country": "se", "source": "TRV", "updated": "2026-09-12", "name": "övrigt hinder 3.40 m", "type": "hauteur_limitee", "obstacle": "övrigt hinder", "hauteur_max_m": 3.4, "franchissable": true, "marge_cm": 20, "vigilance": true}}, {"type": "Feature", "geometry": {"type": "Point", "coordinates": [16.52591, 57.37764]}, "properties": {"id": "trv-12574:14774-11161:294558-0.7617", "country": "se", "source": "TRV", "updated": "2026-09-12", "name": "övrigt hinder 3.40 m", "type": "hauteur_limitee", "obstacle": "övrigt hinder", "hauteur_max_m": 3.4, "franchissable": true, "marge_cm": 20, "vigilance": true}}, {"type": "Feature", "geometry": {"type": "Point", "coordinates": [21.66664, 65.82206]}, "properties": {"id": "trv-11161:38595-19304:2437-0.7103", "country": "se", "source": "TRV", "updated": "2026-09-12", "name": "vägport 3.45 m", "type": "hauteur_limitee", "obstacle": "vägport", "hauteur_max_m": 3.45, "franchissable": true, "marge_cm": 25, "vigilance": true}}, {"type": "Feature", "geometry": {"type": "Point", "coordinates": [12.31922, 58.3654]}, "properties": {"id": "trv-16673:15487-11162:30441-0.2198", "country": "se", "source": "TRV", "updated": "2026-09-12", "name": "tunnel 3.49 m", "type": "hauteur_limitee", "obstacle": "tunnel", "hauteur_max_m": 3.49, "franchissable": true, "marge_cm": 29, "vigilance": true}}, {"type": "Feature", "geometry": {"type": "Point", "coordinates": [20.15276, 63.84621]}, "properties": {"id": "trv-10085:189759-10085:189047-0.6023", "country": "se", "source": "TRV", "updated": "2026-09-12", "name": "vägport 3.50 m", "type": "hauteur_limitee", "obstacle": "vägport", "hauteur_max_m": 3.5, "franchissable": true, "marge_cm": 30, "reference": "100-1998-1"}}, {"type": "Feature", "geometry": {"type": "Point", "coordinates": [21.89522, 66.01573]}, "properties": {"id": "trv-11158:188428-12726:118316-0.3835", "country": "se", "source": "TRV", "updated": "2026-09-12", "name": "vägport 3.50 m", "type": "hauteur_limitee", "obstacle": "vägport", "hauteur_max_m": 3.5, "franchissable": true, "marge_cm": 30, "reference": "3500-13772-1"}}, {"type": "Feature", "geometry": {"type": "Point", "coordinates": [12.44647, 57.86433]}, "properties": {"id": "trv-12724:424469-11161:166747-0.1293", "country": "se", "source": "TRV", "updated": "2026-09-12", "name": "vägport 3.50 m", "type": "hauteur_limitee", "obstacle": "vägport", "hauteur_max_m": 3.5, "franchissable": true, "marge_cm": 30, "reference": "3500-5099-1"}}, {"type": "Feature", "geometry": {"type": "Point", "coordinates": [15.87239, 58.48044]}, "properties": {"id": "trv-12796:36873-1000:62599-0.3726", "country": "se", "source": "TRV", "updated": "2026-09-12", "name": "vägport 3.50 m", "type": "hauteur_limitee", "obstacle": "vägport", "hauteur_max_m": 3.5, "franchissable": true, "marge_cm": 30, "reference": "5-650-1"}}, {"type": "Feature", "geometry": {"type": "Point", "coordinates": [18.01031, 59.38063]}, "properties": {"id": "trv-14133:134595-3:1097992-0.8317", "country": "se", "source": "TRV", "updated": "2026-09-12", "name": "vägport 3.50 m", "type": "hauteur_limitee", "obstacle": "vägport", "hauteur_max_m": 3.5, "franchissable": true, "marge_cm": 30}}, {"type": "Feature", "geometry": {"type": "Point", "coordinates": [18.03551, 59.41453]}, "properties": {"id": "trv-14436:44222-3:1097958-0.2550", "country": "se", "source": "TRV", "updated": "2026-09-12", "name": "vägport 3.50 m", "type": "hauteur_limitee", "obstacle": "vägport", "hauteur_max_m": 3.5, "franchissable": true, "marge_cm": 30, "reference": "Okänt"}}, {"type": "Feature", "geometry": {"type": "Point", "coordinates": [17.9332, 59.29474]}, "properties": {"id": "trv-16119:1037-12756:826-0.3350", "country": "se", "source": "TRV", "updated": "2026-09-12", "name": "vägport 3.50 m", "type": "hauteur_limitee", "obstacle": "vägport", "hauteur_max_m": 3.5, "franchissable": true, "marge_cm": 30}}, {"type": "Feature", "geometry": {"type": "Point", "coordinates": [18.06066, 59.40577]}, "properties": {"id": "trv-14436:44230-3:1099508-0.2949", "country": "se", "source": "TRV", "updated": "2026-09-12", "name": "vägport 3.50 m", "type": "hauteur_limitee", "obstacle": "vägport", "hauteur_max_m": 3.5, "franchissable": true, "marge_cm": 30, "reference": "Okänt"}}, {"type": "Feature", "geometry": {"type": "Point", "coordinates": [11.97037, 57.68999]}, "properties": {"id": "trv-16452:1101-3:1404366-0.6351", "country": "se", "source": "TRV", "updated": "2026-09-12", "name": "vägport 3.50 m", "type": "hauteur_limitee", "obstacle": "vägport", "hauteur_max_m": 3.5, "franchissable": true, "marge_cm": 30}}, {"type": "Feature", "geometry": {"type": "Point", "coordinates": [12.50739, 56.91965]}, "properties": {"id": "trv-11162:56886-15835:2275-0.3323", "country": "se", "source": "TRV", "updated": "2026-09-12", "name": "vägport 3.50 m", "type": "hauteur_limitee", "obstacle": "vägport", "hauteur_max_m": 3.5, "franchissable": true, "marge_cm": 30}}, {"type": "Feature", "geometry": {"type": "Point", "coordinates": [13.59799, 55.641]}, "properties": {"id": "trv-16592:16750-16592:16696-0.4293", "country": "se", "source": "TRV", "updated": "2026-09-12", "name": "tunnel 3.50 m", "type": "hauteur_limitee", "obstacle": "tunnel", "hauteur_max_m": 3.5, "franchissable": true, "marge_cm": 30}}, {"type": "Feature", "geometry": {"type": "Point", "coordinates": [17.93361, 59.40706]}, "properties": {"id": "trv-16972:593-12730:2261-0.0357", "country": "se", "source": "TRV", "updated": "2026-09-12", "name": "vägport 3.50 m", "type": "hauteur_limitee", "obstacle": "vägport", "hauteur_max_m": 3.5, "franchissable": true, "marge_cm": 30}}, {"type": "Feature", "geometry": {"type": "Point", "coordinates": [13.51812, 57.29838]}, "properties": {"id": "trv-10089:633185-10044:82057-0.9937", "country": "se", "source": "TRV", "updated": "2026-09-12", "name": "vägport 3.50 m", "type": "hauteur_limitee", "obstacle": "vägport", "hauteur_max_m": 3.5, "franchissable": true, "marge_cm": 30}}, {"type": "Feature", "geometry": {"type": "Point", "coordinates": [14.50797, 59.32448]}, "properties": {"id": "trv-11161:259860-1000:73031-0.4336", "country": "se", "source": "TRV", "updated": "2026-09-12", "name": "vägport 3.50 m", "type": "hauteur_limitee", "obstacle": "vägport", "hauteur_max_m": 3.5, "franchissable": true, "marge_cm": 30, "reference": "T 637"}}, {"type": "Feature", "geometry": {"type": "Point", "coordinates": [13.8505, 58.38797]}, "properties": {"id": "trv-12759:3332-13827:2998-0.5100", "country": "se", "source": "TRV", "updated": "2026-09-12", "name": "vägport 3.50 m", "type": "hauteur_limitee", "obstacle": "vägport", "hauteur_max_m": 3.5, "franchissable": true, "marge_cm": 30}}, {"type": "Feature", "geometry": {"type": "Point", "coordinates": [12.53141, 57.66098]}, "properties": {"id": "trv-13150:4043-1000:34801-0.0585", "country": "se", "source": "TRV", "updated": "2026-09-12", "name": "vägport 3.50 m", "type": "hauteur_limitee", "obstacle": "vägport", "hauteur_max_m": 3.5, "franchissable": true, "marge_cm": 30, "reference": "P  417"}}, {"type": "Feature", "geometry": {"type": "Point", "coordinates": [22.01394, 65.64255]}, "properties": {"id": "trv-13150:5439-1000:119002-0.0771", "country": "se", "source": "TRV", "updated": "2026-09-12", "name": "vägport 3.50 m", "type": "hauteur_limitee", "obstacle": "vägport", "hauteur_max_m": 3.5, "franchissable": true, "marge_cm": 30, "reference": "BD 1355"}}, {"type": "Feature", "geometry": {"type": "Point", "coordinates": [13.24067, 55.69423]}, "properties": {"id": "trv-15471:12948-3:1561555-0.1404", "country": "se", "source": "TRV", "updated": "2026-09-12", "name": "vägport 3.50 m", "type": "hauteur_limitee", "obstacle": "vägport", "hauteur_max_m": 3.5, "franchissable": true, "marge_cm": 30}}, {"type": "Feature", "geometry": {"type": "Point", "coordinates": [12.93183, 56.59782]}, "properties": {"id": "trv-13663:15332-1000:21076-0.4355", "country": "se", "source": "TRV", "updated": "2026-09-12", "name": "vägport 3.50 m", "type": "hauteur_limitee", "obstacle": "vägport", "hauteur_max_m": 3.5, "franchissable": true, "marge_cm": 30, "reference": "13-373-1"}}, {"type": "Feature", "geometry": {"type": "Point", "coordinates": [13.03778, 59.27414]}, "properties": {"id": "trv-13742:1857-13666:25-0.1264", "country": "se", "source": "TRV", "updated": "2026-09-12", "name": "vägport 3.50 m", "type": "hauteur_limitee", "obstacle": "vägport", "hauteur_max_m": 3.5, "franchissable": true, "marge_cm": 30}}, {"type": "Feature", "geometry": {"type": "Point", "coordinates": [14.17134, 57.78314]}, "properties": {"id": "trv-14118:165425-3:67427-0.2564", "country": "se", "source": "TRV", "updated": "2026-09-12", "name": "bro 3.50 m", "type": "hauteur_limitee", "obstacle": "bro", "hauteur_max_m": 3.5, "franchissable": true, "marge_cm": 30}}, {"type": "Feature", "geometry": {"type": "Point", "coordinates": [14.14889, 57.85297]}, "properties": {"id": "trv-14118:165447-3:62871-0.2830", "country": "se", "source": "TRV", "updated": "2026-09-12", "name": "bro 3.50 m", "type": "hauteur_limitee", "obstacle": "bro", "hauteur_max_m": 3.5, "franchissable": true, "marge_cm": 30}}, {"type": "Feature", "geometry": {"type": "Point", "coordinates": [13.52179, 59.82453]}, "properties": {"id": "trv-14123:31220-3:718163-0.2162", "country": "se", "source": "TRV", "updated": "2026-09-12", "name": "vägport 3.50 m", "type": "hauteur_limitee", "obstacle": "vägport", "hauteur_max_m": 3.5, "franchissable": true, "marge_cm": 30}}, {"type": "Feature", "geometry": {"type": "Point", "coordinates": [12.04581, 57.61023]}, "properties": {"id": "trv-14128:112228-1000:33604-0.4364", "country": "se", "source": "TRV", "updated": "2026-09-12", "name": "vägport 3.50 m", "type": "hauteur_limitee", "obstacle": "vägport", "hauteur_max_m": 3.5, "franchissable": true, "marge_cm": 30}}, {"type": "Feature", "geometry": {"type": "Point", "coordinates": [15.8495, 59.397]}, "properties": {"id": "trv-14130:62246-3:32703-0.4000", "country": "se", "source": "TRV", "updated": "2026-09-12", "name": "tunnel 3.50 m", "type": "hauteur_limitee", "obstacle": "tunnel", "hauteur_max_m": 3.5, "franchissable": true, "marge_cm": 30}}, {"type": "Feature", "geometry": {"type": "Point", "coordinates": [14.76042, 63.1582]}, "properties": {"id": "trv-14442:241756-3:426235-0.2788", "country": "se", "source": "TRV", "updated": "2026-09-12", "name": "vägport 3.50 m", "type": "hauteur_limitee", "obstacle": "vägport", "hauteur_max_m": 3.5, "franchissable": true, "marge_cm": 30, "reference": "Vägport på Skotarvägen under E14"}}, {"type": "Feature", "geometry": {"type": "Point", "coordinates": [12.92804, 55.83264]}, "properties": {"id": "trv-16165:3334406-3:1599401-0.4440", "country": "se", "source": "TRV", "updated": "2026-09-12", "name": "bro 3.50 m", "type": "hauteur_limitee", "obstacle": "bro", "hauteur_max_m": 3.5, "franchissable": true, "marge_cm": 30, "reference": "12-500-1"}}, {"type": "Feature", "geometry": {"type": "Point", "coordinates": [19.86125, 63.62102]}, "properties": {"id": "trv-16593:47211-12735:2404-0.9223", "country": "se", "source": "TRV", "updated": "2026-09-12", "name": "vägport 3.50 m", "type": "hauteur_limitee", "obstacle": "vägport", "hauteur_max_m": 3.5, "franchissable": true, "marge_cm": 30}}, {"type": "Feature", "geometry": {"type": "Point", "coordinates": [18.06574, 59.3352]}, "properties": {"id": "trv-16972:355-12592:10189-0.3212", "country": "se", "source": "TRV", "updated": "2026-09-12", "name": "vägport 3.50 m", "type": "hauteur_limitee", "obstacle": "vägport", "hauteur_max_m": 3.5, "franchissable": true, "marge_cm": 30}}, {"type": "Feature", "geometry": {"type": "Point", "coordinates": [18.06813, 59.32079]}, "properties": {"id": "trv-17119:80867-13213:37944-0.0226", "country": "se", "source": "TRV", "updated": "2026-09-12", "name": "vägport 3.50 m", "type": "hauteur_limitee", "obstacle": "vägport", "hauteur_max_m": 3.5, "franchissable": true, "marge_cm": 30}}, {"type": "Feature", "geometry": {"type": "Point", "coordinates": [18.00966, 59.27981]}, "properties": {"id": "trv-19194:2156304-12729:16259-0.7384", "country": "se", "source": "TRV", "updated": "2026-09-12", "name": "vägport 3.50 m", "type": "hauteur_limitee", "obstacle": "vägport", "hauteur_max_m": 3.5, "franchissable": true, "marge_cm": 30}}, {"type": "Feature", "geometry": {"type": "Point", "coordinates": [12.52737, 57.65966]}, "properties": {"id": "trv-11160:447743-3:1375645-0.3346", "country": "se", "source": "TRV", "updated": "2026-09-12", "name": "vägport 3.50 m", "type": "hauteur_limitee", "obstacle": "vägport", "hauteur_max_m": 3.5, "franchissable": true, "marge_cm": 30, "reference": "3500-1059-1"}}, {"type": "Feature", "geometry": {"type": "Point", "coordinates": [14.87493, 56.1917]}, "properties": {"id": "trv-12766:371-3:362886-0.1061", "country": "se", "source": "TRV", "updated": "2026-09-12", "name": "vägport 3.50 m", "type": "hauteur_limitee", "obstacle": "vägport", "hauteur_max_m": 3.5, "franchissable": true, "marge_cm": 30}}, {"type": "Feature", "geometry": {"type": "Point", "coordinates": [15.66858, 58.3899]}, "properties": {"id": "trv-15060:6664-3:515405-0.6268", "country": "se", "source": "TRV", "updated": "2026-09-12", "name": "vägport 3.50 m", "type": "hauteur_limitee", "obstacle": "vägport", "hauteur_max_m": 3.5, "franchissable": true, "marge_cm": 30}}, {"type": "Feature", "geometry": {"type": "Point", "coordinates": [11.89296, 57.73258]}, "properties": {"id": "trv-16182:41298-3:1352532-0.6047", "country": "se", "source": "TRV", "updated": "2026-09-12", "name": "bro 3.50 m", "type": "hauteur_limitee", "obstacle": "bro", "hauteur_max_m": 3.5, "franchissable": true, "marge_cm": 30, "reference": "1480-2612-1"}}, {"type": "Feature", "geometry": {"type": "Point", "coordinates": [14.22025, 58.77903]}, "properties": {"id": "trv-12799:7907-1000:65697-0.7406", "country": "se", "source": "TRV", "updated": "2026-09-12", "name": "vägport 3.50 m", "type": "hauteur_limitee", "obstacle": "vägport", "hauteur_max_m": 3.5, "franchissable": true, "marge_cm": 30, "reference": "R  190"}}, {"type": "Feature", "geometry": {"type": "Point", "coordinates": [20.31467, 63.8435]}, "properties": {"id": "trv-12847:8063-3:1007343-0.7237", "country": "se", "source": "TRV", "updated": "2026-09-12", "name": "bro 3.50 m", "type": "hauteur_limitee", "obstacle": "bro", "hauteur_max_m": 3.5, "franchissable": true, "marge_cm": 30}}, {"type": "Feature", "geometry": {"type": "Point", "coordinates": [18.15727, 59.17691]}, "properties": {"id": "trv-14404:86413-3:1098660-0.5795", "country": "se", "source": "TRV", "updated": "2026-09-12", "occurrences": 2, "name": "vägport 3.50 m", "type": "hauteur_limitee", "obstacle": "vägport", "hauteur_max_m": 3.5, "franchissable": true, "marge_cm": 30}}, {"type": "Feature", "geometry": {"type": "Point", "coordinates": [18.15754, 59.17691]}, "properties": {"id": "trv-14404:86413-3:1098660-0.6042", "country": "se", "source": "TRV", "updated": "2026-09-12", "occurrences": 2, "name": "vägport 3.50 m", "type": "hauteur_limitee", "obstacle": "vägport", "hauteur_max_m": 3.5, "franchissable": true, "marge_cm": 30}}, {"type": "Feature", "geometry": {"type": "Point", "coordinates": [18.13837, 59.19401]}, "properties": {"id": "trv-14404:86415-3:1098646-0.3969", "country": "se", "source": "TRV", "updated": "2026-09-12", "occurrences": 2, "name": "vägport 3.50 m", "type": "hauteur_limitee", "obstacle": "vägport", "hauteur_max_m": 3.5, "franchissable": true, "marge_cm": 30}}, {"type": "Feature", "geometry": {"type": "Point", "coordinates": [18.13858, 59.19412]}, "properties": {"id": "trv-14404:86415-3:1098646-0.4761", "country": "se", "source": "TRV", "updated": "2026-09-12", "occurrences": 2, "name": "vägport 3.50 m", "type": "hauteur_limitee", "obstacle": "vägport", "hauteur_max_m": 3.5, "franchissable": true, "marge_cm": 30}}, {"type": "Feature", "geometry": {"type": "Point", "coordinates": [17.2097, 60.66568]}, "properties": {"id": "trv-12737:52591-3:1178611-0.1876", "country": "se", "source": "TRV", "updated": "2026-09-12", "name": "vägport 3.50 m", "type": "hauteur_limitee", "obstacle": "vägport", "hauteur_max_m": 3.5, "franchissable": true, "marge_cm": 30, "reference": "Gc-väg över Upplands"}}, {"type": "Feature", "geometry": {"type": "Point", "coordinates": [12.86595, 56.69076]}, "properties": {"id": "trv-13228:3752-3:285409-0.2543", "country": "se", "source": "TRV", "updated": "2026-09-12", "occurrences": 2, "name": "vägport 3.50 m", "type": "hauteur_limitee", "obstacle": "vägport", "hauteur_max_m": 3.5, "franchissable": true, "marge_cm": 30}}, {"type": "Feature", "geometry": {"type": "Point", "coordinates": [16.4931, 59.61451]}, "properties": {"id": "trv-14405:37459-13462:146023-0.6193", "country": "se", "source": "TRV", "updated": "2026-09-12", "occurrences": 2, "name": "vägport 3.50 m", "type": "hauteur_limitee", "obstacle": "vägport", "hauteur_max_m": 3.5, "franchissable": true, "marge_cm": 30}}, {"type": "Feature", "geometry": {"type": "Point", "coordinates": [13.01858, 55.60921]}, "properties": {"id": "trv-14417:4345-12733:18298-0.0912", "country": "se", "source": "TRV", "updated": "2026-09-12", "name": "bro 3.50 m", "type": "hauteur_limitee", "obstacle": "bro", "hauteur_max_m": 3.5, "franchissable": true, "marge_cm": 30}}, {"type": "Feature", "geometry": {"type": "Point", "coordinates": [11.93315, 58.35321]}, "properties": {"id": "trv-15063:33007-3:1263489-0.3799", "country": "se", "source": "TRV", "updated": "2026-09-12", "name": "vägport 3.50 m", "type": "hauteur_limitee", "obstacle": "vägport", "hauteur_max_m": 3.5, "franchissable": true, "marge_cm": 30}}, {"type": "Feature", "geometry": {"type": "Point", "coordinates": [17.93985, 59.39986]}, "properties": {"id": "trv-16972:649-12730:5448-0.9157", "country": "se", "source": "TRV", "updated": "2026-09-12", "name": "vägport 3.50 m", "type": "hauteur_limitee", "obstacle": "vägport", "hauteur_max_m": 3.5, "franchissable": true, "marge_cm": 30}}, {"type": "Feature", "geometry": {"type": "Point", "coordinates": [14.01816, 56.40636]}, "properties": {"id": "trv-11157:302066-3:1105627-0.7172", "country": "se", "source": "TRV", "updated": "2026-09-12", "name": "vägport 3.50 m", "type": "hauteur_limitee", "obstacle": "vägport", "hauteur_max_m": 3.5, "franchissable": true, "marge_cm": 30, "reference": "3500-3758-1"}}, {"type": "Feature", "geometry": {"type": "Point", "coordinates": [16.31556, 56.98459]}, "properties": {"id": "trv-14452:140537-3:831664-0.7802", "country": "se", "source": "TRV", "updated": "2026-09-12", "name": "vägport 3.50 m", "type": "hauteur_limitee", "obstacle": "vägport", "hauteur_max_m": 3.5, "franchissable": true, "marge_cm": 30}}, {"type": "Feature", "geometry": {"type": "Point", "coordinates": [14.81014, 56.87632]}, "properties": {"id": "trv-14846:32298-12724:20816-0.2353", "country": "se", "source": "TRV", "updated": "2026-09-12", "name": "bro 3.50 m", "type": "hauteur_limitee", "obstacle": "bro", "hauteur_max_m": 3.5, "franchissable": true, "marge_cm": 30}}, {"type": "Feature", "geometry": {"type": "Point", "coordinates": [12.0708, 57.67381]}, "properties": {"id": "trv-16146:2619-3:1404396-0.1207", "country": "se", "source": "TRV", "updated": "2026-09-12", "occurrences": 2, "name": "vägport 3.50 m", "type": "hauteur_limitee", "obstacle": "vägport", "hauteur_max_m": 3.5, "franchissable": true, "marge_cm": 30}}, {"type": "Feature", "geometry": {"type": "Point", "coordinates": [12.08343, 57.65691]}, "properties": {"id": "trv-16146:2623-3:1373578-0.5788", "country": "se", "source": "TRV", "updated": "2026-09-12", "occurrences": 2, "name": "tunnel 3.50 m", "type": "hauteur_limitee", "obstacle": "tunnel", "hauteur_max_m": 3.5, "franchissable": true, "marge_cm": 30}}, {"type": "Feature", "geometry": {"type": "Point", "coordinates": [20.90791, 64.1207]}, "properties": {"id": "trv-16672:17545-1000:114183-0.1984", "country": "se", "source": "TRV", "updated": "2026-09-12", "name": "bro 3.50 m", "type": "hauteur_limitee", "obstacle": "bro", "hauteur_max_m": 3.5, "franchissable": true, "marge_cm": 30, "reference": "24-125-1"}}, {"type": "Feature", "geometry": {"type": "Point", "coordinates": [18.06811, 59.32078]}, "properties": {"id": "trv-17112:3216-13213:37928-0.2039", "country": "se", "source": "TRV", "updated": "2026-09-12", "name": "tunnel 3.50 m", "type": "hauteur_limitee", "obstacle": "tunnel", "hauteur_max_m": 3.5, "franchissable": true, "marge_cm": 30}}, {"type": "Feature", "geometry": {"type": "Point", "coordinates": [14.57614, 61.00767]}, "properties": {"id": "trv-11156:292237-3:569511-0.4299", "country": "se", "source": "TRV", "updated": "2026-09-12", "occurrences": 2, "name": "vägport 3.50 m", "type": "hauteur_limitee", "obstacle": "vägport", "hauteur_max_m": 3.5, "franchissable": true, "marge_cm": 30, "reference": "3500-3448-1"}}, {"type": "Feature", "geometry": {"type": "Point", "coordinates": [14.57614, 61.00762]}, "properties": {"id": "trv-11156:292237-19716:155266-0.3908", "country": "se", "source": "TRV", "updated": "2026-09-12", "occurrences": 2, "name": "vägport 3.50 m", "type": "hauteur_limitee", "obstacle": "vägport", "hauteur_max_m": 3.5, "franchissable": true, "marge_cm": 30, "reference": "3500-3448-1"}}, {"type": "Feature", "geometry": {"type": "Point", "coordinates": [20.31435, 63.84342]}, "properties": {"id": "trv-20661:351729-3:994386-0.2497", "country": "se", "source": "TRV", "updated": "2026-09-12", "occurrences": 2, "name": "bro 3.50 m", "type": "hauteur_limitee", "obstacle": "bro", "hauteur_max_m": 3.5, "franchissable": true, "marge_cm": 30, "reference": "2480-47-1 Gc-bro över morkullevägen, på sträckan älgvägen-harspåret"}}, {"type": "Feature", "geometry": {"type": "Point", "coordinates": [16.08208, 62.77854]}, "properties": {"id": "trv-22531:77136-1000:107786-0.4861", "country": "se", "source": "TRV", "updated": "2026-09-12", "name": "bro 3.50 m", "type": "hauteur_limitee", "obstacle": "bro", "hauteur_max_m": 3.5, "franchissable": true, "marge_cm": 30, "reference": "23-5-1"}}, {"type": "Feature", "geometry": {"type": "Point", "coordinates": [14.58055, 57.20301]}, "properties": {"id": "trv-12797:6191-1000:30488-0.3130", "country": "se", "source": "TRV", "updated": "2026-09-12", "name": "vägport 3.50 m", "type": "hauteur_limitee", "obstacle": "vägport", "hauteur_max_m": 3.5, "franchissable": true, "marge_cm": 30, "reference": "F  1031"}}, {"type": "Feature", "geometry": {"type": "Point", "coordinates": [15.58689, 58.42062]}, "properties": {"id": "trv-16588:149691-3:511189-0.4948", "country": "se", "source": "TRV", "updated": "2026-09-12", "name": "vägport 3.50 m", "type": "hauteur_limitee", "obstacle": "vägport", "hauteur_max_m": 3.5, "franchissable": true, "marge_cm": 30, "reference": "3500-143-1"}}, {"type": "Feature", "geometry": {"type": "Point", "coordinates": [24.04866, 65.82187]}, "properties": {"id": "trv-16552:14354-16552:13525-0.4126", "country": "se", "source": "TRV", "updated": "2026-09-12", "name": "vägport 3.50 m", "type": "hauteur_limitee", "obstacle": "vägport", "hauteur_max_m": 3.5, "franchissable": true, "marge_cm": 30}}, {"type": "Feature", "geometry": {"type": "Point", "coordinates": [17.75392, 59.19579]}, "properties": {"id": "trv-14444:74916-3:1100140-0.4963", "country": "se", "source": "TRV", "updated": "2026-09-12", "name": "bro 3.50 m", "type": "hauteur_limitee", "obstacle": "bro", "hauteur_max_m": 3.5, "franchissable": true, "marge_cm": 30, "reference": "Okänt"}}, {"type": "Feature", "geometry": {"type": "Point", "coordinates": [13.03187, 56.57084]}, "properties": {"id": "trv-15818:1729-1000:20430-0.3271", "country": "se", "source": "TRV", "updated": "2026-09-12", "name": "vägport 3.50 m", "type": "hauteur_limitee", "obstacle": "vägport", "hauteur_max_m": 3.5, "franchissable": true, "marge_cm": 30, "reference": "N 81"}}, {"type": "Feature", "geometry": {"type": "Point", "coordinates": [17.83208, 59.41797]}, "properties": {"id": "trv-20731:24112-11156:33963-0.7967", "country": "se", "source": "TRV", "updated": "2026-09-12", "occurrences": 2, "name": "tunnel 3.50 m", "type": "hauteur_limitee", "obstacle": "tunnel", "hauteur_max_m": 3.5, "franchissable": true, "marge_cm": 30}}, {"type": "Feature", "geometry": {"type": "Point", "coordinates": [17.83248, 59.41795]}, "properties": {"id": "trv-20731:24112-11156:33963-0.8823", "country": "se", "source": "TRV", "updated": "2026-09-12", "occurrences": 2, "name": "tunnel 3.50 m", "type": "hauteur_limitee", "obstacle": "tunnel", "hauteur_max_m": 3.5, "franchissable": true, "marge_cm": 30}}, {"type": "Feature", "geometry": {"type": "Point", "coordinates": [17.83249, 59.41788]}, "properties": {"id": "trv-20731:24120-20732:162781-0.1169", "country": "se", "source": "TRV", "updated": "2026-09-12", "name": "tunnel 3.50 m", "type": "hauteur_limitee", "obstacle": "tunnel", "hauteur_max_m": 3.5, "franchissable": true, "marge_cm": 30}}, {"type": "Feature", "geometry": {"type": "Point", "coordinates": [17.88362, 59.19932]}, "properties": {"id": "trv-22121:1091220-22121:514513-0.8513", "country": "se", "source": "TRV", "updated": "2026-09-12", "name": "vägport 3.50 m", "type": "hauteur_limitee", "obstacle": "vägport", "hauteur_max_m": 3.5, "franchissable": true, "marge_cm": 30, "reference": "3500-52-2"}}, {"type": "Feature", "geometry": {"type": "Point", "coordinates": [17.89828, 59.20374]}, "properties": {"id": "trv-22121:1091237-22126:286500-0.8228", "country": "se", "source": "TRV", "updated": "2026-09-12", "name": "vägport 3.50 m", "type": "hauteur_limitee", "obstacle": "vägport", "hauteur_max_m": 3.5, "franchissable": true, "marge_cm": 30, "reference": "3500-51-1"}}, {"type": "Feature", "geometry": {"type": "Point", "coordinates": [17.89825, 59.20372]}, "properties": {"id": "trv-22121:1091242-3:1100120-0.7471", "country": "se", "source": "TRV", "updated": "2026-09-12", "name": "vägport 3.50 m", "type": "hauteur_limitee", "obstacle": "vägport", "hauteur_max_m": 3.5, "franchissable": true, "marge_cm": 30, "reference": "3500-51-1"}}, {"type": "Feature", "geometry": {"type": "Point", "coordinates": [17.88358, 59.19923]}, "properties": {"id": "trv-16593:119937-22121:514348-0.3314", "country": "se", "source": "TRV", "updated": "2026-09-12", "name": "vägport 3.50 m", "type": "hauteur_limitee", "obstacle": "vägport", "hauteur_max_m": 3.5, "franchissable": true, "marge_cm": 30, "reference": "3500-52-1"}}, {"type": "Feature", "geometry": {"type": "Point", "coordinates": [17.824, 59.24491]}, "properties": {"id": "trv-12725:183857-12723:86724-0.3091", "country": "se", "source": "TRV", "updated": "2026-09-12", "name": "vägport 3.50 m", "type": "hauteur_limitee", "obstacle": "vägport", "hauteur_max_m": 3.5, "franchissable": true, "marge_cm": 30}}, {"type": "Feature", "geometry": {"type": "Point", "coordinates": [16.30691, 59.57925]}, "properties": {"id": "trv-24277:3847-24277:363-0.4484", "country": "se", "source": "TRV", "updated": "2026-09-12", "name": "vägport 3.50 m", "type": "hauteur_limitee", "obstacle": "vägport", "hauteur_max_m": 3.5, "franchissable": true, "marge_cm": 30, "reference": "100-20672-2"}}, {"type": "Feature", "geometry": {"type": "Point", "coordinates": [11.96794, 57.58185]}, "properties": {"id": "trv-11157:391422-1000:32891-0.5158", "country": "se", "source": "TRV", "updated": "2026-09-12", "name": "vägport 3.50 m", "type": "hauteur_limitee", "obstacle": "vägport", "hauteur_max_m": 3.5, "franchissable": true, "marge_cm": 30, "reference": "14-809-1"}}, {"type": "Feature", "geometry": {"type": "Point", "coordinates": [12.14182, 59.39263]}, "properties": {"id": "trv-11161:315541-3:718171-0.1597", "country": "se", "source": "TRV", "updated": "2026-09-12", "name": "vägport 3.50 m", "type": "hauteur_limitee", "obstacle": "vägport", "hauteur_max_m": 3.5, "franchissable": true, "marge_cm": 30, "reference": "17-737-1"}}, {"type": "Feature", "geometry": {"type": "Point", "coordinates": [11.93723, 57.58986]}, "properties": {"id": "trv-11161:64256-3:1382469-0.9406", "country": "se", "source": "TRV", "updated": "2026-09-12", "name": "vägport 3.50 m", "type": "hauteur_limitee", "obstacle": "vägport", "hauteur_max_m": 3.5, "franchissable": true, "marge_cm": 30}}, {"type": "Feature", "geometry": {"type": "Point", "coordinates": [12.81547, 56.11769]}, "properties": {"id": "trv-11784:15862-3:1599313-0.7594", "country": "se", "source": "TRV", "updated": "2026-09-12", "name": "övrigt hinder 3.50 m", "type": "hauteur_limitee", "obstacle": "övrigt hinder", "hauteur_max_m": 3.5, "franchissable": true, "marge_cm": 30}}, {"type": "Feature", "geometry": {"type": "Point", "coordinates": [12.14892, 59.3898]}, "properties": {"id": "trv-11161:315546-3:718179-0.2516", "country": "se", "source": "TRV", "updated": "2026-09-12", "name": "vägport 3.50 m", "type": "hauteur_limitee", "obstacle": "vägport", "hauteur_max_m": 3.5, "franchissable": true, "marge_cm": 30, "reference": "17-738-1"}}, {"type": "Feature", "geometry": {"type": "Point", "coordinates": [14.21571, 56.63414]}, "properties": {"id": "trv-14122:107485-11164:21247-0.4222", "country": "se", "source": "TRV", "updated": "2026-09-12", "name": "vägport 3.50 m", "type": "hauteur_limitee", "obstacle": "vägport", "hauteur_max_m": 3.5, "franchissable": true, "marge_cm": 30}}, {"type": "Feature", "geometry": {"type": "Point", "coordinates": [18.19115, 59.3006]}, "properties": {"id": "trv-14441:5834-3:1098540-0.7546", "country": "se", "source": "TRV", "updated": "2026-09-12", "occurrences": 2, "name": "tunnel 3.50 m", "type": "hauteur_limitee", "obstacle": "tunnel", "hauteur_max_m": 3.5, "franchissable": true, "marge_cm": 30, "reference": "Okänt"}}, {"type": "Feature", "geometry": {"type": "Point", "coordinates": [15.89172, 57.66376]}, "properties": {"id": "trv-14852:135-3:802091-0.0321", "country": "se", "source": "TRV", "updated": "2026-09-12", "name": "vägport 3.50 m", "type": "hauteur_limitee", "obstacle": "vägport", "hauteur_max_m": 3.5, "franchissable": true, "marge_cm": 30}}, {"type": "Feature", "geometry": {"type": "Point", "coordinates": [15.03305, 59.51043]}, "properties": {"id": "trv-14849:41053-1000:75058-0.9746", "country": "se", "source": "TRV", "updated": "2026-09-12", "occurrences": 2, "name": "vägport 3.50 m", "type": "hauteur_limitee", "obstacle": "vägport", "hauteur_max_m": 3.5, "franchissable": true, "marge_cm": 30}}, {"type": "Feature", "geometry": {"type": "Point", "coordinates": [13.59795, 55.64115]}, "properties": {"id": "trv-16592:16754-16592:16696-0.5281", "country": "se", "source": "TRV", "updated": "2026-09-12", "name": "tunnel 3.50 m", "type": "hauteur_limitee", "obstacle": "tunnel", "hauteur_max_m": 3.5, "franchissable": true, "marge_cm": 30}}, {"type": "Feature", "geometry": {"type": "Point", "coordinates": [13.67099, 56.19492]}, "properties": {"id": "trv-16668:10965-1000:15079-0.0032", "country": "se", "source": "TRV", "updated": "2026-09-12", "name": "övrigt hinder 3.50 m", "type": "hauteur_limitee", "obstacle": "övrigt hinder", "hauteur_max_m": 3.5, "franchissable": true, "marge_cm": 30, "reference": "Överbyggnad mellan två byggnader"}}, {"type": "Feature", "geometry": {"type": "Point", "coordinates": [17.96916, 59.23124]}, "properties": {"id": "trv-22121:539527-16588:10622-0.7465", "country": "se", "source": "TRV", "updated": "2026-09-12", "name": "bro 3.50 m", "type": "hauteur_limitee", "obstacle": "bro", "hauteur_max_m": 3.5, "franchissable": true, "marge_cm": 30}}, {"type": "Feature", "geometry": {"type": "Point", "coordinates": [13.53611, 59.83568]}, "properties": {"id": "trv-16589:44204-19301:9620-0.4613", "country": "se", "source": "TRV", "updated": "2026-09-12", "name": "bro 3.50 m", "type": "hauteur_limitee", "obstacle": "bro", "hauteur_max_m": 3.5, "franchissable": true, "marge_cm": 30}}, {"type": "Feature", "geometry": {"type": "Point", "coordinates": [18.06546, 59.43067]}, "properties": {"id": "trv-16665:29871-3:1097948-0.5457", "country": "se", "source": "TRV", "updated": "2026-09-12", "occurrences": 2, "name": "vägport 3.50 m", "type": "hauteur_limitee", "obstacle": "vägport", "hauteur_max_m": 3.5, "franchissable": true, "marge_cm": 30}}, {"type": "Feature", "geometry": {"type": "Point", "coordinates": [17.83209, 59.41793]}, "properties": {"id": "trv-20731:24103-3:1099475-0.4660", "country": "se", "source": "TRV", "updated": "2026-09-12", "occurrences": 2, "name": "tunnel 3.50 m", "type": "hauteur_limitee", "obstacle": "tunnel", "hauteur_max_m": 3.5, "franchissable": true, "marge_cm": 30}}, {"type": "Feature", "geometry": {"type": "Point", "coordinates": [16.01573, 60.25419]}, "properties": {"id": "trv-12288:41-3:638287-0.4000", "country": "se", "source": "TRV", "updated": "2026-09-12", "name": "vägport 3.50 m", "type": "hauteur_limitee", "obstacle": "vägport", "hauteur_max_m": 3.5, "franchissable": true, "marge_cm": 30, "reference": "Vägport under väg 70."}}, {"type": "Feature", "geometry": {"type": "Point", "coordinates": [17.91991, 59.48362]}, "properties": {"id": "trv-16345:1129-3:1097911-0.6873", "country": "se", "source": "TRV", "updated": "2026-09-12", "name": "vägport 3.50 m", "type": "hauteur_limitee", "obstacle": "vägport", "hauteur_max_m": 3.5, "franchissable": true, "marge_cm": 30}}, {"type": "Feature", "geometry": {"type": "Point", "coordinates": [14.57418, 61.00844]}, "properties": {"id": "trv-12783:588104-19716:155264-0.3733", "country": "se", "source": "TRV", "updated": "2026-09-12", "occurrences": 2, "name": "vägport 3.50 m", "type": "hauteur_limitee", "obstacle": "vägport", "hauteur_max_m": 3.5, "franchissable": true, "marge_cm": 30, "reference": "50-1-1"}}, {"type": "Feature", "geometry": {"type": "Point", "coordinates": [13.59317, 57.44691]}, "properties": {"id": "trv-12876:21500-1000:35601-0.3587", "country": "se", "source": "TRV", "updated": "2026-09-12", "name": "vägport 3.50 m", "type": "hauteur_limitee", "obstacle": "vägport", "hauteur_max_m": 3.5, "franchissable": true, "marge_cm": 30}}, {"type": "Feature", "geometry": {"type": "Point", "coordinates": [17.22285, 60.66636]}, "properties": {"id": "trv-14411:906-3:1178501-0.3850", "country": "se", "source": "TRV", "updated": "2026-09-12", "name": "vägport 3.50 m", "type": "hauteur_limitee", "obstacle": "vägport", "hauteur_max_m": 3.5, "franchissable": true, "marge_cm": 30, "reference": "GC-väg över Upplandsleden"}}, {"type": "Feature", "geometry": {"type": "Point", "coordinates": [15.44928, 60.47934]}, "properties": {"id": "trv-11158:368318-3:638275-0.5400", "country": "se", "source": "TRV", "updated": "2026-09-12", "name": "vägport 3.50 m", "type": "hauteur_limitee", "obstacle": "vägport", "hauteur_max_m": 3.5, "franchissable": true, "marge_cm": 30, "reference": "20-745-1"}}, {"type": "Feature", "geometry": {"type": "Point", "coordinates": [11.92489, 57.66898]}, "properties": {"id": "trv-12587:7029-3:1370431-0.5629", "country": "se", "source": "TRV", "updated": "2026-09-12", "name": "vägport 3.50 m", "type": "hauteur_limitee", "obstacle": "vägport", "hauteur_max_m": 3.5, "franchissable": true, "marge_cm": 30, "reference": "1480-3041-1"}}, {"type": "Feature", "geometry": {"type": "Point", "coordinates": [11.90073, 57.68537]}, "properties": {"id": "trv-12736:138363-3:1404120-0.0898", "country": "se", "source": "TRV", "updated": "2026-09-12", "name": "vägport 3.50 m", "type": "hauteur_limitee", "obstacle": "vägport", "hauteur_max_m": 3.5, "franchissable": true, "marge_cm": 30, "reference": "14-669-1"}}, {"type": "Feature", "geometry": {"type": "Point", "coordinates": [16.08136, 62.77819]}, "properties": {"id": "trv-12801:103090-1000:107786-0.4592", "country": "se", "source": "TRV", "updated": "2026-09-12", "name": "bro 3.50 m", "type": "hauteur_limitee", "obstacle": "bro", "hauteur_max_m": 3.5, "franchissable": true, "marge_cm": 30, "reference": "23-5-1"}}, {"type": "Feature", "geometry": {"type": "Point", "coordinates": [15.17504, 59.11651]}, "properties": {"id": "trv-14116:452140-3:478366-0.6970", "country": "se", "source": "TRV", "updated": "2026-09-12", "occurrences": 2, "name": "vägport 3.50 m", "type": "hauteur_limitee", "obstacle": "vägport", "hauteur_max_m": 3.5, "franchissable": true, "marge_cm": 30}}, {"type": "Feature", "geometry": {"type": "Point", "coordinates": [16.54761, 59.60531]}, "properties": {"id": "trv-14405:37399-3:23955-0.5351", "country": "se", "source": "TRV", "updated": "2026-09-12", "name": "vägport 3.50 m", "type": "hauteur_limitee", "obstacle": "vägport", "hauteur_max_m": 3.5, "franchissable": true, "marge_cm": 30}}, {"type": "Feature", "geometry": {"type": "Point", "coordinates": [18.03713, 59.40337]}, "properties": {"id": "trv-14436:44224-3:1097972-0.7673", "country": "se", "source": "TRV", "updated": "2026-09-12", "occurrences": 2, "name": "vägport 3.50 m", "type": "hauteur_limitee", "obstacle": "vägport", "hauteur_max_m": 3.5, "franchissable": true, "marge_cm": 30, "reference": "Okänt"}}, {"type": "Feature", "geometry": {"type": "Point", "coordinates": [18.04156, 59.35189]}, "properties": {"id": "trv-14845:129832-3:1098058-0.7798", "country": "se", "source": "TRV", "updated": "2026-09-12", "name": "vägport 3.50 m", "type": "hauteur_limitee", "obstacle": "vägport", "hauteur_max_m": 3.5, "franchissable": true, "marge_cm": 30}}, {"type": "Feature", "geometry": {"type": "Point", "coordinates": [12.07072, 57.67358]}, "properties": {"id": "trv-16146:2619-3:1404396-0.0955", "country": "se", "source": "TRV", "updated": "2026-09-12", "occurrences": 2, "name": "vägport 3.50 m", "type": "hauteur_limitee", "obstacle": "vägport", "hauteur_max_m": 3.5, "franchissable": true, "marge_cm": 30}}, {"type": "Feature", "geometry": {"type": "Point", "coordinates": [15.14123, 59.12921]}, "properties": {"id": "trv-16645:124-3:478350-0.2994", "country": "se", "source": "TRV", "updated": "2026-09-12", "name": "vägport 3.50 m", "type": "hauteur_limitee", "obstacle": "vägport", "hauteur_max_m": 3.5, "franchissable": true, "marge_cm": 30}}, {"type": "Feature", "geometry": {"type": "Point", "coordinates": [20.84811, 64.05206]}, "properties": {"id": "trv-22576:117777-22576:117092-0.4385", "country": "se", "source": "TRV", "updated": "2026-09-12", "name": "vägport 3.50 m", "type": "hauteur_limitee", "obstacle": "vägport", "hauteur_max_m": 3.5, "franchissable": true, "marge_cm": 30, "reference": "100-12422-1"}}, {"type": "Feature", "geometry": {"type": "Point", "coordinates": [20.14625, 63.84013]}, "properties": {"id": "trv-10085:189757-10085:189053-0.2937", "country": "se", "source": "TRV", "updated": "2026-09-12", "name": "vägport 3.50 m", "type": "hauteur_limitee", "obstacle": "vägport", "hauteur_max_m": 3.5, "franchissable": true, "marge_cm": 30, "reference": "100-1997-1"}}, {"type": "Feature", "geometry": {"type": "Point", "coordinates": [20.25816, 63.8321]}, "properties": {"id": "trv-11159:233001-12726:148215-0.6225", "country": "se", "source": "TRV", "updated": "2026-09-12", "name": "vägport 3.50 m", "type": "hauteur_limitee", "obstacle": "vägport", "hauteur_max_m": 3.5, "franchissable": true, "marge_cm": 30, "reference": "24-1889-1"}}, {"type": "Feature", "geometry": {"type": "Point", "coordinates": [16.03761, 60.45386]}, "properties": {"id": "trv-12801:106354-1000:99459-0.7386", "country": "se", "source": "TRV", "updated": "2026-09-12", "name": "vägport 3.50 m", "type": "hauteur_limitee", "obstacle": "vägport", "hauteur_max_m": 3.5, "franchissable": true, "marge_cm": 30, "reference": "W  603"}}, {"type": "Feature", "geometry": {"type": "Point", "coordinates": [17.93245, 58.89787]}, "properties": {"id": "trv-16350:7241-3:1100509-0.0900", "country": "se", "source": "TRV", "updated": "2026-09-12", "name": "bro 3.50 m", "type": "hauteur_limitee", "obstacle": "bro", "hauteur_max_m": 3.5, "franchissable": true, "marge_cm": 30}}, {"type": "Feature", "geometry": {"type": "Point", "coordinates": [17.8321, 59.41789]}, "properties": {"id": "trv-20731:24116-20732:74386-0.8849", "country": "se", "source": "TRV", "updated": "2026-09-12", "name": "tunnel 3.50 m", "type": "hauteur_limitee", "obstacle": "tunnel", "hauteur_max_m": 3.5, "franchissable": true, "marge_cm": 30}}, {"type": "Feature", "geometry": {"type": "Point", "coordinates": [16.17675, 59.5841]}, "properties": {"id": "trv-24277:3843-24277:241-0.6442", "country": "se", "source": "TRV", "updated": "2026-09-12", "name": "vägport 3.50 m", "type": "hauteur_limitee", "obstacle": "vägport", "hauteur_max_m": 3.5, "franchissable": true, "marge_cm": 30, "reference": "100-20670-2"}}, {"type": "Feature", "geometry": {"type": "Point", "coordinates": [15.10753, 60.89102]}, "properties": {"id": "trv-12766:9818-13469:226617-0.2047", "country": "se", "source": "TRV", "updated": "2026-09-12", "name": "bro 3.50 m", "type": "hauteur_limitee", "obstacle": "bro", "hauteur_max_m": 3.5, "franchissable": true, "marge_cm": 30}}, {"type": "Feature", "geometry": {"type": "Point", "coordinates": [20.20819, 63.81158]}, "properties": {"id": "trv-12745:68888-16527:115808-0.4668", "country": "se", "source": "TRV", "updated": "2026-09-12", "name": "vägport 3.50 m", "type": "hauteur_limitee", "obstacle": "vägport", "hauteur_max_m": 3.5, "franchissable": true, "marge_cm": 30, "reference": "100-1966-1"}}, {"type": "Feature", "geometry": {"type": "Point", "coordinates": [16.46303, 57.25534]}, "properties": {"id": "trv-12574:14742-11161:294411-0.3216", "country": "se", "source": "TRV", "updated": "2026-09-12", "name": "tunnel 3.50 m", "type": "hauteur_limitee", "obstacle": "tunnel", "hauteur_max_m": 3.5, "franchissable": true, "marge_cm": 30}}, {"type": "Feature", "geometry": {"type": "Point", "coordinates": [18.00864, 59.37721]}, "properties": {"id": "trv-14845:129822-3:1097999-0.1838", "country": "se", "source": "TRV", "updated": "2026-09-12", "name": "vägport 3.50 m", "type": "hauteur_limitee", "obstacle": "vägport", "hauteur_max_m": 3.5, "franchissable": true, "marge_cm": 30}}, {"type": "Feature", "geometry": {"type": "Point", "coordinates": [11.96723, 57.57516]}, "properties": {"id": "trv-12752:13818-3:1404444-0.3665", "country": "se", "source": "TRV", "updated": "2026-09-12", "name": "vägport 3.50 m", "type": "hauteur_limitee", "obstacle": "vägport", "hauteur_max_m": 3.5, "franchissable": true, "marge_cm": 30, "reference": "14-815-1"}}, {"type": "Feature", "geometry": {"type": "Point", "coordinates": [13.85106, 58.38795]}, "properties": {"id": "trv-13804:385-1000:58041-0.9730", "country": "se", "source": "TRV", "updated": "2026-09-12", "name": "vägport 3.50 m", "type": "hauteur_limitee", "obstacle": "vägport", "hauteur_max_m": 3.5, "franchissable": true, "marge_cm": 30}}, {"type": "Feature", "geometry": {"type": "Point", "coordinates": [18.01981, 59.30836]}, "properties": {"id": "trv-16119:1057-12756:6641-0.8150", "country": "se", "source": "TRV", "updated": "2026-09-12", "name": "vägport 3.50 m", "type": "hauteur_limitee", "obstacle": "vägport", "hauteur_max_m": 3.5, "franchissable": true, "marge_cm": 30}}, {"type": "Feature", "geometry": {"type": "Point", "coordinates": [21.19915, 64.95379]}, "properties": {"id": "trv-14124:49596-3:1007198-0.5429", "country": "se", "source": "TRV", "updated": "2026-09-12", "name": "vägport 3.50 m", "type": "hauteur_limitee", "obstacle": "vägport", "hauteur_max_m": 3.5, "franchissable": true, "marge_cm": 30}}, {"type": "Feature", "geometry": {"type": "Point", "coordinates": [15.82245, 59.3989]}, "properties": {"id": "trv-14448:94238-3:32623-0.6289", "country": "se", "source": "TRV", "updated": "2026-09-12", "name": "vägport 3.50 m", "type": "hauteur_limitee", "obstacle": "vägport", "hauteur_max_m": 3.5, "franchissable": true, "marge_cm": 30}}, {"type": "Feature", "geometry": {"type": "Point", "coordinates": [12.30762, 58.28642]}, "properties": {"id": "trv-16451:14137-3:1404166-0.7204", "country": "se", "source": "TRV", "updated": "2026-09-12", "occurrences": 2, "name": "vägport 3.50 m", "type": "hauteur_limitee", "obstacle": "vägport", "hauteur_max_m": 3.5, "franchissable": true, "marge_cm": 30}}, {"type": "Feature", "geometry": {"type": "Point", "coordinates": [18.301, 57.61839]}, "properties": {"id": "trv-16351:28708-3:41641-0.4708", "country": "se", "source": "TRV", "updated": "2026-09-12", "name": "vägport 3.50 m", "type": "hauteur_limitee", "obstacle": "vägport", "hauteur_max_m": 3.5, "franchissable": true, "marge_cm": 30}}, {"type": "Feature", "geometry": {"type": "Point", "coordinates": [13.18729, 55.36797]}, "properties": {"id": "trv-11163:270504-3:1598329-0.7740", "country": "se", "source": "TRV", "updated": "2026-09-12", "name": "vägport 3.50 m", "type": "hauteur_limitee", "obstacle": "vägport", "hauteur_max_m": 3.5, "franchissable": true, "marge_cm": 30, "reference": "3500-1332-1"}}, {"type": "Feature", "geometry": {"type": "Point", "coordinates": [18.00248, 59.33256]}, "properties": {"id": "trv-16351:6283-10133:78327-0.4548", "country": "se", "source": "TRV", "updated": "2026-09-12", "name": "vägport 3.50 m", "type": "hauteur_limitee", "obstacle": "vägport", "hauteur_max_m": 3.5, "franchissable": true, "marge_cm": 30}}, {"type": "Feature", "geometry": {"type": "Point", "coordinates": [11.90225, 57.71385]}, "properties": {"id": "trv-12779:7797-3:1404300-0.7061", "country": "se", "source": "TRV", "updated": "2026-09-12", "name": "vägport 3.50 m", "type": "hauteur_limitee", "obstacle": "vägport", "hauteur_max_m": 3.5, "franchissable": true, "marge_cm": 30, "reference": "1480-1633-2"}}, {"type": "Feature", "geometry": {"type": "Point", "coordinates": [16.38237, 58.68382]}, "properties": {"id": "trv-12796:36895-1000:67586-0.0642", "country": "se", "source": "TRV", "updated": "2026-09-12", "name": "vägport 3.50 m", "type": "hauteur_limitee", "obstacle": "vägport", "hauteur_max_m": 3.5, "franchissable": true, "marge_cm": 30, "reference": "VÄGPORT"}}, {"type": "Feature", "geometry": {"type": "Point", "coordinates": [13.06542, 57.65798]}, "properties": {"id": "trv-13150:4045-1000:35337-0.8221", "country": "se", "source": "TRV", "updated": "2026-09-12", "name": "vägport 3.50 m", "type": "hauteur_limitee", "obstacle": "vägport", "hauteur_max_m": 3.5, "franchissable": true, "marge_cm": 30, "reference": "P  88"}}, {"type": "Feature", "geometry": {"type": "Point", "coordinates": [22.15197, 65.72734]}, "properties": {"id": "trv-16589:43062-16589:42929-0.5161", "country": "se", "source": "TRV", "updated": "2026-09-12", "name": "vägport 3.50 m", "type": "hauteur_limitee", "obstacle": "vägport", "hauteur_max_m": 3.5, "franchissable": true, "marge_cm": 30, "reference": "25-1982-1"}}, {"type": "Feature", "geometry": {"type": "Point", "coordinates": [18.06549, 59.43072]}, "properties": {"id": "trv-16665:29871-19302:535-0.4956", "country": "se", "source": "TRV", "updated": "2026-09-12", "occurrences": 2, "name": "vägport 3.50 m", "type": "hauteur_limitee", "obstacle": "vägport", "hauteur_max_m": 3.5, "franchissable": true, "marge_cm": 30}}, {"type": "Feature", "geometry": {"type": "Point", "coordinates": [17.90725, 59.27353]}, "properties": {"id": "trv-16972:526-12740:20088-0.4932", "country": "se", "source": "TRV", "updated": "2026-09-12", "name": "vägport 3.50 m", "type": "hauteur_limitee", "obstacle": "vägport", "hauteur_max_m": 3.5, "franchissable": true, "marge_cm": 30}}, {"type": "Feature", "geometry": {"type": "Point", "coordinates": [11.90223, 57.71358]}, "properties": {"id": "trv-12779:7799-3:1404300-0.5579", "country": "se", "source": "TRV", "updated": "2026-09-12", "name": "vägport 3.50 m", "type": "hauteur_limitee", "obstacle": "vägport", "hauteur_max_m": 3.5, "franchissable": true, "marge_cm": 30, "reference": "1480-3030-1"}}, {"type": "Feature", "geometry": {"type": "Point", "coordinates": [16.22137, 58.55722]}, "properties": {"id": "trv-13622:62299-3:498408-0.6056", "country": "se", "source": "TRV", "updated": "2026-09-12", "name": "vägport 3.50 m", "type": "hauteur_limitee", "obstacle": "vägport", "hauteur_max_m": 3.5, "franchissable": true, "marge_cm": 30, "reference": "581-127-1"}}, {"type": "Feature", "geometry": {"type": "Point", "coordinates": [14.57425, 61.00845]}, "properties": {"id": "trv-12783:588104-3:569451-0.5457", "country": "se", "source": "TRV", "updated": "2026-09-12", "occurrences": 2, "name": "vägport 3.50 m", "type": "hauteur_limitee", "obstacle": "vägport", "hauteur_max_m": 3.5, "franchissable": true, "marge_cm": 30, "reference": "50-1-1"}}, {"type": "Feature", "geometry": {"type": "Point", "coordinates": [18.1159, 59.28689]}, "properties": {"id": "trv-16972:522-12732:13787-0.0418", "country": "se", "source": "TRV", "updated": "2026-09-12", "name": "vägport 3.50 m", "type": "hauteur_limitee", "obstacle": "vägport", "hauteur_max_m": 3.5, "franchissable": true, "marge_cm": 30}}, {"type": "Feature", "geometry": {"type": "Point", "coordinates": [13.01317, 59.59237]}, "properties": {"id": "trv-12735:225844-3:682744-0.4673", "country": "se", "source": "TRV", "updated": "2026-09-12", "name": "vägport 3.50 m", "type": "hauteur_limitee", "obstacle": "vägport", "hauteur_max_m": 3.5, "franchissable": true, "marge_cm": 30, "reference": "3500-855-1"}}, {"type": "Feature", "geometry": {"type": "Point", "coordinates": [16.49308, 59.61463]}, "properties": {"id": "trv-14405:37459-13462:146023-0.5824", "country": "se", "source": "TRV", "updated": "2026-09-12", "occurrences": 2, "name": "vägport 3.50 m", "type": "hauteur_limitee", "obstacle": "vägport", "hauteur_max_m": 3.5, "franchissable": true, "marge_cm": 30}}, {"type": "Feature", "geometry": {"type": "Point", "coordinates": [13.66926, 56.20433]}, "properties": {"id": "trv-14428:1941-1000:15079-0.2523", "country": "se", "source": "TRV", "updated": "2026-09-12", "name": "vägport 3.50 m", "type": "hauteur_limitee", "obstacle": "vägport", "hauteur_max_m": 3.5, "franchissable": true, "marge_cm": 30}}, {"type": "Feature", "geometry": {"type": "Point", "coordinates": [18.03688, 59.40336]}, "properties": {"id": "trv-14436:44224-3:1097972-0.6706", "country": "se", "source": "TRV", "updated": "2026-09-12", "occurrences": 2, "name": "vägport 3.50 m", "type": "hauteur_limitee", "obstacle": "vägport", "hauteur_max_m": 3.5, "franchissable": true, "marge_cm": 30, "reference": "Okänt"}}, {"type": "Feature", "geometry": {"type": "Point", "coordinates": [13.19663, 55.71015]}, "properties": {"id": "trv-16586:38615-16586:38553-0.5494", "country": "se", "source": "TRV", "updated": "2026-09-12", "occurrences": 2, "name": "övrigt hinder 3.50 m", "type": "hauteur_limitee", "obstacle": "övrigt hinder", "hauteur_max_m": 3.5, "franchissable": true, "marge_cm": 30}}, {"type": "Feature", "geometry": {"type": "Point", "coordinates": [20.31433, 63.84344]}, "properties": {"id": "trv-20661:351729-3:994386-0.2396", "country": "se", "source": "TRV", "updated": "2026-09-12", "occurrences": 2, "name": "bro 3.50 m", "type": "hauteur_limitee", "obstacle": "bro", "hauteur_max_m": 3.5, "franchissable": true, "marge_cm": 30, "reference": "2480-47-1 Gc-bro över morkullevägen, på sträckan älgvägen-harspåret"}}, {"type": "Feature", "geometry": {"type": "Point", "coordinates": [11.93313, 58.37346]}, "properties": {"id": "trv-12574:236847-3:1258612-0.3278", "country": "se", "source": "TRV", "updated": "2026-09-12", "name": "övrigt hinder 3.50 m", "type": "hauteur_limitee", "obstacle": "övrigt hinder", "hauteur_max_m": 3.5, "franchissable": true, "marge_cm": 30}}, {"type": "Feature", "geometry": {"type": "Point", "coordinates": [18.01181, 59.30803]}, "properties": {"id": "trv-19194:2477721-12756:6197-0.2989", "country": "se", "source": "TRV", "updated": "2026-09-12", "name": "vägport 3.50 m", "type": "hauteur_limitee", "obstacle": "vägport", "hauteur_max_m": 3.5, "franchissable": true, "marge_cm": 30}}, {"type": "Feature", "geometry": {"type": "Point", "coordinates": [17.88363, 59.19923]}, "properties": {"id": "trv-22121:1091215-22121:514513-0.7947", "country": "se", "source": "TRV", "updated": "2026-09-12", "name": "vägport 3.50 m", "type": "hauteur_limitee", "obstacle": "vägport", "hauteur_max_m": 3.5, "franchissable": true, "marge_cm": 30, "reference": "3500-52-1"}}, {"type": "Feature", "geometry": {"type": "Point", "coordinates": [13.53177, 59.40782]}, "properties": {"id": "trv-12724:466483-12724:465918-0.3406", "country": "se", "source": "TRV", "updated": "2026-09-12", "name": "vägport 3.50 m", "type": "hauteur_limitee", "obstacle": "vägport", "hauteur_max_m": 3.5, "franchissable": true, "marge_cm": 30, "reference": "17-788-1"}}, {"type": "Feature", "geometry": {"type": "Point", "coordinates": [11.96066, 57.59281]}, "properties": {"id": "trv-12752:13822-3:1404439-0.5650", "country": "se", "source": "TRV", "updated": "2026-09-12", "name": "vägport 3.50 m", "type": "hauteur_limitee", "obstacle": "vägport", "hauteur_max_m": 3.5, "franchissable": true, "marge_cm": 30, "reference": "14-810-1"}}, {"type": "Feature", "geometry": {"type": "Point", "coordinates": [15.03283, 59.5106]}, "properties": {"id": "trv-14849:41053-1000:75058-0.9837", "country": "se", "source": "TRV", "updated": "2026-09-12", "occurrences": 2, "name": "vägport 3.50 m", "type": "hauteur_limitee", "obstacle": "vägport", "hauteur_max_m": 3.5, "franchissable": true, "marge_cm": 30}}, {"type": "Feature", "geometry": {"type": "Point", "coordinates": [12.30782, 58.2864]}, "properties": {"id": "trv-16451:14137-3:1404166-0.6864", "country": "se", "source": "TRV", "updated": "2026-09-12", "occurrences": 2, "name": "vägport 3.50 m", "type": "hauteur_limitee", "obstacle": "vägport", "hauteur_max_m": 3.5, "franchissable": true, "marge_cm": 30}}, {"type": "Feature", "geometry": {"type": "Point", "coordinates": [17.92281, 59.40922]}, "properties": {"id": "trv-16972:617-12730:2207-0.5647", "country": "se", "source": "TRV", "updated": "2026-09-12", "name": "vägport 3.50 m", "type": "hauteur_limitee", "obstacle": "vägport", "hauteur_max_m": 3.5, "franchissable": true, "marge_cm": 30}}, {"type": "Feature", "geometry": {"type": "Point", "coordinates": [20.20551, 63.85692]}, "properties": {"id": "trv-11159:233005-12726:148178-0.0156", "country": "se", "source": "TRV", "updated": "2026-09-12", "name": "vägport 3.50 m", "type": "hauteur_limitee", "obstacle": "vägport", "hauteur_max_m": 3.5, "franchissable": true, "marge_cm": 30, "reference": "24-1933-1"}}, {"type": "Feature", "geometry": {"type": "Point", "coordinates": [16.46298, 57.2552]}, "properties": {"id": "trv-12574:14744-11161:295267-0.5353", "country": "se", "source": "TRV", "updated": "2026-09-12", "name": "tunnel 3.50 m", "type": "hauteur_limitee", "obstacle": "tunnel", "hauteur_max_m": 3.5, "franchissable": true, "marge_cm": 30}}, {"type": "Feature", "geometry": {"type": "Point", "coordinates": [17.85392, 59.25052]}, "properties": {"id": "trv-12725:183723-12723:83680-0.3198", "country": "se", "source": "TRV", "updated": "2026-09-12", "name": "vägport 3.50 m", "type": "hauteur_limitee", "obstacle": "vägport", "hauteur_max_m": 3.5, "franchissable": true, "marge_cm": 30, "reference": "2-1156-1"}}, {"type": "Feature", "geometry": {"type": "Point", "coordinates": [17.3343, 62.46784]}, "properties": {"id": "trv-15057:465-3:772722-0.5411", "country": "se", "source": "TRV", "updated": "2026-09-12", "name": "vägport 3.50 m", "type": "hauteur_limitee", "obstacle": "vägport", "hauteur_max_m": 3.5, "franchissable": true, "marge_cm": 30, "reference": "Vägport under järnväg"}}, {"type": "Feature", "geometry": {"type": "Point", "coordinates": [13.18699, 55.70371]}, "properties": {"id": "trv-15471:12956-3:1560418-0.3761", "country": "se", "source": "TRV", "updated": "2026-09-12", "name": "vägport 3.50 m", "type": "hauteur_limitee", "obstacle": "vägport", "hauteur_max_m": 3.5, "franchissable": true, "marge_cm": 30}}, {"type": "Feature", "geometry": {"type": "Point", "coordinates": [15.56573, 58.4217]}, "properties": {"id": "trv-14409:38907-3:511228-0.7149", "country": "se", "source": "TRV", "updated": "2026-09-12", "name": "vägport 3.50 m", "type": "hauteur_limitee", "obstacle": "vägport", "hauteur_max_m": 3.5, "franchissable": true, "marge_cm": 30}}, {"type": "Feature", "geometry": {"type": "Point", "coordinates": [18.09191, 59.25243]}, "properties": {"id": "trv-19194:2015665-12592:5680-0.1014", "country": "se", "source": "TRV", "updated": "2026-09-12", "name": "vägport 3.50 m", "type": "hauteur_limitee", "obstacle": "vägport", "hauteur_max_m": 3.5, "franchissable": true, "marge_cm": 30}}, {"type": "Feature", "geometry": {"type": "Point", "coordinates": [17.83249, 59.41791]}, "properties": {"id": "trv-20731:24103-3:1099475-0.5425", "country": "se", "source": "TRV", "updated": "2026-09-12", "occurrences": 2, "name": "tunnel 3.50 m", "type": "hauteur_limitee", "obstacle": "tunnel", "hauteur_max_m": 3.5, "franchissable": true, "marge_cm": 30}}, {"type": "Feature", "geometry": {"type": "Point", "coordinates": [13.23243, 55.52207]}, "properties": {"id": "trv-14424:942-3:1599443-0.5915", "country": "se", "source": "TRV", "updated": "2026-09-12", "name": "bro 3.50 m", "type": "hauteur_limitee", "obstacle": "bro", "hauteur_max_m": 3.5, "franchissable": true, "marge_cm": 30}}, {"type": "Feature", "geometry": {"type": "Point", "coordinates": [13.2324, 55.52185]}, "properties": {"id": "trv-14424:946-3:1599443-0.5450", "country": "se", "source": "TRV", "updated": "2026-09-12", "name": "bro 3.50 m", "type": "hauteur_limitee", "obstacle": "bro", "hauteur_max_m": 3.5, "franchissable": true, "marge_cm": 30}}, {"type": "Feature", "geometry": {"type": "Point", "coordinates": [17.21676, 60.66635]}, "properties": {"id": "trv-12737:52593-3:1178518-0.2429", "country": "se", "source": "TRV", "updated": "2026-09-12", "name": "vägport 3.50 m", "type": "hauteur_limitee", "obstacle": "vägport", "hauteur_max_m": 3.5, "franchissable": true, "marge_cm": 30, "reference": "Gc-väg över Upplands"}}, {"type": "Feature", "geometry": {"type": "Point", "coordinates": [14.18778, 58.75467]}, "properties": {"id": "trv-12799:7905-1000:65823-0.1990", "country": "se", "source": "TRV", "updated": "2026-09-12", "name": "vägport 3.50 m", "type": "hauteur_limitee", "obstacle": "vägport", "hauteur_max_m": 3.5, "franchissable": true, "marge_cm": 30, "reference": "R  189"}}, {"type": "Feature", "geometry": {"type": "Point", "coordinates": [15.64551, 58.39961]}, "properties": {"id": "trv-14409:38913-3:549772-0.8056", "country": "se", "source": "TRV", "updated": "2026-09-12", "name": "vägport 3.50 m", "type": "hauteur_limitee", "obstacle": "vägport", "hauteur_max_m": 3.5, "franchissable": true, "marge_cm": 30}}, {"type": "Feature", "geometry": {"type": "Point", "coordinates": [12.23813, 58.75956]}, "properties": {"id": "trv-12728:206607-3:1214268-0.3822", "country": "se", "source": "TRV", "updated": "2026-09-12", "name": "vägport 3.50 m", "type": "hauteur_limitee", "obstacle": "vägport", "hauteur_max_m": 3.5, "franchissable": true, "marge_cm": 30, "reference": "3500-3271-1"}}, {"type": "Feature", "geometry": {"type": "Point", "coordinates": [12.86524, 56.67173]}, "properties": {"id": "trv-14115:191435-3:285417-0.3840", "country": "se", "source": "TRV", "updated": "2026-09-12", "occurrences": 2, "name": "vägport 3.50 m", "type": "hauteur_limitee", "obstacle": "vägport", "hauteur_max_m": 3.5, "franchissable": true, "marge_cm": 30}}, {"type": "Feature", "geometry": {"type": "Point", "coordinates": [15.17498, 59.11654]}, "properties": {"id": "trv-14116:452140-3:478366-0.6701", "country": "se", "source": "TRV", "updated": "2026-09-12", "occurrences": 2, "name": "vägport 3.50 m", "type": "hauteur_limitee", "obstacle": "vägport", "hauteur_max_m": 3.5, "franchissable": true, "marge_cm": 30}}, {"type": "Feature", "geometry": {"type": "Point", "coordinates": [14.4534, 56.78555]}, "properties": {"id": "trv-14118:87459-3:202132-0.4259", "country": "se", "source": "TRV", "updated": "2026-09-12", "name": "vägport 3.50 m", "type": "hauteur_limitee", "obstacle": "vägport", "hauteur_max_m": 3.5, "franchissable": true, "marge_cm": 30}}, {"type": "Feature", "geometry": {"type": "Point", "coordinates": [16.33996, 56.68233]}, "properties": {"id": "trv-14403:46760-3:861181-0.3448", "country": "se", "source": "TRV", "updated": "2026-09-12", "name": "vägport 3.50 m", "type": "hauteur_limitee", "obstacle": "vägport", "hauteur_max_m": 3.5, "franchissable": true, "marge_cm": 30, "reference": "8-527-1"}}, {"type": "Feature", "geometry": {"type": "Point", "coordinates": [18.03656, 59.41441]}, "properties": {"id": "trv-14436:44220-3:1097966-0.8985", "country": "se", "source": "TRV", "updated": "2026-09-12", "occurrences": 2, "name": "vägport 3.50 m", "type": "hauteur_limitee", "obstacle": "vägport", "hauteur_max_m": 3.5, "franchissable": true, "marge_cm": 30, "reference": "Okänt"}}, {"type": "Feature", "geometry": {"type": "Point", "coordinates": [16.56047, 59.61267]}, "properties": {"id": "trv-19304:11897-14115:398369-0.5246", "country": "se", "source": "TRV", "updated": "2026-09-12", "name": "vägport 3.50 m", "type": "hauteur_limitee", "obstacle": "vägport", "hauteur_max_m": 3.5, "franchissable": true, "marge_cm": 30}}, {"type": "Feature", "geometry": {"type": "Point", "coordinates": [16.23191, 56.67786]}, "properties": {"id": "trv-19308:5455-19308:3982-0.5786", "country": "se", "source": "TRV", "updated": "2026-09-12", "name": "bro 3.50 m", "type": "hauteur_limitee", "obstacle": "bro", "hauteur_max_m": 3.5, "franchissable": true, "marge_cm": 30, "reference": "3500-2633-1"}}, {"type": "Feature", "geometry": {"type": "Point", "coordinates": [12.08342, 57.65685]}, "properties": {"id": "trv-16146:2623-3:1373578-0.6617", "country": "se", "source": "TRV", "updated": "2026-09-12", "occurrences": 2, "name": "tunnel 3.50 m", "type": "hauteur_limitee", "obstacle": "tunnel", "hauteur_max_m": 3.5, "franchissable": true, "marge_cm": 30}}, {"type": "Feature", "geometry": {"type": "Point", "coordinates": [13.19675, 55.71015]}, "properties": {"id": "trv-16586:38615-16586:38551-0.4819", "country": "se", "source": "TRV", "updated": "2026-09-12", "occurrences": 2, "name": "övrigt hinder 3.50 m", "type": "hauteur_limitee", "obstacle": "övrigt hinder", "hauteur_max_m": 3.5, "franchissable": true, "marge_cm": 30}}, {"type": "Feature", "geometry": {"type": "Point", "coordinates": [17.96545, 59.2904]}, "properties": {"id": "trv-16972:536-11086:35939-0.5904", "country": "se", "source": "TRV", "updated": "2026-09-12", "name": "vägport 3.50 m", "type": "hauteur_limitee", "obstacle": "vägport", "hauteur_max_m": 3.5, "franchissable": true, "marge_cm": 30}}, {"type": "Feature", "geometry": {"type": "Point", "coordinates": [18.04932, 59.37022]}, "properties": {"id": "trv-19194:2484573-19194:2484473-0.7924", "country": "se", "source": "TRV", "updated": "2026-09-12", "name": "bro 3.50 m", "type": "hauteur_limitee", "obstacle": "bro", "hauteur_max_m": 3.5, "franchissable": true, "marge_cm": 30}}, {"type": "Feature", "geometry": {"type": "Point", "coordinates": [18.6845, 59.75757]}, "properties": {"id": "trv-10085:182940-11159:19390-0.2741", "country": "se", "source": "TRV", "updated": "2026-09-12", "name": "vägport 3.50 m", "type": "hauteur_limitee", "obstacle": "vägport", "hauteur_max_m": 3.5, "franchissable": true, "marge_cm": 30, "reference": "2-2080-1"}}, {"type": "Feature", "geometry": {"type": "Point", "coordinates": [18.68448, 59.75726]}, "properties": {"id": "trv-10085:182936-12725:121017-0.6170", "country": "se", "source": "TRV", "updated": "2026-09-12", "name": "vägport 3.50 m", "type": "hauteur_limitee", "obstacle": "vägport", "hauteur_max_m": 3.5, "franchissable": true, "marge_cm": 30, "reference": "2-2080-1"}}, {"type": "Feature", "geometry": {"type": "Point", "coordinates": [12.7568, 56.03933]}, "properties": {"id": "trv-11154:521881-11154:521855-0.9571", "country": "se", "source": "TRV", "updated": "2026-09-12", "name": "vägport 3.50 m", "type": "hauteur_limitee", "obstacle": "vägport", "hauteur_max_m": 3.5, "franchissable": true, "marge_cm": 30}}, {"type": "Feature", "geometry": {"type": "Point", "coordinates": [11.89334, 57.71288]}, "properties": {"id": "trv-12592:20524-12592:19358-0.1603", "country": "se", "source": "TRV", "updated": "2026-09-12", "name": "vägport 3.50 m", "type": "hauteur_limitee", "obstacle": "vägport", "hauteur_max_m": 3.5, "franchissable": true, "marge_cm": 30, "reference": "1480-3031-1"}}, {"type": "Feature", "geometry": {"type": "Point", "coordinates": [11.89212, 57.71334]}, "properties": {"id": "trv-12592:20526-3:1357322-0.3895", "country": "se", "source": "TRV", "updated": "2026-09-12", "name": "vägport 3.50 m", "type": "hauteur_limitee", "obstacle": "vägport", "hauteur_max_m": 3.5, "franchissable": true, "marge_cm": 30, "reference": "1480-3031-1"}}, {"type": "Feature", "geometry": {"type": "Point", "coordinates": [16.58583, 58.72359]}, "properties": {"id": "trv-12737:58851-1000:67639-0.0385", "country": "se", "source": "TRV", "updated": "2026-09-12", "name": "vägport 3.50 m", "type": "hauteur_limitee", "obstacle": "vägport", "hauteur_max_m": 3.5, "franchissable": true, "marge_cm": 30, "reference": "Jvg bro över allmänn väg konstruktion 4-175-1 , Anl 3500-99-1"}}, {"type": "Feature", "geometry": {"type": "Point", "coordinates": [18.19079, 59.30034]}, "properties": {"id": "trv-14441:5834-3:1098540-0.7262", "country": "se", "source": "TRV", "updated": "2026-09-12", "occurrences": 2, "name": "tunnel 3.50 m", "type": "hauteur_limitee", "obstacle": "tunnel", "hauteur_max_m": 3.5, "franchissable": true, "marge_cm": 30, "reference": "Okänt"}}, {"type": "Feature", "geometry": {"type": "Point", "coordinates": [18.03862, 59.39587]}, "properties": {"id": "trv-14436:44226-3:1046218-0.4729", "country": "se", "source": "TRV", "updated": "2026-09-12", "name": "vägport 3.50 m", "type": "hauteur_limitee", "obstacle": "vägport", "hauteur_max_m": 3.5, "franchissable": true, "marge_cm": 30, "reference": "Okänt"}}, {"type": "Feature", "geometry": {"type": "Point", "coordinates": [21.23229, 65.34048]}, "properties": {"id": "trv-15590:5013-3:924420-0.9134", "country": "se", "source": "TRV", "updated": "2026-09-12", "name": "övrigt hinder 3.50 m", "type": "hauteur_limitee", "obstacle": "övrigt hinder", "hauteur_max_m": 3.5, "franchissable": true, "marge_cm": 30}}, {"type": "Feature", "geometry": {"type": "Point", "coordinates": [14.53428, 59.32517]}, "properties": {"id": "trv-16590:75051-16590:68345-0.0804", "country": "se", "source": "TRV", "updated": "2026-09-12", "name": "bro 3.50 m", "type": "hauteur_limitee", "obstacle": "bro", "hauteur_max_m": 3.5, "franchissable": true, "marge_cm": 30}}, {"type": "Feature", "geometry": {"type": "Point", "coordinates": [15.09545, 58.3891]}, "properties": {"id": "trv-11157:135049-11157:134959-0.4731", "country": "se", "source": "TRV", "updated": "2026-09-12", "name": "vägport 3.50 m", "type": "hauteur_limitee", "obstacle": "vägport", "hauteur_max_m": 3.5, "franchissable": true, "marge_cm": 30, "reference": "3500-5960-1"}}, {"type": "Feature", "geometry": {"type": "Point", "coordinates": [16.463, 57.25526]}, "properties": {"id": "trv-12574:14738-3:819952-0.7054", "country": "se", "source": "TRV", "updated": "2026-09-12", "name": "tunnel 3.50 m", "type": "hauteur_limitee", "obstacle": "tunnel", "hauteur_max_m": 3.5, "franchissable": true, "marge_cm": 30}}, {"type": "Feature", "geometry": {"type": "Point", "coordinates": [12.04559, 57.61022]}, "properties": {"id": "trv-14128:112232-1000:33604-0.4758", "country": "se", "source": "TRV", "updated": "2026-09-12", "name": "vägport 3.50 m", "type": "hauteur_limitee", "obstacle": "vägport", "hauteur_max_m": 3.5, "franchissable": true, "marge_cm": 30}}, {"type": "Feature", "geometry": {"type": "Point", "coordinates": [12.92777, 55.83264]}, "properties": {"id": "trv-16165:3334408-3:1599401-0.3660", "country": "se", "source": "TRV", "updated": "2026-09-12", "name": "bro 3.50 m", "type": "hauteur_limitee", "obstacle": "bro", "hauteur_max_m": 3.5, "franchissable": true, "marge_cm": 30, "reference": "12-500-1"}}, {"type": "Feature", "geometry": {"type": "Point", "coordinates": [17.85465, 59.36798]}, "properties": {"id": "trv-16972:568-12726:57808-0.2226", "country": "se", "source": "TRV", "updated": "2026-09-12", "name": "vägport 3.50 m", "type": "hauteur_limitee", "obstacle": "vägport", "hauteur_max_m": 3.5, "franchissable": true, "marge_cm": 30}}, {"type": "Feature", "geometry": {"type": "Point", "coordinates": [12.15574, 57.67889]}, "properties": {"id": "trv-11160:451827-3:1404320-0.2320", "country": "se", "source": "TRV", "updated": "2026-09-12", "name": "vägport 3.50 m", "type": "hauteur_limitee", "obstacle": "vägport", "hauteur_max_m": 3.5, "franchissable": true, "marge_cm": 30, "reference": "14-760-1"}}, {"type": "Feature", "geometry": {"type": "Point", "coordinates": [16.59126, 59.0583]}, "properties": {"id": "trv-16647:7179-3:329445-0.3870", "country": "se", "source": "TRV", "updated": "2026-09-12", "occurrences": 2, "name": "vägport 3.50 m", "type": "hauteur_limitee", "obstacle": "vägport", "hauteur_max_m": 3.5, "franchissable": true, "marge_cm": 30}}, {"type": "Feature", "geometry": {"type": "Point", "coordinates": [16.59168, 59.05838]}, "properties": {"id": "trv-16647:7179-3:329445-0.4328", "country": "se", "source": "TRV", "updated": "2026-09-12", "occurrences": 2, "name": "vägport 3.50 m", "type": "hauteur_limitee", "obstacle": "vägport", "hauteur_max_m": 3.5, "franchissable": true, "marge_cm": 30}}, {"type": "Feature", "geometry": {"type": "Point", "coordinates": [16.22348, 58.55608]}, "properties": {"id": "trv-13622:62305-3:498701-0.2611", "country": "se", "source": "TRV", "updated": "2026-09-12", "name": "vägport 3.50 m", "type": "hauteur_limitee", "obstacle": "vägport", "hauteur_max_m": 3.5, "franchissable": true, "marge_cm": 30, "reference": "581-128-1"}}, {"type": "Feature", "geometry": {"type": "Point", "coordinates": [17.91925, 59.48358]}, "properties": {"id": "trv-16345:1125-3:1097911-0.8322", "country": "se", "source": "TRV", "updated": "2026-09-12", "name": "vägport 3.50 m", "type": "hauteur_limitee", "obstacle": "vägport", "hauteur_max_m": 3.5, "franchissable": true, "marge_cm": 30}}, {"type": "Feature", "geometry": {"type": "Point", "coordinates": [16.46261, 57.2553]}, "properties": {"id": "trv-14122:104752-3:819952-0.5682", "country": "se", "source": "TRV", "updated": "2026-09-12", "name": "vägport 3.50 m", "type": "hauteur_limitee", "obstacle": "vägport", "hauteur_max_m": 3.5, "franchissable": true, "marge_cm": 30}}, {"type": "Feature", "geometry": {"type": "Point", "coordinates": [18.05316, 59.36533]}, "properties": {"id": "trv-16972:717-16507:8555-0.5099", "country": "se", "source": "TRV", "updated": "2026-09-12", "name": "vägport 3.50 m", "type": "hauteur_limitee", "obstacle": "vägport", "hauteur_max_m": 3.5, "franchissable": true, "marge_cm": 30}}, {"type": "Feature", "geometry": {"type": "Point", "coordinates": [13.0088, 59.59908]}, "properties": {"id": "trv-12735:225853-3:682133-0.0232", "country": "se", "source": "TRV", "updated": "2026-09-12", "name": "vägport 3.50 m", "type": "hauteur_limitee", "obstacle": "vägport", "hauteur_max_m": 3.5, "franchissable": true, "marge_cm": 30, "reference": "3500-856-1"}}, {"type": "Feature", "geometry": {"type": "Point", "coordinates": [12.86622, 56.69074]}, "properties": {"id": "trv-13228:3752-3:285409-0.2081", "country": "se", "source": "TRV", "updated": "2026-09-12", "occurrences": 2, "name": "vägport 3.50 m", "type": "hauteur_limitee", "obstacle": "vägport", "hauteur_max_m": 3.5, "franchissable": true, "marge_cm": 30}}, {"type": "Feature", "geometry": {"type": "Point", "coordinates": [15.84947, 59.39673]}, "properties": {"id": "trv-14130:62248-3:32703-0.5579", "country": "se", "source": "TRV", "updated": "2026-09-12", "name": "tunnel 3.50 m", "type": "hauteur_limitee", "obstacle": "tunnel", "hauteur_max_m": 3.5, "franchissable": true, "marge_cm": 30}}, {"type": "Feature", "geometry": {"type": "Point", "coordinates": [18.03683, 59.41439]}, "properties": {"id": "trv-14436:44220-3:1097966-0.8315", "country": "se", "source": "TRV", "updated": "2026-09-12", "occurrences": 2, "name": "vägport 3.50 m", "type": "hauteur_limitee", "obstacle": "vägport", "hauteur_max_m": 3.5, "franchissable": true, "marge_cm": 30, "reference": "Okänt"}}, {"type": "Feature", "geometry": {"type": "Point", "coordinates": [14.99651, 57.66456]}, "properties": {"id": "trv-14845:129963-3:79208-0.5904", "country": "se", "source": "TRV", "updated": "2026-09-12", "name": "vägport 3.50 m", "type": "hauteur_limitee", "obstacle": "vägport", "hauteur_max_m": 3.5, "franchissable": true, "marge_cm": 30}}, {"type": "Feature", "geometry": {"type": "Point", "coordinates": [16.56156, 59.61298]}, "properties": {"id": "trv-19304:11893-14115:398363-0.9161", "country": "se", "source": "TRV", "updated": "2026-09-12", "name": "vägport 3.50 m", "type": "hauteur_limitee", "obstacle": "vägport", "hauteur_max_m": 3.5, "franchissable": true, "marge_cm": 30}}, {"type": "Feature", "geometry": {"type": "Point", "coordinates": [17.00987, 60.92876]}, "properties": {"id": "trv-19321:79-3:1191434-0.2897", "country": "se", "source": "TRV", "updated": "2026-09-12", "name": "vägport 3.50 m", "type": "hauteur_limitee", "obstacle": "vägport", "hauteur_max_m": 3.5, "franchissable": true, "marge_cm": 30}}, {"type": "Feature", "geometry": {"type": "Point", "coordinates": [12.81664, 58.05379]}, "properties": {"id": "trv-16527:117308-16527:116537-0.5843", "country": "se", "source": "TRV", "updated": "2026-09-12", "name": "vägport 3.50 m", "type": "hauteur_limitee", "obstacle": "vägport", "hauteur_max_m": 3.5, "franchissable": true, "marge_cm": 30, "reference": "100-1802-1"}}, {"type": "Feature", "geometry": {"type": "Point", "coordinates": [17.82927, 59.61379]}, "properties": {"id": "trv-14122:117720-3:1025843-0.1802", "country": "se", "source": "TRV", "updated": "2026-09-12", "name": "bro 3.50 m", "type": "hauteur_limitee", "obstacle": "bro", "hauteur_max_m": 3.5, "franchissable": true, "marge_cm": 30}}, {"type": "Feature", "geometry": {"type": "Point", "coordinates": [24.02461, 65.81813]}, "properties": {"id": "trv-16552:14352-16552:13644-0.3227", "country": "se", "source": "TRV", "updated": "2026-09-12", "name": "vägport 3.50 m", "type": "hauteur_limitee", "obstacle": "vägport", "hauteur_max_m": 3.5, "franchissable": true, "marge_cm": 30}}, {"type": "Feature", "geometry": {"type": "Point", "coordinates": [14.47678, 56.06745]}, "properties": {"id": "trv-14040:2392-3:1526967-0.6061", "country": "se", "source": "TRV", "updated": "2026-09-12", "name": "tunnel 3.50 m", "type": "hauteur_limitee", "obstacle": "tunnel", "hauteur_max_m": 3.5, "franchissable": true, "marge_cm": 30}}, {"type": "Feature", "geometry": {"type": "Point", "coordinates": [17.88357, 59.19932]}, "properties": {"id": "trv-16593:119941-22121:514348-0.5237", "country": "se", "source": "TRV", "updated": "2026-09-12", "name": "vägport 3.50 m", "type": "hauteur_limitee", "obstacle": "vägport", "hauteur_max_m": 3.5, "franchissable": true, "marge_cm": 30, "reference": "3500-52-2"}}, {"type": "Feature", "geometry": {"type": "Point", "coordinates": [12.98685, 56.59888]}, "properties": {"id": "trv-10807:7049-1000:21491-0.1073", "country": "se", "source": "TRV", "updated": "2026-09-12", "name": "vägport 3.50 m", "type": "hauteur_limitee", "obstacle": "vägport", "hauteur_max_m": 3.5, "franchissable": true, "marge_cm": 30, "reference": "13-962-1"}}, {"type": "Feature", "geometry": {"type": "Point", "coordinates": [13.91779, 58.46181]}, "properties": {"id": "trv-12799:7897-1000:57700-0.6867", "country": "se", "source": "TRV", "updated": "2026-09-12", "name": "vägport 3.50 m", "type": "hauteur_limitee", "obstacle": "vägport", "hauteur_max_m": 3.5, "franchissable": true, "marge_cm": 30, "reference": "R  769"}}, {"type": "Feature", "geometry": {"type": "Point", "coordinates": [16.17681, 59.58391]}, "properties": {"id": "trv-24277:3839-24277:241-0.4953", "country": "se", "source": "TRV", "updated": "2026-09-12", "name": "vägport 3.50 m", "type": "hauteur_limitee", "obstacle": "vägport", "hauteur_max_m": 3.5, "franchissable": true, "marge_cm": 30, "reference": "100-20670-1"}}, {"type": "Feature", "geometry": {"type": "Point", "coordinates": [16.30685, 59.57904]}, "properties": {"id": "trv-24277:3859-24277:363-0.5709", "country": "se", "source": "TRV", "updated": "2026-09-12", "name": "vägport 3.50 m", "type": "hauteur_limitee", "obstacle": "vägport", "hauteur_max_m": 3.5, "franchissable": true, "marge_cm": 30, "reference": "100-20672-1"}}, {"type": "Feature", "geometry": {"type": "Point", "coordinates": [13.84459, 58.32748]}, "properties": {"id": "trv-16587:140653-15819:87-0.1604", "country": "se", "source": "TRV", "updated": "2026-09-12", "name": "vägport 3.50 m", "type": "hauteur_limitee", "obstacle": "vägport", "hauteur_max_m": 3.5, "franchissable": true, "marge_cm": 30, "reference": "16-834-1"}}, {"type": "Feature", "geometry": {"type": "Point", "coordinates": [13.23641, 55.6955]}, "properties": {"id": "trv-15471:12950-3:1561546-0.4705", "country": "se", "source": "TRV", "updated": "2026-09-12", "name": "vägport 3.50 m", "type": "hauteur_limitee", "obstacle": "vägport", "hauteur_max_m": 3.5, "franchissable": true, "marge_cm": 30}}, {"type": "Feature", "geometry": {"type": "Point", "coordinates": [13.37435, 58.14424]}, "properties": {"id": "trv-12799:7883-1000:47450-0.1128", "country": "se", "source": "TRV", "updated": "2026-09-12", "name": "vägport 3.50 m", "type": "hauteur_limitee", "obstacle": "vägport", "hauteur_max_m": 3.5, "franchissable": true, "marge_cm": 30, "reference": "R  231"}}, {"type": "Feature", "geometry": {"type": "Point", "coordinates": [17.25715, 62.41067]}, "properties": {"id": "trv-21277:214666-12579:2443-0.8594", "country": "se", "source": "TRV", "updated": "2026-09-12", "name": "vägport 3.50 m", "type": "hauteur_limitee", "obstacle": "vägport", "hauteur_max_m": 3.5, "franchissable": true, "marge_cm": 30}}, {"type": "Feature", "geometry": {"type": "Point", "coordinates": [13.30605, 55.83937]}, "properties": {"id": "trv-14215:5242-1000:5838-0.2064", "country": "se", "source": "TRV", "updated": "2026-09-12", "name": "vägport 3.50 m", "type": "hauteur_limitee", "obstacle": "vägport", "hauteur_max_m": 3.5, "franchissable": true, "marge_cm": 30}}, {"type": "Feature", "geometry": {"type": "Point", "coordinates": [16.57489, 59.60906]}, "properties": {"id": "trv-14405:37599-3:23493-0.8910", "country": "se", "source": "TRV", "updated": "2026-09-12", "name": "vägport 3.50 m", "type": "hauteur_limitee", "obstacle": "vägport", "hauteur_max_m": 3.5, "franchissable": true, "marge_cm": 30}}, {"type": "Feature", "geometry": {"type": "Point", "coordinates": [11.93319, 58.35316]}, "properties": {"id": "trv-11162:164027-11162:161882-0.2614", "country": "se", "source": "TRV", "updated": "2026-09-12", "name": "vägport 3.50 m", "type": "hauteur_limitee", "obstacle": "vägport", "hauteur_max_m": 3.5, "franchissable": true, "marge_cm": 30}}, {"type": "Feature", "geometry": {"type": "Point", "coordinates": [13.48657, 59.37982]}, "properties": {"id": "trv-14851:15721-1000:71475-0.0362", "country": "se", "source": "TRV", "updated": "2026-09-12", "name": "vägport 3.50 m", "type": "hauteur_limitee", "obstacle": "vägport", "hauteur_max_m": 3.5, "franchissable": true, "marge_cm": 30}}, {"type": "Feature", "geometry": {"type": "Point", "coordinates": [13.48139, 59.35538]}, "properties": {"id": "trv-14851:15733-1000:71475-0.9489", "country": "se", "source": "TRV", "updated": "2026-09-12", "name": "vägport 3.50 m", "type": "hauteur_limitee", "obstacle": "vägport", "hauteur_max_m": 3.5, "franchissable": true, "marge_cm": 30}}, {"type": "Feature", "geometry": {"type": "Point", "coordinates": [15.98727, 59.53343]}, "properties": {"id": "trv-12590:178133-1000:76134-0.5874", "country": "se", "source": "TRV", "updated": "2026-09-12", "name": "vägport 3.50 m", "type": "hauteur_limitee", "obstacle": "vägport", "hauteur_max_m": 3.5, "franchissable": true, "marge_cm": 30, "reference": "100-20664-1"}}, {"type": "Feature", "geometry": {"type": "Point", "coordinates": [14.19804, 57.77481]}, "properties": {"id": "trv-14118:165427-3:131580-0.2375", "country": "se", "source": "TRV", "updated": "2026-09-12", "name": "bro 3.50 m", "type": "hauteur_limitee", "obstacle": "bro", "hauteur_max_m": 3.5, "franchissable": true, "marge_cm": 30}}, {"type": "Feature", "geometry": {"type": "Point", "coordinates": [16.3443, 56.68268]}, "properties": {"id": "trv-14403:46758-3:861180-0.4144", "country": "se", "source": "TRV", "updated": "2026-09-12", "name": "vägport 3.50 m", "type": "hauteur_limitee", "obstacle": "vägport", "hauteur_max_m": 3.5, "franchissable": true, "marge_cm": 30}}, {"type": "Feature", "geometry": {"type": "Point", "coordinates": [13.13349, 55.46617]}, "properties": {"id": "trv-19301:11136-12727:300879-0.4624", "country": "se", "source": "TRV", "updated": "2026-09-12", "name": "vägport 3.50 m", "type": "hauteur_limitee", "obstacle": "vägport", "hauteur_max_m": 3.5, "franchissable": true, "marge_cm": 30, "reference": "100-97-1"}}, {"type": "Feature", "geometry": {"type": "Point", "coordinates": [12.86529, 56.67182]}, "properties": {"id": "trv-14115:191435-1000:20852-0.2484", "country": "se", "source": "TRV", "updated": "2026-09-12", "occurrences": 2, "name": "vägport 3.50 m", "type": "hauteur_limitee", "obstacle": "vägport", "hauteur_max_m": 3.5, "franchissable": true, "marge_cm": 30}}, {"type": "Feature", "geometry": {"type": "Point", "coordinates": [15.59269, 56.17633]}, "properties": {"id": "trv-13625:2093619-12733:42654-0.6585", "country": "se", "source": "TRV", "updated": "2026-09-12", "name": "vägport 3.50 m", "type": "hauteur_limitee", "obstacle": "vägport", "hauteur_max_m": 3.5, "franchissable": true, "marge_cm": 30}}, {"type": "Feature", "geometry": {"type": "Point", "coordinates": [18.02993, 59.35849]}, "properties": {"id": "trv-12730:277798-1000:83495-0.1962", "country": "se", "source": "TRV", "updated": "2026-09-12", "name": "vägport 3.50 m", "type": "hauteur_limitee", "obstacle": "vägport", "hauteur_max_m": 3.5, "franchissable": true, "marge_cm": 30, "reference": "2-774-1"}}, {"type": "Feature", "geometry": {"type": "Point", "coordinates": [16.6813, 61.05479]}, "properties": {"id": "trv-19336:623-3:1167677-0.0569", "country": "se", "source": "TRV", "updated": "2026-09-12", "name": "vägport 3.50 m", "type": "hauteur_limitee", "obstacle": "vägport", "hauteur_max_m": 3.5, "franchissable": true, "marge_cm": 30}}, {"type": "Feature", "geometry": {"type": "Point", "coordinates": [15.01072, 60.72577]}, "properties": {"id": "trv-15062:22007-3:638257-0.3080", "country": "se", "source": "TRV", "updated": "2026-09-12", "name": "vägport 3.50 m", "type": "hauteur_limitee", "obstacle": "vägport", "hauteur_max_m": 3.5, "franchissable": true, "marge_cm": 30, "reference": "Vägport under riksväg 70"}}, {"type": "Feature", "geometry": {"type": "Point", "coordinates": [11.96709, 57.87081]}, "properties": {"id": "trv-12724:179167-3:1333963-0.6987", "country": "se", "source": "TRV", "updated": "2026-09-12", "name": "vägport 3.50 m", "type": "hauteur_limitee", "obstacle": "vägport", "hauteur_max_m": 3.5, "franchissable": true, "marge_cm": 30}}, {"type": "Feature", "geometry": {"type": "Point", "coordinates": [12.51531, 56.90966]}, "properties": {"id": "trv-13155:6606-1000:25875-0.5729", "country": "se", "source": "TRV", "updated": "2026-09-12", "name": "vägport 3.50 m", "type": "hauteur_limitee", "obstacle": "vägport", "hauteur_max_m": 3.5, "franchissable": true, "marge_cm": 30}}, {"type": "Feature", "geometry": {"type": "Point", "coordinates": [13.40299, 57.8123]}, "properties": {"id": "trv-12735:165700-12735:164750-0.1444", "country": "se", "source": "TRV", "updated": "2026-09-12", "name": "vägport 3.50 m", "type": "hauteur_limitee", "obstacle": "vägport", "hauteur_max_m": 3.5, "franchissable": true, "marge_cm": 30, "reference": "15-1758-1"}}, {"type": "Feature", "geometry": {"type": "Point", "coordinates": [14.58559, 57.17228]}, "properties": {"id": "trv-12468:5641-3:171979-0.4823", "country": "se", "source": "TRV", "updated": "2026-09-12", "name": "vägport 3.50 m", "type": "hauteur_limitee", "obstacle": "vägport", "hauteur_max_m": 3.5, "franchissable": true, "marge_cm": 30}}, {"type": "Feature", "geometry": {"type": "Point", "coordinates": [14.57726, 56.97581]}, "properties": {"id": "trv-14435:19736-1000:29200-0.2431", "country": "se", "source": "TRV", "updated": "2026-09-12", "name": "vägport 3.50 m", "type": "hauteur_limitee", "obstacle": "vägport", "hauteur_max_m": 3.5, "franchissable": true, "marge_cm": 30}}, {"type": "Feature", "geometry": {"type": "Point", "coordinates": [14.7328, 63.15597]}, "properties": {"id": "trv-23698:44094-3:393237-0.9962", "country": "se", "source": "TRV", "updated": "2026-09-12", "name": "vägport 3.50 m", "type": "hauteur_limitee", "obstacle": "vägport", "hauteur_max_m": 3.5, "franchissable": true, "marge_cm": 30}}, {"type": "Feature", "geometry": {"type": "Point", "coordinates": [14.8254, 56.90132]}, "properties": {"id": "trv-17738:20-12470:2373-0.5029", "country": "se", "source": "TRV", "updated": "2026-09-12", "name": "vägport 3.50 m", "type": "hauteur_limitee", "obstacle": "vägport", "hauteur_max_m": 3.5, "franchissable": true, "marge_cm": 30, "reference": "7-643-1"}}, {"type": "Feature", "geometry": {"type": "Point", "coordinates": [13.72255, 55.42811]}, "properties": {"id": "trv-16533:9053-3:1593402-0.3564", "country": "se", "source": "TRV", "updated": "2026-09-12", "name": "vägport 3.50 m", "type": "hauteur_limitee", "obstacle": "vägport", "hauteur_max_m": 3.5, "franchissable": true, "marge_cm": 30, "reference": "3500-2829-2"}}, {"type": "Feature", "geometry": {"type": "Point", "coordinates": [18.00917, 59.36275]}, "properties": {"id": "trv-14845:129826-3:1052257-0.1735", "country": "se", "source": "TRV", "updated": "2026-09-12", "name": "vägport 3.50 m", "type": "hauteur_limitee", "obstacle": "vägport", "hauteur_max_m": 3.5, "franchissable": true, "marge_cm": 30}}, {"type": "Feature", "geometry": {"type": "Point", "coordinates": [18.01197, 59.36224]}, "properties": {"id": "trv-14845:129828-3:1052257-0.5096", "country": "se", "source": "TRV", "updated": "2026-09-12", "name": "vägport 3.50 m", "type": "hauteur_limitee", "obstacle": "vägport", "hauteur_max_m": 3.5, "franchissable": true, "marge_cm": 30}}, {"type": "Feature", "geometry": {"type": "Point", "coordinates": [18.01404, 59.36186]}, "properties": {"id": "trv-14849:43861-3:1052257-0.7581", "country": "se", "source": "TRV", "updated": "2026-09-12", "name": "vägport 3.50 m", "type": "hauteur_limitee", "obstacle": "vägport", "hauteur_max_m": 3.5, "franchissable": true, "marge_cm": 30}}, {"type": "Feature", "geometry": {"type": "Point", "coordinates": [21.03174, 64.7709]}, "properties": {"id": "trv-20299:2302-20299:1044-0.1694", "country": "se", "source": "TRV", "updated": "2026-09-12", "name": "övrigt hinder 3.50 m", "type": "hauteur_limitee", "obstacle": "övrigt hinder", "hauteur_max_m": 3.5, "franchissable": true, "marge_cm": 30}}, {"type": "Feature", "geometry": {"type": "Point", "coordinates": [12.887, 56.68416]}, "properties": {"id": "trv-14115:191433-3:273030-0.4075", "country": "se", "source": "TRV", "updated": "2026-09-12", "name": "vägport 3.50 m", "type": "hauteur_limitee", "obstacle": "vägport", "hauteur_max_m": 3.5, "franchissable": true, "marge_cm": 30}}, {"type": "Feature", "geometry": {"type": "Point", "coordinates": [21.66751, 65.82198]}, "properties": {"id": "trv-11161:38591-19304:2327-0.9358", "country": "se", "source": "TRV", "updated": "2026-09-12", "name": "vägport 3.53 m", "type": "hauteur_limitee", "obstacle": "vägport", "hauteur_max_m": 3.53, "franchissable": true, "marge_cm": 33}}, {"type": "Feature", "geometry": {"type": "Point", "coordinates": [18.19667, 59.23047]}, "properties": {"id": "trv-22121:794097-22126:463763-0.0403", "country": "se", "source": "TRV", "updated": "2026-09-12", "name": "vägport 3.56 m", "type": "hauteur_limitee", "obstacle": "vägport", "hauteur_max_m": 3.56, "franchissable": true, "marge_cm": 36}}, {"type": "Feature", "geometry": {"type": "Point", "coordinates": [18.07132, 59.44277]}, "properties": {"id": "trv-10089:645334-20866:44984-0.3541", "country": "se", "source": "TRV", "updated": "2026-09-12", "name": "övrigt hinder 3.60 m", "type": "hauteur_limitee", "obstacle": "övrigt hinder", "hauteur_max_m": 3.6, "franchissable": true, "marge_cm": 40}}, {"type": "Feature", "geometry": {"type": "Point", "coordinates": [20.54368, 63.8959]}, "properties": {"id": "trv-11156:31133-3:1007208-0.5189", "country": "se", "source": "TRV", "updated": "2026-09-12", "name": "vägport 3.60 m", "type": "hauteur_limitee", "obstacle": "vägport", "hauteur_max_m": 3.6, "franchissable": true, "marge_cm": 40}}, {"type": "Feature", "geometry": {"type": "Point", "coordinates": [15.24078, 59.24046]}, "properties": {"id": "trv-11158:363338-3:458254-0.2775", "country": "se", "source": "TRV", "updated": "2026-09-12", "name": "vägport 3.60 m", "type": "hauteur_limitee", "obstacle": "vägport", "hauteur_max_m": 3.6, "franchissable": true, "marge_cm": 40, "reference": "1880-41-1"}}, {"type": "Feature", "geometry": {"type": "Point", "coordinates": [15.24012, 59.23884]}, "properties": {"id": "trv-11158:363340-3:458483-0.6058", "country": "se", "source": "TRV", "updated": "2026-09-12", "name": "vägport 3.60 m", "type": "hauteur_limitee", "obstacle": "vägport", "hauteur_max_m": 3.6, "franchissable": true, "marge_cm": 40, "reference": "1880-38-1"}}, {"type": "Feature", "geometry": {"type": "Point", "coordinates": [16.44408, 57.16601]}, "properties": {"id": "trv-12797:2531-1000:31541-0.2624", "country": "se", "source": "TRV", "updated": "2026-09-12", "name": "vägport 3.60 m", "type": "hauteur_limitee", "obstacle": "vägport", "hauteur_max_m": 3.6, "franchissable": true, "marge_cm": 40, "reference": "8-533-1"}}, {"type": "Feature", "geometry": {"type": "Point", "coordinates": [15.65021, 60.60313]}, "properties": {"id": "trv-12739:1000368-3:638264-0.5906", "country": "se", "source": "TRV", "updated": "2026-09-12", "name": "vägport 3.60 m", "type": "hauteur_limitee", "obstacle": "vägport", "hauteur_max_m": 3.6, "franchissable": true, "marge_cm": 40}}, {"type": "Feature", "geometry": {"type": "Point", "coordinates": [15.7344, 60.59195]}, "properties": {"id": "trv-13156:52-1000:98207-0.2249", "country": "se", "source": "TRV", "updated": "2026-09-12", "name": "vägport 3.60 m", "type": "hauteur_limitee", "obstacle": "vägport", "hauteur_max_m": 3.6, "franchissable": true, "marge_cm": 40}}, {"type": "Feature", "geometry": {"type": "Point", "coordinates": [17.90361, 59.27737]}, "properties": {"id": "trv-16119:1039-12740:19366-0.2040", "country": "se", "source": "TRV", "updated": "2026-09-12", "name": "vägport 3.60 m", "type": "hauteur_limitee", "obstacle": "vägport", "hauteur_max_m": 3.6, "franchissable": true, "marge_cm": 40}}, {"type": "Feature", "geometry": {"type": "Point", "coordinates": [18.10952, 59.29439]}, "properties": {"id": "trv-16351:6259-16506:1077-0.2901", "country": "se", "source": "TRV", "updated": "2026-09-12", "name": "vägport 3.60 m", "type": "hauteur_limitee", "obstacle": "vägport", "hauteur_max_m": 3.6, "franchissable": true, "marge_cm": 40}}, {"type": "Feature", "geometry": {"type": "Point", "coordinates": [18.02991, 59.31742]}, "properties": {"id": "trv-16351:6275-13212:25045-0.1075", "country": "se", "source": "TRV", "updated": "2026-09-12", "name": "vägport 3.60 m", "type": "hauteur_limitee", "obstacle": "vägport", "hauteur_max_m": 3.6, "franchissable": true, "marge_cm": 40}}, {"type": "Feature", "geometry": {"type": "Point", "coordinates": [18.05879, 59.27506]}, "properties": {"id": "trv-16119:1073-12740:3423-0.1459", "country": "se", "source": "TRV", "updated": "2026-09-12", "name": "vägport 3.60 m", "type": "hauteur_limitee", "obstacle": "vägport", "hauteur_max_m": 3.6, "franchissable": true, "marge_cm": 40}}, {"type": "Feature", "geometry": {"type": "Point", "coordinates": [18.17877, 59.24635]}, "properties": {"id": "trv-16119:1101-16497:1597-0.4647", "country": "se", "source": "TRV", "updated": "2026-09-12", "name": "vägport 3.60 m", "type": "hauteur_limitee", "obstacle": "vägport", "hauteur_max_m": 3.6, "franchissable": true, "marge_cm": 40}}, {"type": "Feature", "geometry": {"type": "Point", "coordinates": [15.82424, 59.99091]}, "properties": {"id": "trv-16437:216-3:34671-0.2381", "country": "se", "source": "TRV", "updated": "2026-09-12", "name": "vägport 3.60 m", "type": "hauteur_limitee", "obstacle": "vägport", "hauteur_max_m": 3.6, "franchissable": true, "marge_cm": 40, "reference": "Port under järnvägen"}}, {"type": "Feature", "geometry": {"type": "Point", "coordinates": [12.69824, 56.03847]}, "properties": {"id": "trv-16668:37137-16668:22575-0.9184", "country": "se", "source": "TRV", "updated": "2026-09-12", "name": "vägport 3.60 m", "type": "hauteur_limitee", "obstacle": "vägport", "hauteur_max_m": 3.6, "franchissable": true, "marge_cm": 40}}, {"type": "Feature", "geometry": {"type": "Point", "coordinates": [18.04499, 59.32806]}, "properties": {"id": "trv-16972:387-10133:75727-0.9862", "country": "se", "source": "TRV", "updated": "2026-09-12", "name": "vägport 3.60 m", "type": "hauteur_limitee", "obstacle": "vägport", "hauteur_max_m": 3.6, "franchissable": true, "marge_cm": 40}}, {"type": "Feature", "geometry": {"type": "Point", "coordinates": [12.85957, 59.62498]}, "properties": {"id": "trv-12734:271653-3:680135-0.0682", "country": "se", "source": "TRV", "updated": "2026-09-12", "name": "vägport 3.60 m", "type": "hauteur_limitee", "obstacle": "vägport", "hauteur_max_m": 3.6, "franchissable": true, "marge_cm": 40, "reference": "3500-861-1"}}, {"type": "Feature", "geometry": {"type": "Point", "coordinates": [13.16386, 55.73219]}, "properties": {"id": "trv-15471:12964-3:1557314-0.0000", "country": "se", "source": "TRV", "updated": "2026-09-12", "name": "vägport 3.60 m", "type": "hauteur_limitee", "obstacle": "vägport", "hauteur_max_m": 3.6, "franchissable": true, "marge_cm": 40}}, {"type": "Feature", "geometry": {"type": "Point", "coordinates": [12.97813, 55.57663]}, "properties": {"id": "trv-14417:4253-10721:2537-0.6002", "country": "se", "source": "TRV", "updated": "2026-09-12", "name": "bro 3.60 m", "type": "hauteur_limitee", "obstacle": "bro", "hauteur_max_m": 3.6, "franchissable": true, "marge_cm": 40}}, {"type": "Feature", "geometry": {"type": "Point", "coordinates": [12.97681, 55.57484]}, "properties": {"id": "trv-14417:4261-10721:12892-0.0000", "country": "se", "source": "TRV", "updated": "2026-09-12", "name": "bro 3.60 m", "type": "hauteur_limitee", "obstacle": "bro", "hauteur_max_m": 3.6, "franchissable": true, "marge_cm": 40}}, {"type": "Feature", "geometry": {"type": "Point", "coordinates": [12.97546, 55.57355]}, "properties": {"id": "trv-14417:4265-10721:10643-0.1656", "country": "se", "source": "TRV", "updated": "2026-09-12", "name": "bro 3.60 m", "type": "hauteur_limitee", "obstacle": "bro", "hauteur_max_m": 3.6, "franchissable": true, "marge_cm": 40}}, {"type": "Feature", "geometry": {"type": "Point", "coordinates": [17.95252, 59.33674]}, "properties": {"id": "trv-17119:80875-12726:24876-0.1820", "country": "se", "source": "TRV", "updated": "2026-09-12", "name": "vägport 3.60 m", "type": "hauteur_limitee", "obstacle": "vägport", "hauteur_max_m": 3.6, "franchissable": true, "marge_cm": 40}}, {"type": "Feature", "geometry": {"type": "Point", "coordinates": [16.44407, 57.16606]}, "properties": {"id": "trv-12766:68-11161:295563-0.6876", "country": "se", "source": "TRV", "updated": "2026-09-12", "name": "vägport 3.60 m", "type": "hauteur_limitee", "obstacle": "vägport", "hauteur_max_m": 3.6, "franchissable": true, "marge_cm": 40, "reference": "8-533-1"}}, {"type": "Feature", "geometry": {"type": "Point", "coordinates": [17.65054, 59.17449]}, "properties": {"id": "trv-14117:22-14117:19-0.2824", "country": "se", "source": "TRV", "updated": "2026-09-12", "name": "vägport 3.60 m", "type": "hauteur_limitee", "obstacle": "vägport", "hauteur_max_m": 3.6, "franchissable": true, "marge_cm": 40}}, {"type": "Feature", "geometry": {"type": "Point", "coordinates": [11.89183, 57.73333]}, "properties": {"id": "trv-16184:1118-3:1352529-0.5841", "country": "se", "source": "TRV", "updated": "2026-09-12", "name": "vägport 3.60 m", "type": "hauteur_limitee", "obstacle": "vägport", "hauteur_max_m": 3.6, "franchissable": true, "marge_cm": 40, "reference": "1480-2610-1"}}, {"type": "Feature", "geometry": {"type": "Point", "coordinates": [18.14309, 59.26459]}, "properties": {"id": "trv-16119:1093-12732:10383-0.6054", "country": "se", "source": "TRV", "updated": "2026-09-12", "name": "vägport 3.60 m", "type": "hauteur_limitee", "obstacle": "vägport", "hauteur_max_m": 3.6, "franchissable": true, "marge_cm": 40}}, {"type": "Feature", "geometry": {"type": "Point", "coordinates": [13.09429, 55.71315]}, "properties": {"id": "trv-12796:33702-1000:5689-0.8050", "country": "se", "source": "TRV", "updated": "2026-09-12", "name": "vägport 3.60 m", "type": "hauteur_limitee", "obstacle": "vägport", "hauteur_max_m": 3.6, "franchissable": true, "marge_cm": 40, "reference": "12-465"}}, {"type": "Feature", "geometry": {"type": "Point", "coordinates": [20.30541, 63.81233]}, "properties": {"id": "trv-12847:8055-3:997228-0.4215", "country": "se", "source": "TRV", "updated": "2026-09-12", "name": "bro 3.60 m", "type": "hauteur_limitee", "obstacle": "bro", "hauteur_max_m": 3.6, "franchissable": true, "marge_cm": 40}}, {"type": "Feature", "geometry": {"type": "Point", "coordinates": [13.72052, 59.60232]}, "properties": {"id": "trv-13224:1224-3:683111-0.7297", "country": "se", "source": "TRV", "updated": "2026-09-12", "name": "vägport 3.60 m", "type": "hauteur_limitee", "obstacle": "vägport", "hauteur_max_m": 3.6, "franchissable": true, "marge_cm": 40}}, {"type": "Feature", "geometry": {"type": "Point", "coordinates": [13.53259, 59.39135]}, "properties": {"id": "trv-13668:2246-3:718216-0.5376", "country": "se", "source": "TRV", "updated": "2026-09-12", "name": "vägport 3.60 m", "type": "hauteur_limitee", "obstacle": "vägport", "hauteur_max_m": 3.6, "franchissable": true, "marge_cm": 40}}, {"type": "Feature", "geometry": {"type": "Point", "coordinates": [13.00048, 60.14143]}, "properties": {"id": "trv-13801:262-3:648745-0.4051", "country": "se", "source": "TRV", "updated": "2026-09-12", "name": "vägport 3.60 m", "type": "hauteur_limitee", "obstacle": "vägport", "hauteur_max_m": 3.6, "franchissable": true, "marge_cm": 40}}, {"type": "Feature", "geometry": {"type": "Point", "coordinates": [14.63319, 63.18069]}, "properties": {"id": "trv-14119:2819-3:426232-0.4138", "country": "se", "source": "TRV", "updated": "2026-09-12", "name": "vägport 3.60 m", "type": "hauteur_limitee", "obstacle": "vägport", "hauteur_max_m": 3.6, "franchissable": true, "marge_cm": 40}}, {"type": "Feature", "geometry": {"type": "Point", "coordinates": [16.50043, 59.37111]}, "properties": {"id": "trv-14121:344082-3:292329-0.3070", "country": "se", "source": "TRV", "updated": "2026-09-12", "name": "vägport 3.60 m", "type": "hauteur_limitee", "obstacle": "vägport", "hauteur_max_m": 3.6, "franchissable": true, "marge_cm": 40, "reference": "Okänd"}}, {"type": "Feature", "geometry": {"type": "Point", "coordinates": [16.52616, 59.36388]}, "properties": {"id": "trv-14121:344086-1000:77142-0.5623", "country": "se", "source": "TRV", "updated": "2026-09-12", "name": "vägport 3.60 m", "type": "hauteur_limitee", "obstacle": "vägport", "hauteur_max_m": 3.6, "franchissable": true, "marge_cm": 40, "reference": "Okänd"}}, {"type": "Feature", "geometry": {"type": "Point", "coordinates": [17.92195, 59.41189]}, "properties": {"id": "trv-16972:581-12730:3722-0.3981", "country": "se", "source": "TRV", "updated": "2026-09-12", "occurrences": 3, "name": "vägport 3.60 m", "type": "hauteur_limitee", "obstacle": "vägport", "hauteur_max_m": 3.6, "franchissable": true, "marge_cm": 40}}, {"type": "Feature", "geometry": {"type": "Point", "coordinates": [17.9164, 59.41306]}, "properties": {"id": "trv-16972:581-12730:5733-0.4391", "country": "se", "source": "TRV", "updated": "2026-09-12", "occurrences": 3, "name": "vägport 3.60 m", "type": "hauteur_limitee", "obstacle": "vägport", "hauteur_max_m": 3.6, "franchissable": true, "marge_cm": 40}}, {"type": "Feature", "geometry": {"type": "Point", "coordinates": [17.94202, 59.32316]}, "properties": {"id": "trv-16972:661-12723:21475-0.9291", "country": "se", "source": "TRV", "updated": "2026-09-12", "name": "vägport 3.60 m", "type": "hauteur_limitee", "obstacle": "vägport", "hauteur_max_m": 3.6, "franchissable": true, "marge_cm": 40}}, {"type": "Feature", "geometry": {"type": "Point", "coordinates": [16.41799, 60.03147]}, "properties": {"id": "trv-12724:191360-13475:51480-0.7770", "country": "se", "source": "TRV", "updated": "2026-09-12", "name": "bro 3.60 m", "type": "hauteur_limitee", "obstacle": "bro", "hauteur_max_m": 3.6, "franchissable": true, "marge_cm": 40}}, {"type": "Feature", "geometry": {"type": "Point", "coordinates": [14.63561, 63.20279]}, "properties": {"id": "trv-14119:2817-3:389763-0.4233", "country": "se", "source": "TRV", "updated": "2026-09-12", "name": "vägport 3.60 m", "type": "hauteur_limitee", "obstacle": "vägport", "hauteur_max_m": 3.6, "franchissable": true, "marge_cm": 40}}, {"type": "Feature", "geometry": {"type": "Point", "coordinates": [15.67983, 58.13701]}, "properties": {"id": "trv-14121:69742-3:549747-0.2857", "country": "se", "source": "TRV", "updated": "2026-09-12", "name": "vägport 3.60 m", "type": "hauteur_limitee", "obstacle": "vägport", "hauteur_max_m": 3.6, "franchissable": true, "marge_cm": 40}}, {"type": "Feature", "geometry": {"type": "Point", "coordinates": [17.93908, 59.40285]}, "properties": {"id": "trv-16972:677-12730:2143-0.3267", "country": "se", "source": "TRV", "updated": "2026-09-12", "name": "vägport 3.60 m", "type": "hauteur_limitee", "obstacle": "vägport", "hauteur_max_m": 3.6, "franchissable": true, "marge_cm": 40}}, {"type": "Feature", "geometry": {"type": "Point", "coordinates": [18.07471, 59.43782]}, "properties": {"id": "trv-14123:779-3:1040415-0.6546", "country": "se", "source": "TRV", "updated": "2026-09-12", "name": "vägport 3.60 m", "type": "hauteur_limitee", "obstacle": "vägport", "hauteur_max_m": 3.6, "franchissable": true, "marge_cm": 40}}, {"type": "Feature", "geometry": {"type": "Point", "coordinates": [16.0843, 61.34434]}, "properties": {"id": "trv-16670:4754-3:1191374-0.5185", "country": "se", "source": "TRV", "updated": "2026-09-12", "name": "vägport 3.60 m", "type": "hauteur_limitee", "obstacle": "vägport", "hauteur_max_m": 3.6, "franchissable": true, "marge_cm": 40}}, {"type": "Feature", "geometry": {"type": "Point", "coordinates": [17.93157, 59.40677]}, "properties": {"id": "trv-16972:585-12730:5331-0.3832", "country": "se", "source": "TRV", "updated": "2026-09-12", "name": "vägport 3.60 m", "type": "hauteur_limitee", "obstacle": "vägport", "hauteur_max_m": 3.6, "franchissable": true, "marge_cm": 40}}, {"type": "Feature", "geometry": {"type": "Point", "coordinates": [18.07075, 59.44277]}, "properties": {"id": "trv-10089:645338-20866:44968-0.1150", "country": "se", "source": "TRV", "updated": "2026-09-12", "name": "övrigt hinder 3.60 m", "type": "hauteur_limitee", "obstacle": "övrigt hinder", "hauteur_max_m": 3.6, "franchissable": true, "marge_cm": 40}}, {"type": "Feature", "geometry": {"type": "Point", "coordinates": [20.3139, 63.8458]}, "properties": {"id": "trv-20661:351066-11158:93308-0.4042", "country": "se", "source": "TRV", "updated": "2026-09-12", "name": "bro 3.60 m", "type": "hauteur_limitee", "obstacle": "bro", "hauteur_max_m": 3.6, "franchissable": true, "marge_cm": 40, "reference": "2480-50-1"}}, {"type": "Feature", "geometry": {"type": "Point", "coordinates": [17.92926, 59.34131]}, "properties": {"id": "trv-16348:1034-12723:19037-0.6010", "country": "se", "source": "TRV", "updated": "2026-09-12", "name": "vägport 3.60 m", "type": "hauteur_limitee", "obstacle": "vägport", "hauteur_max_m": 3.6, "franchissable": true, "marge_cm": 40}}, {"type": "Feature", "geometry": {"type": "Point", "coordinates": [12.92301, 57.72547]}, "properties": {"id": "trv-11156:396028-11156:395469-0.5955", "country": "se", "source": "TRV", "updated": "2026-09-12", "name": "vägport 3.60 m", "type": "hauteur_limitee", "obstacle": "vägport", "hauteur_max_m": 3.6, "franchissable": true, "marge_cm": 40, "reference": "3500-1075-1"}}, {"type": "Feature", "geometry": {"type": "Point", "coordinates": [12.9633, 56.5124]}, "properties": {"id": "trv-16587:8718-3:285442-0.4454", "country": "se", "source": "TRV", "updated": "2026-09-12", "name": "vägport 3.60 m", "type": "hauteur_limitee", "obstacle": "vägport", "hauteur_max_m": 3.6, "franchissable": true, "marge_cm": 40}}, {"type": "Feature", "geometry": {"type": "Point", "coordinates": [12.96493, 56.51653]}, "properties": {"id": "trv-16587:8726-3:285441-0.5550", "country": "se", "source": "TRV", "updated": "2026-09-12", "name": "vägport 3.60 m", "type": "hauteur_limitee", "obstacle": "vägport", "hauteur_max_m": 3.6, "franchissable": true, "marge_cm": 40}}, {"type": "Feature", "geometry": {"type": "Point", "coordinates": [17.93321, 59.40474]}, "properties": {"id": "trv-16972:673-12730:2089-0.7022", "country": "se", "source": "TRV", "updated": "2026-09-12", "occurrences": 2, "name": "vägport 3.60 m", "type": "hauteur_limitee", "obstacle": "vägport", "hauteur_max_m": 3.6, "franchissable": true, "marge_cm": 40}}, {"type": "Feature", "geometry": {"type": "Point", "coordinates": [12.91664, 56.08535]}, "properties": {"id": "trv-12735:24914-1000:9985-0.3914", "country": "se", "source": "TRV", "updated": "2026-09-12", "name": "vägport 3.60 m", "type": "hauteur_limitee", "obstacle": "vägport", "hauteur_max_m": 3.6, "franchissable": true, "marge_cm": 40}}, {"type": "Feature", "geometry": {"type": "Point", "coordinates": [20.30277, 63.81673]}, "properties": {"id": "trv-20661:373996-11178:9449-0.4736", "country": "se", "source": "TRV", "updated": "2026-09-12", "name": "övrigt hinder 3.60 m", "type": "hauteur_limitee", "obstacle": "övrigt hinder", "hauteur_max_m": 3.6, "franchissable": true, "marge_cm": 40}}, {"type": "Feature", "geometry": {"type": "Point", "coordinates": [16.28066, 56.66911]}, "properties": {"id": "trv-19381:48474-11161:357215-0.8571", "country": "se", "source": "TRV", "updated": "2026-09-12", "name": "vägport 3.60 m", "type": "hauteur_limitee", "obstacle": "vägport", "hauteur_max_m": 3.6, "franchissable": true, "marge_cm": 40}}, {"type": "Feature", "geometry": {"type": "Point", "coordinates": [16.52617, 59.36377]}, "properties": {"id": "trv-11158:185803-11158:184951-0.3375", "country": "se", "source": "TRV", "updated": "2026-09-12", "name": "vägport 3.60 m", "type": "hauteur_limitee", "obstacle": "vägport", "hauteur_max_m": 3.6, "franchissable": true, "marge_cm": 40}}, {"type": "Feature", "geometry": {"type": "Point", "coordinates": [11.98589, 57.80145]}, "properties": {"id": "trv-10089:638754-3:1404223-0.2043", "country": "se", "source": "TRV", "updated": "2026-09-12", "name": "vägport 3.60 m", "type": "hauteur_limitee", "obstacle": "vägport", "hauteur_max_m": 3.6, "franchissable": true, "marge_cm": 40, "reference": "14-1125-1"}}, {"type": "Feature", "geometry": {"type": "Point", "coordinates": [18.07556, 59.44481]}, "properties": {"id": "trv-10089:645361-20866:44982-0.8073", "country": "se", "source": "TRV", "updated": "2026-09-12", "name": "övrigt hinder 3.60 m", "type": "hauteur_limitee", "obstacle": "övrigt hinder", "hauteur_max_m": 3.6, "franchissable": true, "marge_cm": 40, "reference": "160-32-2"}}, {"type": "Feature", "geometry": {"type": "Point", "coordinates": [13.82441, 55.44318]}, "properties": {"id": "trv-14320:14899-3:1599447-0.2235", "country": "se", "source": "TRV", "updated": "2026-09-12", "name": "vägport 3.60 m", "type": "hauteur_limitee", "obstacle": "vägport", "hauteur_max_m": 3.6, "franchissable": true, "marge_cm": 40}}, {"type": "Feature", "geometry": {"type": "Point", "coordinates": [17.94137, 59.40038]}, "properties": {"id": "trv-16972:645-12730:5448-0.5947", "country": "se", "source": "TRV", "updated": "2026-09-12", "name": "vägport 3.60 m", "type": "hauteur_limitee", "obstacle": "vägport", "hauteur_max_m": 3.6, "franchissable": true, "marge_cm": 40}}, {"type": "Feature", "geometry": {"type": "Point", "coordinates": [16.15878, 58.59558]}, "properties": {"id": "trv-13622:62301-1000:61809-0.3945", "country": "se", "source": "TRV", "updated": "2026-09-12", "name": "vägport 3.60 m", "type": "hauteur_limitee", "obstacle": "vägport", "hauteur_max_m": 3.6, "franchissable": true, "marge_cm": 40, "reference": "581-10-1"}}, {"type": "Feature", "geometry": {"type": "Point", "coordinates": [16.15891, 58.59551]}, "properties": {"id": "trv-13622:62303-1000:61792-0.5671", "country": "se", "source": "TRV", "updated": "2026-09-12", "name": "vägport 3.60 m", "type": "hauteur_limitee", "obstacle": "vägport", "hauteur_max_m": 3.6, "franchissable": true, "marge_cm": 40, "reference": "581-10-1"}}, {"type": "Feature", "geometry": {"type": "Point", "coordinates": [18.15984, 59.26054]}, "properties": {"id": "trv-16119:1095-16497:1587-0.6073", "country": "se", "source": "TRV", "updated": "2026-09-12", "name": "vägport 3.60 m", "type": "hauteur_limitee", "obstacle": "vägport", "hauteur_max_m": 3.6, "franchissable": true, "marge_cm": 40}}, {"type": "Feature", "geometry": {"type": "Point", "coordinates": [13.53242, 59.39133]}, "properties": {"id": "trv-13668:2242-3:718216-0.4612", "country": "se", "source": "TRV", "updated": "2026-09-12", "name": "vägport 3.60 m", "type": "hauteur_limitee", "obstacle": "vägport", "hauteur_max_m": 3.6, "franchissable": true, "marge_cm": 40}}, {"type": "Feature", "geometry": {"type": "Point", "coordinates": [21.22177, 64.68852]}, "properties": {"id": "trv-14124:49604-3:1007203-0.7624", "country": "se", "source": "TRV", "updated": "2026-09-12", "occurrences": 2, "name": "vägport 3.60 m", "type": "hauteur_limitee", "obstacle": "vägport", "hauteur_max_m": 3.6, "franchissable": true, "marge_cm": 40}}, {"type": "Feature", "geometry": {"type": "Point", "coordinates": [18.11584, 59.29014]}, "properties": {"id": "trv-16972:506-16506:669-0.8604", "country": "se", "source": "TRV", "updated": "2026-09-12", "name": "vägport 3.60 m", "type": "hauteur_limitee", "obstacle": "vägport", "hauteur_max_m": 3.6, "franchissable": true, "marge_cm": 40}}, {"type": "Feature", "geometry": {"type": "Point", "coordinates": [19.59332, 63.87119]}, "properties": {"id": "trv-13150:6465-1000:113943-0.7772", "country": "se", "source": "TRV", "updated": "2026-09-12", "name": "vägport 3.60 m", "type": "hauteur_limitee", "obstacle": "vägport", "hauteur_max_m": 3.6, "franchissable": true, "marge_cm": 40, "reference": "AC 554"}}, {"type": "Feature", "geometry": {"type": "Point", "coordinates": [16.51809, 59.3665]}, "properties": {"id": "trv-14121:344074-3:292795-0.7753", "country": "se", "source": "TRV", "updated": "2026-09-12", "name": "vägport 3.60 m", "type": "hauteur_limitee", "obstacle": "vägport", "hauteur_max_m": 3.6, "franchissable": true, "marge_cm": 40, "reference": "Okänd"}}, {"type": "Feature", "geometry": {"type": "Point", "coordinates": [17.94271, 59.40082]}, "properties": {"id": "trv-16972:641-12730:5448-0.3134", "country": "se", "source": "TRV", "updated": "2026-09-12", "name": "vägport 3.60 m", "type": "hauteur_limitee", "obstacle": "vägport", "hauteur_max_m": 3.6, "franchissable": true, "marge_cm": 40}}, {"type": "Feature", "geometry": {"type": "Point", "coordinates": [18.59421, 60.05028]}, "properties": {"id": "trv-23278:31-13468:15792-0.4678", "country": "se", "source": "TRV", "updated": "2026-09-12", "name": "bro 3.60 m", "type": "hauteur_limitee", "obstacle": "bro", "hauteur_max_m": 3.6, "franchissable": true, "marge_cm": 40}}, {"type": "Feature", "geometry": {"type": "Point", "coordinates": [15.63442, 56.20623]}, "properties": {"id": "trv-12898:4214-12733:37188-0.3644", "country": "se", "source": "TRV", "updated": "2026-09-12", "occurrences": 2, "name": "vägport 3.60 m", "type": "hauteur_limitee", "obstacle": "vägport", "hauteur_max_m": 3.6, "franchissable": true, "marge_cm": 40}}, {"type": "Feature", "geometry": {"type": "Point", "coordinates": [21.49183, 65.29595]}, "properties": {"id": "trv-14441:559-3:1600277-0.4305", "country": "se", "source": "TRV", "updated": "2026-09-12", "name": "vägport 3.60 m", "type": "hauteur_limitee", "obstacle": "vägport", "hauteur_max_m": 3.6, "franchissable": true, "marge_cm": 40}}, {"type": "Feature", "geometry": {"type": "Point", "coordinates": [12.96352, 56.5124]}, "properties": {"id": "trv-16587:8722-3:285442-0.4888", "country": "se", "source": "TRV", "updated": "2026-09-12", "name": "vägport 3.60 m", "type": "hauteur_limitee", "obstacle": "vägport", "hauteur_max_m": 3.6, "franchissable": true, "marge_cm": 40}}, {"type": "Feature", "geometry": {"type": "Point", "coordinates": [17.90654, 59.3421]}, "properties": {"id": "trv-19194:2467308-12726:46126-0.3177", "country": "se", "source": "TRV", "updated": "2026-09-12", "name": "vägport 3.60 m", "type": "hauteur_limitee", "obstacle": "vägport", "hauteur_max_m": 3.6, "franchissable": true, "marge_cm": 40}}, {"type": "Feature", "geometry": {"type": "Point", "coordinates": [16.36368, 56.66051]}, "properties": {"id": "trv-19381:48208-19381:47392-0.2599", "country": "se", "source": "TRV", "updated": "2026-09-12", "name": "övrigt hinder 3.60 m", "type": "hauteur_limitee", "obstacle": "övrigt hinder", "hauteur_max_m": 3.6, "franchissable": true, "marge_cm": 40}}, {"type": "Feature", "geometry": {"type": "Point", "coordinates": [17.29342, 62.39183]}, "properties": {"id": "trv-21277:212783-16172:584030-0.8289", "country": "se", "source": "TRV", "updated": "2026-09-12", "name": "övrigt hinder 3.60 m", "type": "hauteur_limitee", "obstacle": "övrigt hinder", "hauteur_max_m": 3.6, "franchissable": true, "marge_cm": 40}}, {"type": "Feature", "geometry": {"type": "Point", "coordinates": [15.24232, 59.2354]}, "properties": {"id": "trv-11158:363348-3:458672-0.2645", "country": "se", "source": "TRV", "updated": "2026-09-12", "name": "vägport 3.60 m", "type": "hauteur_limitee", "obstacle": "vägport", "hauteur_max_m": 3.6, "franchissable": true, "marge_cm": 40, "reference": "1880-45-1"}}, {"type": "Feature", "geometry": {"type": "Point", "coordinates": [18.20327, 59.35067]}, "properties": {"id": "trv-11159:512659-3:1098054-0.7570", "country": "se", "source": "TRV", "updated": "2026-09-12", "name": "vägport 3.60 m", "type": "hauteur_limitee", "obstacle": "vägport", "hauteur_max_m": 3.6, "franchissable": true, "marge_cm": 40, "reference": "186-22-1"}}, {"type": "Feature", "geometry": {"type": "Point", "coordinates": [16.71431, 61.12197]}, "properties": {"id": "trv-11159:513181-13464:193827-0.6200", "country": "se", "source": "TRV", "updated": "2026-09-12", "name": "vägport 3.60 m", "type": "hauteur_limitee", "obstacle": "vägport", "hauteur_max_m": 3.6, "franchissable": true, "marge_cm": 40, "reference": "3500-5139-1"}}, {"type": "Feature", "geometry": {"type": "Point", "coordinates": [15.24156, 59.23793]}, "properties": {"id": "trv-11158:363342-3:458482-0.0999", "country": "se", "source": "TRV", "updated": "2026-09-12", "name": "vägport 3.60 m", "type": "hauteur_limitee", "obstacle": "vägport", "hauteur_max_m": 3.6, "franchissable": true, "marge_cm": 40, "reference": "1880-43-1"}}, {"type": "Feature", "geometry": {"type": "Point", "coordinates": [15.24071, 59.23682]}, "properties": {"id": "trv-11158:363344-3:458673-0.4019", "country": "se", "source": "TRV", "updated": "2026-09-12", "name": "vägport 3.60 m", "type": "hauteur_limitee", "obstacle": "vägport", "hauteur_max_m": 3.6, "franchissable": true, "marge_cm": 40, "reference": "1880-39-1"}}, {"type": "Feature", "geometry": {"type": "Point", "coordinates": [21.00555, 65.68135]}, "properties": {"id": "trv-14133:134707-3:909730-0.3888", "country": "se", "source": "TRV", "updated": "2026-09-12", "name": "vägport 3.60 m", "type": "hauteur_limitee", "obstacle": "vägport", "hauteur_max_m": 3.6, "franchissable": true, "marge_cm": 40}}, {"type": "Feature", "geometry": {"type": "Point", "coordinates": [15.60341, 56.1763]}, "properties": {"id": "trv-14853:34522-12733:42460-0.7873", "country": "se", "source": "TRV", "updated": "2026-09-12", "name": "vägport 3.60 m", "type": "hauteur_limitee", "obstacle": "vägport", "hauteur_max_m": 3.6, "franchissable": true, "marge_cm": 40}}, {"type": "Feature", "geometry": {"type": "Point", "coordinates": [18.17832, 59.24619]}, "properties": {"id": "trv-16119:1103-16497:1597-0.7773", "country": "se", "source": "TRV", "updated": "2026-09-12", "name": "vägport 3.60 m", "type": "hauteur_limitee", "obstacle": "vägport", "hauteur_max_m": 3.6, "franchissable": true, "marge_cm": 40}}, {"type": "Feature", "geometry": {"type": "Point", "coordinates": [16.82874, 61.16606]}, "properties": {"id": "trv-12797:10065-1000:102386-0.3536", "country": "se", "source": "TRV", "updated": "2026-09-12", "name": "vägport 3.60 m", "type": "hauteur_limitee", "obstacle": "vägport", "hauteur_max_m": 3.6, "franchissable": true, "marge_cm": 40, "reference": "21-675-1"}}, {"type": "Feature", "geometry": {"type": "Point", "coordinates": [20.25189, 63.8572]}, "properties": {"id": "trv-20661:31211-16669:27662-0.4261", "country": "se", "source": "TRV", "updated": "2026-09-12", "name": "vägport 3.60 m", "type": "hauteur_limitee", "obstacle": "vägport", "hauteur_max_m": 3.6, "franchissable": true, "marge_cm": 40}}, {"type": "Feature", "geometry": {"type": "Point", "coordinates": [19.42682, 63.5593]}, "properties": {"id": "trv-19319:3347-3:1007232-0.0071", "country": "se", "source": "TRV", "updated": "2026-09-12", "name": "vägport 3.60 m", "type": "hauteur_limitee", "obstacle": "vägport", "hauteur_max_m": 3.6, "franchissable": true, "marge_cm": 40}}, {"type": "Feature", "geometry": {"type": "Point", "coordinates": [17.821, 59.38452]}, "properties": {"id": "trv-16121:6373-12726:51208-0.5351", "country": "se", "source": "TRV", "updated": "2026-09-12", "name": "vägport 3.60 m", "type": "hauteur_limitee", "obstacle": "vägport", "hauteur_max_m": 3.6, "franchissable": true, "marge_cm": 40}}, {"type": "Feature", "geometry": {"type": "Point", "coordinates": [18.17902, 59.24648]}, "properties": {"id": "trv-16119:1099-16497:1597-0.2711", "country": "se", "source": "TRV", "updated": "2026-09-12", "name": "vägport 3.60 m", "type": "hauteur_limitee", "obstacle": "vägport", "hauteur_max_m": 3.6, "franchissable": true, "marge_cm": 40}}, {"type": "Feature", "geometry": {"type": "Point", "coordinates": [20.24998, 63.82612]}, "properties": {"id": "trv-13632:8802-20656:2866962-0.4101", "country": "se", "source": "TRV", "updated": "2026-09-12", "name": "vägport 3.60 m", "type": "hauteur_limitee", "obstacle": "vägport", "hauteur_max_m": 3.6, "franchissable": true, "marge_cm": 40, "reference": "2480-79-1"}}, {"type": "Feature", "geometry": {"type": "Point", "coordinates": [15.6823, 58.38164]}, "properties": {"id": "trv-14409:38911-3:516597-0.8168", "country": "se", "source": "TRV", "updated": "2026-09-12", "name": "vägport 3.60 m", "type": "hauteur_limitee", "obstacle": "vägport", "hauteur_max_m": 3.6, "franchissable": true, "marge_cm": 40}}, {"type": "Feature", "geometry": {"type": "Point", "coordinates": [17.91889, 59.41247]}, "properties": {"id": "trv-16972:581-12730:2297-0.5201", "country": "se", "source": "TRV", "updated": "2026-09-12", "occurrences": 3, "name": "vägport 3.60 m", "type": "hauteur_limitee", "obstacle": "vägport", "hauteur_max_m": 3.6, "franchissable": true, "marge_cm": 40}}, {"type": "Feature", "geometry": {"type": "Point", "coordinates": [12.91659, 56.08531]}, "properties": {"id": "trv-12735:24910-12735:24844-0.5524", "country": "se", "source": "TRV", "updated": "2026-09-12", "name": "vägport 3.60 m", "type": "hauteur_limitee", "obstacle": "vägport", "hauteur_max_m": 3.6, "franchissable": true, "marge_cm": 40}}, {"type": "Feature", "geometry": {"type": "Point", "coordinates": [12.91669, 56.08538]}, "properties": {"id": "trv-12735:24918-12735:24853-0.6342", "country": "se", "source": "TRV", "updated": "2026-09-12", "name": "vägport 3.60 m", "type": "hauteur_limitee", "obstacle": "vägport", "hauteur_max_m": 3.6, "franchissable": true, "marge_cm": 40}}, {"type": "Feature", "geometry": {"type": "Point", "coordinates": [15.63453, 56.20615]}, "properties": {"id": "trv-12898:4214-12733:37188-0.3506", "country": "se", "source": "TRV", "updated": "2026-09-12", "occurrences": 2, "name": "vägport 3.60 m", "type": "hauteur_limitee", "obstacle": "vägport", "hauteur_max_m": 3.6, "franchissable": true, "marge_cm": 40}}, {"type": "Feature", "geometry": {"type": "Point", "coordinates": [14.14388, 58.4279]}, "properties": {"id": "trv-14448:19869-3:1404062-0.4959", "country": "se", "source": "TRV", "updated": "2026-09-12", "name": "vägport 3.60 m", "type": "hauteur_limitee", "obstacle": "vägport", "hauteur_max_m": 3.6, "franchissable": true, "marge_cm": 40}}, {"type": "Feature", "geometry": {"type": "Point", "coordinates": [14.12225, 59.30819]}, "properties": {"id": "trv-14948:579-3:708666-0.4799", "country": "se", "source": "TRV", "updated": "2026-09-12", "name": "vägport 3.60 m", "type": "hauteur_limitee", "obstacle": "vägport", "hauteur_max_m": 3.6, "franchissable": true, "marge_cm": 40}}, {"type": "Feature", "geometry": {"type": "Point", "coordinates": [14.50424, 59.32711]}, "properties": {"id": "trv-16590:75053-12731:126718-0.3768", "country": "se", "source": "TRV", "updated": "2026-09-12", "name": "bro 3.60 m", "type": "hauteur_limitee", "obstacle": "bro", "hauteur_max_m": 3.6, "franchissable": true, "marge_cm": 40, "reference": "18-646-1"}}, {"type": "Feature", "geometry": {"type": "Point", "coordinates": [20.23446, 63.8351]}, "properties": {"id": "trv-20661:353047-3:1007214-0.3155", "country": "se", "source": "TRV", "updated": "2026-09-12", "name": "bro 3.60 m", "type": "hauteur_limitee", "obstacle": "bro", "hauteur_max_m": 3.6, "franchissable": true, "marge_cm": 40, "reference": "24-1307-1 Bro över Tvärån och väg 5010, Skolgatan i Umeå"}}, {"type": "Feature", "geometry": {"type": "Point", "coordinates": [12.96468, 56.5165]}, "properties": {"id": "trv-16587:8730-3:285441-0.6043", "country": "se", "source": "TRV", "updated": "2026-09-12", "name": "vägport 3.60 m", "type": "hauteur_limitee", "obstacle": "vägport", "hauteur_max_m": 3.6, "franchissable": true, "marge_cm": 40}}, {"type": "Feature", "geometry": {"type": "Point", "coordinates": [16.526, 59.36365]}, "properties": {"id": "trv-11158:185805-11158:184951-0.3334", "country": "se", "source": "TRV", "updated": "2026-09-12", "name": "vägport 3.60 m", "type": "hauteur_limitee", "obstacle": "vägport", "hauteur_max_m": 3.6, "franchissable": true, "marge_cm": 40}}, {"type": "Feature", "geometry": {"type": "Point", "coordinates": [16.52579, 59.36378]}, "properties": {"id": "trv-11158:185807-11158:185071-0.4856", "country": "se", "source": "TRV", "updated": "2026-09-12", "name": "vägport 3.60 m", "type": "hauteur_limitee", "obstacle": "vägport", "hauteur_max_m": 3.6, "franchissable": true, "marge_cm": 40}}, {"type": "Feature", "geometry": {"type": "Point", "coordinates": [11.87975, 58.28219]}, "properties": {"id": "trv-12724:73355-3:1404105-0.1761", "country": "se", "source": "TRV", "updated": "2026-09-12", "name": "vägport 3.60 m", "type": "hauteur_limitee", "obstacle": "vägport", "hauteur_max_m": 3.6, "franchissable": true, "marge_cm": 40, "reference": "14-1434-1"}}, {"type": "Feature", "geometry": {"type": "Point", "coordinates": [21.03698, 64.75182]}, "properties": {"id": "trv-14124:49602-3:952361-0.4811", "country": "se", "source": "TRV", "updated": "2026-09-12", "name": "vägport 3.60 m", "type": "hauteur_limitee", "obstacle": "vägport", "hauteur_max_m": 3.6, "franchissable": true, "marge_cm": 40}}, {"type": "Feature", "geometry": {"type": "Point", "coordinates": [14.09387, 55.99201]}, "properties": {"id": "trv-14421:7467-12778:88991-0.6913", "country": "se", "source": "TRV", "updated": "2026-09-12", "name": "vägport 3.60 m", "type": "hauteur_limitee", "obstacle": "vägport", "hauteur_max_m": 3.6, "franchissable": true, "marge_cm": 40}}, {"type": "Feature", "geometry": {"type": "Point", "coordinates": [17.92646, 59.4087]}, "properties": {"id": "trv-16972:609-12730:2223-0.7364", "country": "se", "source": "TRV", "updated": "2026-09-12", "name": "vägport 3.60 m", "type": "hauteur_limitee", "obstacle": "vägport", "hauteur_max_m": 3.6, "franchissable": true, "marge_cm": 40}}, {"type": "Feature", "geometry": {"type": "Point", "coordinates": [11.92479, 57.67495]}, "properties": {"id": "trv-12587:7025-3:1404388-0.7721", "country": "se", "source": "TRV", "updated": "2026-09-12", "name": "vägport 3.60 m", "type": "hauteur_limitee", "obstacle": "vägport", "hauteur_max_m": 3.6, "franchissable": true, "marge_cm": 40, "reference": "1480-1084-1"}}, {"type": "Feature", "geometry": {"type": "Point", "coordinates": [14.73174, 63.13823]}, "properties": {"id": "trv-12734:165356-3:394293-0.5787", "country": "se", "source": "TRV", "updated": "2026-09-12", "name": "vägport 3.60 m", "type": "hauteur_limitee", "obstacle": "vägport", "hauteur_max_m": 3.6, "franchissable": true, "marge_cm": 40}}, {"type": "Feature", "geometry": {"type": "Point", "coordinates": [12.86548, 56.24977]}, "properties": {"id": "trv-12765:437231-10850:5457-0.9769", "country": "se", "source": "TRV", "updated": "2026-09-12", "name": "vägport 3.60 m", "type": "hauteur_limitee", "obstacle": "vägport", "hauteur_max_m": 3.6, "franchissable": true, "marge_cm": 40, "reference": "1292-13-1"}}, {"type": "Feature", "geometry": {"type": "Point", "coordinates": [14.86752, 56.19095]}, "properties": {"id": "trv-12766:369-3:362838-0.0534", "country": "se", "source": "TRV", "updated": "2026-09-12", "name": "vägport 3.60 m", "type": "hauteur_limitee", "obstacle": "vägport", "hauteur_max_m": 3.6, "franchissable": true, "marge_cm": 40}}, {"type": "Feature", "geometry": {"type": "Point", "coordinates": [12.97546, 55.57271]}, "properties": {"id": "trv-14417:4269-10721:3173-0.5473", "country": "se", "source": "TRV", "updated": "2026-09-12", "name": "bro 3.60 m", "type": "hauteur_limitee", "obstacle": "bro", "hauteur_max_m": 3.6, "franchissable": true, "marge_cm": 40}}, {"type": "Feature", "geometry": {"type": "Point", "coordinates": [15.18466, 59.30993]}, "properties": {"id": "trv-14850:32952-3:452164-0.3814", "country": "se", "source": "TRV", "updated": "2026-09-12", "name": "vägport 3.60 m", "type": "hauteur_limitee", "obstacle": "vägport", "hauteur_max_m": 3.6, "franchissable": true, "marge_cm": 40}}, {"type": "Feature", "geometry": {"type": "Point", "coordinates": [16.07811, 61.8378]}, "properties": {"id": "trv-11163:190602-11163:189665-0.7407", "country": "se", "source": "TRV", "updated": "2026-09-12", "name": "vägport 3.60 m", "type": "hauteur_limitee", "obstacle": "vägport", "hauteur_max_m": 3.6, "franchissable": true, "marge_cm": 40, "reference": "3500-3674-1"}}, {"type": "Feature", "geometry": {"type": "Point", "coordinates": [16.1584, 58.59503]}, "properties": {"id": "trv-16667:5215-1000:61792-0.4524", "country": "se", "source": "TRV", "updated": "2026-09-12", "name": "bro 3.60 m", "type": "hauteur_limitee", "obstacle": "bro", "hauteur_max_m": 3.6, "franchissable": true, "marge_cm": 40}}, {"type": "Feature", "geometry": {"type": "Point", "coordinates": [17.93318, 59.40238]}, "properties": {"id": "trv-16972:673-12730:3920-0.7429", "country": "se", "source": "TRV", "updated": "2026-09-12", "occurrences": 2, "name": "vägport 3.60 m", "type": "hauteur_limitee", "obstacle": "vägport", "hauteur_max_m": 3.6, "franchissable": true, "marge_cm": 40}}, {"type": "Feature", "geometry": {"type": "Point", "coordinates": [15.23814, 59.24023]}, "properties": {"id": "trv-11158:363332-3:458284-0.7109", "country": "se", "source": "TRV", "updated": "2026-09-12", "name": "vägport 3.60 m", "type": "hauteur_limitee", "obstacle": "vägport", "hauteur_max_m": 3.6, "franchissable": true, "marge_cm": 40, "reference": "1880-40-1"}}, {"type": "Feature", "geometry": {"type": "Point", "coordinates": [13.09406, 55.71312]}, "properties": {"id": "trv-12796:33734-1000:5689-0.7998", "country": "se", "source": "TRV", "updated": "2026-09-12", "name": "vägport 3.60 m", "type": "hauteur_limitee", "obstacle": "vägport", "hauteur_max_m": 3.6, "franchissable": true, "marge_cm": 40, "reference": "12-465"}}, {"type": "Feature", "geometry": {"type": "Point", "coordinates": [17.91933, 59.41572]}, "properties": {"id": "trv-16972:629-12730:5510-0.1861", "country": "se", "source": "TRV", "updated": "2026-09-12", "name": "vägport 3.60 m", "type": "hauteur_limitee", "obstacle": "vägport", "hauteur_max_m": 3.6, "franchissable": true, "marge_cm": 40}}, {"type": "Feature", "geometry": {"type": "Point", "coordinates": [17.91611, 59.32965]}, "properties": {"id": "trv-16972:689-12723:19087-0.2773", "country": "se", "source": "TRV", "updated": "2026-09-12", "name": "vägport 3.60 m", "type": "hauteur_limitee", "obstacle": "vägport", "hauteur_max_m": 3.6, "franchissable": true, "marge_cm": 40}}, {"type": "Feature", "geometry": {"type": "Point", "coordinates": [17.05128, 61.3008]}, "properties": {"id": "trv-14130:148937-3:1159361-0.3763", "country": "se", "source": "TRV", "updated": "2026-09-12", "name": "vägport 3.60 m", "type": "hauteur_limitee", "obstacle": "vägport", "hauteur_max_m": 3.6, "franchissable": true, "marge_cm": 40, "reference": "Vägport under järnväg"}}, {"type": "Feature", "geometry": {"type": "Point", "coordinates": [18.04729, 59.35251]}, "properties": {"id": "trv-16972:415-13159:123875-0.1205", "country": "se", "source": "TRV", "updated": "2026-09-12", "name": "vägport 3.60 m", "type": "hauteur_limitee", "obstacle": "vägport", "hauteur_max_m": 3.6, "franchissable": true, "marge_cm": 40}}, {"type": "Feature", "geometry": {"type": "Point", "coordinates": [17.94482, 59.22336]}, "properties": {"id": "trv-16131:10090-3:1100082-0.7038", "country": "se", "source": "TRV", "updated": "2026-09-12", "name": "vägport 3.60 m", "type": "hauteur_limitee", "obstacle": "vägport", "hauteur_max_m": 3.6, "franchissable": true, "marge_cm": 40, "reference": "126-30014-1"}}, {"type": "Feature", "geometry": {"type": "Point", "coordinates": [17.6533, 59.84099]}, "properties": {"id": "trv-12540:20469-3:170984-0.2129", "country": "se", "source": "TRV", "updated": "2026-09-12", "name": "vägport 3.60 m", "type": "hauteur_limitee", "obstacle": "vägport", "hauteur_max_m": 3.6, "franchissable": true, "marge_cm": 40}}, {"type": "Feature", "geometry": {"type": "Point", "coordinates": [13.09657, 56.13507]}, "properties": {"id": "trv-12594:938-1000:13128-0.7218", "country": "se", "source": "TRV", "updated": "2026-09-12", "name": "vägport 3.60 m", "type": "hauteur_limitee", "obstacle": "vägport", "hauteur_max_m": 3.6, "franchissable": true, "marge_cm": 40, "reference": "3500-1468-1"}}, {"type": "Feature", "geometry": {"type": "Point", "coordinates": [15.08547, 57.42607]}, "properties": {"id": "trv-10817:6949-3:100039-0.6396", "country": "se", "source": "TRV", "updated": "2026-09-12", "name": "vägport 3.60 m", "type": "hauteur_limitee", "obstacle": "vägport", "hauteur_max_m": 3.6, "franchissable": true, "marge_cm": 40}}, {"type": "Feature", "geometry": {"type": "Point", "coordinates": [18.07582, 59.44507]}, "properties": {"id": "trv-10089:645353-20866:44962-0.0824", "country": "se", "source": "TRV", "updated": "2026-09-12", "name": "övrigt hinder 3.60 m", "type": "hauteur_limitee", "obstacle": "övrigt hinder", "hauteur_max_m": 3.6, "franchissable": true, "marge_cm": 40, "reference": "160-32-2"}}, {"type": "Feature", "geometry": {"type": "Point", "coordinates": [16.52598, 59.36391]}, "properties": {"id": "trv-11158:185809-11158:185071-0.3993", "country": "se", "source": "TRV", "updated": "2026-09-12", "name": "vägport 3.60 m", "type": "hauteur_limitee", "obstacle": "vägport", "hauteur_max_m": 3.6, "franchissable": true, "marge_cm": 40}}, {"type": "Feature", "geometry": {"type": "Point", "coordinates": [11.92722, 57.67203]}, "properties": {"id": "trv-12587:7027-3:1369868-0.8869", "country": "se", "source": "TRV", "updated": "2026-09-12", "name": "vägport 3.60 m", "type": "hauteur_limitee", "obstacle": "vägport", "hauteur_max_m": 3.6, "franchissable": true, "marge_cm": 40, "reference": "1480-3039-1"}}, {"type": "Feature", "geometry": {"type": "Point", "coordinates": [13.08645, 55.88583]}, "properties": {"id": "trv-11158:415167-11158:415145-0.4738", "country": "se", "source": "TRV", "updated": "2026-09-12", "name": "vägport 3.60 m", "type": "hauteur_limitee", "obstacle": "vägport", "hauteur_max_m": 3.6, "franchissable": true, "marge_cm": 40, "reference": "100-234-1"}}, {"type": "Feature", "geometry": {"type": "Point", "coordinates": [15.23975, 59.23777]}, "properties": {"id": "trv-11158:363334-3:458519-0.8576", "country": "se", "source": "TRV", "updated": "2026-09-12", "name": "vägport 3.60 m", "type": "hauteur_limitee", "obstacle": "vägport", "hauteur_max_m": 3.6, "franchissable": true, "marge_cm": 40, "reference": "1880-42-1"}}, {"type": "Feature", "geometry": {"type": "Point", "coordinates": [15.23955, 59.23517]}, "properties": {"id": "trv-11158:363346-3:458696-0.7121", "country": "se", "source": "TRV", "updated": "2026-09-12", "name": "vägport 3.60 m", "type": "hauteur_limitee", "obstacle": "vägport", "hauteur_max_m": 3.6, "franchissable": true, "marge_cm": 40, "reference": "1880-44-1"}}, {"type": "Feature", "geometry": {"type": "Point", "coordinates": [13.07517, 55.67478]}, "properties": {"id": "trv-11161:378281-11161:378108-0.4650", "country": "se", "source": "TRV", "updated": "2026-09-12", "name": "vägport 3.60 m", "type": "hauteur_limitee", "obstacle": "vägport", "hauteur_max_m": 3.6, "franchissable": true, "marge_cm": 40, "reference": "100-362-1"}}, {"type": "Feature", "geometry": {"type": "Point", "coordinates": [17.93378, 59.40692]}, "properties": {"id": "trv-16972:589-12730:5345-0.1475", "country": "se", "source": "TRV", "updated": "2026-09-12", "name": "vägport 3.60 m", "type": "hauteur_limitee", "obstacle": "vägport", "hauteur_max_m": 3.6, "franchissable": true, "marge_cm": 40}}, {"type": "Feature", "geometry": {"type": "Point", "coordinates": [15.08623, 57.42556]}, "properties": {"id": "trv-12876:6540-3:100092-0.6226", "country": "se", "source": "TRV", "updated": "2026-09-12", "name": "vägport 3.60 m", "type": "hauteur_limitee", "obstacle": "vägport", "hauteur_max_m": 3.6, "franchissable": true, "marge_cm": 40}}, {"type": "Feature", "geometry": {"type": "Point", "coordinates": [13.53264, 59.39135]}, "properties": {"id": "trv-13668:2250-3:718216-0.5642", "country": "se", "source": "TRV", "updated": "2026-09-12", "name": "vägport 3.60 m", "type": "hauteur_limitee", "obstacle": "vägport", "hauteur_max_m": 3.6, "franchissable": true, "marge_cm": 40}}, {"type": "Feature", "geometry": {"type": "Point", "coordinates": [17.05019, 61.30074]}, "properties": {"id": "trv-14130:148935-3:1159374-0.3269", "country": "se", "source": "TRV", "updated": "2026-09-12", "name": "vägport 3.60 m", "type": "hauteur_limitee", "obstacle": "vägport", "hauteur_max_m": 3.6, "franchissable": true, "marge_cm": 40, "reference": "Vägport under järnväg"}}, {"type": "Feature", "geometry": {"type": "Point", "coordinates": [12.97683, 55.57574]}, "properties": {"id": "trv-14417:4257-10721:2947-0.1659", "country": "se", "source": "TRV", "updated": "2026-09-12", "name": "bro 3.60 m", "type": "hauteur_limitee", "obstacle": "bro", "hauteur_max_m": 3.6, "franchissable": true, "marge_cm": 40}}, {"type": "Feature", "geometry": {"type": "Point", "coordinates": [14.81571, 56.18733]}, "properties": {"id": "trv-14120:9559-1000:17740-0.5173", "country": "se", "source": "TRV", "updated": "2026-09-12", "name": "vägport 3.60 m", "type": "hauteur_limitee", "obstacle": "vägport", "hauteur_max_m": 3.6, "franchissable": true, "marge_cm": 40}}, {"type": "Feature", "geometry": {"type": "Point", "coordinates": [17.92975, 59.40872]}, "properties": {"id": "trv-17112:3248-12730:2233-0.5464", "country": "se", "source": "TRV", "updated": "2026-09-12", "name": "vägport 3.60 m", "type": "hauteur_limitee", "obstacle": "vägport", "hauteur_max_m": 3.6, "franchissable": true, "marge_cm": 40}}, {"type": "Feature", "geometry": {"type": "Point", "coordinates": [18.1597, 59.26042]}, "properties": {"id": "trv-16119:1097-16497:1587-0.3927", "country": "se", "source": "TRV", "updated": "2026-09-12", "name": "vägport 3.60 m", "type": "hauteur_limitee", "obstacle": "vägport", "hauteur_max_m": 3.6, "franchissable": true, "marge_cm": 40}}, {"type": "Feature", "geometry": {"type": "Point", "coordinates": [17.90949, 62.61942]}, "properties": {"id": "trv-14119:125-3:762402-0.5000", "country": "se", "source": "TRV", "updated": "2026-09-12", "name": "vägport 3.60 m", "type": "hauteur_limitee", "obstacle": "vägport", "hauteur_max_m": 3.6, "franchissable": true, "marge_cm": 40}}, {"type": "Feature", "geometry": {"type": "Point", "coordinates": [21.22188, 64.68896]}, "properties": {"id": "trv-14124:49604-3:1007203-0.5364", "country": "se", "source": "TRV", "updated": "2026-09-12", "occurrences": 2, "name": "vägport 3.60 m", "type": "hauteur_limitee", "obstacle": "vägport", "hauteur_max_m": 3.6, "franchissable": true, "marge_cm": 40}}, {"type": "Feature", "geometry": {"type": "Point", "coordinates": [15.23884, 59.24148]}, "properties": {"id": "trv-11158:363336-3:458255-0.6186", "country": "se", "source": "TRV", "updated": "2026-09-12", "name": "vägport 3.60 m", "type": "hauteur_limitee", "obstacle": "vägport", "hauteur_max_m": 3.6, "franchissable": true, "marge_cm": 40, "reference": "1880-37-1"}}, {"type": "Feature", "geometry": {"type": "Point", "coordinates": [16.15826, 58.5951]}, "properties": {"id": "trv-16667:5211-1000:61809-0.4956", "country": "se", "source": "TRV", "updated": "2026-09-12", "name": "bro 3.60 m", "type": "hauteur_limitee", "obstacle": "bro", "hauteur_max_m": 3.6, "franchissable": true, "marge_cm": 40}}, {"type": "Feature", "geometry": {"type": "Point", "coordinates": [13.6192, 57.27244]}, "properties": {"id": "trv-14132:74437-10084:3743-0.6828", "country": "se", "source": "TRV", "updated": "2026-09-12", "name": "vägport 3.60 m", "type": "hauteur_limitee", "obstacle": "vägport", "hauteur_max_m": 3.6, "franchissable": true, "marge_cm": 40}}, {"type": "Feature", "geometry": {"type": "Point", "coordinates": [17.96457, 59.28869]}, "properties": {"id": "trv-16972:541-12729:18274-0.1763", "country": "se", "source": "TRV", "updated": "2026-09-12", "name": "vägport 3.60 m", "type": "hauteur_limitee", "obstacle": "vägport", "hauteur_max_m": 3.6, "franchissable": true, "marge_cm": 40}}, {"type": "Feature", "geometry": {"type": "Point", "coordinates": [16.57157, 59.61509]}, "properties": {"id": "trv-14405:37567-3:34686-0.8431", "country": "se", "source": "TRV", "updated": "2026-09-12", "name": "vägport 3.60 m", "type": "hauteur_limitee", "obstacle": "vägport", "hauteur_max_m": 3.6, "franchissable": true, "marge_cm": 40}}, {"type": "Feature", "geometry": {"type": "Point", "coordinates": [17.96435, 59.28864]}, "properties": {"id": "trv-19194:2525325-19194:357790-0.4293", "country": "se", "source": "TRV", "updated": "2026-09-12", "name": "tunnel 3.60 m", "type": "hauteur_limitee", "obstacle": "tunnel", "hauteur_max_m": 3.6, "franchissable": true, "marge_cm": 40}}, {"type": "Feature", "geometry": {"type": "Point", "coordinates": [17.96437, 59.28874]}, "properties": {"id": "trv-19194:2525329-19194:357707-0.5118", "country": "se", "source": "TRV", "updated": "2026-09-12", "name": "tunnel 3.60 m", "type": "hauteur_limitee", "obstacle": "tunnel", "hauteur_max_m": 3.6, "franchissable": true, "marge_cm": 40}}, {"type": "Feature", "geometry": {"type": "Point", "coordinates": [18.00902, 59.32548]}, "properties": {"id": "trv-19194:2526409-3:1060702-0.1430", "country": "se", "source": "TRV", "updated": "2026-09-12", "name": "bro 3.60 m", "type": "hauteur_limitee", "obstacle": "bro", "hauteur_max_m": 3.6, "franchissable": true, "marge_cm": 40}}, {"type": "Feature", "geometry": {"type": "Point", "coordinates": [16.99788, 58.76006]}, "properties": {"id": "trv-21240:239353-3:329474-0.4784", "country": "se", "source": "TRV", "updated": "2026-09-12", "name": "bro 3.60 m", "type": "hauteur_limitee", "obstacle": "bro", "hauteur_max_m": 3.6, "franchissable": true, "marge_cm": 40}}, {"type": "Feature", "geometry": {"type": "Point", "coordinates": [14.78087, 63.02498]}, "properties": {"id": "trv-12801:103080-1000:107427-0.9019", "country": "se", "source": "TRV", "updated": "2026-09-12", "name": "vägport 3.60 m", "type": "hauteur_limitee", "obstacle": "vägport", "hauteur_max_m": 3.6, "franchissable": true, "marge_cm": 40, "reference": "Z  370"}}, {"type": "Feature", "geometry": {"type": "Point", "coordinates": [16.33023, 56.68301]}, "properties": {"id": "trv-11154:173469-11158:162559-0.0671", "country": "se", "source": "TRV", "updated": "2026-09-12", "name": "vägport 3.60 m", "type": "hauteur_limitee", "obstacle": "vägport", "hauteur_max_m": 3.6, "franchissable": true, "marge_cm": 40, "reference": "8-493-1"}}, {"type": "Feature", "geometry": {"type": "Point", "coordinates": [12.93955, 57.71594]}, "properties": {"id": "trv-11156:396040-3:1404363-0.6322", "country": "se", "source": "TRV", "updated": "2026-09-12", "occurrences": 2, "name": "vägport 3.60 m", "type": "hauteur_limitee", "obstacle": "vägport", "hauteur_max_m": 3.6, "franchissable": true, "marge_cm": 40, "reference": "15-794-1"}}, {"type": "Feature", "geometry": {"type": "Point", "coordinates": [12.93963, 57.71592]}, "properties": {"id": "trv-11156:396040-11156:395249-0.9167", "country": "se", "source": "TRV", "updated": "2026-09-12", "occurrences": 2, "name": "vägport 3.60 m", "type": "hauteur_limitee", "obstacle": "vägport", "hauteur_max_m": 3.6, "franchissable": true, "marge_cm": 40, "reference": "15-794-1"}}, {"type": "Feature", "geometry": {"type": "Point", "coordinates": [18.06612, 59.44373]}, "properties": {"id": "trv-14123:773-3:1039736-0.4832", "country": "se", "source": "TRV", "updated": "2026-09-12", "name": "vägport 3.60 m", "type": "hauteur_limitee", "obstacle": "vägport", "hauteur_max_m": 3.6, "franchissable": true, "marge_cm": 40}}, {"type": "Feature", "geometry": {"type": "Point", "coordinates": [18.07513, 59.44517]}, "properties": {"id": "trv-10089:645357-20866:44976-0.8723", "country": "se", "source": "TRV", "updated": "2026-09-12", "name": "övrigt hinder 3.60 m", "type": "hauteur_limitee", "obstacle": "övrigt hinder", "hauteur_max_m": 3.6, "franchissable": true, "marge_cm": 40, "reference": "160-32-2"}}, {"type": "Feature", "geometry": {"type": "Point", "coordinates": [17.73745, 59.21101]}, "properties": {"id": "trv-22121:398718-3:1098643-0.1784", "country": "se", "source": "TRV", "updated": "2026-09-12", "name": "bro 3.60 m", "type": "hauteur_limitee", "obstacle": "bro", "hauteur_max_m": 3.6, "franchissable": true, "marge_cm": 40}}, {"type": "Feature", "geometry": {"type": "Point", "coordinates": [12.16552, 57.42235]}, "properties": {"id": "trv-12590:212086-3:285372-0.4583", "country": "se", "source": "TRV", "updated": "2026-09-12", "name": "vägport 3.60 m", "type": "hauteur_limitee", "obstacle": "vägport", "hauteur_max_m": 3.6, "franchissable": true, "marge_cm": 40, "reference": "13-544-1"}}, {"type": "Feature", "geometry": {"type": "Point", "coordinates": [15.00685, 60.07749]}, "properties": {"id": "trv-14120:245752-3:635454-0.0758", "country": "se", "source": "TRV", "updated": "2026-09-12", "occurrences": 2, "name": "tunnel 3.60 m", "type": "hauteur_limitee", "obstacle": "tunnel", "hauteur_max_m": 3.6, "franchissable": true, "marge_cm": 40, "reference": "Tunnel under järnväg"}}, {"type": "Feature", "geometry": {"type": "Point", "coordinates": [15.00738, 60.07736]}, "properties": {"id": "trv-14120:245752-3:635454-0.0394", "country": "se", "source": "TRV", "updated": "2026-09-12", "occurrences": 2, "name": "tunnel 3.60 m", "type": "hauteur_limitee", "obstacle": "tunnel", "hauteur_max_m": 3.6, "franchissable": true, "marge_cm": 40, "reference": "Tunnel under järnväg"}}, {"type": "Feature", "geometry": {"type": "Point", "coordinates": [12.68444, 56.07953]}, "properties": {"id": "trv-11785:22063-10139:87544-0.2026", "country": "se", "source": "TRV", "updated": "2026-09-12", "name": "övrigt hinder 3.60 m", "type": "hauteur_limitee", "obstacle": "övrigt hinder", "hauteur_max_m": 3.6, "franchissable": true, "marge_cm": 40}}, {"type": "Feature", "geometry": {"type": "Point", "coordinates": [12.68525, 56.0794]}, "properties": {"id": "trv-11785:22065-10139:87549-0.2056", "country": "se", "source": "TRV", "updated": "2026-09-12", "name": "övrigt hinder 3.60 m", "type": "hauteur_limitee", "obstacle": "övrigt hinder", "hauteur_max_m": 3.6, "franchissable": true, "marge_cm": 40}}, {"type": "Feature", "geometry": {"type": "Point", "coordinates": [13.57273, 59.40492]}, "properties": {"id": "trv-23696:87137-3:698127-0.4920", "country": "se", "source": "TRV", "updated": "2026-09-12", "name": "bro 3.60 m", "type": "hauteur_limitee", "obstacle": "bro", "hauteur_max_m": 3.6, "franchissable": true, "marge_cm": 40}}, {"type": "Feature", "geometry": {"type": "Point", "coordinates": [13.48521, 59.38066]}, "properties": {"id": "trv-23696:87141-3:700743-0.5862", "country": "se", "source": "TRV", "updated": "2026-09-12", "name": "vägport 3.60 m", "type": "hauteur_limitee", "obstacle": "vägport", "hauteur_max_m": 3.6, "franchissable": true, "marge_cm": 40}}, {"type": "Feature", "geometry": {"type": "Point", "coordinates": [20.3154, 63.85738]}, "properties": {"id": "trv-12847:8071-3:993661-0.9149", "country": "se", "source": "TRV", "updated": "2026-09-12", "name": "bro 3.60 m", "type": "hauteur_limitee", "obstacle": "bro", "hauteur_max_m": 3.6, "franchissable": true, "marge_cm": 40}}, {"type": "Feature", "geometry": {"type": "Point", "coordinates": [16.56256, 59.61643]}, "properties": {"id": "trv-23700:144778-12730:40976-0.0257", "country": "se", "source": "TRV", "updated": "2026-09-12", "name": "vägport 3.60 m", "type": "hauteur_limitee", "obstacle": "vägport", "hauteur_max_m": 3.6, "franchissable": true, "marge_cm": 40}}, {"type": "Feature", "geometry": {"type": "Point", "coordinates": [16.56247, 59.61644]}, "properties": {"id": "trv-23700:144782-12730:40976-0.0602", "country": "se", "source": "TRV", "updated": "2026-09-12", "name": "vägport 3.60 m", "type": "hauteur_limitee", "obstacle": "vägport", "hauteur_max_m": 3.6, "franchissable": true, "marge_cm": 40}}, {"type": "Feature", "geometry": {"type": "Point", "coordinates": [15.54165, 56.20935]}, "properties": {"id": "trv-14853:34526-3:362877-0.6716", "country": "se", "source": "TRV", "updated": "2026-09-12", "name": "vägport 3.60 m", "type": "hauteur_limitee", "obstacle": "vägport", "hauteur_max_m": 3.6, "franchissable": true, "marge_cm": 40}}, {"type": "Feature", "geometry": {"type": "Point", "coordinates": [14.85801, 56.92089]}, "properties": {"id": "trv-12470:3033-16588:56724-0.4953", "country": "se", "source": "TRV", "updated": "2026-09-12", "name": "vägport 3.60 m", "type": "hauteur_limitee", "obstacle": "vägport", "hauteur_max_m": 3.6, "franchissable": true, "marge_cm": 40, "reference": "7-650-1"}}, {"type": "Feature", "geometry": {"type": "Point", "coordinates": [24.13272, 65.82782]}, "properties": {"id": "trv-16669:35673-13467:129226-0.7044", "country": "se", "source": "TRV", "updated": "2026-09-12", "name": "vägport 3.60 m", "type": "hauteur_limitee", "obstacle": "vägport", "hauteur_max_m": 3.6, "franchissable": true, "marge_cm": 40, "reference": "3500-2036-1"}}, {"type": "Feature", "geometry": {"type": "Point", "coordinates": [24.13288, 65.8281]}, "properties": {"id": "trv-16669:35669-13467:129226-0.5358", "country": "se", "source": "TRV", "updated": "2026-09-12", "name": "vägport 3.60 m", "type": "hauteur_limitee", "obstacle": "vägport", "hauteur_max_m": 3.6, "franchissable": true, "marge_cm": 40, "reference": "3500-2035-1"}}, {"type": "Feature", "geometry": {"type": "Point", "coordinates": [11.3005, 58.45308]}, "properties": {"id": "trv-12740:149551-3:1243519-0.4110", "country": "se", "source": "TRV", "updated": "2026-09-12", "name": "övrigt hinder 3.60 m", "type": "hauteur_limitee", "obstacle": "övrigt hinder", "hauteur_max_m": 3.6, "franchissable": true, "marge_cm": 40}}, {"type": "Feature", "geometry": {"type": "Point", "coordinates": [12.00688, 57.70484]}, "properties": {"id": "trv-10081:172551-13470:78886-0.1259", "country": "se", "source": "TRV", "updated": "2026-09-12", "name": "vägport 3.70 m", "type": "hauteur_limitee", "obstacle": "vägport", "hauteur_max_m": 3.7, "franchissable": true, "marge_cm": 50}}, {"type": "Feature", "geometry": {"type": "Point", "coordinates": [17.99687, 59.38392]}, "properties": {"id": "trv-19881:5398-11156:22525-0.8105", "country": "se", "source": "TRV", "updated": "2026-09-12", "name": "bro 3.70 m", "type": "hauteur_limitee", "obstacle": "bro", "hauteur_max_m": 3.7, "franchissable": true, "marge_cm": 50}}, {"type": "Feature", "geometry": {"type": "Point", "coordinates": [14.59155, 56.06528]}, "properties": {"id": "trv-12734:44277-3:362910-0.3573", "country": "se", "source": "TRV", "updated": "2026-09-12", "name": "vägport 3.70 m", "type": "hauteur_limitee", "obstacle": "vägport", "hauteur_max_m": 3.7, "franchissable": true, "marge_cm": 50}}, {"type": "Feature", "geometry": {"type": "Point", "coordinates": [11.98731, 57.69427]}, "properties": {"id": "trv-14438:102928-3:1363856-0.9937", "country": "se", "source": "TRV", "updated": "2026-09-12", "name": "vägport 3.70 m", "type": "hauteur_limitee", "obstacle": "vägport", "hauteur_max_m": 3.7, "franchissable": true, "marge_cm": 50}}, {"type": "Feature", "geometry": {"type": "Point", "coordinates": [18.08244, 59.26155]}, "properties": {"id": "trv-16119:1083-12739:998596-0.5269", "country": "se", "source": "TRV", "updated": "2026-09-12", "name": "vägport 3.70 m", "type": "hauteur_limitee", "obstacle": "vägport", "hauteur_max_m": 3.7, "franchissable": true, "marge_cm": 50}}, {"type": "Feature", "geometry": {"type": "Point", "coordinates": [17.99194, 59.29016]}, "properties": {"id": "trv-16119:767-12729:14861-0.4319", "country": "se", "source": "TRV", "updated": "2026-09-12", "name": "vägport 3.70 m", "type": "hauteur_limitee", "obstacle": "vägport", "hauteur_max_m": 3.7, "franchissable": true, "marge_cm": 50}}, {"type": "Feature", "geometry": {"type": "Point", "coordinates": [20.90867, 64.76063]}, "properties": {"id": "trv-14124:49600-3:1007200-0.3647", "country": "se", "source": "TRV", "updated": "2026-09-12", "occurrences": 2, "name": "vägport 3.70 m", "type": "hauteur_limitee", "obstacle": "vägport", "hauteur_max_m": 3.7, "franchissable": true, "marge_cm": 50}}, {"type": "Feature", "geometry": {"type": "Point", "coordinates": [18.11886, 59.36294]}, "properties": {"id": "trv-14126:50144-3:1098026-0.2323", "country": "se", "source": "TRV", "updated": "2026-09-12", "name": "övrigt hinder 3.70 m", "type": "hauteur_limitee", "obstacle": "övrigt hinder", "hauteur_max_m": 3.7, "franchissable": true, "marge_cm": 50}}, {"type": "Feature", "geometry": {"type": "Point", "coordinates": [17.80012, 59.46906]}, "properties": {"id": "trv-20731:27856-20731:27809-0.6308", "country": "se", "source": "TRV", "updated": "2026-09-12", "name": "bro 3.70 m", "type": "hauteur_limitee", "obstacle": "bro", "hauteur_max_m": 3.7, "franchissable": true, "marge_cm": 50}}, {"type": "Feature", "geometry": {"type": "Point", "coordinates": [16.21838, 60.12459]}, "properties": {"id": "trv-12731:218055-1000:94736-0.4296", "country": "se", "source": "TRV", "updated": "2026-09-12", "name": "vägport 3.70 m", "type": "hauteur_limitee", "obstacle": "vägport", "hauteur_max_m": 3.7, "franchissable": true, "marge_cm": 50, "reference": "3500-357-1"}}, {"type": "Feature", "geometry": {"type": "Point", "coordinates": [18.33589, 59.32426]}, "properties": {"id": "trv-14115:426-1000:82164-0.5787", "country": "se", "source": "TRV", "updated": "2026-09-12", "name": "vägport 3.70 m", "type": "hauteur_limitee", "obstacle": "vägport", "hauteur_max_m": 3.7, "franchissable": true, "marge_cm": 50}}, {"type": "Feature", "geometry": {"type": "Point", "coordinates": [13.50518, 59.3779]}, "properties": {"id": "trv-13620:36811-20986:947227-0.6589", "country": "se", "source": "TRV", "updated": "2026-09-12", "name": "vägport 3.70 m", "type": "hauteur_limitee", "obstacle": "vägport", "hauteur_max_m": 3.7, "franchissable": true, "marge_cm": 50, "reference": "3500-811-2"}}, {"type": "Feature", "geometry": {"type": "Point", "coordinates": [13.50507, 59.37792]}, "properties": {"id": "trv-13620:36813-20986:947247-0.2665", "country": "se", "source": "TRV", "updated": "2026-09-12", "name": "vägport 3.70 m", "type": "hauteur_limitee", "obstacle": "vägport", "hauteur_max_m": 3.7, "franchissable": true, "marge_cm": 50, "reference": "3500-811-2"}}, {"type": "Feature", "geometry": {"type": "Point", "coordinates": [17.92643, 59.45061]}, "properties": {"id": "trv-16345:1121-1000:80671-0.6597", "country": "se", "source": "TRV", "updated": "2026-09-12", "name": "vägport 3.70 m", "type": "hauteur_limitee", "obstacle": "vägport", "hauteur_max_m": 3.7, "franchissable": true, "marge_cm": 50}}, {"type": "Feature", "geometry": {"type": "Point", "coordinates": [17.91061, 59.41503]}, "properties": {"id": "trv-16972:653-12730:4375-0.4958", "country": "se", "source": "TRV", "updated": "2026-09-12", "occurrences": 2, "name": "vägport 3.70 m", "type": "hauteur_limitee", "obstacle": "vägport", "hauteur_max_m": 3.7, "franchissable": true, "marge_cm": 50}}, {"type": "Feature", "geometry": {"type": "Point", "coordinates": [14.15969, 59.71176]}, "properties": {"id": "trv-13745:1091-3:674610-0.8502", "country": "se", "source": "TRV", "updated": "2026-09-12", "name": "vägport 3.70 m", "type": "hauteur_limitee", "obstacle": "vägport", "hauteur_max_m": 3.7, "franchissable": true, "marge_cm": 50}}, {"type": "Feature", "geometry": {"type": "Point", "coordinates": [12.26052, 57.76316]}, "properties": {"id": "trv-15064:16045-1000:43199-0.2276", "country": "se", "source": "TRV", "updated": "2026-09-12", "name": "vägport 3.70 m", "type": "hauteur_limitee", "obstacle": "vägport", "hauteur_max_m": 3.7, "franchissable": true, "marge_cm": 50}}, {"type": "Feature", "geometry": {"type": "Point", "coordinates": [11.2474, 59.07202]}, "properties": {"id": "trv-11158:205416-11162:129800-0.1014", "country": "se", "source": "TRV", "updated": "2026-09-12", "name": "vägport 3.70 m", "type": "hauteur_limitee", "obstacle": "vägport", "hauteur_max_m": 3.7, "franchissable": true, "marge_cm": 50, "reference": "14-1512-1"}}, {"type": "Feature", "geometry": {"type": "Point", "coordinates": [23.23541, 65.8365]}, "properties": {"id": "trv-16669:36550-3:896979-0.6640", "country": "se", "source": "TRV", "updated": "2026-09-12", "name": "vägport 3.70 m", "type": "hauteur_limitee", "obstacle": "vägport", "hauteur_max_m": 3.7, "franchissable": true, "marge_cm": 50, "reference": "3500-10026-1"}}, {"type": "Feature", "geometry": {"type": "Point", "coordinates": [17.93092, 59.40813]}, "properties": {"id": "trv-19194:2448940-12730:2251-0.8105", "country": "se", "source": "TRV", "updated": "2026-09-12", "name": "vägport 3.70 m", "type": "hauteur_limitee", "obstacle": "vägport", "hauteur_max_m": 3.7, "franchissable": true, "marge_cm": 50}}, {"type": "Feature", "geometry": {"type": "Point", "coordinates": [17.60725, 59.1764]}, "properties": {"id": "trv-22121:845304-3:1100194-0.3083", "country": "se", "source": "TRV", "updated": "2026-09-12", "name": "bro 3.70 m", "type": "hauteur_limitee", "obstacle": "bro", "hauteur_max_m": 3.7, "franchissable": true, "marge_cm": 50}}, {"type": "Feature", "geometry": {"type": "Point", "coordinates": [14.27337, 57.79127]}, "properties": {"id": "trv-16575:6495-10084:203996-0.1365", "country": "se", "source": "TRV", "updated": "2026-09-12", "name": "vägport 3.70 m", "type": "hauteur_limitee", "obstacle": "vägport", "hauteur_max_m": 3.7, "franchissable": true, "marge_cm": 50}}, {"type": "Feature", "geometry": {"type": "Point", "coordinates": [16.26179, 60.11566]}, "properties": {"id": "trv-11163:283146-11163:283140-0.6416", "country": "se", "source": "TRV", "updated": "2026-09-12", "name": "vägport 3.70 m", "type": "hauteur_limitee", "obstacle": "vägport", "hauteur_max_m": 3.7, "franchissable": true, "marge_cm": 50, "reference": "3500-351-1"}}, {"type": "Feature", "geometry": {"type": "Point", "coordinates": [17.90764, 59.41574]}, "properties": {"id": "trv-16972:653-12730:2285-0.2804", "country": "se", "source": "TRV", "updated": "2026-09-12", "occurrences": 2, "name": "vägport 3.70 m", "type": "hauteur_limitee", "obstacle": "vägport", "hauteur_max_m": 3.7, "franchissable": true, "marge_cm": 50}}, {"type": "Feature", "geometry": {"type": "Point", "coordinates": [16.23129, 58.66631]}, "properties": {"id": "trv-12796:36891-1000:67170-0.9916", "country": "se", "source": "TRV", "updated": "2026-09-12", "name": "vägport 3.70 m", "type": "hauteur_limitee", "obstacle": "vägport", "hauteur_max_m": 3.7, "franchissable": true, "marge_cm": 50, "reference": "VÄGPORT"}}, {"type": "Feature", "geometry": {"type": "Point", "coordinates": [20.90854, 64.76098]}, "properties": {"id": "trv-14124:49600-3:1007200-0.2106", "country": "se", "source": "TRV", "updated": "2026-09-12", "occurrences": 2, "name": "vägport 3.70 m", "type": "hauteur_limitee", "obstacle": "vägport", "hauteur_max_m": 3.7, "franchissable": true, "marge_cm": 50}}, {"type": "Feature", "geometry": {"type": "Point", "coordinates": [17.92581, 59.41122]}, "properties": {"id": "trv-17112:3240-12730:2175-0.1144", "country": "se", "source": "TRV", "updated": "2026-09-12", "name": "vägport 3.70 m", "type": "hauteur_limitee", "obstacle": "vägport", "hauteur_max_m": 3.7, "franchissable": true, "marge_cm": 50}}, {"type": "Feature", "geometry": {"type": "Point", "coordinates": [17.92834, 59.40974]}, "properties": {"id": "trv-17112:3244-12730:2215-0.9525", "country": "se", "source": "TRV", "updated": "2026-09-12", "name": "vägport 3.70 m", "type": "hauteur_limitee", "obstacle": "vägport", "hauteur_max_m": 3.7, "franchissable": true, "marge_cm": 50}}, {"type": "Feature", "geometry": {"type": "Point", "coordinates": [17.79977, 59.70658]}, "properties": {"id": "trv-13553:879-1000:89985-0.8770", "country": "se", "source": "TRV", "updated": "2026-09-12", "name": "vägport 3.70 m", "type": "hauteur_limitee", "obstacle": "vägport", "hauteur_max_m": 3.7, "franchissable": true, "marge_cm": 50}}, {"type": "Feature", "geometry": {"type": "Point", "coordinates": [15.9125, 56.74285]}, "properties": {"id": "trv-14121:190912-13625:3552-0.2428", "country": "se", "source": "TRV", "updated": "2026-09-12", "name": "vägport 3.70 m", "type": "hauteur_limitee", "obstacle": "vägport", "hauteur_max_m": 3.7, "franchissable": true, "marge_cm": 50}}, {"type": "Feature", "geometry": {"type": "Point", "coordinates": [17.93925, 59.32311]}, "properties": {"id": "trv-16972:665-12723:21441-0.0243", "country": "se", "source": "TRV", "updated": "2026-09-12", "name": "vägport 3.70 m", "type": "hauteur_limitee", "obstacle": "vägport", "hauteur_max_m": 3.7, "franchissable": true, "marge_cm": 50}}, {"type": "Feature", "geometry": {"type": "Point", "coordinates": [16.21848, 60.12457]}, "properties": {"id": "trv-12731:218059-1000:94736-0.4669", "country": "se", "source": "TRV", "updated": "2026-09-12", "name": "vägport 3.70 m", "type": "hauteur_limitee", "obstacle": "vägport", "hauteur_max_m": 3.7, "franchissable": true, "marge_cm": 50, "reference": "3500-357-2"}}, {"type": "Feature", "geometry": {"type": "Point", "coordinates": [17.8785, 62.61915]}, "properties": {"id": "trv-12801:104130-1000:106945-0.9029", "country": "se", "source": "TRV", "updated": "2026-09-12", "name": "vägport 3.70 m", "type": "hauteur_limitee", "obstacle": "vägport", "hauteur_max_m": 3.7, "franchissable": true, "marge_cm": 50, "reference": "Y  796"}}, {"type": "Feature", "geometry": {"type": "Point", "coordinates": [13.0837, 63.39944]}, "properties": {"id": "trv-12284:56230-3:426206-0.2247", "country": "se", "source": "TRV", "updated": "2026-09-12", "name": "vägport 3.70 m", "type": "hauteur_limitee", "obstacle": "vägport", "hauteur_max_m": 3.7, "franchissable": true, "marge_cm": 50, "reference": "Vägport under E14"}}, {"type": "Feature", "geometry": {"type": "Point", "coordinates": [18.07398, 59.40574]}, "properties": {"id": "trv-14116:3103-3:1099506-0.7271", "country": "se", "source": "TRV", "updated": "2026-09-12", "name": "vägport 3.70 m", "type": "hauteur_limitee", "obstacle": "vägport", "hauteur_max_m": 3.7, "franchissable": true, "marge_cm": 50}}, {"type": "Feature", "geometry": {"type": "Point", "coordinates": [13.07314, 55.64607]}, "properties": {"id": "trv-15005:8066-3:1565944-0.3020", "country": "se", "source": "TRV", "updated": "2026-09-12", "name": "vägport 3.70 m", "type": "hauteur_limitee", "obstacle": "vägport", "hauteur_max_m": 3.7, "franchissable": true, "marge_cm": 50}}, {"type": "Feature", "geometry": {"type": "Point", "coordinates": [15.01966, 57.49551]}, "properties": {"id": "trv-16594:16850-16594:16688-0.2886", "country": "se", "source": "TRV", "updated": "2026-09-12", "name": "vägport 3.70 m", "type": "hauteur_limitee", "obstacle": "vägport", "hauteur_max_m": 3.7, "franchissable": true, "marge_cm": 50}}, {"type": "Feature", "geometry": {"type": "Point", "coordinates": [14.99475, 58.78333]}, "properties": {"id": "trv-12733:112800-3:478362-0.2064", "country": "se", "source": "TRV", "updated": "2026-09-12", "name": "vägport 3.70 m", "type": "hauteur_limitee", "obstacle": "vägport", "hauteur_max_m": 3.7, "franchissable": true, "marge_cm": 50, "reference": "18-523-1"}}, {"type": "Feature", "geometry": {"type": "Point", "coordinates": [21.41616, 65.31775]}, "properties": {"id": "trv-15590:5009-3:1600272-0.6165", "country": "se", "source": "TRV", "updated": "2026-09-12", "name": "vägport 3.70 m", "type": "hauteur_limitee", "obstacle": "vägport", "hauteur_max_m": 3.7, "franchissable": true, "marge_cm": 50}}, {"type": "Feature", "geometry": {"type": "Point", "coordinates": [13.33772, 61.03599]}, "properties": {"id": "trv-13654:68113-3:638241-0.6562", "country": "se", "source": "TRV", "updated": "2026-09-12", "name": "vägport 3.70 m", "type": "hauteur_limitee", "obstacle": "vägport", "hauteur_max_m": 3.7, "franchissable": true, "marge_cm": 50}}, {"type": "Feature", "geometry": {"type": "Point", "coordinates": [12.35668, 57.80819]}, "properties": {"id": "trv-15064:15964-1000:43264-0.9831", "country": "se", "source": "TRV", "updated": "2026-09-12", "name": "vägport 3.70 m", "type": "hauteur_limitee", "obstacle": "vägport", "hauteur_max_m": 3.7, "franchissable": true, "marge_cm": 50}}, {"type": "Feature", "geometry": {"type": "Point", "coordinates": [12.25978, 57.76348]}, "properties": {"id": "trv-15064:16050-1000:43199-0.6788", "country": "se", "source": "TRV", "updated": "2026-09-12", "name": "vägport 3.70 m", "type": "hauteur_limitee", "obstacle": "vägport", "hauteur_max_m": 3.7, "franchissable": true, "marge_cm": 50}}, {"type": "Feature", "geometry": {"type": "Point", "coordinates": [17.93917, 59.4052]}, "properties": {"id": "trv-19194:1968638-12730:2101-0.4045", "country": "se", "source": "TRV", "updated": "2026-09-12", "name": "vägport 3.70 m", "type": "hauteur_limitee", "obstacle": "vägport", "hauteur_max_m": 3.7, "franchissable": true, "marge_cm": 50}}, {"type": "Feature", "geometry": {"type": "Point", "coordinates": [17.99215, 59.28998]}, "properties": {"id": "trv-16119:771-12729:14861-0.5741", "country": "se", "source": "TRV", "updated": "2026-09-12", "name": "vägport 3.70 m", "type": "hauteur_limitee", "obstacle": "vägport", "hauteur_max_m": 3.7, "franchissable": true, "marge_cm": 50}}, {"type": "Feature", "geometry": {"type": "Point", "coordinates": [14.08959, 57.43021]}, "properties": {"id": "trv-12732:39394-11158:147226-0.6413", "country": "se", "source": "TRV", "updated": "2026-09-12", "name": "bro 3.70 m", "type": "hauteur_limitee", "obstacle": "bro", "hauteur_max_m": 3.7, "franchissable": true, "marge_cm": 50}}, {"type": "Feature", "geometry": {"type": "Point", "coordinates": [13.06246, 55.61706]}, "properties": {"id": "trv-14417:4341-12733:31424-0.4086", "country": "se", "source": "TRV", "updated": "2026-09-12", "name": "bro 3.70 m", "type": "hauteur_limitee", "obstacle": "bro", "hauteur_max_m": 3.7, "franchissable": true, "marge_cm": 50}}, {"type": "Feature", "geometry": {"type": "Point", "coordinates": [14.512, 59.3241]}, "properties": {"id": "trv-16590:74995-11160:41934-0.4687", "country": "se", "source": "TRV", "updated": "2026-09-12", "name": "bro 3.70 m", "type": "hauteur_limitee", "obstacle": "bro", "hauteur_max_m": 3.7, "franchissable": true, "marge_cm": 50, "reference": "18-638-1"}}, {"type": "Feature", "geometry": {"type": "Point", "coordinates": [13.8493, 56.21496]}, "properties": {"id": "trv-12731:207116-12733:123894-0.3364", "country": "se", "source": "TRV", "updated": "2026-09-12", "name": "vägport 3.70 m", "type": "hauteur_limitee", "obstacle": "vägport", "hauteur_max_m": 3.7, "franchissable": true, "marge_cm": 50, "reference": "3500-3814-1"}}, {"type": "Feature", "geometry": {"type": "Point", "coordinates": [21.05336, 64.27511]}, "properties": {"id": "trv-13150:6473-1000:114500-0.8475", "country": "se", "source": "TRV", "updated": "2026-09-12", "name": "vägport 3.70 m", "type": "hauteur_limitee", "obstacle": "vägport", "hauteur_max_m": 3.7, "franchissable": true, "marge_cm": 50, "reference": "AC 716"}}, {"type": "Feature", "geometry": {"type": "Point", "coordinates": [17.88098, 59.35118]}, "properties": {"id": "trv-16121:6371-12756:16125-0.0235", "country": "se", "source": "TRV", "updated": "2026-09-12", "name": "vägport 3.70 m", "type": "hauteur_limitee", "obstacle": "vägport", "hauteur_max_m": 3.7, "franchissable": true, "marge_cm": 50}}, {"type": "Feature", "geometry": {"type": "Point", "coordinates": [13.19631, 55.70798]}, "properties": {"id": "trv-15471:12952-3:1559943-0.7103", "country": "se", "source": "TRV", "updated": "2026-09-12", "name": "vägport 3.70 m", "type": "hauteur_limitee", "obstacle": "vägport", "hauteur_max_m": 3.7, "franchissable": true, "marge_cm": 50}}, {"type": "Feature", "geometry": {"type": "Point", "coordinates": [17.99683, 59.38398]}, "properties": {"id": "trv-19881:5390-19881:5354-0.4643", "country": "se", "source": "TRV", "updated": "2026-09-12", "name": "bro 3.70 m", "type": "hauteur_limitee", "obstacle": "bro", "hauteur_max_m": 3.7, "franchissable": true, "marge_cm": 50}}, {"type": "Feature", "geometry": {"type": "Point", "coordinates": [13.35283, 59.52385]}, "properties": {"id": "trv-13157:1416-1000:84884-0.1043", "country": "se", "source": "TRV", "updated": "2026-09-12", "name": "vägport 3.70 m", "type": "hauteur_limitee", "obstacle": "vägport", "hauteur_max_m": 3.7, "franchissable": true, "marge_cm": 50, "reference": "3500-3345-1"}}, {"type": "Feature", "geometry": {"type": "Point", "coordinates": [13.10291, 57.7737]}, "properties": {"id": "trv-11161:255452-1000:45125-0.4469", "country": "se", "source": "TRV", "updated": "2026-09-12", "name": "övrigt hinder 3.70 m", "type": "hauteur_limitee", "obstacle": "övrigt hinder", "hauteur_max_m": 3.7, "franchissable": true, "marge_cm": 50}}, {"type": "Feature", "geometry": {"type": "Point", "coordinates": [17.92658, 59.41074]}, "properties": {"id": "trv-16972:621-12730:2215-0.1613", "country": "se", "source": "TRV", "updated": "2026-09-12", "name": "vägport 3.70 m", "type": "hauteur_limitee", "obstacle": "vägport", "hauteur_max_m": 3.7, "franchissable": true, "marge_cm": 50}}, {"type": "Feature", "geometry": {"type": "Point", "coordinates": [14.81828, 56.19016]}, "properties": {"id": "trv-14120:9557-1000:17740-0.6160", "country": "se", "source": "TRV", "updated": "2026-09-12", "name": "vägport 3.70 m", "type": "hauteur_limitee", "obstacle": "vägport", "hauteur_max_m": 3.7, "franchissable": true, "marge_cm": 50}}, {"type": "Feature", "geometry": {"type": "Point", "coordinates": [12.26037, 57.76323]}, "properties": {"id": "trv-15064:16041-1000:43199-0.3171", "country": "se", "source": "TRV", "updated": "2026-09-12", "name": "vägport 3.70 m", "type": "hauteur_limitee", "obstacle": "vägport", "hauteur_max_m": 3.7, "franchissable": true, "marge_cm": 50}}, {"type": "Feature", "geometry": {"type": "Point", "coordinates": [17.91462, 59.41719]}, "properties": {"id": "trv-17112:3228-12730:5371-0.2654", "country": "se", "source": "TRV", "updated": "2026-09-12", "name": "vägport 3.70 m", "type": "hauteur_limitee", "obstacle": "vägport", "hauteur_max_m": 3.7, "franchissable": true, "marge_cm": 50}}, {"type": "Feature", "geometry": {"type": "Point", "coordinates": [17.25164, 59.6268]}, "properties": {"id": "trv-14130:137676-13464:70646-0.5248", "country": "se", "source": "TRV", "updated": "2026-09-12", "name": "vägport 3.70 m", "type": "hauteur_limitee", "obstacle": "vägport", "hauteur_max_m": 3.7, "franchissable": true, "marge_cm": 50, "reference": "Okänd"}}, {"type": "Feature", "geometry": {"type": "Point", "coordinates": [16.22326, 58.57108]}, "properties": {"id": "trv-16589:87276-3:496857-0.4170", "country": "se", "source": "TRV", "updated": "2026-09-12", "name": "vägport 3.70 m", "type": "hauteur_limitee", "obstacle": "vägport", "hauteur_max_m": 3.7, "franchissable": true, "marge_cm": 50, "reference": "581-117-1"}}, {"type": "Feature", "geometry": {"type": "Point", "coordinates": [18.29191, 57.63482]}, "properties": {"id": "trv-16172:1141647-3:40937-0.6802", "country": "se", "source": "TRV", "updated": "2026-09-12", "name": "vägport 3.70 m", "type": "hauteur_limitee", "obstacle": "vägport", "hauteur_max_m": 3.7, "franchissable": true, "marge_cm": 50, "reference": "Söderport"}}, {"type": "Feature", "geometry": {"type": "Point", "coordinates": [20.33922, 63.68381]}, "properties": {"id": "trv-20661:387929-20661:357531-0.9543", "country": "se", "source": "TRV", "updated": "2026-09-12", "name": "övrigt hinder 3.70 m", "type": "hauteur_limitee", "obstacle": "övrigt hinder", "hauteur_max_m": 3.7, "franchissable": true, "marge_cm": 50}}, {"type": "Feature", "geometry": {"type": "Point", "coordinates": [20.25753, 63.83619]}, "properties": {"id": "trv-20661:396329-11178:8531-0.4118", "country": "se", "source": "TRV", "updated": "2026-09-12", "name": "övrigt hinder 3.70 m", "type": "hauteur_limitee", "obstacle": "övrigt hinder", "hauteur_max_m": 3.7, "franchissable": true, "marge_cm": 50}}, {"type": "Feature", "geometry": {"type": "Point", "coordinates": [20.2614, 63.82606]}, "properties": {"id": "trv-20661:396325-20661:346956-0.1617", "country": "se", "source": "TRV", "updated": "2026-09-12", "name": "övrigt hinder 3.70 m", "type": "hauteur_limitee", "obstacle": "övrigt hinder", "hauteur_max_m": 3.7, "franchissable": true, "marge_cm": 50}}, {"type": "Feature", "geometry": {"type": "Point", "coordinates": [18.0337, 59.09749]}, "properties": {"id": "trv-16495:14664-22121:302168-0.3823", "country": "se", "source": "TRV", "updated": "2026-09-12", "name": "vägport 3.70 m", "type": "hauteur_limitee", "obstacle": "vägport", "hauteur_max_m": 3.7, "franchissable": true, "marge_cm": 50}}, {"type": "Feature", "geometry": {"type": "Point", "coordinates": [12.71864, 56.03482]}, "properties": {"id": "trv-11790:643-11157:70678-0.1111", "country": "se", "source": "TRV", "updated": "2026-09-12", "name": "övrigt hinder 3.70 m", "type": "hauteur_limitee", "obstacle": "övrigt hinder", "hauteur_max_m": 3.7, "franchissable": true, "marge_cm": 50}}, {"type": "Feature", "geometry": {"type": "Point", "coordinates": [13.51245, 59.37983]}, "properties": {"id": "trv-23696:87146-13475:15783-0.5733", "country": "se", "source": "TRV", "updated": "2026-09-12", "name": "vägport 3.70 m", "type": "hauteur_limitee", "obstacle": "vägport", "hauteur_max_m": 3.7, "franchissable": true, "marge_cm": 50}}, {"type": "Feature", "geometry": {"type": "Point", "coordinates": [22.15471, 65.58507]}, "properties": {"id": "trv-11156:96763-11156:96747-0.6111", "country": "se", "source": "TRV", "updated": "2026-09-12", "name": "övrigt hinder 3.70 m", "type": "hauteur_limitee", "obstacle": "övrigt hinder", "hauteur_max_m": 3.7, "franchissable": true, "marge_cm": 50}}, {"type": "Feature", "geometry": {"type": "Point", "coordinates": [14.78074, 56.89722]}, "properties": {"id": "trv-12470:3181-13253:4947-0.3402", "country": "se", "source": "TRV", "updated": "2026-09-12", "name": "vägport 3.70 m", "type": "hauteur_limitee", "obstacle": "vägport", "hauteur_max_m": 3.7, "franchissable": true, "marge_cm": 50, "reference": "7-465-1"}}, {"type": "Feature", "geometry": {"type": "Point", "coordinates": [14.79861, 56.90116]}, "properties": {"id": "trv-12468:5645-13250:11367-0.2793", "country": "se", "source": "TRV", "updated": "2026-09-12", "name": "vägport 3.70 m", "type": "hauteur_limitee", "obstacle": "vägport", "hauteur_max_m": 3.7, "franchissable": true, "marge_cm": 50}}, {"type": "Feature", "geometry": {"type": "Point", "coordinates": [13.53849, 55.93555]}, "properties": {"id": "trv-15100:4325-11164:10641-0.6486", "country": "se", "source": "TRV", "updated": "2026-09-12", "name": "vägport 3.70 m", "type": "hauteur_limitee", "obstacle": "vägport", "hauteur_max_m": 3.7, "franchissable": true, "marge_cm": 50}}, {"type": "Feature", "geometry": {"type": "Point", "coordinates": [15.53341, 56.6295]}, "properties": {"id": "trv-16667:14482-16667:13952-0.2128", "country": "se", "source": "TRV", "updated": "2026-09-12", "name": "tunnel 3.70 m", "type": "hauteur_limitee", "obstacle": "tunnel", "hauteur_max_m": 3.7, "franchissable": true, "marge_cm": 50}}, {"type": "Feature", "geometry": {"type": "Point", "coordinates": [15.53369, 56.63014]}, "properties": {"id": "trv-16667:14484-16667:13952-0.7544", "country": "se", "source": "TRV", "updated": "2026-09-12", "name": "tunnel 3.70 m", "type": "hauteur_limitee", "obstacle": "tunnel", "hauteur_max_m": 3.7, "franchissable": true, "marge_cm": 50}}, {"type": "Feature", "geometry": {"type": "Point", "coordinates": [15.53967, 56.62915]}, "properties": {"id": "trv-16667:14486-16667:13959-0.4867", "country": "se", "source": "TRV", "updated": "2026-09-12", "name": "vägport 3.70 m", "type": "hauteur_limitee", "obstacle": "vägport", "hauteur_max_m": 3.7, "franchissable": true, "marge_cm": 50}}, {"type": "Feature", "geometry": {"type": "Point", "coordinates": [15.55885, 56.62663]}, "properties": {"id": "trv-16667:14488-16667:13919-0.1705", "country": "se", "source": "TRV", "updated": "2026-09-12", "name": "vägport 3.70 m", "type": "hauteur_limitee", "obstacle": "vägport", "hauteur_max_m": 3.7, "franchissable": true, "marge_cm": 50}}, {"type": "Feature", "geometry": {"type": "Point", "coordinates": [15.55868, 56.62633]}, "properties": {"id": "trv-16667:14490-16667:13919-0.0713", "country": "se", "source": "TRV", "updated": "2026-09-12", "name": "vägport 3.70 m", "type": "hauteur_limitee", "obstacle": "vägport", "hauteur_max_m": 3.7, "franchissable": true, "marge_cm": 50}}, {"type": "Feature", "geometry": {"type": "Point", "coordinates": [18.00376, 59.36209]}, "properties": {"id": "trv-16539:575-19876:136416-0.1927", "country": "se", "source": "TRV", "updated": "2026-09-12", "occurrences": 3, "name": "bro 3.70 m", "type": "hauteur_limitee", "obstacle": "bro", "hauteur_max_m": 3.7, "franchissable": true, "marge_cm": 50}}, {"type": "Feature", "geometry": {"type": "Point", "coordinates": [18.004, 59.36196]}, "properties": {"id": "trv-16539:575-19876:136416-0.3282", "country": "se", "source": "TRV", "updated": "2026-09-12", "occurrences": 3, "name": "bro 3.70 m", "type": "hauteur_limitee", "obstacle": "bro", "hauteur_max_m": 3.7, "franchissable": true, "marge_cm": 50}}, {"type": "Feature", "geometry": {"type": "Point", "coordinates": [18.0041, 59.3619]}, "properties": {"id": "trv-16539:575-19876:136416-0.3922", "country": "se", "source": "TRV", "updated": "2026-09-12", "occurrences": 3, "name": "bro 3.70 m", "type": "hauteur_limitee", "obstacle": "bro", "hauteur_max_m": 3.7, "franchissable": true, "marge_cm": 50}}, {"type": "Feature", "geometry": {"type": "Point", "coordinates": [14.25447, 57.78739]}, "properties": {"id": "trv-14118:165419-3:131566-0.6818", "country": "se", "source": "TRV", "updated": "2026-09-12", "name": "vägport 3.70 m", "type": "hauteur_limitee", "obstacle": "vägport", "hauteur_max_m": 3.7, "franchissable": true, "marge_cm": 50, "reference": "6-684-1"}}, {"type": "Feature", "geometry": {"type": "Point", "coordinates": [16.27261, 56.671]}, "properties": {"id": "trv-19381:48462-19308:3928-0.1486", "country": "se", "source": "TRV", "updated": "2026-09-12", "name": "vägport 3.77 m", "type": "hauteur_limitee", "obstacle": "vägport", "hauteur_max_m": 3.77, "franchissable": true, "marge_cm": 57}}, {"type": "Feature", "geometry": {"type": "Point", "coordinates": [17.5368, 59.56654]}, "properties": {"id": "trv-12729:72264-12729:67566-0.0992", "country": "se", "source": "TRV", "updated": "2026-09-12", "name": "tunnel 3.79 m", "type": "hauteur_limitee", "obstacle": "tunnel", "hauteur_max_m": 3.79, "franchissable": true, "marge_cm": 59}}, {"type": "Feature", "geometry": {"type": "Point", "coordinates": [19.85985, 63.62706]}, "properties": {"id": "trv-11156:29642-10446:194-0.5556", "country": "se", "source": "TRV", "updated": "2026-09-12", "name": "vägport 3.80 m", "type": "hauteur_limitee", "obstacle": "vägport", "hauteur_max_m": 3.8, "franchissable": true, "marge_cm": 60}}, {"type": "Feature", "geometry": {"type": "Point", "coordinates": [12.73613, 56.06785]}, "properties": {"id": "trv-11784:15826-3:1522066-0.2770", "country": "se", "source": "TRV", "updated": "2026-09-12", "name": "bro 3.80 m", "type": "hauteur_limitee", "obstacle": "bro", "hauteur_max_m": 3.8, "franchissable": true, "marge_cm": 60}}, {"type": "Feature", "geometry": {"type": "Point", "coordinates": [12.75715, 56.01273]}, "properties": {"id": "trv-11784:15836-3:1530617-0.4801", "country": "se", "source": "TRV", "updated": "2026-09-12", "name": "bro 3.80 m", "type": "hauteur_limitee", "obstacle": "bro", "hauteur_max_m": 3.8, "franchissable": true, "marge_cm": 60}}, {"type": "Feature", "geometry": {"type": "Point", "coordinates": [18.05906, 59.39976]}, "properties": {"id": "trv-14116:3105-3:1097979-0.8749", "country": "se", "source": "TRV", "updated": "2026-09-12", "name": "vägport 3.80 m", "type": "hauteur_limitee", "obstacle": "vägport", "hauteur_max_m": 3.8, "franchissable": true, "marge_cm": 60}}, {"type": "Feature", "geometry": {"type": "Point", "coordinates": [14.19282, 56.02194]}, "properties": {"id": "trv-14421:7469-10041:86231-0.5996", "country": "se", "source": "TRV", "updated": "2026-09-12", "name": "vägport 3.80 m", "type": "hauteur_limitee", "obstacle": "vägport", "hauteur_max_m": 3.8, "franchissable": true, "marge_cm": 60}}, {"type": "Feature", "geometry": {"type": "Point", "coordinates": [13.51734, 59.38173]}, "properties": {"id": "trv-16521:16081-3:718192-0.6540", "country": "se", "source": "TRV", "updated": "2026-09-12", "name": "vägport 3.80 m", "type": "hauteur_limitee", "obstacle": "vägport", "hauteur_max_m": 3.8, "franchissable": true, "marge_cm": 60}}, {"type": "Feature", "geometry": {"type": "Point", "coordinates": [12.73295, 56.06614]}, "properties": {"id": "trv-11784:15830-3:1522380-0.4342", "country": "se", "source": "TRV", "updated": "2026-09-12", "name": "bro 3.80 m", "type": "hauteur_limitee", "obstacle": "bro", "hauteur_max_m": 3.8, "franchissable": true, "marge_cm": 60}}, {"type": "Feature", "geometry": {"type": "Point", "coordinates": [18.03523, 59.33796]}, "properties": {"id": "trv-16972:395-13159:129180-0.1061", "country": "se", "source": "TRV", "updated": "2026-09-12", "name": "vägport 3.80 m", "type": "hauteur_limitee", "obstacle": "vägport", "hauteur_max_m": 3.8, "franchissable": true, "marge_cm": 60}}, {"type": "Feature", "geometry": {"type": "Point", "coordinates": [12.77988, 55.99927]}, "properties": {"id": "trv-11784:15860-3:1532297-0.4877", "country": "se", "source": "TRV", "updated": "2026-09-12", "name": "övrigt hinder 3.80 m", "type": "hauteur_limitee", "obstacle": "övrigt hinder", "hauteur_max_m": 3.8, "franchissable": true, "marge_cm": 60}}, {"type": "Feature", "geometry": {"type": "Point", "coordinates": [17.81147, 59.23548]}, "properties": {"id": "trv-12725:183863-3:1098630-0.7864", "country": "se", "source": "TRV", "updated": "2026-09-12", "name": "vägport 3.80 m", "type": "hauteur_limitee", "obstacle": "vägport", "hauteur_max_m": 3.8, "franchissable": true, "marge_cm": 60, "reference": "2-750-1"}}, {"type": "Feature", "geometry": {"type": "Point", "coordinates": [15.20391, 59.27089]}, "properties": {"id": "trv-14850:32956-3:455398-0.5570", "country": "se", "source": "TRV", "updated": "2026-09-12", "occurrences": 2, "name": "vägport 3.80 m", "type": "hauteur_limitee", "obstacle": "vägport", "hauteur_max_m": 3.8, "franchissable": true, "marge_cm": 60}}, {"type": "Feature", "geometry": {"type": "Point", "coordinates": [12.24545, 57.08994]}, "properties": {"id": "trv-14413:36595-3:249128-0.7857", "country": "se", "source": "TRV", "updated": "2026-09-12", "name": "vägport 3.80 m", "type": "hauteur_limitee", "obstacle": "vägport", "hauteur_max_m": 3.8, "franchissable": true, "marge_cm": 60}}, {"type": "Feature", "geometry": {"type": "Point", "coordinates": [13.76744, 57.99057]}, "properties": {"id": "trv-14445:41177-3:55400-0.2454", "country": "se", "source": "TRV", "updated": "2026-09-12", "name": "vägport 3.80 m", "type": "hauteur_limitee", "obstacle": "vägport", "hauteur_max_m": 3.8, "franchissable": true, "marge_cm": 60}}, {"type": "Feature", "geometry": {"type": "Point", "coordinates": [13.86347, 58.39959]}, "properties": {"id": "trv-13827:2974-1000:58035-0.1270", "country": "se", "source": "TRV", "updated": "2026-09-12", "name": "vägport 3.80 m", "type": "hauteur_limitee", "obstacle": "vägport", "hauteur_max_m": 3.8, "franchissable": true, "marge_cm": 60}}, {"type": "Feature", "geometry": {"type": "Point", "coordinates": [17.13759, 60.68167]}, "properties": {"id": "trv-12737:52597-3:1176752-0.2287", "country": "se", "source": "TRV", "updated": "2026-09-12", "name": "vägport 3.80 m", "type": "hauteur_limitee", "obstacle": "vägport", "hauteur_max_m": 3.8, "franchissable": true, "marge_cm": 60, "reference": "Järnvägsbro över N."}}, {"type": "Feature", "geometry": {"type": "Point", "coordinates": [13.52867, 59.83648]}, "properties": {"id": "trv-16589:44228-16589:39984-0.2181", "country": "se", "source": "TRV", "updated": "2026-09-12", "name": "bro 3.80 m", "type": "hauteur_limitee", "obstacle": "bro", "hauteur_max_m": 3.8, "franchissable": true, "marge_cm": 60}}, {"type": "Feature", "geometry": {"type": "Point", "coordinates": [21.19356, 64.95211]}, "properties": {"id": "trv-11159:232675-11157:136407-0.2348", "country": "se", "source": "TRV", "updated": "2026-09-12", "name": "vägport 3.80 m", "type": "hauteur_limitee", "obstacle": "vägport", "hauteur_max_m": 3.8, "franchissable": true, "marge_cm": 60, "reference": "24-1794-1"}}, {"type": "Feature", "geometry": {"type": "Point", "coordinates": [15.22063, 59.31733]}, "properties": {"id": "trv-12730:261012-20256:350450-0.4624", "country": "se", "source": "TRV", "updated": "2026-09-12", "occurrences": 2, "name": "vägport 3.80 m", "type": "hauteur_limitee", "obstacle": "vägport", "hauteur_max_m": 3.8, "franchissable": true, "marge_cm": 60, "reference": "3500-5698-1"}}, {"type": "Feature", "geometry": {"type": "Point", "coordinates": [17.9838, 59.35324]}, "properties": {"id": "trv-14401:3069-3:1099687-0.5738", "country": "se", "source": "TRV", "updated": "2026-09-12", "name": "vägport 3.80 m", "type": "hauteur_limitee", "obstacle": "vägport", "hauteur_max_m": 3.8, "franchissable": true, "marge_cm": 60}}, {"type": "Feature", "geometry": {"type": "Point", "coordinates": [16.62423, 61.21274]}, "properties": {"id": "trv-12797:10067-1000:102073-0.8223", "country": "se", "source": "TRV", "updated": "2026-09-12", "name": "vägport 3.80 m", "type": "hauteur_limitee", "obstacle": "vägport", "hauteur_max_m": 3.8, "franchissable": true, "marge_cm": 60, "reference": "X  376"}}, {"type": "Feature", "geometry": {"type": "Point", "coordinates": [16.50926, 59.37566]}, "properties": {"id": "trv-14125:201602-3:291815-0.4812", "country": "se", "source": "TRV", "updated": "2026-09-12", "name": "övrigt hinder 3.80 m", "type": "hauteur_limitee", "obstacle": "övrigt hinder", "hauteur_max_m": 3.8, "franchissable": true, "marge_cm": 60}}, {"type": "Feature", "geometry": {"type": "Point", "coordinates": [12.95001, 56.4235]}, "properties": {"id": "trv-12796:33722-1000:19558-0.1165", "country": "se", "source": "TRV", "updated": "2026-09-12", "name": "vägport 3.80 m", "type": "hauteur_limitee", "obstacle": "vägport", "hauteur_max_m": 3.8, "franchissable": true, "marge_cm": 60, "reference": "11-657"}}, {"type": "Feature", "geometry": {"type": "Point", "coordinates": [17.92852, 59.39182]}, "properties": {"id": "trv-19194:2500805-19194:152191-0.1567", "country": "se", "source": "TRV", "updated": "2026-09-12", "occurrences": 2, "name": "bro 3.80 m", "type": "hauteur_limitee", "obstacle": "bro", "hauteur_max_m": 3.8, "franchissable": true, "marge_cm": 60}}, {"type": "Feature", "geometry": {"type": "Point", "coordinates": [12.73461, 56.06827]}, "properties": {"id": "trv-11784:15822-3:1521976-0.1200", "country": "se", "source": "TRV", "updated": "2026-09-12", "name": "bro 3.80 m", "type": "hauteur_limitee", "obstacle": "bro", "hauteur_max_m": 3.8, "franchissable": true, "marge_cm": 60}}, {"type": "Feature", "geometry": {"type": "Point", "coordinates": [22.01806, 65.64409]}, "properties": {"id": "trv-12843:4041-1000:119002-0.4436", "country": "se", "source": "TRV", "updated": "2026-09-12", "name": "vägport 3.80 m", "type": "hauteur_limitee", "obstacle": "vägport", "hauteur_max_m": 3.8, "franchissable": true, "marge_cm": 60, "reference": "Vägport under SJ i Gammelstad"}}, {"type": "Feature", "geometry": {"type": "Point", "coordinates": [15.63143, 60.60288]}, "properties": {"id": "trv-13156:48-1000:98282-0.3600", "country": "se", "source": "TRV", "updated": "2026-09-12", "name": "vägport 3.80 m", "type": "hauteur_limitee", "obstacle": "vägport", "hauteur_max_m": 3.8, "franchissable": true, "marge_cm": 60}}, {"type": "Feature", "geometry": {"type": "Point", "coordinates": [13.83238, 58.38929]}, "properties": {"id": "trv-13827:2978-3:1404151-0.1868", "country": "se", "source": "TRV", "updated": "2026-09-12", "name": "vägport 3.80 m", "type": "hauteur_limitee", "obstacle": "vägport", "hauteur_max_m": 3.8, "franchissable": true, "marge_cm": 60, "reference": "R 559"}}, {"type": "Feature", "geometry": {"type": "Point", "coordinates": [12.99107, 55.55395]}, "properties": {"id": "trv-14417:4273-12729:31800-0.4385", "country": "se", "source": "TRV", "updated": "2026-09-12", "name": "bro 3.80 m", "type": "hauteur_limitee", "obstacle": "bro", "hauteur_max_m": 3.8, "franchissable": true, "marge_cm": 60}}, {"type": "Feature", "geometry": {"type": "Point", "coordinates": [18.20249, 59.31716]}, "properties": {"id": "trv-14441:5830-3:1098422-0.6259", "country": "se", "source": "TRV", "updated": "2026-09-12", "name": "vägport 3.80 m", "type": "hauteur_limitee", "obstacle": "vägport", "hauteur_max_m": 3.8, "franchissable": true, "marge_cm": 60, "reference": "Okänt"}}, {"type": "Feature", "geometry": {"type": "Point", "coordinates": [12.95277, 56.13853]}, "properties": {"id": "trv-14875:8150-1000:12557-0.4776", "country": "se", "source": "TRV", "updated": "2026-09-12", "name": "vägport 3.80 m", "type": "hauteur_limitee", "obstacle": "vägport", "hauteur_max_m": 3.8, "franchissable": true, "marge_cm": 60}}, {"type": "Feature", "geometry": {"type": "Point", "coordinates": [18.07114, 59.49744]}, "properties": {"id": "trv-16505:10096-3:1033604-0.3186", "country": "se", "source": "TRV", "updated": "2026-09-12", "name": "bro 3.80 m", "type": "hauteur_limitee", "obstacle": "bro", "hauteur_max_m": 3.8, "franchissable": true, "marge_cm": 60}}, {"type": "Feature", "geometry": {"type": "Point", "coordinates": [18.02845, 59.25762]}, "properties": {"id": "trv-19194:1720544-12415:5742-0.2393", "country": "se", "source": "TRV", "updated": "2026-09-12", "name": "övrigt hinder 3.80 m", "type": "hauteur_limitee", "obstacle": "övrigt hinder", "hauteur_max_m": 3.8, "franchissable": true, "marge_cm": 60}}, {"type": "Feature", "geometry": {"type": "Point", "coordinates": [18.08183, 59.30528]}, "properties": {"id": "trv-19194:1955920-13213:35154-0.4886", "country": "se", "source": "TRV", "updated": "2026-09-12", "name": "vägport 3.80 m", "type": "hauteur_limitee", "obstacle": "vägport", "hauteur_max_m": 3.8, "franchissable": true, "marge_cm": 60}}, {"type": "Feature", "geometry": {"type": "Point", "coordinates": [16.51106, 59.36769]}, "properties": {"id": "trv-14121:344078-3:329431-0.5789", "country": "se", "source": "TRV", "updated": "2026-09-12", "name": "vägport 3.80 m", "type": "hauteur_limitee", "obstacle": "vägport", "hauteur_max_m": 3.8, "franchissable": true, "marge_cm": 60, "reference": "Okänd"}}, {"type": "Feature", "geometry": {"type": "Point", "coordinates": [16.67257, 61.04447]}, "properties": {"id": "trv-16526:47446-13650:2958-0.3551", "country": "se", "source": "TRV", "updated": "2026-09-12", "name": "vägport 3.80 m", "type": "hauteur_limitee", "obstacle": "vägport", "hauteur_max_m": 3.8, "franchissable": true, "marge_cm": 60}}, {"type": "Feature", "geometry": {"type": "Point", "coordinates": [18.02554, 59.31841]}, "properties": {"id": "trv-16593:55523-16593:50366-0.3994", "country": "se", "source": "TRV", "updated": "2026-09-12", "name": "övrigt hinder 3.80 m", "type": "hauteur_limitee", "obstacle": "övrigt hinder", "hauteur_max_m": 3.8, "franchissable": true, "marge_cm": 60}}, {"type": "Feature", "geometry": {"type": "Point", "coordinates": [12.75665, 56.01761]}, "properties": {"id": "trv-12736:48576-10636:126-0.4532", "country": "se", "source": "TRV", "updated": "2026-09-12", "name": "vägport 3.80 m", "type": "hauteur_limitee", "obstacle": "vägport", "hauteur_max_m": 3.8, "franchissable": true, "marge_cm": 60}}, {"type": "Feature", "geometry": {"type": "Point", "coordinates": [17.13749, 60.6819]}, "properties": {"id": "trv-12737:52595-3:1176756-0.5027", "country": "se", "source": "TRV", "updated": "2026-09-12", "name": "vägport 3.80 m", "type": "hauteur_limitee", "obstacle": "vägport", "hauteur_max_m": 3.8, "franchissable": true, "marge_cm": 60, "reference": "Järnvägsbro över N."}}, {"type": "Feature", "geometry": {"type": "Point", "coordinates": [16.21283, 58.99584]}, "properties": {"id": "trv-11154:545031-3:329459-0.3872", "country": "se", "source": "TRV", "updated": "2026-09-12", "name": "vägport 3.80 m", "type": "hauteur_limitee", "obstacle": "vägport", "hauteur_max_m": 3.8, "franchissable": true, "marge_cm": 60, "reference": "4-388-1"}}, {"type": "Feature", "geometry": {"type": "Point", "coordinates": [17.93079, 59.40806]}, "properties": {"id": "trv-19194:2448947-19194:2448872-0.6016", "country": "se", "source": "TRV", "updated": "2026-09-12", "name": "vägport 3.80 m", "type": "hauteur_limitee", "obstacle": "vägport", "hauteur_max_m": 3.8, "franchissable": true, "marge_cm": 60}}, {"type": "Feature", "geometry": {"type": "Point", "coordinates": [12.9464, 56.14558]}, "properties": {"id": "trv-14875:8227-1000:12159-0.0119", "country": "se", "source": "TRV", "updated": "2026-09-12", "name": "vägport 3.80 m", "type": "hauteur_limitee", "obstacle": "vägport", "hauteur_max_m": 3.8, "franchissable": true, "marge_cm": 60}}, {"type": "Feature", "geometry": {"type": "Point", "coordinates": [12.95047, 56.42341]}, "properties": {"id": "trv-16589:27277-16589:27001-0.8611", "country": "se", "source": "TRV", "updated": "2026-09-12", "name": "vägport 3.80 m", "type": "hauteur_limitee", "obstacle": "vägport", "hauteur_max_m": 3.8, "franchissable": true, "marge_cm": 60}}, {"type": "Feature", "geometry": {"type": "Point", "coordinates": [12.05088, 57.51664]}, "properties": {"id": "trv-11156:20730-3:285369-0.7204", "country": "se", "source": "TRV", "updated": "2026-09-12", "name": "vägport 3.80 m", "type": "hauteur_limitee", "obstacle": "vägport", "hauteur_max_m": 3.8, "franchissable": true, "marge_cm": 60}}, {"type": "Feature", "geometry": {"type": "Point", "coordinates": [16.18011, 58.52098]}, "properties": {"id": "trv-11157:90512-12727:48540-0.8576", "country": "se", "source": "TRV", "updated": "2026-09-12", "name": "vägport 3.80 m", "type": "hauteur_limitee", "obstacle": "vägport", "hauteur_max_m": 3.8, "franchissable": true, "marge_cm": 60, "reference": "5-1270-1"}}, {"type": "Feature", "geometry": {"type": "Point", "coordinates": [13.04472, 56.13039]}, "properties": {"id": "trv-11161:315468-14418:986-0.9980", "country": "se", "source": "TRV", "updated": "2026-09-12", "name": "vägport 3.80 m", "type": "hauteur_limitee", "obstacle": "vägport", "hauteur_max_m": 3.8, "franchissable": true, "marge_cm": 60, "reference": "11-990-1"}}, {"type": "Feature", "geometry": {"type": "Point", "coordinates": [17.45319, 58.92086]}, "properties": {"id": "trv-12797:5063-1000:69590-0.1339", "country": "se", "source": "TRV", "updated": "2026-09-12", "name": "vägport 3.80 m", "type": "hauteur_limitee", "obstacle": "vägport", "hauteur_max_m": 3.8, "franchissable": true, "marge_cm": 60, "reference": "D  165"}}, {"type": "Feature", "geometry": {"type": "Point", "coordinates": [13.51699, 59.38194]}, "properties": {"id": "trv-16521:16085-3:718192-0.3890", "country": "se", "source": "TRV", "updated": "2026-09-12", "name": "vägport 3.80 m", "type": "hauteur_limitee", "obstacle": "vägport", "hauteur_max_m": 3.8, "franchissable": true, "marge_cm": 60, "reference": "17-983-1"}}, {"type": "Feature", "geometry": {"type": "Point", "coordinates": [12.73786, 56.06759]}, "properties": {"id": "trv-11784:15820-3:1522066-0.8957", "country": "se", "source": "TRV", "updated": "2026-09-12", "name": "bro 3.80 m", "type": "hauteur_limitee", "obstacle": "bro", "hauteur_max_m": 3.8, "franchissable": true, "marge_cm": 60}}, {"type": "Feature", "geometry": {"type": "Point", "coordinates": [18.0379, 59.33055]}, "properties": {"id": "trv-16351:6291-10133:74156-0.8881", "country": "se", "source": "TRV", "updated": "2026-09-12", "name": "vägport 3.80 m", "type": "hauteur_limitee", "obstacle": "vägport", "hauteur_max_m": 3.8, "franchissable": true, "marge_cm": 60}}, {"type": "Feature", "geometry": {"type": "Point", "coordinates": [17.92943, 59.40917]}, "properties": {"id": "trv-16972:601-12730:2243-0.2053", "country": "se", "source": "TRV", "updated": "2026-09-12", "name": "vägport 3.80 m", "type": "hauteur_limitee", "obstacle": "vägport", "hauteur_max_m": 3.8, "franchissable": true, "marge_cm": 60}}, {"type": "Feature", "geometry": {"type": "Point", "coordinates": [12.84389, 56.16019]}, "properties": {"id": "trv-12765:437175-3:1599298-0.2562", "country": "se", "source": "TRV", "updated": "2026-09-12", "name": "vägport 3.80 m", "type": "hauteur_limitee", "obstacle": "vägport", "hauteur_max_m": 3.8, "franchissable": true, "marge_cm": 60, "reference": "11-538-1"}}, {"type": "Feature", "geometry": {"type": "Point", "coordinates": [13.79612, 57.97357]}, "properties": {"id": "trv-12873:38156-3:56371-0.6289", "country": "se", "source": "TRV", "updated": "2026-09-12", "name": "vägport 3.80 m", "type": "hauteur_limitee", "obstacle": "vägport", "hauteur_max_m": 3.8, "franchissable": true, "marge_cm": 60}}, {"type": "Feature", "geometry": {"type": "Point", "coordinates": [17.05257, 61.30087]}, "properties": {"id": "trv-14130:148939-1000:102551-0.8812", "country": "se", "source": "TRV", "updated": "2026-09-12", "name": "vägport 3.80 m", "type": "hauteur_limitee", "obstacle": "vägport", "hauteur_max_m": 3.8, "franchissable": true, "marge_cm": 60, "reference": "Vägport under järnväg"}}, {"type": "Feature", "geometry": {"type": "Point", "coordinates": [15.2033, 59.27107]}, "properties": {"id": "trv-14850:32956-3:455398-0.3286", "country": "se", "source": "TRV", "updated": "2026-09-12", "occurrences": 2, "name": "vägport 3.80 m", "type": "hauteur_limitee", "obstacle": "vägport", "hauteur_max_m": 3.8, "franchissable": true, "marge_cm": 60}}, {"type": "Feature", "geometry": {"type": "Point", "coordinates": [17.9799, 59.33333]}, "properties": {"id": "trv-16972:554-12726:24792-0.2088", "country": "se", "source": "TRV", "updated": "2026-09-12", "occurrences": 2, "name": "vägport 3.80 m", "type": "hauteur_limitee", "obstacle": "vägport", "hauteur_max_m": 3.8, "franchissable": true, "marge_cm": 60}}, {"type": "Feature", "geometry": {"type": "Point", "coordinates": [17.97997, 59.3335]}, "properties": {"id": "trv-16972:554-12726:24792-0.2733", "country": "se", "source": "TRV", "updated": "2026-09-12", "occurrences": 2, "name": "vägport 3.80 m", "type": "hauteur_limitee", "obstacle": "vägport", "hauteur_max_m": 3.8, "franchissable": true, "marge_cm": 60}}, {"type": "Feature", "geometry": {"type": "Point", "coordinates": [15.99253, 59.509]}, "properties": {"id": "trv-14408:42815-3:34707-0.6065", "country": "se", "source": "TRV", "updated": "2026-09-12", "name": "vägport 3.80 m", "type": "hauteur_limitee", "obstacle": "vägport", "hauteur_max_m": 3.8, "franchissable": true, "marge_cm": 60}}, {"type": "Feature", "geometry": {"type": "Point", "coordinates": [18.02549, 59.31863]}, "properties": {"id": "trv-16972:432-13212:28404-0.0298", "country": "se", "source": "TRV", "updated": "2026-09-12", "name": "vägport 3.80 m", "type": "hauteur_limitee", "obstacle": "vägport", "hauteur_max_m": 3.8, "franchissable": true, "marge_cm": 60}}, {"type": "Feature", "geometry": {"type": "Point", "coordinates": [16.4762, 63.78398]}, "properties": {"id": "trv-12801:103074-1000:113291-0.4349", "country": "se", "source": "TRV", "updated": "2026-09-12", "name": "vägport 3.80 m", "type": "hauteur_limitee", "obstacle": "vägport", "hauteur_max_m": 3.8, "franchissable": true, "marge_cm": 60, "reference": "Z  775"}}, {"type": "Feature", "geometry": {"type": "Point", "coordinates": [15.66892, 60.62474]}, "properties": {"id": "trv-17008:5659-3:595370-0.5060", "country": "se", "source": "TRV", "updated": "2026-09-12", "name": "vägport 3.80 m", "type": "hauteur_limitee", "obstacle": "vägport", "hauteur_max_m": 3.8, "franchissable": true, "marge_cm": 60}}, {"type": "Feature", "geometry": {"type": "Point", "coordinates": [18.30105, 57.64469]}, "properties": {"id": "trv-14850:5-3:40283-0.7838", "country": "se", "source": "TRV", "updated": "2026-09-12", "name": "vägport 3.80 m", "type": "hauteur_limitee", "obstacle": "vägport", "hauteur_max_m": 3.8, "franchissable": true, "marge_cm": 60, "reference": "Norderport"}}, {"type": "Feature", "geometry": {"type": "Point", "coordinates": [20.27328, 63.82815]}, "properties": {"id": "trv-20661:260581-3:995788-0.0043", "country": "se", "source": "TRV", "updated": "2026-09-12", "name": "vägport 3.80 m", "type": "hauteur_limitee", "obstacle": "vägport", "hauteur_max_m": 3.8, "franchissable": true, "marge_cm": 60, "reference": "3500-2180-1"}}, {"type": "Feature", "geometry": {"type": "Point", "coordinates": [15.01802, 60.75743]}, "properties": {"id": "trv-14858:10210-1000:99006-0.0622", "country": "se", "source": "TRV", "updated": "2026-09-12", "name": "vägport 3.80 m", "type": "hauteur_limitee", "obstacle": "vägport", "hauteur_max_m": 3.8, "franchissable": true, "marge_cm": 60, "reference": "Vägport under järnväg"}}, {"type": "Feature", "geometry": {"type": "Point", "coordinates": [14.10688, 58.98531]}, "properties": {"id": "trv-11162:232325-1000:65898-0.9636", "country": "se", "source": "TRV", "updated": "2026-09-12", "name": "vägport 3.80 m", "type": "hauteur_limitee", "obstacle": "vägport", "hauteur_max_m": 3.8, "franchissable": true, "marge_cm": 60, "reference": "R 515"}}, {"type": "Feature", "geometry": {"type": "Point", "coordinates": [12.73463, 56.06717]}, "properties": {"id": "trv-11784:15828-3:1522380-0.7699", "country": "se", "source": "TRV", "updated": "2026-09-12", "name": "bro 3.80 m", "type": "hauteur_limitee", "obstacle": "bro", "hauteur_max_m": 3.8, "franchissable": true, "marge_cm": 60}}, {"type": "Feature", "geometry": {"type": "Point", "coordinates": [13.83239, 58.38933]}, "properties": {"id": "trv-16585:140978-16585:133275-0.1980", "country": "se", "source": "TRV", "updated": "2026-09-12", "name": "vägport 3.80 m", "type": "hauteur_limitee", "obstacle": "vägport", "hauteur_max_m": 3.8, "franchissable": true, "marge_cm": 60, "reference": "R 559"}}, {"type": "Feature", "geometry": {"type": "Point", "coordinates": [19.60448, 63.70007]}, "properties": {"id": "trv-16594:8123-3:1002543-0.1236", "country": "se", "source": "TRV", "updated": "2026-09-12", "name": "bro 3.80 m", "type": "hauteur_limitee", "obstacle": "bro", "hauteur_max_m": 3.8, "franchissable": true, "marge_cm": 60}}, {"type": "Feature", "geometry": {"type": "Point", "coordinates": [18.09151, 59.31447]}, "properties": {"id": "trv-16972:468-13213:34766-0.0796", "country": "se", "source": "TRV", "updated": "2026-09-12", "name": "vägport 3.80 m", "type": "hauteur_limitee", "obstacle": "vägport", "hauteur_max_m": 3.8, "franchissable": true, "marge_cm": 60}}, {"type": "Feature", "geometry": {"type": "Point", "coordinates": [12.75977, 56.01261]}, "properties": {"id": "trv-11784:15838-3:1530617-0.8395", "country": "se", "source": "TRV", "updated": "2026-09-12", "name": "bro 3.80 m", "type": "hauteur_limitee", "obstacle": "bro", "hauteur_max_m": 3.8, "franchissable": true, "marge_cm": 60}}, {"type": "Feature", "geometry": {"type": "Point", "coordinates": [12.93502, 56.35622]}, "properties": {"id": "trv-12726:103376-3:1599294-0.5111", "country": "se", "source": "TRV", "updated": "2026-09-12", "name": "vägport 3.80 m", "type": "hauteur_limitee", "obstacle": "vägport", "hauteur_max_m": 3.8, "franchissable": true, "marge_cm": 60}}, {"type": "Feature", "geometry": {"type": "Point", "coordinates": [12.93527, 56.35621]}, "properties": {"id": "trv-12726:103380-3:1599294-0.4583", "country": "se", "source": "TRV", "updated": "2026-09-12", "name": "vägport 3.80 m", "type": "hauteur_limitee", "obstacle": "vägport", "hauteur_max_m": 3.8, "franchissable": true, "marge_cm": 60}}, {"type": "Feature", "geometry": {"type": "Point", "coordinates": [11.39962, 58.69216]}, "properties": {"id": "trv-11160:280802-11160:280530-0.9419", "country": "se", "source": "TRV", "updated": "2026-09-12", "name": "vägport 3.80 m", "type": "hauteur_limitee", "obstacle": "vägport", "hauteur_max_m": 3.8, "franchissable": true, "marge_cm": 60, "reference": "14-2011-1"}}, {"type": "Feature", "geometry": {"type": "Point", "coordinates": [14.10972, 59.31618]}, "properties": {"id": "trv-14948:583-3:707794-0.6381", "country": "se", "source": "TRV", "updated": "2026-09-12", "name": "vägport 3.80 m", "type": "hauteur_limitee", "obstacle": "vägport", "hauteur_max_m": 3.8, "franchissable": true, "marge_cm": 60}}, {"type": "Feature", "geometry": {"type": "Point", "coordinates": [15.22063, 59.31738]}, "properties": {"id": "trv-12730:261012-20256:350446-0.6491", "country": "se", "source": "TRV", "updated": "2026-09-12", "occurrences": 2, "name": "vägport 3.80 m", "type": "hauteur_limitee", "obstacle": "vägport", "hauteur_max_m": 3.8, "franchissable": true, "marge_cm": 60, "reference": "3500-5698-1"}}, {"type": "Feature", "geometry": {"type": "Point", "coordinates": [13.44777, 63.34828]}, "properties": {"id": "trv-12801:103084-1000:109407-0.7552", "country": "se", "source": "TRV", "updated": "2026-09-12", "name": "bro 3.80 m", "type": "hauteur_limitee", "obstacle": "bro", "hauteur_max_m": 3.8, "franchissable": true, "marge_cm": 60, "reference": "Z  681"}}, {"type": "Feature", "geometry": {"type": "Point", "coordinates": [12.94994, 56.42346]}, "properties": {"id": "trv-16589:27275-16589:27001-0.8413", "country": "se", "source": "TRV", "updated": "2026-09-12", "name": "vägport 3.80 m", "type": "hauteur_limitee", "obstacle": "vägport", "hauteur_max_m": 3.8, "franchissable": true, "marge_cm": 60}}, {"type": "Feature", "geometry": {"type": "Point", "coordinates": [17.92788, 59.3904]}, "properties": {"id": "trv-19194:2500797-16668:53353-0.9015", "country": "se", "source": "TRV", "updated": "2026-09-12", "name": "bro 3.80 m", "type": "hauteur_limitee", "obstacle": "bro", "hauteur_max_m": 3.8, "franchissable": true, "marge_cm": 60}}, {"type": "Feature", "geometry": {"type": "Point", "coordinates": [17.92891, 59.39173]}, "properties": {"id": "trv-19194:2500805-19194:152172-0.1608", "country": "se", "source": "TRV", "updated": "2026-09-12", "occurrences": 2, "name": "bro 3.80 m", "type": "hauteur_limitee", "obstacle": "bro", "hauteur_max_m": 3.8, "franchissable": true, "marge_cm": 60}}, {"type": "Feature", "geometry": {"type": "Point", "coordinates": [13.52863, 59.83645]}, "properties": {"id": "trv-13157:1424-1000:85322-0.2941", "country": "se", "source": "TRV", "updated": "2026-09-12", "name": "bro 3.80 m", "type": "hauteur_limitee", "obstacle": "bro", "hauteur_max_m": 3.8, "franchissable": true, "marge_cm": 60, "reference": "S  784"}}, {"type": "Feature", "geometry": {"type": "Point", "coordinates": [13.77149, 56.15323]}, "properties": {"id": "trv-14423:9389-3:1599307-0.5033", "country": "se", "source": "TRV", "updated": "2026-09-12", "name": "vägport 3.80 m", "type": "hauteur_limitee", "obstacle": "vägport", "hauteur_max_m": 3.8, "franchissable": true, "marge_cm": 60}}, {"type": "Feature", "geometry": {"type": "Point", "coordinates": [12.73174, 56.0703]}, "properties": {"id": "trv-11784:15824-3:1521976-0.7488", "country": "se", "source": "TRV", "updated": "2026-09-12", "name": "bro 3.80 m", "type": "hauteur_limitee", "obstacle": "bro", "hauteur_max_m": 3.8, "franchissable": true, "marge_cm": 60}}, {"type": "Feature", "geometry": {"type": "Point", "coordinates": [18.09026, 59.3359]}, "properties": {"id": "trv-16972:351-16511:3009-0.6290", "country": "se", "source": "TRV", "updated": "2026-09-12", "name": "vägport 3.80 m", "type": "hauteur_limitee", "obstacle": "vägport", "hauteur_max_m": 3.8, "franchissable": true, "marge_cm": 60}}, {"type": "Feature", "geometry": {"type": "Point", "coordinates": [17.92716, 59.40906]}, "properties": {"id": "trv-16972:605-12730:2223-0.4693", "country": "se", "source": "TRV", "updated": "2026-09-12", "name": "vägport 3.80 m", "type": "hauteur_limitee", "obstacle": "vägport", "hauteur_max_m": 3.8, "franchissable": true, "marge_cm": 60}}, {"type": "Feature", "geometry": {"type": "Point", "coordinates": [13.83239, 58.38925]}, "properties": {"id": "trv-16585:140970-16585:133216-0.5871", "country": "se", "source": "TRV", "updated": "2026-09-12", "name": "vägport 3.80 m", "type": "hauteur_limitee", "obstacle": "vägport", "hauteur_max_m": 3.8, "franchissable": true, "marge_cm": 60, "reference": "R 559"}}, {"type": "Feature", "geometry": {"type": "Point", "coordinates": [13.05035, 55.57615]}, "properties": {"id": "trv-14417:4333-16494:1303-0.6340", "country": "se", "source": "TRV", "updated": "2026-09-12", "name": "bro 3.80 m", "type": "hauteur_limitee", "obstacle": "bro", "hauteur_max_m": 3.8, "franchissable": true, "marge_cm": 60}}, {"type": "Feature", "geometry": {"type": "Point", "coordinates": [17.98522, 59.33763]}, "properties": {"id": "trv-16972:693-12726:34677-0.4293", "country": "se", "source": "TRV", "updated": "2026-09-12", "name": "vägport 3.80 m", "type": "hauteur_limitee", "obstacle": "vägport", "hauteur_max_m": 3.8, "franchissable": true, "marge_cm": 60}}, {"type": "Feature", "geometry": {"type": "Point", "coordinates": [17.86504, 59.36677]}, "properties": {"id": "trv-16121:6359-12756:14509-0.7736", "country": "se", "source": "TRV", "updated": "2026-09-12", "name": "vägport 3.80 m", "type": "hauteur_limitee", "obstacle": "vägport", "hauteur_max_m": 3.8, "franchissable": true, "marge_cm": 60}}, {"type": "Feature", "geometry": {"type": "Point", "coordinates": [12.95035, 56.42347]}, "properties": {"id": "trv-12796:33688-1000:19558-0.1826", "country": "se", "source": "TRV", "updated": "2026-09-12", "name": "vägport 3.80 m", "type": "hauteur_limitee", "obstacle": "vägport", "hauteur_max_m": 3.8, "franchissable": true, "marge_cm": 60, "reference": "11-657"}}, {"type": "Feature", "geometry": {"type": "Point", "coordinates": [12.9501, 56.42349]}, "properties": {"id": "trv-12796:33724-1000:19558-0.1353", "country": "se", "source": "TRV", "updated": "2026-09-12", "name": "vägport 3.80 m", "type": "hauteur_limitee", "obstacle": "vägport", "hauteur_max_m": 3.8, "franchissable": true, "marge_cm": 60, "reference": "11-657"}}, {"type": "Feature", "geometry": {"type": "Point", "coordinates": [17.0165, 58.75762]}, "properties": {"id": "trv-14122:105099-1000:68935-0.0255", "country": "se", "source": "TRV", "updated": "2026-09-12", "name": "vägport 3.80 m", "type": "hauteur_limitee", "obstacle": "vägport", "hauteur_max_m": 3.8, "franchissable": true, "marge_cm": 60, "reference": "Okänd"}}, {"type": "Feature", "geometry": {"type": "Point", "coordinates": [20.25773, 63.83629]}, "properties": {"id": "trv-20661:396333-3:994941-0.4153", "country": "se", "source": "TRV", "updated": "2026-09-12", "name": "övrigt hinder 3.80 m", "type": "hauteur_limitee", "obstacle": "övrigt hinder", "hauteur_max_m": 3.8, "franchissable": true, "marge_cm": 60}}, {"type": "Feature", "geometry": {"type": "Point", "coordinates": [16.21711, 63.16057]}, "properties": {"id": "trv-16524:55324-3:393172-0.6833", "country": "se", "source": "TRV", "updated": "2026-09-12", "name": "vägport 3.80 m", "type": "hauteur_limitee", "obstacle": "vägport", "hauteur_max_m": 3.8, "franchissable": true, "marge_cm": 60, "reference": "40-1097-1"}}, {"type": "Feature", "geometry": {"type": "Point", "coordinates": [17.87701, 59.25016]}, "properties": {"id": "trv-10715:69659-3:1100026-0.8604", "country": "se", "source": "TRV", "updated": "2026-09-12", "name": "vägport 3.80 m", "type": "hauteur_limitee", "obstacle": "vägport", "hauteur_max_m": 3.8, "franchissable": true, "marge_cm": 60}}, {"type": "Feature", "geometry": {"type": "Point", "coordinates": [17.87676, 59.25041]}, "properties": {"id": "trv-10715:69661-3:1100026-0.8854", "country": "se", "source": "TRV", "updated": "2026-09-12", "name": "vägport 3.80 m", "type": "hauteur_limitee", "obstacle": "vägport", "hauteur_max_m": 3.8, "franchissable": true, "marge_cm": 60}}, {"type": "Feature", "geometry": {"type": "Point", "coordinates": [12.73938, 56.0654]}, "properties": {"id": "trv-11784:15816-3:1522805-0.4216", "country": "se", "source": "TRV", "updated": "2026-09-12", "name": "bro 3.80 m", "type": "hauteur_limitee", "obstacle": "bro", "hauteur_max_m": 3.8, "franchissable": true, "marge_cm": 60}}, {"type": "Feature", "geometry": {"type": "Point", "coordinates": [12.73858, 56.06666]}, "properties": {"id": "trv-11784:15818-3:1522805-0.1647", "country": "se", "source": "TRV", "updated": "2026-09-12", "name": "bro 3.80 m", "type": "hauteur_limitee", "obstacle": "bro", "hauteur_max_m": 3.8, "franchissable": true, "marge_cm": 60}}, {"type": "Feature", "geometry": {"type": "Point", "coordinates": [12.74019, 56.06411]}, "properties": {"id": "trv-11784:15832-3:1522805-0.6855", "country": "se", "source": "TRV", "updated": "2026-09-12", "name": "bro 3.80 m", "type": "hauteur_limitee", "obstacle": "bro", "hauteur_max_m": 3.8, "franchissable": true, "marge_cm": 60}}, {"type": "Feature", "geometry": {"type": "Point", "coordinates": [13.5557, 58.17861]}, "properties": {"id": "trv-16184:424180-1000:56010-0.1732", "country": "se", "source": "TRV", "updated": "2026-09-12", "name": "bro 3.80 m", "type": "hauteur_limitee", "obstacle": "bro", "hauteur_max_m": 3.8, "franchissable": true, "marge_cm": 60}}, {"type": "Feature", "geometry": {"type": "Point", "coordinates": [13.53745, 58.16716]}, "properties": {"id": "trv-16184:424224-1000:55907-0.1110", "country": "se", "source": "TRV", "updated": "2026-09-12", "name": "bro 3.80 m", "type": "hauteur_limitee", "obstacle": "bro", "hauteur_max_m": 3.8, "franchissable": true, "marge_cm": 60}}, {"type": "Feature", "geometry": {"type": "Point", "coordinates": [13.53745, 58.16716]}, "properties": {"id": "trv-12736:98650-1000:55907-0.1111", "country": "se", "source": "TRV", "updated": "2026-09-12", "name": "bro 3.80 m", "type": "hauteur_limitee", "obstacle": "bro", "hauteur_max_m": 3.8, "franchissable": true, "marge_cm": 60, "reference": "3500-537-1"}}, {"type": "Feature", "geometry": {"type": "Point", "coordinates": [17.7471, 59.19581]}, "properties": {"id": "trv-22121:1223831-22121:275235-0.3290", "country": "se", "source": "TRV", "updated": "2026-09-12", "name": "övrigt hinder 3.80 m", "type": "hauteur_limitee", "obstacle": "övrigt hinder", "hauteur_max_m": 3.8, "franchissable": true, "marge_cm": 60}}, {"type": "Feature", "geometry": {"type": "Point", "coordinates": [16.49074, 59.60935]}, "properties": {"id": "trv-14405:37571-3:23547-0.4601", "country": "se", "source": "TRV", "updated": "2026-09-12", "name": "vägport 3.80 m", "type": "hauteur_limitee", "obstacle": "vägport", "hauteur_max_m": 3.8, "franchissable": true, "marge_cm": 60}}, {"type": "Feature", "geometry": {"type": "Point", "coordinates": [17.43021, 59.17944]}, "properties": {"id": "trv-22121:1270264-3:1098674-0.4839", "country": "se", "source": "TRV", "updated": "2026-09-12", "name": "vägport 3.80 m", "type": "hauteur_limitee", "obstacle": "vägport", "hauteur_max_m": 3.8, "franchissable": true, "marge_cm": 60, "reference": "Okänd"}}, {"type": "Feature", "geometry": {"type": "Point", "coordinates": [17.3096, 62.39225]}, "properties": {"id": "trv-21277:237275-21277:217262-0.1642", "country": "se", "source": "TRV", "updated": "2026-09-12", "name": "övrigt hinder 3.80 m", "type": "hauteur_limitee", "obstacle": "övrigt hinder", "hauteur_max_m": 3.8, "franchissable": true, "marge_cm": 60}}, {"type": "Feature", "geometry": {"type": "Point", "coordinates": [12.94287, 57.7158]}, "properties": {"id": "trv-11156:396044-3:1404364-0.8060", "country": "se", "source": "TRV", "updated": "2026-09-12", "occurrences": 2, "name": "vägport 3.90 m", "type": "hauteur_limitee", "obstacle": "vägport", "hauteur_max_m": 3.9, "franchissable": true, "marge_cm": 70, "reference": "15-803-3"}}, {"type": "Feature", "geometry": {"type": "Point", "coordinates": [12.89943, 56.28392]}, "properties": {"id": "trv-12796:33686-1000:11703-0.4061", "country": "se", "source": "TRV", "updated": "2026-09-12", "name": "vägport 3.90 m", "type": "hauteur_limitee", "obstacle": "vägport", "hauteur_max_m": 3.9, "franchissable": true, "marge_cm": 70, "reference": "11-544"}}, {"type": "Feature", "geometry": {"type": "Point", "coordinates": [11.99654, 57.71134]}, "properties": {"id": "trv-14438:102896-3:1358771-0.6917", "country": "se", "source": "TRV", "updated": "2026-09-12", "name": "vägport 3.90 m", "type": "hauteur_limitee", "obstacle": "vägport", "hauteur_max_m": 3.9, "franchissable": true, "marge_cm": 70}}, {"type": "Feature", "geometry": {"type": "Point", "coordinates": [13.0772, 55.62741]}, "properties": {"id": "trv-14424:934-1000:3433-0.7521", "country": "se", "source": "TRV", "updated": "2026-09-12", "name": "bro 3.90 m", "type": "hauteur_limitee", "obstacle": "bro", "hauteur_max_m": 3.9, "franchissable": true, "marge_cm": 70}}, {"type": "Feature", "geometry": {"type": "Point", "coordinates": [13.61509, 55.48112]}, "properties": {"id": "trv-14424:954-1000:7070-0.2558", "country": "se", "source": "TRV", "updated": "2026-09-12", "name": "bro 3.90 m", "type": "hauteur_limitee", "obstacle": "bro", "hauteur_max_m": 3.9, "franchissable": true, "marge_cm": 70}}, {"type": "Feature", "geometry": {"type": "Point", "coordinates": [17.84496, 59.36713]}, "properties": {"id": "trv-16121:6353-12726:56807-0.4536", "country": "se", "source": "TRV", "updated": "2026-09-12", "name": "vägport 3.90 m", "type": "hauteur_limitee", "obstacle": "vägport", "hauteur_max_m": 3.9, "franchissable": true, "marge_cm": 70}}, {"type": "Feature", "geometry": {"type": "Point", "coordinates": [16.27159, 61.63614]}, "properties": {"id": "trv-12797:10077-1000:103311-0.6058", "country": "se", "source": "TRV", "updated": "2026-09-12", "name": "vägport 3.90 m", "type": "hauteur_limitee", "obstacle": "vägport", "hauteur_max_m": 3.9, "franchissable": true, "marge_cm": 70, "reference": "3500-1562-1"}}, {"type": "Feature", "geometry": {"type": "Point", "coordinates": [12.69834, 59.03553]}, "properties": {"id": "trv-13390:1-3:1197913-0.7371", "country": "se", "source": "TRV", "updated": "2026-09-12", "name": "vägport 3.90 m", "type": "hauteur_limitee", "obstacle": "vägport", "hauteur_max_m": 3.9, "franchissable": true, "marge_cm": 70}}, {"type": "Feature", "geometry": {"type": "Point", "coordinates": [19.93719, 64.0901]}, "properties": {"id": "trv-13150:6469-1000:114161-0.6945", "country": "se", "source": "TRV", "updated": "2026-09-12", "name": "bro 3.90 m", "type": "hauteur_limitee", "obstacle": "bro", "hauteur_max_m": 3.9, "franchissable": true, "marge_cm": 70, "reference": "AC 625"}}, {"type": "Feature", "geometry": {"type": "Point", "coordinates": [19.77695, 63.90941]}, "properties": {"id": "trv-13150:6467-1000:113951-0.9711", "country": "se", "source": "TRV", "updated": "2026-09-12", "name": "bro 3.90 m", "type": "hauteur_limitee", "obstacle": "bro", "hauteur_max_m": 3.9, "franchissable": true, "marge_cm": 70, "reference": "AC 557"}}, {"type": "Feature", "geometry": {"type": "Point", "coordinates": [20.16726, 63.84442]}, "properties": {"id": "trv-10085:189761-3:1007210-0.7975", "country": "se", "source": "TRV", "updated": "2026-09-12", "name": "vägport 3.90 m", "type": "hauteur_limitee", "obstacle": "vägport", "hauteur_max_m": 3.9, "franchissable": true, "marge_cm": 70, "reference": "100-2000-1"}}, {"type": "Feature", "geometry": {"type": "Point", "coordinates": [14.13062, 57.74148]}, "properties": {"id": "trv-14118:165455-1000:46975-0.4309", "country": "se", "source": "TRV", "updated": "2026-09-12", "name": "bro 3.90 m", "type": "hauteur_limitee", "obstacle": "bro", "hauteur_max_m": 3.9, "franchissable": true, "marge_cm": 70}}, {"type": "Feature", "geometry": {"type": "Point", "coordinates": [17.97554, 59.29657]}, "properties": {"id": "trv-16972:546-11086:33295-0.1000", "country": "se", "source": "TRV", "updated": "2026-09-12", "name": "vägport 3.90 m", "type": "hauteur_limitee", "obstacle": "vägport", "hauteur_max_m": 3.9, "franchissable": true, "marge_cm": 70}}, {"type": "Feature", "geometry": {"type": "Point", "coordinates": [12.70745, 56.03325]}, "properties": {"id": "trv-11784:15850-16131:5820-0.8908", "country": "se", "source": "TRV", "updated": "2026-09-12", "name": "vägport 3.90 m", "type": "hauteur_limitee", "obstacle": "vägport", "hauteur_max_m": 3.9, "franchissable": true, "marge_cm": 70}}, {"type": "Feature", "geometry": {"type": "Point", "coordinates": [12.68264, 56.05706]}, "properties": {"id": "trv-11784:15864-16178:6609-0.1628", "country": "se", "source": "TRV", "updated": "2026-09-12", "name": "bro 3.90 m", "type": "hauteur_limitee", "obstacle": "bro", "hauteur_max_m": 3.9, "franchissable": true, "marge_cm": 70}}, {"type": "Feature", "geometry": {"type": "Point", "coordinates": [13.20875, 55.6918]}, "properties": {"id": "trv-14424:922-3:1599358-0.7839", "country": "se", "source": "TRV", "updated": "2026-09-12", "name": "bro 3.90 m", "type": "hauteur_limitee", "obstacle": "bro", "hauteur_max_m": 3.9, "franchissable": true, "marge_cm": 70}}, {"type": "Feature", "geometry": {"type": "Point", "coordinates": [13.07725, 55.6273]}, "properties": {"id": "trv-14424:938-1000:3433-0.7471", "country": "se", "source": "TRV", "updated": "2026-09-12", "name": "bro 3.90 m", "type": "hauteur_limitee", "obstacle": "bro", "hauteur_max_m": 3.9, "franchissable": true, "marge_cm": 70}}, {"type": "Feature", "geometry": {"type": "Point", "coordinates": [13.61504, 55.48105]}, "properties": {"id": "trv-14424:950-1000:7070-0.2539", "country": "se", "source": "TRV", "updated": "2026-09-12", "name": "bro 3.90 m", "type": "hauteur_limitee", "obstacle": "bro", "hauteur_max_m": 3.9, "franchissable": true, "marge_cm": 70}}, {"type": "Feature", "geometry": {"type": "Point", "coordinates": [16.29595, 58.66668]}, "properties": {"id": "trv-23280:48109-3:487629-0.3954", "country": "se", "source": "TRV", "updated": "2026-09-12", "occurrences": 2, "name": "tunnel 3.90 m", "type": "hauteur_limitee", "obstacle": "tunnel", "hauteur_max_m": 3.9, "franchissable": true, "marge_cm": 70}}, {"type": "Feature", "geometry": {"type": "Point", "coordinates": [15.19607, 60.14789]}, "properties": {"id": "trv-16589:55269-16589:55217-0.3312", "country": "se", "source": "TRV", "updated": "2026-09-12", "name": "vägport 3.90 m", "type": "hauteur_limitee", "obstacle": "vägport", "hauteur_max_m": 3.9, "franchissable": true, "marge_cm": 70, "reference": "100-358-1"}}, {"type": "Feature", "geometry": {"type": "Point", "coordinates": [12.89922, 56.28392]}, "properties": {"id": "trv-12796:33720-1000:11703-0.4024", "country": "se", "source": "TRV", "updated": "2026-09-12", "name": "vägport 3.90 m", "type": "hauteur_limitee", "obstacle": "vägport", "hauteur_max_m": 3.9, "franchissable": true, "marge_cm": 70, "reference": "11-544"}}, {"type": "Feature", "geometry": {"type": "Point", "coordinates": [14.56081, 56.90154]}, "properties": {"id": "trv-14118:87465-3:229309-0.6812", "country": "se", "source": "TRV", "updated": "2026-09-12", "name": "vägport 3.90 m", "type": "hauteur_limitee", "obstacle": "vägport", "hauteur_max_m": 3.9, "franchissable": true, "marge_cm": 70}}, {"type": "Feature", "geometry": {"type": "Point", "coordinates": [13.05653, 55.5863]}, "properties": {"id": "trv-14417:4329-16494:1563-0.3325", "country": "se", "source": "TRV", "updated": "2026-09-12", "name": "bro 3.90 m", "type": "hauteur_limitee", "obstacle": "bro", "hauteur_max_m": 3.9, "franchissable": true, "marge_cm": 70}}, {"type": "Feature", "geometry": {"type": "Point", "coordinates": [17.96774, 59.33429]}, "properties": {"id": "trv-17112:3224-12726:27340-0.4514", "country": "se", "source": "TRV", "updated": "2026-09-12", "name": "vägport 3.90 m", "type": "hauteur_limitee", "obstacle": "vägport", "hauteur_max_m": 3.9, "franchissable": true, "marge_cm": 70}}, {"type": "Feature", "geometry": {"type": "Point", "coordinates": [15.45068, 60.48237]}, "properties": {"id": "trv-11157:383277-1000:97970-0.2710", "country": "se", "source": "TRV", "updated": "2026-09-12", "name": "vägport 3.90 m", "type": "hauteur_limitee", "obstacle": "vägport", "hauteur_max_m": 3.9, "franchissable": true, "marge_cm": 70, "reference": "20-745-1"}}, {"type": "Feature", "geometry": {"type": "Point", "coordinates": [18.07134, 59.28371]}, "properties": {"id": "trv-16119:1077-16507:2432-0.6273", "country": "se", "source": "TRV", "updated": "2026-09-12", "name": "vägport 3.90 m", "type": "hauteur_limitee", "obstacle": "vägport", "hauteur_max_m": 3.9, "franchissable": true, "marge_cm": 70}}, {"type": "Feature", "geometry": {"type": "Point", "coordinates": [17.65509, 59.85786]}, "properties": {"id": "trv-16125:279162-3:157186-0.3221", "country": "se", "source": "TRV", "updated": "2026-09-12", "name": "övrigt hinder 3.90 m", "type": "hauteur_limitee", "obstacle": "övrigt hinder", "hauteur_max_m": 3.9, "franchissable": true, "marge_cm": 70}}, {"type": "Feature", "geometry": {"type": "Point", "coordinates": [18.2266, 59.29388]}, "properties": {"id": "trv-16437:32243-3:1099877-0.2133", "country": "se", "source": "TRV", "updated": "2026-09-12", "occurrences": 2, "name": "vägport 3.90 m", "type": "hauteur_limitee", "obstacle": "vägport", "hauteur_max_m": 3.9, "franchissable": true, "marge_cm": 70, "reference": "Okänd"}}, {"type": "Feature", "geometry": {"type": "Point", "coordinates": [18.22655, 59.2938]}, "properties": {"id": "trv-16437:32243-3:1099877-0.2724", "country": "se", "source": "TRV", "updated": "2026-09-12", "occurrences": 2, "name": "vägport 3.90 m", "type": "hauteur_limitee", "obstacle": "vägport", "hauteur_max_m": 3.9, "franchissable": true, "marge_cm": 70, "reference": "Okänd"}}, {"type": "Feature", "geometry": {"type": "Point", "coordinates": [12.14668, 57.44505]}, "properties": {"id": "trv-11156:20742-3:234045-0.7452", "country": "se", "source": "TRV", "updated": "2026-09-12", "name": "vägport 3.90 m", "type": "hauteur_limitee", "obstacle": "vägport", "hauteur_max_m": 3.9, "franchissable": true, "marge_cm": 70}}, {"type": "Feature", "geometry": {"type": "Point", "coordinates": [13.20869, 55.69189]}, "properties": {"id": "trv-14424:918-3:1599358-0.7436", "country": "se", "source": "TRV", "updated": "2026-09-12", "name": "bro 3.90 m", "type": "hauteur_limitee", "obstacle": "bro", "hauteur_max_m": 3.9, "franchissable": true, "marge_cm": 70}}, {"type": "Feature", "geometry": {"type": "Point", "coordinates": [16.34731, 59.4068]}, "properties": {"id": "trv-17095:990-3:329408-0.3750", "country": "se", "source": "TRV", "updated": "2026-09-12", "name": "vägport 3.90 m", "type": "hauteur_limitee", "obstacle": "vägport", "hauteur_max_m": 3.9, "franchissable": true, "marge_cm": 70}}, {"type": "Feature", "geometry": {"type": "Point", "coordinates": [15.25449, 60.15341]}, "properties": {"id": "trv-12801:106348-1000:93676-0.8317", "country": "se", "source": "TRV", "updated": "2026-09-12", "name": "bro 3.90 m", "type": "hauteur_limitee", "obstacle": "bro", "hauteur_max_m": 3.9, "franchissable": true, "marge_cm": 70, "reference": "W  263"}}, {"type": "Feature", "geometry": {"type": "Point", "coordinates": [13.22114, 55.7099]}, "properties": {"id": "trv-14424:910-3:1599357-0.4936", "country": "se", "source": "TRV", "updated": "2026-09-12", "name": "bro 3.90 m", "type": "hauteur_limitee", "obstacle": "bro", "hauteur_max_m": 3.9, "franchissable": true, "marge_cm": 70}}, {"type": "Feature", "geometry": {"type": "Point", "coordinates": [13.22131, 55.70992]}, "properties": {"id": "trv-14424:914-3:1599357-0.5641", "country": "se", "source": "TRV", "updated": "2026-09-12", "name": "bro 3.90 m", "type": "hauteur_limitee", "obstacle": "bro", "hauteur_max_m": 3.9, "franchissable": true, "marge_cm": 70}}, {"type": "Feature", "geometry": {"type": "Point", "coordinates": [12.93795, 60.65127]}, "properties": {"id": "trv-16518:8001-3:640706-0.5198", "country": "se", "source": "TRV", "updated": "2026-09-12", "name": "vägport 3.90 m", "type": "hauteur_limitee", "obstacle": "vägport", "hauteur_max_m": 3.9, "franchissable": true, "marge_cm": 70}}, {"type": "Feature", "geometry": {"type": "Point", "coordinates": [19.71485, 64.20531]}, "properties": {"id": "trv-11156:41048-3:980107-0.5138", "country": "se", "source": "TRV", "updated": "2026-09-12", "name": "vägport 3.90 m", "type": "hauteur_limitee", "obstacle": "vägport", "hauteur_max_m": 3.9, "franchissable": true, "marge_cm": 70, "reference": "Vägport under jänrvägen"}}, {"type": "Feature", "geometry": {"type": "Point", "coordinates": [12.9433, 57.71532]}, "properties": {"id": "trv-11156:396048-3:1365396-0.7974", "country": "se", "source": "TRV", "updated": "2026-09-12", "occurrences": 3, "name": "vägport 3.90 m", "type": "hauteur_limitee", "obstacle": "vägport", "hauteur_max_m": 3.9, "franchissable": true, "marge_cm": 70, "reference": "15-803-2"}}, {"type": "Feature", "geometry": {"type": "Point", "coordinates": [16.11198, 64.33865]}, "properties": {"id": "trv-12844:15354-3:977146-0.6477", "country": "se", "source": "TRV", "updated": "2026-09-12", "name": "bro 3.90 m", "type": "hauteur_limitee", "obstacle": "bro", "hauteur_max_m": 3.9, "franchissable": true, "marge_cm": 70, "reference": "sekt 1/175"}}, {"type": "Feature", "geometry": {"type": "Point", "coordinates": [18.22828, 59.29276]}, "properties": {"id": "trv-14441:5838-3:1098598-0.1279", "country": "se", "source": "TRV", "updated": "2026-09-12", "occurrences": 2, "name": "vägport 3.90 m", "type": "hauteur_limitee", "obstacle": "vägport", "hauteur_max_m": 3.9, "franchissable": true, "marge_cm": 70, "reference": "Okänt"}}, {"type": "Feature", "geometry": {"type": "Point", "coordinates": [18.22818, 59.29245]}, "properties": {"id": "trv-14441:5838-3:1098598-0.2148", "country": "se", "source": "TRV", "updated": "2026-09-12", "occurrences": 2, "name": "vägport 3.90 m", "type": "hauteur_limitee", "obstacle": "vägport", "hauteur_max_m": 3.9, "franchissable": true, "marge_cm": 70, "reference": "Okänt"}}, {"type": "Feature", "geometry": {"type": "Point", "coordinates": [12.2976, 58.28039]}, "properties": {"id": "trv-11162:292649-12736:53231-0.5119", "country": "se", "source": "TRV", "updated": "2026-09-12", "name": "övrigt hinder 3.90 m", "type": "hauteur_limitee", "obstacle": "övrigt hinder", "hauteur_max_m": 3.9, "franchissable": true, "marge_cm": 70}}, {"type": "Feature", "geometry": {"type": "Point", "coordinates": [18.14321, 59.26443]}, "properties": {"id": "trv-16119:1091-12732:10383-0.4629", "country": "se", "source": "TRV", "updated": "2026-09-12", "name": "vägport 3.90 m", "type": "hauteur_limitee", "obstacle": "vägport", "hauteur_max_m": 3.9, "franchissable": true, "marge_cm": 70}}, {"type": "Feature", "geometry": {"type": "Point", "coordinates": [12.68248, 56.05863]}, "properties": {"id": "trv-11785:20020-3:1523245-0.5439", "country": "se", "source": "TRV", "updated": "2026-09-12", "name": "bro 3.90 m", "type": "hauteur_limitee", "obstacle": "bro", "hauteur_max_m": 3.9, "franchissable": true, "marge_cm": 70}}, {"type": "Feature", "geometry": {"type": "Point", "coordinates": [16.9594, 60.62779]}, "properties": {"id": "trv-16552:2452-3:1191455-0.4464", "country": "se", "source": "TRV", "updated": "2026-09-12", "name": "vägport 3.90 m", "type": "hauteur_limitee", "obstacle": "vägport", "hauteur_max_m": 3.9, "franchissable": true, "marge_cm": 70, "reference": "21-661-1"}}, {"type": "Feature", "geometry": {"type": "Point", "coordinates": [13.06524, 55.61213]}, "properties": {"id": "trv-14417:4337-12733:31290-0.5227", "country": "se", "source": "TRV", "updated": "2026-09-12", "name": "bro 3.90 m", "type": "hauteur_limitee", "obstacle": "bro", "hauteur_max_m": 3.9, "franchissable": true, "marge_cm": 70}}, {"type": "Feature", "geometry": {"type": "Point", "coordinates": [15.27282, 62.88848]}, "properties": {"id": "trv-12801:103082-1000:107538-0.9921", "country": "se", "source": "TRV", "updated": "2026-09-12", "name": "vägport 3.90 m", "type": "hauteur_limitee", "obstacle": "vägport", "hauteur_max_m": 3.9, "franchissable": true, "marge_cm": 70, "reference": "Z  50"}}, {"type": "Feature", "geometry": {"type": "Point", "coordinates": [21.45704, 65.26969]}, "properties": {"id": "trv-14441:563-3:1600278-0.3461", "country": "se", "source": "TRV", "updated": "2026-09-12", "name": "vägport 3.90 m", "type": "hauteur_limitee", "obstacle": "vägport", "hauteur_max_m": 3.9, "franchissable": true, "marge_cm": 70}}, {"type": "Feature", "geometry": {"type": "Point", "coordinates": [11.88238, 58.88798]}, "properties": {"id": "trv-13150:4057-1000:64446-0.3745", "country": "se", "source": "TRV", "updated": "2026-09-12", "name": "vägport 3.90 m", "type": "hauteur_limitee", "obstacle": "vägport", "hauteur_max_m": 3.9, "franchissable": true, "marge_cm": 70, "reference": "P  323"}}, {"type": "Feature", "geometry": {"type": "Point", "coordinates": [22.61031, 67.16771]}, "properties": {"id": "trv-13150:5453-1000:122917-0.8923", "country": "se", "source": "TRV", "updated": "2026-09-12", "name": "bro 3.90 m", "type": "hauteur_limitee", "obstacle": "bro", "hauteur_max_m": 3.9, "franchissable": true, "marge_cm": 70, "reference": "BD 396"}}, {"type": "Feature", "geometry": {"type": "Point", "coordinates": [17.96768, 59.33433]}, "properties": {"id": "trv-19194:2473648-12726:28053-0.5046", "country": "se", "source": "TRV", "updated": "2026-09-12", "occurrences": 2, "name": "vägport 3.90 m", "type": "hauteur_limitee", "obstacle": "vägport", "hauteur_max_m": 3.9, "franchissable": true, "marge_cm": 70}}, {"type": "Feature", "geometry": {"type": "Point", "coordinates": [17.96782, 59.33432]}, "properties": {"id": "trv-19194:2473648-12726:27340-0.5123", "country": "se", "source": "TRV", "updated": "2026-09-12", "occurrences": 2, "name": "vägport 3.90 m", "type": "hauteur_limitee", "obstacle": "vägport", "hauteur_max_m": 3.9, "franchissable": true, "marge_cm": 70}}, {"type": "Feature", "geometry": {"type": "Point", "coordinates": [12.94302, 57.71581]}, "properties": {"id": "trv-11156:396044-11156:395199-0.6109", "country": "se", "source": "TRV", "updated": "2026-09-12", "occurrences": 2, "name": "vägport 3.90 m", "type": "hauteur_limitee", "obstacle": "vägport", "hauteur_max_m": 3.9, "franchissable": true, "marge_cm": 70, "reference": "15-803-3"}}, {"type": "Feature", "geometry": {"type": "Point", "coordinates": [12.94356, 57.71532]}, "properties": {"id": "trv-11156:396048-11156:395199-0.5237", "country": "se", "source": "TRV", "updated": "2026-09-12", "occurrences": 3, "name": "vägport 3.90 m", "type": "hauteur_limitee", "obstacle": "vägport", "hauteur_max_m": 3.9, "franchissable": true, "marge_cm": 70, "reference": "15-803-2"}}, {"type": "Feature", "geometry": {"type": "Point", "coordinates": [13.56143, 59.90516]}, "properties": {"id": "trv-11087:2460-1000:85269-0.0587", "country": "se", "source": "TRV", "updated": "2026-09-12", "name": "bro 3.90 m", "type": "hauteur_limitee", "obstacle": "bro", "hauteur_max_m": 3.9, "franchissable": true, "marge_cm": 70, "reference": "17-62-1 Bro över Klärälven vid Höje"}}, {"type": "Feature", "geometry": {"type": "Point", "coordinates": [17.84411, 59.23841]}, "properties": {"id": "trv-12725:183781-22126:152924-0.2779", "country": "se", "source": "TRV", "updated": "2026-09-12", "name": "vägport 3.90 m", "type": "hauteur_limitee", "obstacle": "vägport", "hauteur_max_m": 3.9, "franchissable": true, "marge_cm": 70, "reference": "127-153-1"}}, {"type": "Feature", "geometry": {"type": "Point", "coordinates": [14.07352, 58.64487]}, "properties": {"id": "trv-12799:7901-1000:65366-0.5877", "country": "se", "source": "TRV", "updated": "2026-09-12", "name": "vägport 3.90 m", "type": "hauteur_limitee", "obstacle": "vägport", "hauteur_max_m": 3.9, "franchissable": true, "marge_cm": 70, "reference": "R  129"}}, {"type": "Feature", "geometry": {"type": "Point", "coordinates": [15.82496, 61.38277]}, "properties": {"id": "trv-14117:156098-3:1153643-0.4961", "country": "se", "source": "TRV", "updated": "2026-09-12", "name": "övrigt hinder 3.90 m", "type": "hauteur_limitee", "obstacle": "övrigt hinder", "hauteur_max_m": 3.9, "franchissable": true, "marge_cm": 70}}, {"type": "Feature", "geometry": {"type": "Point", "coordinates": [17.18557, 60.65325]}, "properties": {"id": "trv-14411:910-3:1179828-0.4724", "country": "se", "source": "TRV", "updated": "2026-09-12", "name": "vägport 3.90 m", "type": "hauteur_limitee", "obstacle": "vägport", "hauteur_max_m": 3.9, "franchissable": true, "marge_cm": 70, "reference": "Järnvägsbro över väg till Änges tä"}}, {"type": "Feature", "geometry": {"type": "Point", "coordinates": [18.08506, 59.27112]}, "properties": {"id": "trv-16119:1081-12739:997254-0.3401", "country": "se", "source": "TRV", "updated": "2026-09-12", "name": "vägport 3.90 m", "type": "hauteur_limitee", "obstacle": "vägport", "hauteur_max_m": 3.9, "franchissable": true, "marge_cm": 70}}, {"type": "Feature", "geometry": {"type": "Point", "coordinates": [16.29596, 58.66661]}, "properties": {"id": "trv-23280:48109-3:487629-0.5933", "country": "se", "source": "TRV", "updated": "2026-09-12", "occurrences": 2, "name": "tunnel 3.90 m", "type": "hauteur_limitee", "obstacle": "tunnel", "hauteur_max_m": 3.9, "franchissable": true, "marge_cm": 70}}, {"type": "Feature", "geometry": {"type": "Point", "coordinates": [12.83015, 56.09758]}, "properties": {"id": "trv-12735:163756-1000:10410-0.8423", "country": "se", "source": "TRV", "updated": "2026-09-12", "name": "vägport 3.90 m", "type": "hauteur_limitee", "obstacle": "vägport", "hauteur_max_m": 3.9, "franchissable": true, "marge_cm": 70, "reference": "12-768-1"}}, {"type": "Feature", "geometry": {"type": "Point", "coordinates": [17.63565, 59.87261]}, "properties": {"id": "trv-12540:20473-3:155602-0.6893", "country": "se", "source": "TRV", "updated": "2026-09-12", "name": "vägport 3.90 m", "type": "hauteur_limitee", "obstacle": "vägport", "hauteur_max_m": 3.9, "franchissable": true, "marge_cm": 70}}, {"type": "Feature", "geometry": {"type": "Point", "coordinates": [18.06192, 58.97184]}, "properties": {"id": "trv-16141:708-1000:70056-0.6577", "country": "se", "source": "TRV", "updated": "2026-09-12", "name": "tunnel 3.90 m", "type": "hauteur_limitee", "obstacle": "tunnel", "hauteur_max_m": 3.9, "franchissable": true, "marge_cm": 70, "reference": "2-1079-1"}}, {"type": "Feature", "geometry": {"type": "Point", "coordinates": [18.02363, 58.96127]}, "properties": {"id": "trv-16141:713-1000:70056-0.5061", "country": "se", "source": "TRV", "updated": "2026-09-12", "name": "tunnel 3.90 m", "type": "hauteur_limitee", "obstacle": "tunnel", "hauteur_max_m": 3.9, "franchissable": true, "marge_cm": 70, "reference": "2-1079-1"}}, {"type": "Feature", "geometry": {"type": "Point", "coordinates": [13.00941, 55.47288]}, "properties": {"id": "trv-12796:33732-1000:1683-0.9119", "country": "se", "source": "TRV", "updated": "2026-09-12", "name": "vägport 3.90 m", "type": "hauteur_limitee", "obstacle": "vägport", "hauteur_max_m": 3.9, "franchissable": true, "marge_cm": 70, "reference": "12-439"}}, {"type": "Feature", "geometry": {"type": "Point", "coordinates": [13.54837, 57.32232]}, "properties": {"id": "trv-24324:12523-11159:95413-0.4924", "country": "se", "source": "TRV", "updated": "2026-09-12", "occurrences": 2, "name": "vägport 3.90 m", "type": "hauteur_limitee", "obstacle": "vägport", "hauteur_max_m": 3.9, "franchissable": true, "marge_cm": 70, "reference": "6-1305-1"}}, {"type": "Feature", "geometry": {"type": "Point", "coordinates": [13.00961, 55.47283]}, "properties": {"id": "trv-10041:371129-1000:1683-0.9155", "country": "se", "source": "TRV", "updated": "2026-09-12", "name": "vägport 3.90 m", "type": "hauteur_limitee", "obstacle": "vägport", "hauteur_max_m": 3.9, "franchissable": true, "marge_cm": 70, "reference": "12-439"}}, {"type": "Feature", "geometry": {"type": "Point", "coordinates": [12.97285, 55.77574]}, "properties": {"id": "trv-14428:1929-1000:4687-0.1523", "country": "se", "source": "TRV", "updated": "2026-09-12", "name": "bro 3.90 m", "type": "hauteur_limitee", "obstacle": "bro", "hauteur_max_m": 3.9, "franchissable": true, "marge_cm": 70}}, {"type": "Feature", "geometry": {"type": "Point", "coordinates": [13.54844, 57.32234]}, "properties": {"id": "trv-24324:12523-11159:95413-0.5166", "country": "se", "source": "TRV", "updated": "2026-09-12", "occurrences": 2, "name": "vägport 3.90 m", "type": "hauteur_limitee", "obstacle": "vägport", "hauteur_max_m": 3.9, "franchissable": true, "marge_cm": 70, "reference": "6-1305-1"}}, {"type": "Feature", "geometry": {"type": "Point", "coordinates": [12.9695, 56.80249]}, "properties": {"id": "trv-14115:191441-1000:27244-0.0593", "country": "se", "source": "TRV", "updated": "2026-09-12", "name": "vägport 3.90 m", "type": "hauteur_limitee", "obstacle": "vägport", "hauteur_max_m": 3.9, "franchissable": true, "marge_cm": 70}}, {"type": "Feature", "geometry": {"type": "Point", "coordinates": [17.65251, 59.85524]}, "properties": {"id": "trv-11161:303789-11161:303719-0.2731", "country": "se", "source": "TRV", "updated": "2026-09-12", "occurrences": 2, "name": "vägport 3.90 m", "type": "hauteur_limitee", "obstacle": "vägport", "hauteur_max_m": 3.9, "franchissable": true, "marge_cm": 70, "reference": "3500-5869-1"}}, {"type": "Feature", "geometry": {"type": "Point", "coordinates": [17.65239, 59.8553]}, "properties": {"id": "trv-11161:303789-11161:303725-0.8065", "country": "se", "source": "TRV", "updated": "2026-09-12", "occurrences": 2, "name": "vägport 3.90 m", "type": "hauteur_limitee", "obstacle": "vägport", "hauteur_max_m": 3.9, "franchissable": true, "marge_cm": 70, "reference": "3500-5869-1"}}, {"type": "Feature", "geometry": {"type": "Point", "coordinates": [17.65266, 59.85534]}, "properties": {"id": "trv-11161:303797-11161:303719-0.3529", "country": "se", "source": "TRV", "updated": "2026-09-12", "occurrences": 2, "name": "vägport 3.90 m", "type": "hauteur_limitee", "obstacle": "vägport", "hauteur_max_m": 3.9, "franchissable": true, "marge_cm": 70, "reference": "3500-5869-2"}}, {"type": "Feature", "geometry": {"type": "Point", "coordinates": [17.65253, 59.85541]}, "properties": {"id": "trv-11161:303797-11161:303725-0.7218", "country": "se", "source": "TRV", "updated": "2026-09-12", "occurrences": 2, "name": "vägport 3.90 m", "type": "hauteur_limitee", "obstacle": "vägport", "hauteur_max_m": 3.9, "franchissable": true, "marge_cm": 70, "reference": "3500-5869-2"}}, {"type": "Feature", "geometry": {"type": "Point", "coordinates": [17.65282, 59.85547]}, "properties": {"id": "trv-11161:303805-11161:303719-0.4525", "country": "se", "source": "TRV", "updated": "2026-09-12", "occurrences": 2, "name": "vägport 3.90 m", "type": "hauteur_limitee", "obstacle": "vägport", "hauteur_max_m": 3.9, "franchissable": true, "marge_cm": 70, "reference": "3500-5869-3"}}, {"type": "Feature", "geometry": {"type": "Point", "coordinates": [17.65271, 59.85555]}, "properties": {"id": "trv-11161:303805-11161:303725-0.6171", "country": "se", "source": "TRV", "updated": "2026-09-12", "occurrences": 2, "name": "vägport 3.90 m", "type": "hauteur_limitee", "obstacle": "vägport", "hauteur_max_m": 3.9, "franchissable": true, "marge_cm": 70, "reference": "3500-5869-3"}}, {"type": "Feature", "geometry": {"type": "Point", "coordinates": [17.65427, 59.85698]}, "properties": {"id": "trv-16125:279166-16647:4546-0.6847", "country": "se", "source": "TRV", "updated": "2026-09-12", "name": "vägport 3.90 m", "type": "hauteur_limitee", "obstacle": "vägport", "hauteur_max_m": 3.9, "franchissable": true, "marge_cm": 70}}, {"type": "Feature", "geometry": {"type": "Point", "coordinates": [17.65447, 59.85699]}, "properties": {"id": "trv-16125:279170-16647:4553-0.5662", "country": "se", "source": "TRV", "updated": "2026-09-12", "name": "vägport 3.90 m", "type": "hauteur_limitee", "obstacle": "vägport", "hauteur_max_m": 3.9, "franchissable": true, "marge_cm": 70}}, {"type": "Feature", "geometry": {"type": "Point", "coordinates": [17.65407, 59.85679]}, "properties": {"id": "trv-16125:279174-16647:4546-0.8582", "country": "se", "source": "TRV", "updated": "2026-09-12", "name": "vägport 3.90 m", "type": "hauteur_limitee", "obstacle": "vägport", "hauteur_max_m": 3.9, "franchissable": true, "marge_cm": 70}}, {"type": "Feature", "geometry": {"type": "Point", "coordinates": [17.65429, 59.85681]}, "properties": {"id": "trv-16125:279178-16647:4553-0.3234", "country": "se", "source": "TRV", "updated": "2026-09-12", "name": "vägport 3.90 m", "type": "hauteur_limitee", "obstacle": "vägport", "hauteur_max_m": 3.9, "franchissable": true, "marge_cm": 70}}, {"type": "Feature", "geometry": {"type": "Point", "coordinates": [17.65415, 59.85666]}, "properties": {"id": "trv-16125:279182-16647:4553-0.1194", "country": "se", "source": "TRV", "updated": "2026-09-12", "name": "övrigt hinder 3.90 m", "type": "hauteur_limitee", "obstacle": "övrigt hinder", "hauteur_max_m": 3.9, "franchissable": true, "marge_cm": 70}}, {"type": "Feature", "geometry": {"type": "Point", "coordinates": [12.94351, 57.71532]}, "properties": {"id": "trv-11156:396048-11156:395249-0.0034", "country": "se", "source": "TRV", "updated": "2026-09-12", "occurrences": 3, "name": "vägport 3.90 m", "type": "hauteur_limitee", "obstacle": "vägport", "hauteur_max_m": 3.9, "franchissable": true, "marge_cm": 70, "reference": "15-803-2"}}, {"type": "Feature", "geometry": {"type": "Point", "coordinates": [17.6431, 59.86046]}, "properties": {"id": "trv-14453:27685-3:156856-0.5055", "country": "se", "source": "TRV", "updated": "2026-09-12", "name": "vägport 3.90 m", "type": "hauteur_limitee", "obstacle": "vägport", "hauteur_max_m": 3.9, "franchissable": true, "marge_cm": 70}}, {"type": "Feature", "geometry": {"type": "Point", "coordinates": [17.19544, 63.2476]}, "properties": {"id": "trv-12801:104138-1000:110803-0.4285", "country": "se", "source": "TRV", "updated": "2026-09-12", "name": "bro 3.90 m", "type": "hauteur_limitee", "obstacle": "bro", "hauteur_max_m": 3.9, "franchissable": true, "marge_cm": 70, "reference": "Y  577"}}, {"type": "Feature", "geometry": {"type": "Point", "coordinates": [13.23522, 55.50676]}, "properties": {"id": "trv-14907:274-14907:230-0.5779", "country": "se", "source": "TRV", "updated": "2026-09-12", "name": "tunnel 3.90 m", "type": "hauteur_limitee", "obstacle": "tunnel", "hauteur_max_m": 3.9, "franchissable": true, "marge_cm": 70}}, {"type": "Feature", "geometry": {"type": "Point", "coordinates": [17.01008, 58.74859]}, "properties": {"id": "trv-21240:261759-21236:301176-0.4959", "country": "se", "source": "TRV", "updated": "2026-09-12", "name": "övrigt hinder 3.90 m", "type": "hauteur_limitee", "obstacle": "övrigt hinder", "hauteur_max_m": 3.9, "franchissable": true, "marge_cm": 70}}, {"type": "Feature", "geometry": {"type": "Point", "coordinates": [13.54505, 58.16627]}, "properties": {"id": "trv-16184:424165-1000:55907-0.5608", "country": "se", "source": "TRV", "updated": "2026-09-12", "name": "bro 3.90 m", "type": "hauteur_limitee", "obstacle": "bro", "hauteur_max_m": 3.9, "franchissable": true, "marge_cm": 70}}, {"type": "Feature", "geometry": {"type": "Point", "coordinates": [13.54473, 58.16631]}, "properties": {"id": "trv-16184:424167-1000:55907-0.5417", "country": "se", "source": "TRV", "updated": "2026-09-12", "name": "bro 3.90 m", "type": "hauteur_limitee", "obstacle": "bro", "hauteur_max_m": 3.9, "franchissable": true, "marge_cm": 70}}, {"type": "Feature", "geometry": {"type": "Point", "coordinates": [12.77404, 55.9663]}, "properties": {"id": "trv-11787:1782-16668:20568-0.4208", "country": "se", "source": "TRV", "updated": "2026-09-12", "name": "övrigt hinder 3.90 m", "type": "hauteur_limitee", "obstacle": "övrigt hinder", "hauteur_max_m": 3.9, "franchissable": true, "marge_cm": 70}}, {"type": "Feature", "geometry": {"type": "Point", "coordinates": [14.78041, 56.89707]}, "properties": {"id": "trv-12470:3179-13253:4943-0.7208", "country": "se", "source": "TRV", "updated": "2026-09-12", "name": "vägport 3.90 m", "type": "hauteur_limitee", "obstacle": "vägport", "hauteur_max_m": 3.9, "franchissable": true, "marge_cm": 70, "reference": "7-465-1"}}, {"type": "Feature", "geometry": {"type": "Point", "coordinates": [17.62992, 59.86619]}, "properties": {"id": "trv-14453:27689-3:156312-0.4398", "country": "se", "source": "TRV", "updated": "2026-09-12", "occurrences": 2, "name": "vägport 3.90 m", "type": "hauteur_limitee", "obstacle": "vägport", "hauteur_max_m": 3.9, "franchissable": true, "marge_cm": 70}}, {"type": "Feature", "geometry": {"type": "Point", "coordinates": [17.62968, 59.86623]}, "properties": {"id": "trv-14453:27689-3:156322-0.6279", "country": "se", "source": "TRV", "updated": "2026-09-12", "occurrences": 2, "name": "vägport 3.90 m", "type": "hauteur_limitee", "obstacle": "vägport", "hauteur_max_m": 3.9, "franchissable": true, "marge_cm": 70}}, {"type": "Feature", "geometry": {"type": "Point", "coordinates": [17.84423, 59.23844]}, "properties": {"id": "trv-12725:183888-12723:2691-0.8545", "country": "se", "source": "TRV", "updated": "2026-09-12", "name": "vägport 3.90 m", "type": "hauteur_limitee", "obstacle": "vägport", "hauteur_max_m": 3.9, "franchissable": true, "marge_cm": 70, "reference": "127-153-1"}}, {"type": "Feature", "geometry": {"type": "Point", "coordinates": [17.8451, 59.23844]}, "properties": {"id": "trv-22121:1271166-22121:471162-0.8531", "country": "se", "source": "TRV", "updated": "2026-09-12", "name": "vägport 3.90 m", "type": "hauteur_limitee", "obstacle": "vägport", "hauteur_max_m": 3.9, "franchissable": true, "marge_cm": 70}}, {"type": "Feature", "geometry": {"type": "Point", "coordinates": [17.84469, 59.23839]}, "properties": {"id": "trv-22121:1271176-22121:126945-0.2124", "country": "se", "source": "TRV", "updated": "2026-09-12", "name": "vägport 3.90 m", "type": "hauteur_limitee", "obstacle": "vägport", "hauteur_max_m": 3.9, "franchissable": true, "marge_cm": 70}}, {"type": "Feature", "geometry": {"type": "Point", "coordinates": [17.84423, 59.23849]}, "properties": {"id": "trv-22121:1271184-12723:2687-0.0171", "country": "se", "source": "TRV", "updated": "2026-09-12", "name": "vägport 3.90 m", "type": "hauteur_limitee", "obstacle": "vägport", "hauteur_max_m": 3.9, "franchissable": true, "marge_cm": 70}}, {"type": "Feature", "geometry": {"type": "Point", "coordinates": [17.84423, 59.23846]}, "properties": {"id": "trv-22121:1271188-12723:2691-0.9336", "country": "se", "source": "TRV", "updated": "2026-09-12", "name": "vägport 3.90 m", "type": "hauteur_limitee", "obstacle": "vägport", "hauteur_max_m": 3.9, "franchissable": true, "marge_cm": 70}}, {"type": "Feature", "geometry": {"type": "Point", "coordinates": [14.83247, 56.85434]}, "properties": {"id": "trv-12476:2280-22156:279640-0.4129", "country": "se", "source": "TRV", "updated": "2026-09-12", "name": "bro 3.90 m", "type": "hauteur_limitee", "obstacle": "bro", "hauteur_max_m": 3.9, "franchissable": true, "marge_cm": 70}}, {"type": "Feature", "geometry": {"type": "Point", "coordinates": [13.73908, 56.10602]}, "properties": {"id": "trv-12538:351079-1000:13792-0.0563", "country": "se", "source": "TRV", "updated": "2026-09-12", "name": "vägport 3.90 m", "type": "hauteur_limitee", "obstacle": "vägport", "hauteur_max_m": 3.9, "franchissable": true, "marge_cm": 70}}, {"type": "Feature", "geometry": {"type": "Point", "coordinates": [16.4728, 57.27971]}, "properties": {"id": "trv-12574:14762-11161:295699-0.6284", "country": "se", "source": "TRV", "updated": "2026-09-12", "name": "tunnel 3.90 m", "type": "hauteur_limitee", "obstacle": "tunnel", "hauteur_max_m": 3.9, "franchissable": true, "marge_cm": 70}}, {"type": "Feature", "geometry": {"type": "Point", "coordinates": [16.60109, 58.20466]}, "properties": {"id": "trv-14442:73257-3:530600-0.7514", "country": "se", "source": "TRV", "updated": "2026-09-12", "name": "vägport 3.95 m", "type": "hauteur_limitee", "obstacle": "vägport", "hauteur_max_m": 3.95, "franchissable": true, "marge_cm": 75}}, {"type": "Feature", "geometry": {"type": "Point", "coordinates": [14.91231, 59.23101]}, "properties": {"id": "trv-16181:276869-16181:276821-0.3999", "country": "se", "source": "TRV", "updated": "2026-09-12", "name": "vägport 3.97 m", "type": "hauteur_limitee", "obstacle": "vägport", "hauteur_max_m": 3.97, "franchissable": true, "marge_cm": 77}}]}