{"type": "FeatureCollection", "features": [{"type": "Feature", "geometry": {"type": "Point", "coordinates": [5.31297, 60.41801]}, "properties": {"id": "no-peage-82443541", "country": "no", "name": "Sandviken", "type": "peage", "source": "NVDB", "updated": "2026-09-10", "route": "E39", "kommune": 4601, "categorie_station": "AutoPASS bomstasjon", "exploitant": "Ferde AS - Bomringen Bergen", "lien": "www.ferde.no", "tarif_petit_vehicule": 38.0, "tarif_gros_vehicule": 88.0, "tarif_pointe_petit": 70.0, "pointe_matin": "06:30-08:59", "pointe_soir": "14:30-16:29", "sens": "Med metrering", "regle_horaire": "Første passering gjelder", "regle_horaire_min": 60}}, {"type": "Feature", "geometry": {"type": "Point", "coordinates": [5.27098, 60.32259]}, "properties": {"id": "no-peage-82559832", "country": "no", "name": "Straume", "type": "peage", "source": "NVDB", "updated": "2026-09-10", "route": "F556", "kommune": 4601, "categorie_station": "AutoPASS bomstasjon", "exploitant": "Ferde AS - Bomringen Bergen", "lien": "www.ferde.no", "tarif_petit_vehicule": 38.0, "tarif_gros_vehicule": 88.0, "tarif_pointe_petit": 70.0, "pointe_matin": "06:30-08:59", "pointe_soir": "14:30-16:29", "sens": "Mot metrering", "regle_horaire": "Første passering gjelder", "regle_horaire_min": 60}}, {"type": "Feature", "geometry": {"type": "Point", "coordinates": [5.26836, 60.38079]}, "properties": {"id": "no-peage-82559833", "country": "no", "name": "Gravdal", "type": "peage", "source": "NVDB", "updated": "2026-09-10", "route": "R555", "kommune": 4601, "categorie_station": "AutoPASS bomstasjon", "exploitant": "Ferde AS - Bomringen Bergen", "lien": "www.ferde.no", "tarif_petit_vehicule": 38.0, "tarif_gros_vehicule": 88.0, "tarif_pointe_petit": 70.0, "pointe_matin": "06:30-08:59", "pointe_soir": "14:30-16:29", "sens": "Mot metrering", "regle_horaire": "Første passering gjelder", "regle_horaire_min": 60}}, {"type": "Feature", "geometry": {"type": "Point", "coordinates": [5.29758, 60.36414]}, "properties": {"id": "no-peage-82559834", "country": "no", "name": "Fyllingen", "type": "peage", "source": "NVDB", "updated": "2026-09-10", "route": "F540", "kommune": 4601, "categorie_station": "AutoPASS bomstasjon", "exploitant": "Ferde AS - Bomringen Bergen", "lien": "www.ferde.no", "tarif_petit_vehicule": 38.0, "tarif_gros_vehicule": 88.0, "tarif_pointe_petit": 70.0, "pointe_matin": "06:30-08:59", "pointe_soir": "14:30-16:29", "sens": "Mot metrering", "regle_horaire": "Første passering gjelder", "regle_horaire_min": 60}}, {"type": "Feature", "geometry": {"type": "Point", "coordinates": [5.33567, 60.37924]}, "properties": {"id": "no-peage-82559836", "country": "no", "name": "Nyebroen", "type": "peage", "source": "NVDB", "updated": "2026-09-10", "route": "E39", "kommune": 4601, "categorie_station": "AutoPASS bomstasjon", "exploitant": "Ferde AS - Bomringen Bergen", "lien": "www.ferde.no", "tarif_petit_vehicule": 38.0, "tarif_gros_vehicule": 88.0, "tarif_pointe_petit": 70.0, "pointe_matin": "06:30-08:59", "pointe_soir": "14:30-16:29", "sens": "Mot metrering", "regle_horaire": "Første passering gjelder", "regle_horaire_min": 60}}, {"type": "Feature", "geometry": {"type": "Point", "coordinates": [5.33991, 60.38913]}, "properties": {"id": "no-peage-82559837", "country": "no", "name": "Kalfaret", "type": "peage", "source": "NVDB", "updated": "2026-09-10", "route": "F585", "kommune": 4601, "categorie_station": "AutoPASS bomstasjon", "exploitant": "Ferde AS - Bomringen Bergen", "lien": "www.ferde.no", "tarif_petit_vehicule": 38.0, "tarif_gros_vehicule": 88.0, "tarif_pointe_petit": 70.0, "pointe_matin": "06:30-08:59", "pointe_soir": "14:30-16:29", "sens": "Med metrering", "regle_horaire": "Første passering gjelder", "regle_horaire_min": 60}}, {"type": "Feature", "geometry": {"type": "Point", "coordinates": [10.7087, 59.93146]}, "properties": {"id": "no-peage-86574499", "country": "no", "name": "Sørkedalsveien", "type": "peage", "source": "NVDB", "updated": "2026-09-10", "route": "K168", "kommune": 301, "categorie_station": "AutoPASS bomstasjon", "exploitant": "Fjellinjen AS", "lien": "www.fjellinjen.no", "tarif_petit_vehicule": 42.0, "tarif_gros_vehicule": 161.0, "tarif_pointe_petit": 50.0, "pointe_matin": "06:30-08:59", "pointe_soir": "15:00-16:59", "sens": "Mot metrering", "regle_horaire": "Første passering gjelder", "regle_horaire_min": 60}}, {"type": "Feature", "geometry": {"type": "Point", "coordinates": [10.85177, 59.94015]}, "properties": {"id": "no-peage-86574500", "country": "no", "name": "Rv 163 Veitvet", "type": "peage", "source": "NVDB", "updated": "2026-09-10", "route": "R163", "kommune": 301, "categorie_station": "AutoPASS bomstasjon", "exploitant": "Fjellinjen AS", "lien": "www.fjellinjen.no", "tarif_petit_vehicule": 42.0, "tarif_gros_vehicule": 161.0, "tarif_pointe_petit": 50.0, "pointe_matin": "06:30-08:59", "pointe_soir": "15:00-16:59", "sens": "Mot metrering", "regle_horaire": "Første passering gjelder", "regle_horaire_min": 60}}, {"type": "Feature", "geometry": {"type": "Point", "coordinates": [10.67243, 59.92047]}, "properties": {"id": "no-peage-86574502", "country": "no", "name": "E18 Maritim", "type": "peage", "source": "NVDB", "updated": "2026-09-10", "route": "E18", "kommune": 301, "categorie_station": "AutoPASS bomstasjon", "exploitant": "Fjellinjen AS", "lien": "www.fjellinjen.no", "tarif_petit_vehicule": 42.0, "tarif_gros_vehicule": 161.0, "tarif_pointe_petit": 50.0, "pointe_matin": "06:30-08:59", "pointe_soir": "15:00-16:59", "sens": "Med metrering", "regle_horaire": "Første passering gjelder", "regle_horaire_min": 60}}, {"type": "Feature", "geometry": {"type": "Point", "coordinates": [5.33814, 60.35241]}, "properties": {"id": "no-peage-141140381", "country": "no", "name": "Fjøsangerveien", "type": "peage", "source": "NVDB", "updated": "2026-09-10", "route": "E39", "kommune": 4601, "categorie_station": "AutoPASS bomstasjon", "exploitant": "Ferde AS - Bomringen Bergen", "lien": "www.ferde.no", "tarif_petit_vehicule": 38.0, "tarif_gros_vehicule": 88.0, "tarif_pointe_petit": 70.0, "pointe_matin": "06:30-08:59", "pointe_soir": "14:30-16:29", "sens": "Mot metrering", "regle_horaire": "Første passering gjelder", "regle_horaire_min": 60}}, {"type": "Feature", "geometry": {"type": "Point", "coordinates": [5.34932, 60.34623]}, "properties": {"id": "no-peage-141140382", "country": "no", "name": "Storetveitveien", "type": "peage", "source": "NVDB", "updated": "2026-09-10", "route": "F582", "kommune": 4601, "categorie_station": "AutoPASS bomstasjon", "exploitant": "Ferde AS - Bomringen Bergen", "lien": "www.ferde.no", "tarif_petit_vehicule": 38.0, "tarif_gros_vehicule": 88.0, "tarif_pointe_petit": 70.0, "pointe_matin": "06:30-08:59", "pointe_soir": "14:30-16:29", "sens": "Med metrering", "regle_horaire": "Første passering gjelder", "regle_horaire_min": 60}}, {"type": "Feature", "geometry": {"type": "Point", "coordinates": [5.36409, 60.3464]}, "properties": {"id": "no-peage-141140383", "country": "no", "name": "Natlandsveien", "type": "peage", "source": "NVDB", "updated": "2026-09-10", "route": "F585", "kommune": 4601, "categorie_station": "AutoPASS bomstasjon", "exploitant": "Ferde AS - Bomringen Bergen", "lien": "www.ferde.no", "tarif_petit_vehicule": 38.0, "tarif_gros_vehicule": 88.0, "tarif_pointe_petit": 70.0, "pointe_matin": "06:30-08:59", "pointe_soir": "14:30-16:29", "sens": "Med metrering", "regle_horaire": "Første passering gjelder", "regle_horaire_min": 60}}, {"type": "Feature", "geometry": {"type": "Point", "coordinates": [5.31601, 60.38267]}, "properties": {"id": "no-peage-141479144", "country": "no", "name": "Damsgårdsveien", "type": "peage", "source": "NVDB", "updated": "2026-09-10", "route": "K4382", "kommune": 4601, "categorie_station": "AutoPASS bomstasjon", "exploitant": "Ferde AS - Bomringen Bergen", "lien": "www.ferde.no", "tarif_petit_vehicule": 38.0, "tarif_gros_vehicule": 88.0, "tarif_pointe_petit": 70.0, "pointe_matin": "06:30-08:59", "pointe_soir": "14:30-16:29", "sens": "Mot metrering", "regle_horaire": "Første passering gjelder", "regle_horaire_min": 60}}, {"type": "Feature", "geometry": {"type": "Point", "coordinates": [10.67734, 59.92044]}, "properties": {"id": "no-peage-147093914", "country": "no", "name": "E18 Påkjøring fra Sjølyst", "type": "peage", "source": "NVDB", "updated": "2026-09-10", "route": "E18", "kommune": 301, "categorie_station": "AutoPASS bomstasjon", "exploitant": "Fjellinjen AS", "lien": "www.fjellinjen.no", "tarif_petit_vehicule": 42.0, "tarif_gros_vehicule": 161.0, "tarif_pointe_petit": 50.0, "pointe_matin": "06:30-08:59", "pointe_soir": "15:00-16:59", "sens": "Med metrering", "regle_horaire": "Første passering gjelder", "regle_horaire_min": 60}}, {"type": "Feature", "geometry": {"type": "Point", "coordinates": [10.72088, 59.94674]}, "properties": {"id": "no-peage-209148807", "country": "no", "name": "Ring 3 Gaustad", "type": "peage", "source": "NVDB", "updated": "2026-09-10", "route": "R150", "kommune": 301, "categorie_station": "AutoPASS bomstasjon", "exploitant": "Fjellinjen AS", "lien": "www.fjellinjen.no", "tarif_petit_vehicule": 42.0, "tarif_gros_vehicule": 161.0, "tarif_pointe_petit": 50.0, "pointe_matin": "06:30-08:59", "pointe_soir": "15:00-16:59", "sens": "Mot metrering", "regle_horaire": "Første passering gjelder", "regle_horaire_min": 60}}, {"type": "Feature", "geometry": {"type": "Point", "coordinates": [10.63354, 59.95263]}, "properties": {"id": "no-peage-209148810", "country": "no", "name": "Griniveien", "type": "peage", "source": "NVDB", "updated": "2026-09-10", "route": "F168", "kommune": 3201, "categorie_station": "AutoPASS bomstasjon", "exploitant": "Fjellinjen AS", "lien": "www.fjellinjen.no", "tarif_petit_vehicule": 42.0, "tarif_gros_vehicule": 161.0, "tarif_pointe_petit": 50.0, "pointe_matin": "06:30-08:59", "pointe_soir": "15:00-16:59", "sens": "Mot metrering", "regle_horaire": "Første passering gjelder", "regle_horaire_min": 60}}, {"type": "Feature", "geometry": {"type": "Point", "coordinates": [10.62464, 59.92658]}, "properties": {"id": "no-peage-209148811", "country": "no", "name": "Bærumsveien", "type": "peage", "source": "NVDB", "updated": "2026-09-10", "route": "F160", "kommune": 3201, "categorie_station": "AutoPASS bomstasjon", "exploitant": "Fjellinjen AS", "lien": "www.fjellinjen.no", "tarif_petit_vehicule": 42.0, "tarif_gros_vehicule": 161.0, "tarif_pointe_petit": 50.0, "pointe_matin": "06:30-08:59", "pointe_soir": "15:00-16:59", "sens": "Mot metrering", "regle_horaire": "Første passering gjelder", "regle_horaire_min": 60}}, {"type": "Feature", "geometry": {"type": "Point", "coordinates": [10.62807, 59.90984]}, "properties": {"id": "no-peage-209148812", "country": "no", "name": "E 18 hovedløp", "type": "peage", "source": "NVDB", "updated": "2026-09-10", "route": "E18", "kommune": 3201, "categorie_station": "AutoPASS bomstasjon", "exploitant": "Fjellinjen AS", "lien": "www.fjellinjen.no", "tarif_petit_vehicule": 42.0, "tarif_gros_vehicule": 161.0, "tarif_pointe_petit": 50.0, "pointe_matin": "06:30-08:59", "pointe_soir": "15:00-16:59", "sens": "Med metrering", "regle_horaire": "Første passering gjelder", "regle_horaire_min": 60}}, {"type": "Feature", "geometry": {"type": "Point", "coordinates": [10.62775, 59.90923]}, "properties": {"id": "no-peage-209148814", "country": "no", "name": "Påkjøring Granfoss fra Fornebu", "type": "peage", "source": "NVDB", "updated": "2026-09-10", "route": "R150", "kommune": 3201, "categorie_station": "AutoPASS bomstasjon", "exploitant": "Fjellinjen AS", "lien": "www.fjellinjen.no", "tarif_petit_vehicule": 42.0, "tarif_gros_vehicule": 161.0, "tarif_pointe_petit": 50.0, "pointe_matin": "06:30-08:59", "pointe_soir": "15:00-16:59", "sens": "Med metrering", "regle_horaire": "Første passering gjelder", "regle_horaire_min": 60}}, {"type": "Feature", "geometry": {"type": "Point", "coordinates": [10.62827, 59.90975]}, "properties": {"id": "no-peage-209148815", "country": "no", "name": "E 18 hovedløp", "type": "peage", "source": "NVDB", "updated": "2026-09-10", "route": "E18", "kommune": 3201, "categorie_station": "AutoPASS bomstasjon", "exploitant": "Fjellinjen AS", "lien": "www.fjellinjen.no", "tarif_petit_vehicule": 40.0, "tarif_gros_vehicule": 113.0, "tarif_pointe_petit": 46.0, "pointe_matin": "06:30-08:59", "pointe_soir": "15:00-16:59", "sens": "Med metrering", "regle_horaire": "Første passering gjelder", "regle_horaire_min": 60}}, {"type": "Feature", "geometry": {"type": "Point", "coordinates": [10.63985, 59.9128]}, "properties": {"id": "no-peage-209148818", "country": "no", "name": "Strandveien", "type": "peage", "source": "NVDB", "updated": "2026-09-10", "route": "F1633", "kommune": 3201, "categorie_station": "AutoPASS bomstasjon", "exploitant": "Fjellinjen AS", "lien": "www.fjellinjen.no", "tarif_petit_vehicule": 42.0, "tarif_gros_vehicule": 161.0, "tarif_pointe_petit": 50.0, "pointe_matin": "06:30-08:59", "pointe_soir": "15:00-16:59", "sens": "Med metrering", "regle_horaire": "Første passering gjelder", "regle_horaire_min": 60}}, {"type": "Feature", "geometry": {"type": "Point", "coordinates": [10.63324, 59.91154]}, "properties": {"id": "no-peage-217619592", "country": "no", "name": "Påkjøring E18 fra Lysakerlokket", "type": "peage", "source": "NVDB", "updated": "2026-09-10", "route": "E18", "kommune": 3201, "categorie_station": "AutoPASS bomstasjon", "exploitant": "Fjellinjen AS", "lien": "www.fjellinjen.no", "tarif_petit_vehicule": 42.0, "tarif_gros_vehicule": 161.0, "tarif_pointe_petit": 50.0, "pointe_matin": "06:30-08:59", "pointe_soir": "15:00-16:59", "sens": "Med metrering", "regle_horaire": "Første passering gjelder", "regle_horaire_min": 60}}, {"type": "Feature", "geometry": {"type": "Point", "coordinates": [10.39425, 63.39915]}, "properties": {"id": "no-peage-264832270", "country": "no", "name": "Kroppan bru (Nordgående), M-snitt", "type": "peage", "source": "NVDB", "updated": "2026-09-10", "route": "F6690", "kommune": 5001, "categorie_station": "AutoPASS bomstasjon", "exploitant": "Vegamot AS", "lien": "www.vegamot.no", "tarif_petit_vehicule": 16.0, "tarif_gros_vehicule": 60.0, "tarif_pointe_petit": 21.0, "pointe_matin": "07:00-08:59", "pointe_soir": "15:00-16:59", "sens": "Med metrering", "regle_horaire": "Første passering gjelder", "regle_horaire_min": 60}}, {"type": "Feature", "geometry": {"type": "Point", "coordinates": [10.39352, 63.39818]}, "properties": {"id": "no-peage-264832271", "country": "no", "name": "Kroppan bru (Sørgående), M-snitt", "type": "peage", "source": "NVDB", "updated": "2026-09-10", "route": "F6690", "kommune": 5001, "categorie_station": "AutoPASS bomstasjon", "exploitant": "Vegamot AS", "lien": "www.vegamot.no", "tarif_petit_vehicule": 16.0, "tarif_gros_vehicule": 60.0, "tarif_pointe_petit": 21.0, "pointe_matin": "07:00-08:59", "pointe_soir": "15:00-16:59", "sens": "Mot metrering", "regle_horaire": "Første passering gjelder", "regle_horaire_min": 60}}, {"type": "Feature", "geometry": {"type": "Point", "coordinates": [10.56658, 63.43057]}, "properties": {"id": "no-peage-265182530", "country": "no", "name": "Være (Gml. E6), N-snitt", "type": "peage", "source": "NVDB", "updated": "2026-09-10", "route": "F950", "kommune": 5001, "categorie_station": "AutoPASS bomstasjon", "exploitant": "Vegamot AS", "lien": "www.vegamot.no", "tarif_petit_vehicule": 22.0, "tarif_gros_vehicule": 53.0, "tarif_pointe_petit": 44.0, "pointe_matin": "07:00-08:59", "pointe_soir": "15:00-16:59", "sens": "Begge retninger", "regle_horaire": "Første passering gjelder", "regle_horaire_min": 60}}, {"type": "Feature", "geometry": {"type": "Point", "coordinates": [10.39241, 63.38156]}, "properties": {"id": "no-peage-265182531", "country": "no", "name": "Nedre Leirfoss (Fossestuvegen), M-snitt", "type": "peage", "source": "NVDB", "updated": "2026-09-10", "route": "K1827", "kommune": 5001, "categorie_station": "AutoPASS bomstasjon", "exploitant": "Vegamot AS", "lien": "www.vegamot.no", "tarif_petit_vehicule": 22.0, "tarif_gros_vehicule": 53.0, "tarif_pointe_petit": 44.0, "pointe_matin": "07:00-08:59", "pointe_soir": "15:00-16:59", "sens": "Begge retninger", "regle_horaire": "Første passering gjelder", "regle_horaire_min": 60}}, {"type": "Feature", "geometry": {"type": "Point", "coordinates": [10.30664, 63.32443]}, "properties": {"id": "no-peage-265182534", "country": "no", "name": "Klett - Rv.707, S-snitt", "type": "peage", "source": "NVDB", "updated": "2026-09-10", "route": "F707", "kommune": 5001, "categorie_station": "AutoPASS bomstasjon", "exploitant": "Vegamot AS", "lien": "www.vegamot.no", "tarif_petit_vehicule": 22.0, "tarif_gros_vehicule": 53.0, "tarif_pointe_petit": 44.0, "pointe_matin": "07:00-08:59", "pointe_soir": "15:00-16:59", "sens": "Begge retninger", "regle_horaire": "Første passering gjelder", "regle_horaire_min": 60}}, {"type": "Feature", "geometry": {"type": "Point", "coordinates": [10.13212, 59.11974]}, "properties": {"id": "no-peage-267487703", "country": "no", "name": "E18 Skinmo", "type": "peage", "source": "NVDB", "updated": "2026-09-10", "route": "E18", "kommune": 3909, "categorie_station": "AutoPASS bomstasjon", "exploitant": "Vegfinans E18 Vestfold AS", "lien": "www.vegfinans.no", "tarif_petit_vehicule": 13.0, "tarif_gros_vehicule": 21.0, "tarif_pointe_petit": null, "pointe_matin": null, "pointe_soir": null, "sens": "Begge retninger", "regle_horaire": "Ikke timesregel", "regle_horaire_min": null}}, {"type": "Feature", "geometry": {"type": "Point", "coordinates": [6.07116, 60.36271]}, "properties": {"id": "no-peage-271705786", "country": "no", "name": "Rv 7 Steinsdalen", "type": "peage", "source": "NVDB", "updated": "2026-09-10", "route": "F49", "kommune": 4622, "categorie_station": "AutoPASS bomstasjon", "exploitant": "Ferde AS - Kvammapakken", "lien": "www.ferde.no", "tarif_petit_vehicule": 31.0, "tarif_gros_vehicule": 40.0, "tarif_pointe_petit": null, "pointe_matin": null, "pointe_soir": null, "sens": "Begge retninger", "regle_horaire": "Første passering gjelder", "regle_horaire_min": 90}}, {"type": "Feature", "geometry": {"type": "Point", "coordinates": [6.47951, 60.44084]}, "properties": {"id": "no-peage-271705787", "country": "no", "name": "Rv 7 Kjepsohøgda", "type": "peage", "source": "NVDB", "updated": "2026-09-10", "route": "F79", "kommune": 4622, "categorie_station": "AutoPASS bomstasjon", "exploitant": "Ferde AS - Kvammapakken", "lien": "www.ferde.no", "tarif_petit_vehicule": 31.0, "tarif_gros_vehicule": 40.0, "tarif_pointe_petit": null, "pointe_matin": null, "pointe_soir": null, "sens": "Begge retninger", "regle_horaire": "Første passering gjelder", "regle_horaire_min": 90}}, {"type": "Feature", "geometry": {"type": "Point", "coordinates": [5.26685, 60.3097]}, "properties": {"id": "no-peage-287649715", "country": "no", "name": "Ringveg Vest Dolviken", "type": "peage", "source": "NVDB", "updated": "2026-09-10", "route": "F557", "kommune": 4601, "categorie_station": "AutoPASS bomstasjon", "exploitant": "Ferde AS - Bomringen Bergen", "lien": "www.ferde.no", "tarif_petit_vehicule": 38.0, "tarif_gros_vehicule": 88.0, "tarif_pointe_petit": 70.0, "pointe_matin": "06:30-08:59", "pointe_soir": "14:30-16:29", "sens": "Med metrering", "regle_horaire": "Første passering gjelder", "regle_horaire_min": 60}}, {"type": "Feature", "geometry": {"type": "Point", "coordinates": [11.20553, 60.37159]}, "properties": {"id": "no-peage-305830476", "country": "no", "name": "Boksrud - Minnesund", "type": "peage", "source": "NVDB", "updated": "2026-09-10", "route": "E6", "kommune": 3240, "categorie_station": "AutoPASS bomstasjon", "exploitant": "Vegfinans E6 Gardermoen - Moelv AS", "lien": "www.vegfinans.no", "tarif_petit_vehicule": 0.0, "tarif_gros_vehicule": 0.0, "tarif_pointe_petit": null, "pointe_matin": null, "pointe_soir": null, "sens": "Begge retninger", "regle_horaire": "Ikke timesregel", "regle_horaire_min": null}}, {"type": "Feature", "geometry": {"type": "Point", "coordinates": [11.14134, 60.3065]}, "properties": {"id": "no-peage-305830577", "country": "no", "name": "Dal - Boksrud", "type": "peage", "source": "NVDB", "updated": "2026-09-10", "route": "E6", "kommune": 3240, "categorie_station": "AutoPASS bomstasjon", "exploitant": "Vegfinans E6 Gardermoen - Moelv AS", "lien": "www.vegfinans.no", "tarif_petit_vehicule": null, "tarif_gros_vehicule": 0.0, "tarif_pointe_petit": null, "pointe_matin": null, "pointe_soir": null, "sens": "Begge retninger", "regle_horaire": "Ikke timesregel", "regle_horaire_min": null}}, {"type": "Feature", "geometry": {"type": "Point", "coordinates": [9.94015, 59.07049]}, "properties": {"id": "no-peage-337541380", "country": "no", "name": "E18 Sky", "type": "peage", "source": "NVDB", "updated": "2026-09-10", "route": "E18", "kommune": 3909, "categorie_station": "AutoPASS bomstasjon", "exploitant": "Vegfinans E18 Vestfold AS", "lien": "www.vegfinans.no", "tarif_petit_vehicule": 18.0, "tarif_gros_vehicule": 28.0, "tarif_pointe_petit": null, "pointe_matin": null, "pointe_soir": null, "sens": "Begge retninger", "regle_horaire": "Ikke timesregel", "regle_horaire_min": null}}, {"type": "Feature", "geometry": {"type": "Point", "coordinates": [10.22871, 63.80258]}, "properties": {"id": "no-peage-337546677", "country": "no", "name": "Krinsvatn", "type": "peage", "source": "NVDB", "updated": "2026-09-10", "route": "F715", "kommune": 5054, "categorie_station": "AutoPASS bomstasjon", "exploitant": "Fosenvegene", "lien": "www.vegamot.no", "tarif_petit_vehicule": 57.0, "tarif_gros_vehicule": 136.0, "tarif_pointe_petit": null, "pointe_matin": null, "pointe_soir": null, "sens": "Begge retninger", "regle_horaire": "Ikke timesregel", "regle_horaire_min": null}}, {"type": "Feature", "geometry": {"type": "Point", "coordinates": [9.66718, 63.68639]}, "properties": {"id": "no-peage-338309712", "country": "no", "name": "Ferje Brekstad - Valset", "type": "peage", "source": "NVDB", "updated": "2026-09-10", "route": "K2050", "kommune": 5057, "categorie_station": "Bomstasjon på lokal/privat veg", "exploitant": null, "lien": null, "tarif_petit_vehicule": 45.0, "tarif_gros_vehicule": 135.0, "tarif_pointe_petit": null, "pointe_matin": null, "pointe_soir": null, "sens": "Begge retninger", "regle_horaire": null, "regle_horaire_min": null}}, {"type": "Feature", "geometry": {"type": "Point", "coordinates": [10.19535, 63.44961]}, "properties": {"id": "no-peage-349721902", "country": "no", "name": "Ferje Flakk-Rørvik", "type": "peage", "source": "NVDB", "updated": "2026-09-10", "route": "F715", "kommune": 5001, "categorie_station": "Ferjeinnkrevingspunkt", "exploitant": null, "lien": null, "tarif_petit_vehicule": 57.0, "tarif_gros_vehicule": 171.0, "tarif_pointe_petit": null, "pointe_matin": null, "pointe_soir": null, "sens": "Med metrering", "regle_horaire": "Første passering gjelder", "regle_horaire_min": null}}, {"type": "Feature", "geometry": {"type": "Point", "coordinates": [10.13368, 63.50825]}, "properties": {"id": "no-peage-349838035", "country": "no", "name": "Ferje Rørvik-Flakk", "type": "peage", "source": "NVDB", "updated": "2026-09-10", "route": "F715", "kommune": 5054, "categorie_station": "Ferjeinnkrevingspunkt", "exploitant": null, "lien": null, "tarif_petit_vehicule": 57.0, "tarif_gros_vehicule": 171.0, "tarif_pointe_petit": null, "pointe_matin": null, "pointe_soir": null, "sens": "Mot metrering", "regle_horaire": null, "regle_horaire_min": null}}, {"type": "Feature", "geometry": {"type": "Point", "coordinates": [5.333, 60.38194]}, "properties": {"id": "no-peage-403585193", "country": "no", "name": "Florida", "type": "peage", "source": "NVDB", "updated": "2026-09-10", "route": "F5332", "kommune": 4601, "categorie_station": "AutoPASS bomstasjon", "exploitant": "Ferde AS - Bomringen Bergen", "lien": "www.ferde.no", "tarif_petit_vehicule": 38.0, "tarif_gros_vehicule": 88.0, "tarif_pointe_petit": 70.0, "pointe_matin": "06:30-08:59", "pointe_soir": "14:30-16:29", "sens": "Med metrering", "regle_horaire": "Første passering gjelder", "regle_horaire_min": 60}}, {"type": "Feature", "geometry": {"type": "Point", "coordinates": [5.37034, 59.73661]}, "properties": {"id": "no-peage-439256485", "country": "no", "name": "Bømlopakken", "type": "peage", "source": "NVDB", "updated": "2026-09-10", "route": "F542", "kommune": 4613, "categorie_station": "AutoPASS bomstasjon", "exploitant": "Ferde AS - Bømlopakken", "lien": "www.ferde.no", "tarif_petit_vehicule": 98.0, "tarif_gros_vehicule": 195.0, "tarif_pointe_petit": null, "pointe_matin": null, "pointe_soir": null, "sens": "Begge retninger", "regle_horaire": "Første passering gjelder", "regle_horaire_min": 60}}, {"type": "Feature", "geometry": {"type": "Point", "coordinates": [6.83715, 60.47291]}, "properties": {"id": "no-peage-444022242", "country": "no", "name": "Rv.13 Hardangerbrua", "type": "peage", "source": "NVDB", "updated": "2026-09-10", "route": "R13", "kommune": 4619, "categorie_station": "AutoPASS bomstasjon", "exploitant": "Ferde AS - Hardangerbrua", "lien": "www.ferde.no", "tarif_petit_vehicule": 143.0, "tarif_gros_vehicule": 428.0, "tarif_pointe_petit": null, "pointe_matin": null, "pointe_soir": null, "sens": "Begge retninger", "regle_horaire": "Ikke timesregel", "regle_horaire_min": null}}, {"type": "Feature", "geometry": {"type": "Point", "coordinates": [13.16493, 65.87784]}, "properties": {"id": "no-peage-480752986", "country": "no", "name": "Fv. 78 Hjartåsen bomstasjon Kulstad", "type": "peage", "source": "NVDB", "updated": "2026-09-10", "route": "F78", "kommune": 1824, "categorie_station": "AutoPASS bomstasjon", "exploitant": "BPS Nord - Helgeland Veiutvikling AS", "lien": "bomveinord.no", "tarif_petit_vehicule": 26.0, "tarif_gros_vehicule": 44.0, "tarif_pointe_petit": null, "pointe_matin": null, "pointe_soir": null, "sens": "Begge retninger", "regle_horaire": "Ikke timesregel", "regle_horaire_min": null}}, {"type": "Feature", "geometry": {"type": "Point", "coordinates": [10.3676, 63.32637]}, "properties": {"id": "no-peage-487415242", "country": "no", "name": "Fv 704 Torgårdsletta. K-snitt", "type": "peage", "source": "NVDB", "updated": "2026-09-10", "route": "F704", "kommune": 5001, "categorie_station": "AutoPASS bomstasjon", "exploitant": "Vegamot AS", "lien": "www.vegamot.no", "tarif_petit_vehicule": 22.0, "tarif_gros_vehicule": 53.0, "tarif_pointe_petit": 44.0, "pointe_matin": "07:00-08:59", "pointe_soir": "15:00-16:59", "sens": "Begge retninger", "regle_horaire": "Første passering gjelder", "regle_horaire_min": 60}}, {"type": "Feature", "geometry": {"type": "Point", "coordinates": [10.43741, 63.34899]}, "properties": {"id": "no-peage-487415243", "country": "no", "name": "Tillerbrua, K-snitt", "type": "peage", "source": "NVDB", "updated": "2026-09-10", "route": "F6680", "kommune": 5001, "categorie_station": "AutoPASS bomstasjon", "exploitant": "Vegamot AS", "lien": "www.vegamot.no", "tarif_petit_vehicule": 22.0, "tarif_gros_vehicule": 53.0, "tarif_pointe_petit": 44.0, "pointe_matin": "07:00-08:59", "pointe_soir": "15:00-16:59", "sens": "Begge retninger", "regle_horaire": "Første passering gjelder", "regle_horaire_min": 60}}, {"type": "Feature", "geometry": {"type": "Point", "coordinates": [10.37943, 63.37183]}, "properties": {"id": "no-peage-487415246", "country": "no", "name": "Tonstad, T-snitt", "type": "peage", "source": "NVDB", "updated": "2026-09-10", "route": "E6", "kommune": 5001, "categorie_station": "AutoPASS bomstasjon", "exploitant": "Vegamot AS", "lien": "www.vegamot.no", "tarif_petit_vehicule": 16.0, "tarif_gros_vehicule": 38.0, "tarif_pointe_petit": 21.0, "pointe_matin": "07:00-08:59", "pointe_soir": "15:00-16:59", "sens": "Begge retninger", "regle_horaire": "Første passering gjelder", "regle_horaire_min": 60}}, {"type": "Feature", "geometry": {"type": "Point", "coordinates": [10.35895, 63.40544]}, "properties": {"id": "no-peage-487415247", "country": "no", "name": "Byåsveien, B-snitt", "type": "peage", "source": "NVDB", "updated": "2026-09-10", "route": "F6650", "kommune": 5001, "categorie_station": "AutoPASS bomstasjon", "exploitant": "Vegamot AS", "lien": "www.vegamot.no", "tarif_petit_vehicule": 16.0, "tarif_gros_vehicule": 38.0, "tarif_pointe_petit": 21.0, "pointe_matin": "07:00-08:59", "pointe_soir": "15:00-16:59", "sens": "Begge retninger", "regle_horaire": "Første passering gjelder", "regle_horaire_min": 60}}, {"type": "Feature", "geometry": {"type": "Point", "coordinates": [10.34658, 63.40651]}, "properties": {"id": "no-peage-487415249", "country": "no", "name": "Gamle Oslovei, B-snitt", "type": "peage", "source": "NVDB", "updated": "2026-09-10", "route": "K2020", "kommune": 5001, "categorie_station": "AutoPASS bomstasjon", "exploitant": "Vegamot AS", "lien": "www.vegamot.no", "tarif_petit_vehicule": 16.0, "tarif_gros_vehicule": 38.0, "tarif_pointe_petit": 21.0, "pointe_matin": "07:00-08:59", "pointe_soir": "15:00-16:59", "sens": "Begge retninger", "regle_horaire": "Første passering gjelder", "regle_horaire_min": 60}}, {"type": "Feature", "geometry": {"type": "Point", "coordinates": [10.40055, 63.40241]}, "properties": {"id": "no-peage-487458618", "country": "no", "name": "Bratsbergveien, O-snitt", "type": "peage", "source": "NVDB", "updated": "2026-09-10", "route": "F6680", "kommune": 5001, "categorie_station": "AutoPASS bomstasjon", "exploitant": "Vegamot AS", "lien": "www.vegamot.no", "tarif_petit_vehicule": 16.0, "tarif_gros_vehicule": 38.0, "tarif_pointe_petit": 21.0, "pointe_matin": "07:00-08:59", "pointe_soir": "15:00-16:59", "sens": "Begge retninger", "regle_horaire": "Første passering gjelder", "regle_horaire_min": 60}}, {"type": "Feature", "geometry": {"type": "Point", "coordinates": [10.39716, 63.40629]}, "properties": {"id": "no-peage-487458619", "country": "no", "name": "Tempeveien, O-snitt", "type": "peage", "source": "NVDB", "updated": "2026-09-10", "route": "K7440", "kommune": 5001, "categorie_station": "AutoPASS bomstasjon", "exploitant": "Vegamot AS", "lien": "www.vegamot.no", "tarif_petit_vehicule": 16.0, "tarif_gros_vehicule": 38.0, "tarif_pointe_petit": 21.0, "pointe_matin": "07:00-08:59", "pointe_soir": "15:00-16:59", "sens": "Begge retninger", "regle_horaire": "Første passering gjelder", "regle_horaire_min": 60}}, {"type": "Feature", "geometry": {"type": "Point", "coordinates": [10.38296, 63.40548]}, "properties": {"id": "no-peage-487458620", "country": "no", "name": "Bøckmans veg, B-snitt", "type": "peage", "source": "NVDB", "updated": "2026-09-10", "route": "F6656", "kommune": 5001, "categorie_station": "AutoPASS bomstasjon", "exploitant": "Vegamot AS", "lien": "www.vegamot.no", "tarif_petit_vehicule": 16.0, "tarif_gros_vehicule": 38.0, "tarif_pointe_petit": 21.0, "pointe_matin": "07:00-08:59", "pointe_soir": "15:00-16:59", "sens": "Begge retninger", "regle_horaire": "Første passering gjelder", "regle_horaire_min": 60}}, {"type": "Feature", "geometry": {"type": "Point", "coordinates": [10.42068, 63.40879]}, "properties": {"id": "no-peage-487458621", "country": "no", "name": "Thorbjørn Bratts veg, O-snitt", "type": "peage", "source": "NVDB", "updated": "2026-09-10", "route": "F6658", "kommune": 5001, "categorie_station": "AutoPASS bomstasjon", "exploitant": "Vegamot AS", "lien": "www.vegamot.no", "tarif_petit_vehicule": 16.0, "tarif_gros_vehicule": 38.0, "tarif_pointe_petit": 21.0, "pointe_matin": "07:00-08:59", "pointe_soir": "15:00-16:59", "sens": "Begge retninger", "regle_horaire": "Første passering gjelder", "regle_horaire_min": 60}}, {"type": "Feature", "geometry": {"type": "Point", "coordinates": [10.44054, 63.40929]}, "properties": {"id": "no-peage-487458622", "country": "no", "name": "Moholt, O-snitt", "type": "peage", "source": "NVDB", "updated": "2026-09-10", "route": "F6660", "kommune": 5001, "categorie_station": "AutoPASS bomstasjon", "exploitant": "Vegamot AS", "lien": "www.vegamot.no", "tarif_petit_vehicule": 16.0, "tarif_gros_vehicule": 38.0, "tarif_pointe_petit": 21.0, "pointe_matin": "07:00-08:59", "pointe_soir": "15:00-16:59", "sens": "Begge retninger", "regle_horaire": "Første passering gjelder", "regle_horaire_min": 60}}, {"type": "Feature", "geometry": {"type": "Point", "coordinates": [10.4621, 63.42219]}, "properties": {"id": "no-peage-487458624", "country": "no", "name": "Tungasletta, O-snitt", "type": "peage", "source": "NVDB", "updated": "2026-09-10", "route": "K7703", "kommune": 5001, "categorie_station": "AutoPASS bomstasjon", "exploitant": "Vegamot AS", "lien": "www.vegamot.no", "tarif_petit_vehicule": 16.0, "tarif_gros_vehicule": 38.0, "tarif_pointe_petit": 21.0, "pointe_matin": "07:00-08:59", "pointe_soir": "15:00-16:59", "sens": "Begge retninger", "regle_horaire": "Første passering gjelder", "regle_horaire_min": 60}}, {"type": "Feature", "geometry": {"type": "Point", "coordinates": [10.47505, 63.42681]}, "properties": {"id": "no-peage-487458625", "country": "no", "name": "Landbruksvegen, O-snitt", "type": "peage", "source": "NVDB", "updated": "2026-09-10", "route": "K4235", "kommune": 5001, "categorie_station": "AutoPASS bomstasjon", "exploitant": "Vegamot AS", "lien": "www.vegamot.no", "tarif_petit_vehicule": 16.0, "tarif_gros_vehicule": 38.0, "tarif_pointe_petit": 21.0, "pointe_matin": "07:00-08:59", "pointe_soir": "15:00-16:59", "sens": "Begge retninger", "regle_horaire": "Første passering gjelder", "regle_horaire_min": 60}}, {"type": "Feature", "geometry": {"type": "Point", "coordinates": [10.47934, 63.43138]}, "properties": {"id": "no-peage-487458627", "country": "no", "name": "Rv 706 Leangensletta, O-snitt", "type": "peage", "source": "NVDB", "updated": "2026-09-10", "route": "R706", "kommune": 5001, "categorie_station": "AutoPASS bomstasjon", "exploitant": "Vegamot AS", "lien": "www.vegamot.no", "tarif_petit_vehicule": 16.0, "tarif_gros_vehicule": 38.0, "tarif_pointe_petit": 21.0, "pointe_matin": "07:00-08:59", "pointe_soir": "15:00-16:59", "sens": "Begge retninger", "regle_horaire": "Første passering gjelder", "regle_horaire_min": 60}}, {"type": "Feature", "geometry": {"type": "Point", "coordinates": [9.27442, 63.49547]}, "properties": {"id": "no-peage-489813800", "country": "no", "name": "Fv. 714 Valslag", "type": "peage", "source": "NVDB", "updated": "2026-09-10", "route": "F714", "kommune": 5056, "categorie_station": "AutoPASS bomstasjon", "exploitant": "Vegamot AS", "lien": "www.vegamot.no", "tarif_petit_vehicule": 96.0, "tarif_gros_vehicule": 321.0, "tarif_pointe_petit": null, "pointe_matin": null, "pointe_soir": null, "sens": "Begge retninger", "regle_horaire": "Ikke timesregel", "regle_horaire_min": null}}, {"type": "Feature", "geometry": {"type": "Point", "coordinates": [11.2505, 60.55447]}, "properties": {"id": "no-peage-522556498", "country": "no", "name": "Akershus grense - Skaberud", "type": "peage", "source": "NVDB", "updated": "2026-09-10", "route": "E6", "kommune": 3413, "categorie_station": "AutoPASS bomstasjon", "exploitant": "Vegfinans E6 Gardermoen - Moelv AS", "lien": "www.vegfinans.no", "tarif_petit_vehicule": 30.0, "tarif_gros_vehicule": 49.0, "tarif_pointe_petit": null, "pointe_matin": null, "pointe_soir": null, "sens": "Begge retninger", "regle_horaire": "Ikke timesregel", "regle_horaire_min": null}}, {"type": "Feature", "geometry": {"type": "Point", "coordinates": [11.6116, 60.80426]}, "properties": {"id": "no-peage-536627059", "country": "no", "name": "Militærvegen", "type": "peage", "source": "NVDB", "updated": "2026-09-10", "route": "S80", "kommune": 3420, "categorie_station": "Bomstasjon på lokal/privat veg", "exploitant": null, "lien": null, "tarif_petit_vehicule": 20.0, "tarif_gros_vehicule": 40.0, "tarif_pointe_petit": null, "pointe_matin": null, "pointe_soir": null, "sens": "Begge retninger", "regle_horaire": null, "regle_horaire_min": null}}, {"type": "Feature", "geometry": {"type": "Point", "coordinates": [10.20764, 59.19077]}, "properties": {"id": "no-peage-556713120", "country": "no", "name": "E18 Fokserød", "type": "peage", "source": "NVDB", "updated": "2026-09-10", "route": "E18", "kommune": 3907, "categorie_station": "AutoPASS bomstasjon", "exploitant": "Vegfinans E18 Vestfold AS", "lien": "www.vegfinans.no", "tarif_petit_vehicule": 8.0, "tarif_gros_vehicule": 14.0, "tarif_pointe_petit": null, "pointe_matin": null, "pointe_soir": null, "sens": "Begge retninger", "regle_horaire": "Ikke timesregel", "regle_horaire_min": null}}, {"type": "Feature", "geometry": {"type": "Point", "coordinates": [10.20184, 59.16614]}, "properties": {"id": "no-peage-556713122", "country": "no", "name": "E18 Natvall", "type": "peage", "source": "NVDB", "updated": "2026-09-10", "route": "E18", "kommune": 3907, "categorie_station": "AutoPASS bomstasjon", "exploitant": "Vegfinans E18 Vestfold AS", "lien": "www.vegfinans.no", "tarif_petit_vehicule": 9.0, "tarif_gros_vehicule": 15.0, "tarif_pointe_petit": null, "pointe_matin": null, "pointe_soir": null, "sens": "Begge retninger", "regle_horaire": "Ikke timesregel", "regle_horaire_min": null}}, {"type": "Feature", "geometry": {"type": "Point", "coordinates": [5.20882, 60.4027]}, "properties": {"id": "no-peage-568885041", "country": "no", "name": "Storeklubben", "type": "peage", "source": "NVDB", "updated": "2026-09-10", "route": "F562", "kommune": 4627, "categorie_station": "AutoPASS bomstasjon", "exploitant": "Ferde AS - Askøypakken", "lien": "www.askoypakken.no", "tarif_petit_vehicule": 44.0, "tarif_gros_vehicule": 88.0, "tarif_pointe_petit": null, "pointe_matin": null, "pointe_soir": null, "sens": "Med metrering", "regle_horaire": "Første passering gjelder", "regle_horaire_min": 60}}, {"type": "Feature", "geometry": {"type": "Point", "coordinates": [5.23113, 60.4126]}, "properties": {"id": "no-peage-568885042", "country": "no", "name": "Vatnavatnet", "type": "peage", "source": "NVDB", "updated": "2026-09-10", "route": "F563", "kommune": 4627, "categorie_station": "AutoPASS bomstasjon", "exploitant": "Ferde AS - Askøypakken", "lien": "www.askoypakken.no", "tarif_petit_vehicule": 44.0, "tarif_gros_vehicule": 88.0, "tarif_pointe_petit": null, "pointe_matin": null, "pointe_soir": null, "sens": "Mot metrering", "regle_horaire": "Første passering gjelder", "regle_horaire_min": 60}}, {"type": "Feature", "geometry": {"type": "Point", "coordinates": [5.19711, 60.4076]}, "properties": {"id": "no-peage-568885043", "country": "no", "name": "Stongafjellet", "type": "peage", "source": "NVDB", "updated": "2026-09-10", "route": "F562", "kommune": 4627, "categorie_station": "AutoPASS bomstasjon", "exploitant": "Ferde AS - Askøypakken", "lien": "www.askoypakken.no", "tarif_petit_vehicule": 44.0, "tarif_gros_vehicule": 88.0, "tarif_pointe_petit": null, "pointe_matin": null, "pointe_soir": null, "sens": "Mot metrering", "regle_horaire": "Første passering gjelder", "regle_horaire_min": 60}}, {"type": "Feature", "geometry": {"type": "Point", "coordinates": [5.19587, 60.42573]}, "properties": {"id": "no-peage-568885044", "country": "no", "name": "Nedre Kleppe", "type": "peage", "source": "NVDB", "updated": "2026-09-10", "route": "F562", "kommune": 4627, "categorie_station": "AutoPASS bomstasjon", "exploitant": "Ferde AS - Askøypakken", "lien": "www.askoypakken.no", "tarif_petit_vehicule": 44.0, "tarif_gros_vehicule": 88.0, "tarif_pointe_petit": null, "pointe_matin": null, "pointe_soir": null, "sens": "Mot metrering", "regle_horaire": "Første passering gjelder", "regle_horaire_min": 60}}, {"type": "Feature", "geometry": {"type": "Point", "coordinates": [10.47601, 63.43018]}, "properties": {"id": "no-peage-568900609", "country": "no", "name": "Haakon VII s gt , O-snitt", "type": "peage", "source": "NVDB", "updated": "2026-09-10", "route": "F6668", "kommune": 5001, "categorie_station": "AutoPASS bomstasjon", "exploitant": "Vegamot AS", "lien": "www.vegamot.no", "tarif_petit_vehicule": 16.0, "tarif_gros_vehicule": 38.0, "tarif_pointe_petit": 21.0, "pointe_matin": "07:00-08:59", "pointe_soir": "15:00-16:59", "sens": "Begge retninger", "regle_horaire": "Første passering gjelder", "regle_horaire_min": 60}}, {"type": "Feature", "geometry": {"type": "Point", "coordinates": [13.29928, 65.99077]}, "properties": {"id": "no-peage-574470407", "country": "no", "name": "Fv. 78 Drevja", "type": "peage", "source": "NVDB", "updated": "2026-09-10", "route": "F78", "kommune": 1824, "categorie_station": "AutoPASS bomstasjon", "exploitant": "BPS Nord - Helgeland Veiutvikling AS", "lien": "bomveinord.no", "tarif_petit_vehicule": 30.0, "tarif_gros_vehicule": 48.0, "tarif_pointe_petit": null, "pointe_matin": null, "pointe_soir": null, "sens": "Begge retninger", "regle_horaire": "Ikke timesregel", "regle_horaire_min": null}}, {"type": "Feature", "geometry": {"type": "Point", "coordinates": [13.08652, 66.08116]}, "properties": {"id": "no-peage-575600869", "country": "no", "name": "Fv. 78 Toven", "type": "peage", "source": "NVDB", "updated": "2026-09-10", "route": "F78", "kommune": 1822, "categorie_station": "AutoPASS bomstasjon", "exploitant": "BPS Nord - Helgeland Veiutvikling AS", "lien": "bomveinord.no", "tarif_petit_vehicule": 91.0, "tarif_gros_vehicule": 245.0, "tarif_pointe_petit": null, "pointe_matin": null, "pointe_soir": null, "sens": "Begge retninger", "regle_horaire": "Ikke timesregel", "regle_horaire_min": null}}, {"type": "Feature", "geometry": {"type": "Point", "coordinates": [10.35878, 59.30284]}, "properties": {"id": "no-peage-577440717", "country": "no", "name": "E18 Gulli", "type": "peage", "source": "NVDB", "updated": "2026-09-10", "route": "E18", "kommune": 3905, "categorie_station": "AutoPASS bomstasjon", "exploitant": "Vegfinans E18 Vestfold AS", "lien": "www.vegfinans.no", "tarif_petit_vehicule": 7.0, "tarif_gros_vehicule": 12.0, "tarif_pointe_petit": null, "pointe_matin": null, "pointe_soir": null, "sens": "Begge retninger", "regle_horaire": "Ikke timesregel", "regle_horaire_min": null}}, {"type": "Feature", "geometry": {"type": "Point", "coordinates": [10.29947, 59.26191]}, "properties": {"id": "no-peage-577440718", "country": "no", "name": "E18 Ramsum", "type": "peage", "source": "NVDB", "updated": "2026-09-10", "route": "E18", "kommune": 3907, "categorie_station": "AutoPASS bomstasjon", "exploitant": "Vegfinans E18 Vestfold AS", "lien": "www.vegfinans.no", "tarif_petit_vehicule": 15.0, "tarif_gros_vehicule": 26.0, "tarif_pointe_petit": null, "pointe_matin": null, "pointe_soir": null, "sens": "Begge retninger", "regle_horaire": "Ikke timesregel", "regle_horaire_min": null}}, {"type": "Feature", "geometry": {"type": "Point", "coordinates": [11.24076, 60.41898]}, "properties": {"id": "no-peage-579090246", "country": "no", "name": "Minnesund - Hedmark grense", "type": "peage", "source": "NVDB", "updated": "2026-09-10", "route": "E6", "kommune": 3240, "categorie_station": "AutoPASS bomstasjon", "exploitant": "Vegfinans E6 Gardermoen - Moelv AS", "lien": "www.vegfinans.no", "tarif_petit_vehicule": 29.0, "tarif_gros_vehicule": 47.0, "tarif_pointe_petit": null, "pointe_matin": null, "pointe_soir": null, "sens": "Begge retninger", "regle_horaire": "Ikke timesregel", "regle_horaire_min": null}}, {"type": "Feature", "geometry": {"type": "Point", "coordinates": [11.94041, 60.20683]}, "properties": {"id": "no-peage-592916818", "country": "no", "name": "E16 Åsum", "type": "peage", "source": "NVDB", "updated": "2026-09-10", "route": "E16", "kommune": 3401, "categorie_station": "AutoPASS bomstasjon", "exploitant": "Vegfinans E16 Kongsvingervegen AS", "lien": "www.vegfinans.no", "tarif_petit_vehicule": 44.0, "tarif_gros_vehicule": 73.0, "tarif_pointe_petit": null, "pointe_matin": null, "pointe_soir": null, "sens": "Begge retninger", "regle_horaire": "Ikke timesregel", "regle_horaire_min": null}}, {"type": "Feature", "geometry": {"type": "Point", "coordinates": [11.89468, 60.20851]}, "properties": {"id": "no-peage-594154687", "country": "no", "name": "Fv. 250 Fulu", "type": "peage", "source": "NVDB", "updated": "2026-09-10", "route": "F198", "kommune": 3415, "categorie_station": "AutoPASS bomstasjon", "exploitant": "Vegfinans E16 Kongsvingervegen AS", "lien": "www.vegfinans.no", "tarif_petit_vehicule": 22.0, "tarif_gros_vehicule": 36.0, "tarif_pointe_petit": null, "pointe_matin": null, "pointe_soir": null, "sens": "Begge retninger", "regle_horaire": "Ikke timesregel", "regle_horaire_min": null}}, {"type": "Feature", "geometry": {"type": "Point", "coordinates": [11.94019, 60.20614]}, "properties": {"id": "no-peage-594154688", "country": "no", "name": "Fv. 175 Åsum", "type": "peage", "source": "NVDB", "updated": "2026-09-10", "route": "F175", "kommune": 3401, "categorie_station": "AutoPASS bomstasjon", "exploitant": "Vegfinans E16 Kongsvingervegen AS", "lien": "www.vegfinans.no", "tarif_petit_vehicule": 22.0, "tarif_gros_vehicule": 36.0, "tarif_pointe_petit": null, "pointe_matin": null, "pointe_soir": null, "sens": "Begge retninger", "regle_horaire": "Ikke timesregel", "regle_horaire_min": null}}, {"type": "Feature", "geometry": {"type": "Point", "coordinates": [14.40371, 67.28684]}, "properties": {"id": "no-peage-640648008", "country": "no", "name": "Rønvikveien", "type": "peage", "source": "NVDB", "updated": "2026-09-10", "route": "K21500", "kommune": 1804, "categorie_station": "AutoPASS bomstasjon", "exploitant": "Veipakke Salten AS", "lien": "bomveinord.no", "tarif_petit_vehicule": 21.0, "tarif_gros_vehicule": 48.0, "tarif_pointe_petit": null, "pointe_matin": null, "pointe_soir": null, "sens": "Begge retninger", "regle_horaire": "Første passering gjelder", "regle_horaire_min": 60}}, {"type": "Feature", "geometry": {"type": "Point", "coordinates": [14.39691, 67.28803]}, "properties": {"id": "no-peage-640648009", "country": "no", "name": "Jernbaneveien", "type": "peage", "source": "NVDB", "updated": "2026-09-10", "route": "R80", "kommune": 1804, "categorie_station": "AutoPASS bomstasjon", "exploitant": "Veipakke Salten AS", "lien": "bomveinord.no", "tarif_petit_vehicule": 21.0, "tarif_gros_vehicule": 48.0, "tarif_pointe_petit": null, "pointe_matin": null, "pointe_soir": null, "sens": "Begge retninger", "regle_horaire": "Første passering gjelder", "regle_horaire_min": 60}}, {"type": "Feature", "geometry": {"type": "Point", "coordinates": [14.42327, 67.28357]}, "properties": {"id": "no-peage-640648010", "country": "no", "name": "Kirkeveien", "type": "peage", "source": "NVDB", "updated": "2026-09-10", "route": "F834", "kommune": 1804, "categorie_station": "AutoPASS bomstasjon", "exploitant": "Veipakke Salten AS", "lien": "bomveinord.no", "tarif_petit_vehicule": 21.0, "tarif_gros_vehicule": 48.0, "tarif_pointe_petit": null, "pointe_matin": null, "pointe_soir": null, "sens": "Begge retninger", "regle_horaire": "Første passering gjelder", "regle_horaire_min": 60}}, {"type": "Feature", "geometry": {"type": "Point", "coordinates": [14.42773, 67.28215]}, "properties": {"id": "no-peage-640648011", "country": "no", "name": "Junkerveien", "type": "peage", "source": "NVDB", "updated": "2026-09-10", "route": "K16330", "kommune": 1804, "categorie_station": "AutoPASS bomstasjon", "exploitant": "Veipakke Salten AS", "lien": "bomveinord.no", "tarif_petit_vehicule": 21.0, "tarif_gros_vehicule": 48.0, "tarif_pointe_petit": null, "pointe_matin": null, "pointe_soir": null, "sens": "Begge retninger", "regle_horaire": "Første passering gjelder", "regle_horaire_min": 60}}, {"type": "Feature", "geometry": {"type": "Point", "coordinates": [14.42748, 67.27357]}, "properties": {"id": "no-peage-640648012", "country": "no", "name": "Gamle Riksvei", "type": "peage", "source": "NVDB", "updated": "2026-09-10", "route": "K13750", "kommune": 1804, "categorie_station": "AutoPASS bomstasjon", "exploitant": "Veipakke Salten AS", "lien": "bomveinord.no", "tarif_petit_vehicule": 21.0, "tarif_gros_vehicule": 48.0, "tarif_pointe_petit": null, "pointe_matin": null, "pointe_soir": null, "sens": "Begge retninger", "regle_horaire": "Første passering gjelder", "regle_horaire_min": 60}}, {"type": "Feature", "geometry": {"type": "Point", "coordinates": [14.43648, 67.27712]}, "properties": {"id": "no-peage-640648013", "country": "no", "name": "Skjæringa", "type": "peage", "source": "NVDB", "updated": "2026-09-10", "route": "R80", "kommune": 1804, "categorie_station": "AutoPASS bomstasjon", "exploitant": "Veipakke Salten AS", "lien": "bomveinord.no", "tarif_petit_vehicule": 21.0, "tarif_gros_vehicule": 48.0, "tarif_pointe_petit": null, "pointe_matin": null, "pointe_soir": null, "sens": "Begge retninger", "regle_horaire": "Første passering gjelder", "regle_horaire_min": 60}}, {"type": "Feature", "geometry": {"type": "Point", "coordinates": [17.56709, 68.47472]}, "properties": {"id": "no-peage-642371370", "country": "no", "name": "E6/E10 Leirvik", "type": "peage", "source": "NVDB", "updated": "2026-09-10", "route": "E10", "kommune": 1806, "categorie_station": "AutoPASS bomstasjon", "exploitant": "BPS Nord - Hålogalandsbrua AS", "lien": "www.haalogalandsbrua.no", "tarif_petit_vehicule": 22.0, "tarif_gros_vehicule": 50.0, "tarif_pointe_petit": null, "pointe_matin": null, "pointe_soir": null, "sens": "Begge retninger", "regle_horaire": "Ikke timesregel", "regle_horaire_min": null}}, {"type": "Feature", "geometry": {"type": "Point", "coordinates": [10.70762, 61.16445]}, "properties": {"id": "no-peage-668061181", "country": "no", "name": "sans nom", "type": "peage", "source": "NVDB", "updated": "2026-09-10", "route": "P9203", "kommune": 3411, "categorie_station": "Bomstasjon på lokal/privat veg", "exploitant": null, "lien": null, "tarif_petit_vehicule": null, "tarif_gros_vehicule": null, "tarif_pointe_petit": null, "pointe_matin": null, "pointe_soir": null, "sens": null, "regle_horaire": null, "regle_horaire_min": null}}, {"type": "Feature", "geometry": {"type": "Point", "coordinates": [16.5432, 68.80659]}, "properties": {"id": "no-peage-710608425", "country": "no", "name": "Samasjøen", "type": "peage", "source": "NVDB", "updated": "2026-09-10", "route": "K1111", "kommune": 5503, "categorie_station": "AutoPASS bomstasjon", "exploitant": "Troms Bompengeselskap AS", "lien": "harstadpakken.no", "tarif_petit_vehicule": 20.0, "tarif_gros_vehicule": 32.0, "tarif_pointe_petit": null, "pointe_matin": null, "pointe_soir": null, "sens": "Begge retninger", "regle_horaire": "Første passering gjelder", "regle_horaire_min": 60}}, {"type": "Feature", "geometry": {"type": "Point", "coordinates": [16.56098, 68.78159]}, "properties": {"id": "no-peage-710608428", "country": "no", "name": "Steinveien", "type": "peage", "source": "NVDB", "updated": "2026-09-10", "route": "K1240", "kommune": 5503, "categorie_station": "AutoPASS bomstasjon", "exploitant": "Troms Bompengeselskap AS", "lien": "harstadpakken.no", "tarif_petit_vehicule": 20.0, "tarif_gros_vehicule": 32.0, "tarif_pointe_petit": null, "pointe_matin": null, "pointe_soir": null, "sens": "Begge retninger", "regle_horaire": "Første passering gjelder", "regle_horaire_min": 60}}, {"type": "Feature", "geometry": {"type": "Point", "coordinates": [16.56349, 68.77621]}, "properties": {"id": "no-peage-710608430", "country": "no", "name": "Rv83 Kanebogen", "type": "peage", "source": "NVDB", "updated": "2026-09-10", "route": "R83", "kommune": 5503, "categorie_station": "AutoPASS bomstasjon", "exploitant": "Troms Bompengeselskap AS", "lien": "harstadpakken.no", "tarif_petit_vehicule": 20.0, "tarif_gros_vehicule": 32.0, "tarif_pointe_petit": null, "pointe_matin": null, "pointe_soir": null, "sens": "Begge retninger", "regle_horaire": "Første passering gjelder", "regle_horaire_min": 60}}, {"type": "Feature", "geometry": {"type": "Point", "coordinates": [16.53702, 68.78241]}, "properties": {"id": "no-peage-710608431", "country": "no", "name": "Kongsveien", "type": "peage", "source": "NVDB", "updated": "2026-09-10", "route": "K1235", "kommune": 5503, "categorie_station": "AutoPASS bomstasjon", "exploitant": "Troms Bompengeselskap AS", "lien": "harstadpakken.no", "tarif_petit_vehicule": 20.0, "tarif_gros_vehicule": 32.0, "tarif_pointe_petit": null, "pointe_matin": null, "pointe_soir": null, "sens": "Begge retninger", "regle_horaire": "Første passering gjelder", "regle_horaire_min": 60}}, {"type": "Feature", "geometry": {"type": "Point", "coordinates": [9.65216, 59.16124]}, "properties": {"id": "no-peage-732290250", "country": "no", "name": "Borgestadalleen", "type": "peage", "source": "NVDB", "updated": "2026-09-10", "route": "F32", "kommune": 4003, "categorie_station": "AutoPASS bomstasjon", "exploitant": "Vegfinans Bypakke Grenland AS", "lien": "www.vegfinans.no", "tarif_petit_vehicule": 21.0, "tarif_gros_vehicule": 42.0, "tarif_pointe_petit": 29.0, "pointe_matin": "07:00-09:00", "pointe_soir": "15:00-17:00", "sens": "Mot metrering", "regle_horaire": "Første passering gjelder", "regle_horaire_min": 60}}, {"type": "Feature", "geometry": {"type": "Point", "coordinates": [9.60505, 59.16219]}, "properties": {"id": "no-peage-732290251", "country": "no", "name": "Bjørntvedtvegen", "type": "peage", "source": "NVDB", "updated": "2026-09-10", "route": "F3290", "kommune": 4003, "categorie_station": "AutoPASS bomstasjon", "exploitant": "Vegfinans Bypakke Grenland AS", "lien": "www.vegfinans.no", "tarif_petit_vehicule": 21.0, "tarif_gros_vehicule": 42.0, "tarif_pointe_petit": 29.0, "pointe_matin": "07:00-09:00", "pointe_soir": "15:00-17:00", "sens": "Med metrering", "regle_horaire": "Første passering gjelder", "regle_horaire_min": 60}}, {"type": "Feature", "geometry": {"type": "Point", "coordinates": [9.63253, 59.1741]}, "properties": {"id": "no-peage-732290252", "country": "no", "name": "Menstadbrua", "type": "peage", "source": "NVDB", "updated": "2026-09-10", "route": "F32", "kommune": 4003, "categorie_station": "AutoPASS bomstasjon", "exploitant": "Vegfinans Bypakke Grenland AS", "lien": "www.vegfinans.no", "tarif_petit_vehicule": 21.0, "tarif_gros_vehicule": 42.0, "tarif_pointe_petit": 29.0, "pointe_matin": "07:00-09:00", "pointe_soir": "15:00-17:00", "sens": "Mot metrering", "regle_horaire": "Første passering gjelder", "regle_horaire_min": 60}}, {"type": "Feature", "geometry": {"type": "Point", "coordinates": [9.58794, 59.20459]}, "properties": {"id": "no-peage-732290253", "country": "no", "name": "Hesselbergs gate", "type": "peage", "source": "NVDB", "updated": "2026-09-10", "route": "F357", "kommune": 4003, "categorie_station": "AutoPASS bomstasjon", "exploitant": "Vegfinans Bypakke Grenland AS", "lien": "www.vegfinans.no", "tarif_petit_vehicule": 21.0, "tarif_gros_vehicule": 42.0, "tarif_pointe_petit": 29.0, "pointe_matin": "07:00-09:00", "pointe_soir": "15:00-17:00", "sens": "Mot metrering", "regle_horaire": "Første passering gjelder", "regle_horaire_min": 60}}, {"type": "Feature", "geometry": {"type": "Point", "coordinates": [9.58469, 59.19611]}, "properties": {"id": "no-peage-732290254", "country": "no", "name": "Elstrømbrua", "type": "peage", "source": "NVDB", "updated": "2026-09-10", "route": "F357", "kommune": 4003, "categorie_station": "AutoPASS bomstasjon", "exploitant": "Vegfinans Bypakke Grenland AS", "lien": "www.vegfinans.no", "tarif_petit_vehicule": 21.0, "tarif_gros_vehicule": 42.0, "tarif_pointe_petit": 29.0, "pointe_matin": "07:00-09:00", "pointe_soir": "15:00-17:00", "sens": "Mot metrering", "regle_horaire": "Første passering gjelder", "regle_horaire_min": 60}}, {"type": "Feature", "geometry": {"type": "Point", "coordinates": [9.68847, 59.15808]}, "properties": {"id": "no-peage-732290255", "country": "no", "name": "Sannivegen", "type": "peage", "source": "NVDB", "updated": "2026-09-10", "route": "F3268", "kommune": 4003, "categorie_station": "AutoPASS bomstasjon", "exploitant": "Vegfinans Bypakke Grenland AS", "lien": "www.vegfinans.no", "tarif_petit_vehicule": 21.0, "tarif_gros_vehicule": 42.0, "tarif_pointe_petit": 29.0, "pointe_matin": "07:00-09:00", "pointe_soir": "15:00-17:00", "sens": "Med metrering", "regle_horaire": "Første passering gjelder", "regle_horaire_min": 60}}, {"type": "Feature", "geometry": {"type": "Point", "coordinates": [9.65865, 59.15886]}, "properties": {"id": "no-peage-732290256", "country": "no", "name": "Borgestad kirke", "type": "peage", "source": "NVDB", "updated": "2026-09-10", "route": "K2825", "kommune": 4001, "categorie_station": "AutoPASS bomstasjon", "exploitant": "Vegfinans Bypakke Grenland AS", "lien": "www.vegfinans.no", "tarif_petit_vehicule": 21.0, "tarif_gros_vehicule": 42.0, "tarif_pointe_petit": 29.0, "pointe_matin": "07:00-09:00", "pointe_soir": "15:00-17:00", "sens": "Mot metrering", "regle_horaire": "Første passering gjelder", "regle_horaire_min": 60}}, {"type": "Feature", "geometry": {"type": "Point", "coordinates": [9.68199, 59.13139]}, "properties": {"id": "no-peage-732290257", "country": "no", "name": "Vallermyrene", "type": "peage", "source": "NVDB", "updated": "2026-09-10", "route": "F32", "kommune": 4001, "categorie_station": "AutoPASS bomstasjon", "exploitant": "Vegfinans Bypakke Grenland AS", "lien": "www.vegfinans.no", "tarif_petit_vehicule": 21.0, "tarif_gros_vehicule": 42.0, "tarif_pointe_petit": 29.0, "pointe_matin": "07:00-09:00", "pointe_soir": "15:00-17:00", "sens": "Mot metrering", "regle_horaire": "Første passering gjelder", "regle_horaire_min": 60}}, {"type": "Feature", "geometry": {"type": "Point", "coordinates": [9.64913, 59.12204]}, "properties": {"id": "no-peage-732290258", "country": "no", "name": "Herøyavegen", "type": "peage", "source": "NVDB", "updated": "2026-09-10", "route": "R36", "kommune": 4001, "categorie_station": "AutoPASS bomstasjon", "exploitant": "Vegfinans Bypakke Grenland AS", "lien": "www.vegfinans.no", "tarif_petit_vehicule": 21.0, "tarif_gros_vehicule": 42.0, "tarif_pointe_petit": 29.0, "pointe_matin": "07:00-09:00", "pointe_soir": "15:00-17:00", "sens": "Med metrering", "regle_horaire": "Første passering gjelder", "regle_horaire_min": 60}}, {"type": "Feature", "geometry": {"type": "Point", "coordinates": [9.6636, 59.12002]}, "properties": {"id": "no-peage-732290259", "country": "no", "name": "Deichmansgate", "type": "peage", "source": "NVDB", "updated": "2026-09-10", "route": "K1730", "kommune": 4001, "categorie_station": "AutoPASS bomstasjon", "exploitant": "Vegfinans Bypakke Grenland AS", "lien": "www.vegfinans.no", "tarif_petit_vehicule": 21.0, "tarif_gros_vehicule": 42.0, "tarif_pointe_petit": 29.0, "pointe_matin": "07:00-09:00", "pointe_soir": "15:00-17:00", "sens": "Mot metrering", "regle_horaire": "Første passering gjelder", "regle_horaire_min": 60}}, {"type": "Feature", "geometry": {"type": "Point", "coordinates": [9.64293, 59.11348]}, "properties": {"id": "no-peage-732290260", "country": "no", "name": "Fjordgata", "type": "peage", "source": "NVDB", "updated": "2026-09-10", "route": "K1970", "kommune": 4001, "categorie_station": "AutoPASS bomstasjon", "exploitant": "Vegfinans Bypakke Grenland AS", "lien": "www.vegfinans.no", "tarif_petit_vehicule": 21.0, "tarif_gros_vehicule": 42.0, "tarif_pointe_petit": 29.0, "pointe_matin": "07:00-09:00", "pointe_soir": "15:00-17:00", "sens": "Med metrering", "regle_horaire": "Første passering gjelder", "regle_horaire_min": 60}}, {"type": "Feature", "geometry": {"type": "Point", "coordinates": [9.63569, 59.15903]}, "properties": {"id": "no-peage-732290261", "country": "no", "name": "Lensmannsdalen", "type": "peage", "source": "NVDB", "updated": "2026-09-10", "route": "R36", "kommune": 4003, "categorie_station": "AutoPASS bomstasjon", "exploitant": "Vegfinans Bypakke Grenland AS", "lien": "www.vegfinans.no", "tarif_petit_vehicule": 21.0, "tarif_gros_vehicule": 42.0, "tarif_pointe_petit": 29.0, "pointe_matin": "07:00-09:00", "pointe_soir": "15:00-17:00", "sens": "Med metrering", "regle_horaire": "Første passering gjelder", "regle_horaire_min": 60}}, {"type": "Feature", "geometry": {"type": "Point", "coordinates": [9.61064, 59.19841]}, "properties": {"id": "no-peage-732290262", "country": "no", "name": "Klostergata", "type": "peage", "source": "NVDB", "updated": "2026-09-10", "route": "F59", "kommune": 4003, "categorie_station": "AutoPASS bomstasjon", "exploitant": "Vegfinans Bypakke Grenland AS", "lien": "www.vegfinans.no", "tarif_petit_vehicule": 21.0, "tarif_gros_vehicule": 42.0, "tarif_pointe_petit": 29.0, "pointe_matin": "07:00-09:00", "pointe_soir": "15:00-17:00", "sens": "Med metrering", "regle_horaire": "Første passering gjelder", "regle_horaire_min": 60}}, {"type": "Feature", "geometry": {"type": "Point", "coordinates": [5.84932, 61.45846]}, "properties": {"id": "no-peage-738960537", "country": "no", "name": "Rv 5 Kletten (Øyrane)", "type": "peage", "source": "NVDB", "updated": "2026-09-10", "route": "R5", "kommune": 4647, "categorie_station": "AutoPASS bomstasjon", "exploitant": "Ferde AS - Førdepakken", "lien": "www.fordepakken.no", "tarif_petit_vehicule": 45.0, "tarif_gros_vehicule": 83.0, "tarif_pointe_petit": null, "pointe_matin": null, "pointe_soir": null, "sens": "Mot metrering", "regle_horaire": "Første passering gjelder", "regle_horaire_min": 60}}, {"type": "Feature", "geometry": {"type": "Point", "coordinates": [5.84819, 61.45045]}, "properties": {"id": "no-peage-738960538", "country": "no", "name": "E39 Bakkebøvegen (Førde vest)", "type": "peage", "source": "NVDB", "updated": "2026-09-10", "route": "E39", "kommune": 4647, "categorie_station": "AutoPASS bomstasjon", "exploitant": "Ferde AS - Førdepakken", "lien": "www.fordepakken.no", "tarif_petit_vehicule": 45.0, "tarif_gros_vehicule": 83.0, "tarif_pointe_petit": null, "pointe_matin": null, "pointe_soir": null, "sens": "Mot metrering", "regle_horaire": "Første passering gjelder", "regle_horaire_min": 60}}, {"type": "Feature", "geometry": {"type": "Point", "coordinates": [5.89777, 61.44324]}, "properties": {"id": "no-peage-738960539", "country": "no", "name": "E39 Bruland (Førde Aust)", "type": "peage", "source": "NVDB", "updated": "2026-09-10", "route": "E39", "kommune": 4647, "categorie_station": "AutoPASS bomstasjon", "exploitant": "Ferde AS - Førdepakken", "lien": "www.fordepakken.no", "tarif_petit_vehicule": 45.0, "tarif_gros_vehicule": 83.0, "tarif_pointe_petit": null, "pointe_matin": null, "pointe_soir": null, "sens": "Med metrering", "regle_horaire": "Første passering gjelder", "regle_horaire_min": 60}}, {"type": "Feature", "geometry": {"type": "Point", "coordinates": [5.87421, 61.45469]}, "properties": {"id": "no-peage-738960540", "country": "no", "name": "Fv 481 Presteholten (Angedalsvegen)", "type": "peage", "source": "NVDB", "updated": "2026-09-10", "route": "F601", "kommune": 4647, "categorie_station": "AutoPASS bomstasjon", "exploitant": "Ferde AS - Førdepakken", "lien": "www.fordepakken.no", "tarif_petit_vehicule": 45.0, "tarif_gros_vehicule": 83.0, "tarif_pointe_petit": null, "pointe_matin": null, "pointe_soir": null, "sens": "Mot metrering", "regle_horaire": "Første passering gjelder", "regle_horaire_min": 60}}, {"type": "Feature", "geometry": {"type": "Point", "coordinates": [5.89015, 61.45073]}, "properties": {"id": "no-peage-738960541", "country": "no", "name": "Fv 484 Brulandsvellene (Vievegen)", "type": "peage", "source": "NVDB", "updated": "2026-09-10", "route": "F600", "kommune": 4647, "categorie_station": "AutoPASS bomstasjon", "exploitant": "Ferde AS - Førdepakken", "lien": "www.fordepakken.no", "tarif_petit_vehicule": 45.0, "tarif_gros_vehicule": 83.0, "tarif_pointe_petit": null, "pointe_matin": null, "pointe_soir": null, "sens": "Mot metrering", "regle_horaire": "Første passering gjelder", "regle_horaire_min": 60}}, {"type": "Feature", "geometry": {"type": "Point", "coordinates": [9.59541, 61.66447]}, "properties": {"id": "no-peage-748753675", "country": "no", "name": "E6 Bjørkerusten", "type": "peage", "source": "NVDB", "updated": "2026-09-10", "route": "E6", "kommune": 3436, "categorie_station": "AutoPASS bomstasjon", "exploitant": "Vegfinans E6 Ringebu-Otta AS", "lien": "www.vegfinans.no", "tarif_petit_vehicule": 19.0, "tarif_gros_vehicule": 38.0, "tarif_pointe_petit": null, "pointe_matin": null, "pointe_soir": null, "sens": "Begge retninger", "regle_horaire": "Ikke timesregel", "regle_horaire_min": null}}, {"type": "Feature", "geometry": {"type": "Point", "coordinates": [9.70894, 61.6245]}, "properties": {"id": "no-peage-748753676", "country": "no", "name": "E6 Teigkampen", "type": "peage", "source": "NVDB", "updated": "2026-09-10", "route": "E6", "kommune": 3436, "categorie_station": "AutoPASS bomstasjon", "exploitant": "Vegfinans E6 Ringebu-Otta AS", "lien": "www.vegfinans.no", "tarif_petit_vehicule": 40.0, "tarif_gros_vehicule": 80.0, "tarif_pointe_petit": null, "pointe_matin": null, "pointe_soir": null, "sens": "Begge retninger", "regle_horaire": "Ikke timesregel", "regle_horaire_min": null}}, {"type": "Feature", "geometry": {"type": "Point", "coordinates": [9.82293, 61.57641]}, "properties": {"id": "no-peage-748753677", "country": "no", "name": "E6 Hardvollsmorka", "type": "peage", "source": "NVDB", "updated": "2026-09-10", "route": "E6", "kommune": 3438, "categorie_station": "AutoPASS bomstasjon", "exploitant": "Vegfinans E6 Ringebu-Otta AS", "lien": "www.vegfinans.no", "tarif_petit_vehicule": 29.0, "tarif_gros_vehicule": 58.0, "tarif_pointe_petit": null, "pointe_matin": null, "pointe_soir": null, "sens": "Begge retninger", "regle_horaire": "Ikke timesregel", "regle_horaire_min": null}}, {"type": "Feature", "geometry": {"type": "Point", "coordinates": [9.92727, 61.5608]}, "properties": {"id": "no-peage-748753678", "country": "no", "name": "E6 Odenrud", "type": "peage", "source": "NVDB", "updated": "2026-09-10", "route": "E6", "kommune": 3438, "categorie_station": "AutoPASS bomstasjon", "exploitant": "Vegfinans E6 Ringebu-Otta AS", "lien": "www.vegfinans.no", "tarif_petit_vehicule": 43.0, "tarif_gros_vehicule": 86.0, "tarif_pointe_petit": null, "pointe_matin": null, "pointe_soir": null, "sens": "Begge retninger", "regle_horaire": "Ikke timesregel", "regle_horaire_min": null}}, {"type": "Feature", "geometry": {"type": "Point", "coordinates": [16.56252, 68.78011]}, "properties": {"id": "no-peage-759190581", "country": "no", "name": "Skaunveien", "type": "peage", "source": "NVDB", "updated": "2026-09-10", "route": "K1458", "kommune": 5503, "categorie_station": "AutoPASS bomstasjon", "exploitant": "Troms Bompengeselskap AS", "lien": "harstadpakken.no", "tarif_petit_vehicule": 20.0, "tarif_gros_vehicule": 32.0, "tarif_pointe_petit": null, "pointe_matin": null, "pointe_soir": null, "sens": "Begge retninger", "regle_horaire": "Første passering gjelder", "regle_horaire_min": 60}}, {"type": "Feature", "geometry": {"type": "Point", "coordinates": [9.5586, 61.67284]}, "properties": {"id": "no-peage-759748095", "country": "no", "name": "Fv. 312 Moastugu", "type": "peage", "source": "NVDB", "updated": "2026-09-10", "route": "F2522", "kommune": 3437, "categorie_station": "AutoPASS bomstasjon", "exploitant": "Vegfinans E6 Ringebu-Otta AS", "lien": "www.vegfinans.no", "tarif_petit_vehicule": 14.0, "tarif_gros_vehicule": 28.0, "tarif_pointe_petit": null, "pointe_matin": null, "pointe_soir": null, "sens": "Begge retninger", "regle_horaire": "Ikke timesregel", "regle_horaire_min": null}}, {"type": "Feature", "geometry": {"type": "Point", "coordinates": [9.82068, 61.58557]}, "properties": {"id": "no-peage-759748096", "country": "no", "name": "Fv. 312 Hesteskobakken", "type": "peage", "source": "NVDB", "updated": "2026-09-10", "route": "F2522", "kommune": 3436, "categorie_station": "AutoPASS bomstasjon", "exploitant": "Vegfinans E6 Ringebu-Otta AS", "lien": "www.vegfinans.no", "tarif_petit_vehicule": 22.0, "tarif_gros_vehicule": 44.0, "tarif_pointe_petit": null, "pointe_matin": null, "pointe_soir": null, "sens": "Begge retninger", "regle_horaire": "Ikke timesregel", "regle_horaire_min": null}}, {"type": "Feature", "geometry": {"type": "Point", "coordinates": [10.63262, 59.91156]}, "properties": {"id": "no-peage-760571953", "country": "no", "name": "Påkjøring E18 fra Lysakerlokket", "type": "peage", "source": "NVDB", "updated": "2026-09-10", "route": "E18", "kommune": 3201, "categorie_station": "AutoPASS bomstasjon", "exploitant": "Fjellinjen AS", "lien": "www.fjellinjen.no", "tarif_petit_vehicule": 40.0, "tarif_gros_vehicule": 113.0, "tarif_pointe_petit": 46.0, "pointe_matin": "06:30-08:59", "pointe_soir": "15:00-16:59", "sens": "Med metrering", "regle_horaire": "Første passering gjelder", "regle_horaire_min": 60}}, {"type": "Feature", "geometry": {"type": "Point", "coordinates": [10.62634, 59.90916]}, "properties": {"id": "no-peage-760571954", "country": "no", "name": "Påkjøring Granfoss fra E18", "type": "peage", "source": "NVDB", "updated": "2026-09-10", "route": "E18", "kommune": 3201, "categorie_station": "AutoPASS bomstasjon", "exploitant": "Fjellinjen AS", "lien": "www.fjellinjen.no", "tarif_petit_vehicule": 42.0, "tarif_gros_vehicule": 161.0, "tarif_pointe_petit": 50.0, "pointe_matin": "06:30-08:59", "pointe_soir": "15:00-16:59", "sens": "Med metrering", "regle_horaire": "Første passering gjelder", "regle_horaire_min": 60}}, {"type": "Feature", "geometry": {"type": "Point", "coordinates": [10.721, 59.94654]}, "properties": {"id": "no-peage-760571978", "country": "no", "name": "Ring 3 Gaustad", "type": "peage", "source": "NVDB", "updated": "2026-09-10", "route": "R150", "kommune": 301, "categorie_station": "AutoPASS bomstasjon", "exploitant": "Fjellinjen AS", "lien": "www.fjellinjen.no", "tarif_petit_vehicule": 40.0, "tarif_gros_vehicule": 113.0, "tarif_pointe_petit": 46.0, "pointe_matin": "06:30-08:59", "pointe_soir": "15:00-16:59", "sens": "Med metrering", "regle_horaire": "Første passering gjelder", "regle_horaire_min": 60}}, {"type": "Feature", "geometry": {"type": "Point", "coordinates": [10.44005, 63.40885]}, "properties": {"id": "no-peage-760759639", "country": "no", "name": "Moholt, O-snitt, rampe 1", "type": "peage", "source": "NVDB", "updated": "2026-09-10", "route": "E6", "kommune": 5001, "categorie_station": "AutoPASS bomstasjon", "exploitant": "Vegamot AS", "lien": "www.vegamot.no", "tarif_petit_vehicule": 16.0, "tarif_gros_vehicule": 38.0, "tarif_pointe_petit": 21.0, "pointe_matin": "07:00-08:59", "pointe_soir": "15:00-16:59", "sens": "Med metrering", "regle_horaire": "Første passering gjelder", "regle_horaire_min": 60}}, {"type": "Feature", "geometry": {"type": "Point", "coordinates": [10.43988, 63.40873]}, "properties": {"id": "no-peage-760759640", "country": "no", "name": "Moholt, O-snitt, rampe 2", "type": "peage", "source": "NVDB", "updated": "2026-09-10", "route": "E6", "kommune": 5001, "categorie_station": "AutoPASS bomstasjon", "exploitant": "Vegamot AS", "lien": "www.vegamot.no", "tarif_petit_vehicule": 16.0, "tarif_gros_vehicule": 38.0, "tarif_pointe_petit": 21.0, "pointe_matin": "07:00-08:59", "pointe_soir": "15:00-16:59", "sens": "Med metrering", "regle_horaire": "Første passering gjelder", "regle_horaire_min": 60}}, {"type": "Feature", "geometry": {"type": "Point", "coordinates": [10.37988, 63.3721]}, "properties": {"id": "no-peage-760759641", "country": "no", "name": "Tonstad, T-snitt, rampe 1", "type": "peage", "source": "NVDB", "updated": "2026-09-10", "route": "E6", "kommune": 5001, "categorie_station": "AutoPASS bomstasjon", "exploitant": "Vegamot AS", "lien": "www.vegamot.no", "tarif_petit_vehicule": 16.0, "tarif_gros_vehicule": 38.0, "tarif_pointe_petit": 21.0, "pointe_matin": "07:00-08:59", "pointe_soir": "15:00-16:59", "sens": "Med metrering", "regle_horaire": "Første passering gjelder", "regle_horaire_min": 60}}, {"type": "Feature", "geometry": {"type": "Point", "coordinates": [10.37684, 63.37109]}, "properties": {"id": "no-peage-760759643", "country": "no", "name": "Tonstad, T-snitt, rampe 3", "type": "peage", "source": "NVDB", "updated": "2026-09-10", "route": "E6", "kommune": 5001, "categorie_station": "AutoPASS bomstasjon", "exploitant": "Vegamot AS", "lien": "www.vegamot.no", "tarif_petit_vehicule": 16.0, "tarif_gros_vehicule": 38.0, "tarif_pointe_petit": 21.0, "pointe_matin": "07:00-08:59", "pointe_soir": "15:00-16:59", "sens": "Med metrering", "regle_horaire": "Første passering gjelder", "regle_horaire_min": 60}}, {"type": "Feature", "geometry": {"type": "Point", "coordinates": [10.58191, 60.32285]}, "properties": {"id": "no-peage-797767985", "country": "no", "name": "Fv. 16 Dynna", "type": "peage", "source": "NVDB", "updated": "2026-09-10", "route": "F2300", "kommune": 3446, "categorie_station": "AutoPASS bomstasjon", "exploitant": "Vegfinans Rv4 Oppland AS", "lien": "www.vegfinans.no", "tarif_petit_vehicule": 55.0, "tarif_gros_vehicule": 110.0, "tarif_pointe_petit": null, "pointe_matin": null, "pointe_soir": null, "sens": "Begge retninger", "regle_horaire": "Ikke timesregel", "regle_horaire_min": null}}, {"type": "Feature", "geometry": {"type": "Point", "coordinates": [10.57801, 60.3257]}, "properties": {"id": "no-peage-797768107", "country": "no", "name": "Rv. 4 Dynna", "type": "peage", "source": "NVDB", "updated": "2026-09-10", "route": "R4", "kommune": 3446, "categorie_station": "AutoPASS bomstasjon", "exploitant": "Vegfinans Rv4 Oppland AS", "lien": "www.vegfinans.no", "tarif_petit_vehicule": 55.0, "tarif_gros_vehicule": 110.0, "tarif_pointe_petit": null, "pointe_matin": null, "pointe_soir": null, "sens": "Begge retninger", "regle_horaire": "Ikke timesregel", "regle_horaire_min": null}}, {"type": "Feature", "geometry": {"type": "Point", "coordinates": [13.88613, 66.23159]}, "properties": {"id": "no-peage-815568211", "country": "no", "name": "E6 Skamdal", "type": "peage", "source": "NVDB", "updated": "2026-09-10", "route": "E6", "kommune": 1833, "categorie_station": "AutoPASS bomstasjon", "exploitant": "BPS Nord - Nordland Bompengeselskap AS", "lien": "www.e6helgeland.no", "tarif_petit_vehicule": 13.0, "tarif_gros_vehicule": 32.0, "tarif_pointe_petit": null, "pointe_matin": null, "pointe_soir": null, "sens": "Begge retninger", "regle_horaire": "Ikke timesregel", "regle_horaire_min": null}}, {"type": "Feature", "geometry": {"type": "Point", "coordinates": [13.26263, 65.89114]}, "properties": {"id": "no-peage-825044261", "country": "no", "name": "Forsmo - eksisterende E6", "type": "peage", "source": "NVDB", "updated": "2026-09-10", "route": "F7327", "kommune": 1824, "categorie_station": "AutoPASS bomstasjon", "exploitant": "BPS Nord - Nordland Bompengeselskap AS", "lien": "www.e6helgeland.no", "tarif_petit_vehicule": 26.0, "tarif_gros_vehicule": 63.0, "tarif_pointe_petit": null, "pointe_matin": null, "pointe_soir": null, "sens": "Begge retninger", "regle_horaire": "Ikke timesregel", "regle_horaire_min": null}}, {"type": "Feature", "geometry": {"type": "Point", "coordinates": [13.26862, 65.66503]}, "properties": {"id": "no-peage-843277255", "country": "no", "name": "Grane - Vefsn", "type": "peage", "source": "NVDB", "updated": "2026-09-10", "route": "E6", "kommune": 1825, "categorie_station": "AutoPASS bomstasjon", "exploitant": "BPS Nord - Nordland Bompengeselskap AS", "lien": "www.e6helgeland.no", "tarif_petit_vehicule": 31.0, "tarif_gros_vehicule": 76.0, "tarif_pointe_petit": null, "pointe_matin": null, "pointe_soir": null, "sens": "Begge retninger", "regle_horaire": "Ikke timesregel", "regle_horaire_min": null}}, {"type": "Feature", "geometry": {"type": "Point", "coordinates": [16.53339, 68.80562]}, "properties": {"id": "no-peage-846279712", "country": "no", "name": "Skolegata", "type": "peage", "source": "NVDB", "updated": "2026-09-10", "route": "R83", "kommune": 5503, "categorie_station": "AutoPASS bomstasjon", "exploitant": "Troms Bompengeselskap AS", "lien": "harstadpakken.no", "tarif_petit_vehicule": 20.0, "tarif_gros_vehicule": 32.0, "tarif_pointe_petit": null, "pointe_matin": null, "pointe_soir": null, "sens": "Begge retninger", "regle_horaire": "Første passering gjelder", "regle_horaire_min": 60}}, {"type": "Feature", "geometry": {"type": "Point", "coordinates": [10.05654, 59.08305]}, "properties": {"id": "no-peage-854853551", "country": "no", "name": "E18 Bommestad", "type": "peage", "source": "NVDB", "updated": "2026-09-10", "route": "E18", "kommune": 3909, "categorie_station": "AutoPASS bomstasjon", "exploitant": "Vegfinans E18 Vestfold AS", "lien": "www.vegfinans.no", "tarif_petit_vehicule": 11.0, "tarif_gros_vehicule": 16.0, "tarif_pointe_petit": null, "pointe_matin": null, "pointe_soir": null, "sens": "Begge retninger", "regle_horaire": "Ikke timesregel", "regle_horaire_min": null}}, {"type": "Feature", "geometry": {"type": "Point", "coordinates": [9.23029, 59.32777]}, "properties": {"id": "no-peage-903789524", "country": "no", "name": "Rv. 36 Ullevik", "type": "peage", "source": "NVDB", "updated": "2026-09-10", "route": "R36", "kommune": 4018, "categorie_station": "AutoPASS bomstasjon", "exploitant": "Vegfinans Rv36 Telemark AS", "lien": "www.vegfinans.no", "tarif_petit_vehicule": 30.0, "tarif_gros_vehicule": 77.0, "tarif_pointe_petit": null, "pointe_matin": null, "pointe_soir": null, "sens": "Begge retninger", "regle_horaire": "Ikke timesregel", "regle_horaire_min": null}}, {"type": "Feature", "geometry": {"type": "Point", "coordinates": [5.62784, 58.8888]}, "properties": {"id": "no-peage-906727232", "country": "no", "name": "Fv. 509 Flyplassveien, mot Sørvest - Sola flyplass", "type": "peage", "source": "NVDB", "updated": "2026-09-10", "route": "R509", "kommune": 1124, "categorie_station": "AutoPASS bomstasjon", "exploitant": "Ferde AS - Bymiljøpakken Nord Jæren", "lien": "https://ferde.no", "tarif_petit_vehicule": 30.0, "tarif_gros_vehicule": 76.0, "tarif_pointe_petit": null, "pointe_matin": null, "pointe_soir": null, "sens": "Med metrering", "regle_horaire": "Første passering gjelder", "regle_horaire_min": 60}}, {"type": "Feature", "geometry": {"type": "Point", "coordinates": [5.61768, 58.88458]}, "properties": {"id": "no-peage-906727233", "country": "no", "name": "Fv. 374 Nordsjøveien, mot Nord - Sola flyplass", "type": "peage", "source": "NVDB", "updated": "2026-09-10", "route": "F4524", "kommune": 1124, "categorie_station": "AutoPASS bomstasjon", "exploitant": "Ferde AS - Bymiljøpakken Nord Jæren", "lien": "https://ferde.no", "tarif_petit_vehicule": 30.0, "tarif_gros_vehicule": 76.0, "tarif_pointe_petit": null, "pointe_matin": null, "pointe_soir": null, "sens": "Med metrering", "regle_horaire": "Første passering gjelder", "regle_horaire_min": 60}}, {"type": "Feature", "geometry": {"type": "Point", "coordinates": [5.74983, 58.85281]}, "properties": {"id": "no-peage-906727234", "country": "no", "name": "Fv. 332 Hanaveien, mot Sør - Sandnes sentrum", "type": "peage", "source": "NVDB", "updated": "2026-09-10", "route": "F4492", "kommune": 1108, "categorie_station": "AutoPASS bomstasjon", "exploitant": "Ferde AS - Bymiljøpakken Nord Jæren", "lien": "https://ferde.no", "tarif_petit_vehicule": 30.0, "tarif_gros_vehicule": 76.0, "tarif_pointe_petit": null, "pointe_matin": null, "pointe_soir": null, "sens": "Mot metrering", "regle_horaire": "Første passering gjelder", "regle_horaire_min": 60}}, {"type": "Feature", "geometry": {"type": "Point", "coordinates": [5.75389, 58.84632]}, "properties": {"id": "no-peage-906727235", "country": "no", "name": "Fv. 323 Austråttveien, mot Vest - Sandnes sentrum", "type": "peage", "source": "NVDB", "updated": "2026-09-10", "route": "F4488", "kommune": 1108, "categorie_station": "AutoPASS bomstasjon", "exploitant": "Ferde AS - Bymiljøpakken Nord Jæren", "lien": "https://ferde.no", "tarif_petit_vehicule": 30.0, "tarif_gros_vehicule": 76.0, "tarif_pointe_petit": null, "pointe_matin": null, "pointe_soir": null, "sens": "Mot metrering", "regle_horaire": "Første passering gjelder", "regle_horaire_min": 60}}, {"type": "Feature", "geometry": {"type": "Point", "coordinates": [5.74058, 58.8401]}, "properties": {"id": "no-peage-906727236", "country": "no", "name": "Fv. 334 Gml Ålgårdsvn, mot Nord - Sandnes sentrum", "type": "peage", "source": "NVDB", "updated": "2026-09-10", "route": "F334", "kommune": 1108, "categorie_station": "AutoPASS bomstasjon", "exploitant": "Ferde AS - Bymiljøpakken Nord Jæren", "lien": "https://ferde.no", "tarif_petit_vehicule": 30.0, "tarif_gros_vehicule": 76.0, "tarif_pointe_petit": null, "pointe_matin": null, "pointe_soir": null, "sens": "Mot metrering", "regle_horaire": "Første passering gjelder", "regle_horaire_min": 60}}, {"type": "Feature", "geometry": {"type": "Point", "coordinates": [5.73357, 58.83877]}, "properties": {"id": "no-peage-906727237", "country": "no", "name": "Fv. 330 Hoveveien, mot Nord - Sandnes sentrum", "type": "peage", "source": "NVDB", "updated": "2026-09-10", "route": "F4490", "kommune": 1108, "categorie_station": "AutoPASS bomstasjon", "exploitant": "Ferde AS - Bymiljøpakken Nord Jæren", "lien": "https://ferde.no", "tarif_petit_vehicule": 30.0, "tarif_gros_vehicule": 76.0, "tarif_pointe_petit": null, "pointe_matin": null, "pointe_soir": null, "sens": "Med metrering", "regle_horaire": "Første passering gjelder", "regle_horaire_min": 60}}, {"type": "Feature", "geometry": {"type": "Point", "coordinates": [5.72672, 58.8424]}, "properties": {"id": "no-peage-906727238", "country": "no", "name": "Fv. 325 Jærveien, mot Nord - Sandnes sentrum", "type": "peage", "source": "NVDB", "updated": "2026-09-10", "route": "F44", "kommune": 1108, "categorie_station": "AutoPASS bomstasjon", "exploitant": "Ferde AS - Bymiljøpakken Nord Jæren", "lien": "https://ferde.no", "tarif_petit_vehicule": 30.0, "tarif_gros_vehicule": 76.0, "tarif_pointe_petit": null, "pointe_matin": null, "pointe_soir": null, "sens": "Med metrering", "regle_horaire": "Første passering gjelder", "regle_horaire_min": 60}}, {"type": "Feature", "geometry": {"type": "Point", "coordinates": [5.71618, 58.8468]}, "properties": {"id": "no-peage-906727239", "country": "no", "name": "Fv. 241 Heigreveien, mot Nordøst - Sandnes sentrum", "type": "peage", "source": "NVDB", "updated": "2026-09-10", "route": "F4476", "kommune": 1108, "categorie_station": "AutoPASS bomstasjon", "exploitant": "Ferde AS - Bymiljøpakken Nord Jæren", "lien": "https://ferde.no", "tarif_petit_vehicule": 30.0, "tarif_gros_vehicule": 76.0, "tarif_pointe_petit": null, "pointe_matin": null, "pointe_soir": null, "sens": "Med metrering", "regle_horaire": "Første passering gjelder", "regle_horaire_min": 60}}, {"type": "Feature", "geometry": {"type": "Point", "coordinates": [5.71504, 58.85517]}, "properties": {"id": "no-peage-906727240", "country": "no", "name": "Fv. 509 Oalsgata, mot Sørøst - Sandnes sentrum", "type": "peage", "source": "NVDB", "updated": "2026-09-10", "route": "F334", "kommune": 1108, "categorie_station": "AutoPASS bomstasjon", "exploitant": "Ferde AS - Bymiljøpakken Nord Jæren", "lien": "https://ferde.no", "tarif_petit_vehicule": 30.0, "tarif_gros_vehicule": 76.0, "tarif_pointe_petit": null, "pointe_matin": null, "pointe_soir": null, "sens": "Med metrering", "regle_horaire": "Første passering gjelder", "regle_horaire_min": 60}}, {"type": "Feature", "geometry": {"type": "Point", "coordinates": [5.72691, 58.86935]}, "properties": {"id": "no-peage-906727241", "country": "no", "name": "Dyre Vaas vei, mot Sør - Sandnes sentrum", "type": "peage", "source": "NVDB", "updated": "2026-09-10", "route": "K6100", "kommune": 1108, "categorie_station": "AutoPASS bomstasjon", "exploitant": "Ferde AS - Bymiljøpakken Nord Jæren", "lien": "https://ferde.no", "tarif_petit_vehicule": 30.0, "tarif_gros_vehicule": 76.0, "tarif_pointe_petit": null, "pointe_matin": null, "pointe_soir": null, "sens": "Med metrering", "regle_horaire": "Første passering gjelder", "regle_horaire_min": 60}}, {"type": "Feature", "geometry": {"type": "Point", "coordinates": [5.7402, 58.87053]}, "properties": {"id": "no-peage-906727242", "country": "no", "name": "Roald Amundsensgate, mot Sør - Sandnes sentrum", "type": "peage", "source": "NVDB", "updated": "2026-09-10", "route": "K24300", "kommune": 1108, "categorie_station": "AutoPASS bomstasjon", "exploitant": "Ferde AS - Bymiljøpakken Nord Jæren", "lien": "https://ferde.no", "tarif_petit_vehicule": 30.0, "tarif_gros_vehicule": 76.0, "tarif_pointe_petit": null, "pointe_matin": null, "pointe_soir": null, "sens": "Mot metrering", "regle_horaire": "Første passering gjelder", "regle_horaire_min": 60}}, {"type": "Feature", "geometry": {"type": "Point", "coordinates": [5.74393, 58.86995]}, "properties": {"id": "no-peage-906727243", "country": "no", "name": "Fv. 44 Strandgata, mot Sør - Sandnes sentrum", "type": "peage", "source": "NVDB", "updated": "2026-09-10", "route": "F44", "kommune": 1108, "categorie_station": "AutoPASS bomstasjon", "exploitant": "Ferde AS - Bymiljøpakken Nord Jæren", "lien": "https://ferde.no", "tarif_petit_vehicule": 30.0, "tarif_gros_vehicule": 76.0, "tarif_pointe_petit": null, "pointe_matin": null, "pointe_soir": null, "sens": "Mot metrering", "regle_horaire": "Første passering gjelder", "regle_horaire_min": 60}}, {"type": "Feature", "geometry": {"type": "Point", "coordinates": [5.71801, 58.88221]}, "properties": {"id": "no-peage-906727246", "country": "no", "name": "E 39 Stokkamyra, mot Nord - Forus", "type": "peage", "source": "NVDB", "updated": "2026-09-10", "route": "E39", "kommune": 1108, "categorie_station": "AutoPASS bomstasjon", "exploitant": "Ferde AS - Bymiljøpakken Nord Jæren", "lien": "https://ferde.no", "tarif_petit_vehicule": 30.0, "tarif_gros_vehicule": 76.0, "tarif_pointe_petit": null, "pointe_matin": null, "pointe_soir": null, "sens": "Mot metrering", "regle_horaire": "Første passering gjelder", "regle_horaire_min": 60}}, {"type": "Feature", "geometry": {"type": "Point", "coordinates": [5.69307, 58.88373]}, "properties": {"id": "no-peage-906727247", "country": "no", "name": "Fv. 443 Forusbeen, mot Øst - Forus", "type": "peage", "source": "NVDB", "updated": "2026-09-10", "route": "F4526", "kommune": 1108, "categorie_station": "AutoPASS bomstasjon", "exploitant": "Ferde AS - Bymiljøpakken Nord Jæren", "lien": "https://ferde.no", "tarif_petit_vehicule": 30.0, "tarif_gros_vehicule": 76.0, "tarif_pointe_petit": null, "pointe_matin": null, "pointe_soir": null, "sens": "Mot metrering", "regle_horaire": "Første passering gjelder", "regle_horaire_min": 60}}, {"type": "Feature", "geometry": {"type": "Point", "coordinates": [5.67904, 58.89324]}, "properties": {"id": "no-peage-906727248", "country": "no", "name": "Åsenveien, mot Øst - Forus", "type": "peage", "source": "NVDB", "updated": "2026-09-10", "route": "K8735", "kommune": 1124, "categorie_station": "AutoPASS bomstasjon", "exploitant": "Ferde AS - Bymiljøpakken Nord Jæren", "lien": "https://ferde.no", "tarif_petit_vehicule": 30.0, "tarif_gros_vehicule": 76.0, "tarif_pointe_petit": null, "pointe_matin": null, "pointe_soir": null, "sens": "Med metrering", "regle_horaire": "Første passering gjelder", "regle_horaire_min": 60}}, {"type": "Feature", "geometry": {"type": "Point", "coordinates": [5.67736, 58.89583]}, "properties": {"id": "no-peage-906727249", "country": "no", "name": "Røynebergveien, mot Sørøst - Forus", "type": "peage", "source": "NVDB", "updated": "2026-09-10", "route": "K5680", "kommune": 1124, "categorie_station": "AutoPASS bomstasjon", "exploitant": "Ferde AS - Bymiljøpakken Nord Jæren", "lien": "https://ferde.no", "tarif_petit_vehicule": 30.0, "tarif_gros_vehicule": 76.0, "tarif_pointe_petit": null, "pointe_matin": null, "pointe_soir": null, "sens": "Mot metrering", "regle_horaire": "Første passering gjelder", "regle_horaire_min": 60}}, {"type": "Feature", "geometry": {"type": "Point", "coordinates": [5.69449, 58.90456]}, "properties": {"id": "no-peage-906727250", "country": "no", "name": "Moseidsletta, mot Øst - Forus", "type": "peage", "source": "NVDB", "updated": "2026-09-10", "route": "K9999", "kommune": 1124, "categorie_station": "AutoPASS bomstasjon", "exploitant": "Ferde AS - Bymiljøpakken Nord Jæren", "lien": "https://ferde.no", "tarif_petit_vehicule": 30.0, "tarif_gros_vehicule": 76.0, "tarif_pointe_petit": null, "pointe_matin": null, "pointe_soir": null, "sens": "Mot metrering", "regle_horaire": "Første passering gjelder", "regle_horaire_min": 60}}, {"type": "Feature", "geometry": {"type": "Point", "coordinates": [5.70075, 58.90585]}, "properties": {"id": "no-peage-906727251", "country": "no", "name": "E 39 Refsnesveien, mot Sørøst - Forus", "type": "peage", "source": "NVDB", "updated": "2026-09-10", "route": "E39", "kommune": 1103, "categorie_station": "AutoPASS bomstasjon", "exploitant": "Ferde AS - Bymiljøpakken Nord Jæren", "lien": "https://ferde.no", "tarif_petit_vehicule": 30.0, "tarif_gros_vehicule": 76.0, "tarif_pointe_petit": null, "pointe_matin": null, "pointe_soir": null, "sens": "Med metrering", "regle_horaire": "Første passering gjelder", "regle_horaire_min": 60}}, {"type": "Feature", "geometry": {"type": "Point", "coordinates": [5.74272, 58.88519]}, "properties": {"id": "no-peage-906727253", "country": "no", "name": "Fv. 314 Gamleveien, mot Nord - Forus", "type": "peage", "source": "NVDB", "updated": "2026-09-10", "route": "F4536", "kommune": 1108, "categorie_station": "AutoPASS bomstasjon", "exploitant": "Ferde AS - Bymiljøpakken Nord Jæren", "lien": "https://ferde.no", "tarif_petit_vehicule": 30.0, "tarif_gros_vehicule": 76.0, "tarif_pointe_petit": null, "pointe_matin": null, "pointe_soir": null, "sens": "Med metrering", "regle_horaire": "Første passering gjelder", "regle_horaire_min": 60}}, {"type": "Feature", "geometry": {"type": "Point", "coordinates": [5.60421, 58.91524]}, "properties": {"id": "no-peage-906727254", "country": "no", "name": "Rv. 509 Tanangerveien, mot Sør - Sola", "type": "peage", "source": "NVDB", "updated": "2026-09-10", "route": "R509", "kommune": 1124, "categorie_station": "AutoPASS bomstasjon", "exploitant": "Ferde AS - Bymiljøpakken Nord Jæren", "lien": "https://ferde.no", "tarif_petit_vehicule": 30.0, "tarif_gros_vehicule": 76.0, "tarif_pointe_petit": null, "pointe_matin": null, "pointe_soir": null, "sens": "Mot metrering", "regle_horaire": "Første passering gjelder", "regle_horaire_min": 60}}, {"type": "Feature", "geometry": {"type": "Point", "coordinates": [5.6081, 58.95533]}, "properties": {"id": "no-peage-906727255", "country": "no", "name": "Rv. 509 Jåsund, mot Nord - Kvernavik", "type": "peage", "source": "NVDB", "updated": "2026-09-10", "route": "F441", "kommune": 1124, "categorie_station": "AutoPASS bomstasjon", "exploitant": "Ferde AS - Bymiljøpakken Nord Jæren", "lien": "https://ferde.no", "tarif_petit_vehicule": 30.0, "tarif_gros_vehicule": 76.0, "tarif_pointe_petit": null, "pointe_matin": null, "pointe_soir": null, "sens": "Med metrering", "regle_horaire": "Første passering gjelder", "regle_horaire_min": 60}}, {"type": "Feature", "geometry": {"type": "Point", "coordinates": [5.61337, 58.97526]}, "properties": {"id": "no-peage-906727256", "country": "no", "name": "Fv. 409 Kvernevikveien, mot Sør - Ytre snitt nord", "type": "peage", "source": "NVDB", "updated": "2026-09-10", "route": "F4560", "kommune": 1103, "categorie_station": "AutoPASS bomstasjon", "exploitant": "Ferde AS - Bymiljøpakken Nord Jæren", "lien": "https://ferde.no", "tarif_petit_vehicule": 30.0, "tarif_gros_vehicule": 76.0, "tarif_pointe_petit": null, "pointe_matin": null, "pointe_soir": null, "sens": "Mot metrering", "regle_horaire": "Første passering gjelder", "regle_horaire_min": 60}}, {"type": "Feature", "geometry": {"type": "Point", "coordinates": [5.67245, 58.98351]}, "properties": {"id": "no-peage-906727257", "country": "no", "name": "E 39 Tastatorget, mot Øst - Ytre snitt nord", "type": "peage", "source": "NVDB", "updated": "2026-09-10", "route": "E39", "kommune": 1103, "categorie_station": "AutoPASS bomstasjon", "exploitant": "Ferde AS - Bymiljøpakken Nord Jæren", "lien": "https://ferde.no", "tarif_petit_vehicule": 30.0, "tarif_gros_vehicule": 76.0, "tarif_pointe_petit": null, "pointe_matin": null, "pointe_soir": null, "sens": "Med metrering", "regle_horaire": "Første passering gjelder", "regle_horaire_min": 60}}, {"type": "Feature", "geometry": {"type": "Point", "coordinates": [5.65632, 58.9961]}, "properties": {"id": "no-peage-906727258", "country": "no", "name": "Fv. 413 Finnestadgeilen, mot Øst - Ytre snitt nord", "type": "peage", "source": "NVDB", "updated": "2026-09-10", "route": "F4588", "kommune": 1103, "categorie_station": "AutoPASS bomstasjon", "exploitant": "Ferde AS - Bymiljøpakken Nord Jæren", "lien": "https://ferde.no", "tarif_petit_vehicule": 30.0, "tarif_gros_vehicule": 76.0, "tarif_pointe_petit": null, "pointe_matin": null, "pointe_soir": null, "sens": "Mot metrering", "regle_horaire": "Første passering gjelder", "regle_horaire_min": 60}}, {"type": "Feature", "geometry": {"type": "Point", "coordinates": [5.7161, 58.97801]}, "properties": {"id": "no-peage-906727259", "country": "no", "name": "Fv. 411 Tastagata, mot Sør - Stavanger sentrum", "type": "peage", "source": "NVDB", "updated": "2026-09-10", "route": "F4584", "kommune": 1103, "categorie_station": "AutoPASS bomstasjon", "exploitant": "Ferde AS - Bymiljøpakken Nord Jæren", "lien": "https://ferde.no", "tarif_petit_vehicule": 30.0, "tarif_gros_vehicule": 76.0, "tarif_pointe_petit": null, "pointe_matin": null, "pointe_soir": null, "sens": "Mot metrering", "regle_horaire": "Første passering gjelder", "regle_horaire_min": 60}}, {"type": "Feature", "geometry": {"type": "Point", "coordinates": [5.71048, 58.97544]}, "properties": {"id": "no-peage-906727260", "country": "no", "name": "Fv. 446 Randabergveien, mot Sør - Stav. sentrum", "type": "peage", "source": "NVDB", "updated": "2026-09-10", "route": "F4570", "kommune": 1103, "categorie_station": "AutoPASS bomstasjon", "exploitant": "Ferde AS - Bymiljøpakken Nord Jæren", "lien": "https://ferde.no", "tarif_petit_vehicule": 30.0, "tarif_gros_vehicule": 76.0, "tarif_pointe_petit": null, "pointe_matin": null, "pointe_soir": null, "sens": "Mot metrering", "regle_horaire": "Første passering gjelder", "regle_horaire_min": 60}}, {"type": "Feature", "geometry": {"type": "Point", "coordinates": [5.71185, 58.97661]}, "properties": {"id": "no-peage-906727261", "country": "no", "name": "Christian Bjellandsgate, mot Sør - Stav. sentrum", "type": "peage", "source": "NVDB", "updated": "2026-09-10", "route": "K1161", "kommune": 1103, "categorie_station": "AutoPASS bomstasjon", "exploitant": "Ferde AS - Bymiljøpakken Nord Jæren", "lien": "https://ferde.no", "tarif_petit_vehicule": 30.0, "tarif_gros_vehicule": 76.0, "tarif_pointe_petit": null, "pointe_matin": null, "pointe_soir": null, "sens": "Mot metrering", "regle_horaire": "Første passering gjelder", "regle_horaire_min": 60}}, {"type": "Feature", "geometry": {"type": "Point", "coordinates": [5.70197, 58.96911]}, "properties": {"id": "no-peage-906727262", "country": "no", "name": "Ytre Ringveg vest, mot Øst - Stavanger sentrum", "type": "peage", "source": "NVDB", "updated": "2026-09-10", "route": "F440", "kommune": 1103, "categorie_station": "AutoPASS bomstasjon", "exploitant": "Ferde AS - Bymiljøpakken Nord Jæren", "lien": "https://ferde.no", "tarif_petit_vehicule": 30.0, "tarif_gros_vehicule": 76.0, "tarif_pointe_petit": null, "pointe_matin": null, "pointe_soir": null, "sens": "Med metrering", "regle_horaire": "Første passering gjelder", "regle_horaire_min": 60}}, {"type": "Feature", "geometry": {"type": "Point", "coordinates": [5.70192, 58.96877]}, "properties": {"id": "no-peage-906727263", "country": "no", "name": "Fv. 415 Nedre Stokkavei, mot Øst - Stav. sentrum", "type": "peage", "source": "NVDB", "updated": "2026-09-10", "route": "F4572", "kommune": 1103, "categorie_station": "AutoPASS bomstasjon", "exploitant": "Ferde AS - Bymiljøpakken Nord Jæren", "lien": "https://ferde.no", "tarif_petit_vehicule": 30.0, "tarif_gros_vehicule": 76.0, "tarif_pointe_petit": null, "pointe_matin": null, "pointe_soir": null, "sens": "Mot metrering", "regle_horaire": "Første passering gjelder", "regle_horaire_min": 60}}, {"type": "Feature", "geometry": {"type": "Point", "coordinates": [5.70217, 58.96485]}, "properties": {"id": "no-peage-906727264", "country": "no", "name": "Fv. 416 Øvre Stokkavei, mot Øst - Stav. sentrum", "type": "peage", "source": "NVDB", "updated": "2026-09-10", "route": "F4574", "kommune": 1103, "categorie_station": "AutoPASS bomstasjon", "exploitant": "Ferde AS - Bymiljøpakken Nord Jæren", "lien": "https://ferde.no", "tarif_petit_vehicule": 30.0, "tarif_gros_vehicule": 76.0, "tarif_pointe_petit": null, "pointe_matin": null, "pointe_soir": null, "sens": "Mot metrering", "regle_horaire": "Første passering gjelder", "regle_horaire_min": 60}}, {"type": "Feature", "geometry": {"type": "Point", "coordinates": [5.70642, 58.95924]}, "properties": {"id": "no-peage-906727265", "country": "no", "name": "Rv. 509 Madlaveien, mot Nordøst - Stav. sentrum", "type": "peage", "source": "NVDB", "updated": "2026-09-10", "route": "F441", "kommune": 1103, "categorie_station": "AutoPASS bomstasjon", "exploitant": "Ferde AS - Bymiljøpakken Nord Jæren", "lien": "https://ferde.no", "tarif_petit_vehicule": 30.0, "tarif_gros_vehicule": 76.0, "tarif_pointe_petit": null, "pointe_matin": null, "pointe_soir": null, "sens": "Med metrering", "regle_horaire": "Første passering gjelder", "regle_horaire_min": 60}}, {"type": "Feature", "geometry": {"type": "Point", "coordinates": [5.72916, 58.95194]}, "properties": {"id": "no-peage-906727267", "country": "no", "name": "Fv. 404 SUS, mot Nord - Stavanger sentrum", "type": "peage", "source": "NVDB", "updated": "2026-09-10", "route": "F440", "kommune": 1103, "categorie_station": "AutoPASS bomstasjon", "exploitant": "Ferde AS - Bymiljøpakken Nord Jæren", "lien": "https://ferde.no", "tarif_petit_vehicule": 30.0, "tarif_gros_vehicule": 76.0, "tarif_pointe_petit": null, "pointe_matin": null, "pointe_soir": null, "sens": "Med metrering", "regle_horaire": "Første passering gjelder", "regle_horaire_min": 60}}, {"type": "Feature", "geometry": {"type": "Point", "coordinates": [5.74248, 58.95225]}, "properties": {"id": "no-peage-906727268", "country": "no", "name": "Lagårdsveien, mot Nord - Stavanger sentrum", "type": "peage", "source": "NVDB", "updated": "2026-09-10", "route": "F44", "kommune": 1103, "categorie_station": "AutoPASS bomstasjon", "exploitant": "Ferde AS - Bymiljøpakken Nord Jæren", "lien": "https://ferde.no", "tarif_petit_vehicule": 30.0, "tarif_gros_vehicule": 76.0, "tarif_pointe_petit": null, "pointe_matin": null, "pointe_soir": null, "sens": "Med metrering", "regle_horaire": "Første passering gjelder", "regle_horaire_min": 60}}, {"type": "Feature", "geometry": {"type": "Point", "coordinates": [5.74806, 58.96941]}, "properties": {"id": "no-peage-906727269", "country": "no", "name": "Fv. 435 Bybrua, mot Nord - Hundvåg", "type": "peage", "source": "NVDB", "updated": "2026-09-10", "route": "F4566", "kommune": 1103, "categorie_station": "AutoPASS bomstasjon", "exploitant": "Ferde AS - Bymiljøpakken Nord Jæren", "lien": "https://ferde.no", "tarif_petit_vehicule": 30.0, "tarif_gros_vehicule": 76.0, "tarif_pointe_petit": null, "pointe_matin": null, "pointe_soir": null, "sens": "Med metrering", "regle_horaire": "Første passering gjelder", "regle_horaire_min": 60}}, {"type": "Feature", "geometry": {"type": "Point", "coordinates": [14.30851, 66.34104]}, "properties": {"id": "no-peage-907245724", "country": "no", "name": "E6 Reinforshei", "type": "peage", "source": "NVDB", "updated": "2026-09-10", "route": "E6", "kommune": 1833, "categorie_station": "AutoPASS bomstasjon", "exploitant": "BPS Nord - Nordland Bompengeselskap AS", "lien": "www.e6helgeland.no", "tarif_petit_vehicule": 18.0, "tarif_gros_vehicule": 45.0, "tarif_pointe_petit": null, "pointe_matin": null, "pointe_soir": null, "sens": "Begge retninger", "regle_horaire": "Ikke timesregel", "regle_horaire_min": null}}, {"type": "Feature", "geometry": {"type": "Point", "coordinates": [17.48408, 68.47188]}, "properties": {"id": "no-peage-918865676", "country": "no", "name": "E6 Haalogalandsbrua", "type": "peage", "source": "NVDB", "updated": "2026-09-10", "route": "E6", "kommune": 1806, "categorie_station": "AutoPASS bomstasjon", "exploitant": "BPS Nord - Hålogalandsbrua AS", "lien": "www.haalogalandsbrua.no", "tarif_petit_vehicule": 90.0, "tarif_gros_vehicule": 225.0, "tarif_pointe_petit": null, "pointe_matin": null, "pointe_soir": null, "sens": "Begge retninger", "regle_horaire": "Ikke timesregel", "regle_horaire_min": null}}, {"type": "Feature", "geometry": {"type": "Point", "coordinates": [5.36922, 60.47012]}, "properties": {"id": "no-peage-919262153", "country": "no", "name": "E16 Arnavegen, mot nord-vest", "type": "peage", "source": "NVDB", "updated": "2026-09-10", "route": "E16", "kommune": 4601, "categorie_station": "AutoPASS bomstasjon", "exploitant": "Ferde AS - Bomringen Bergen", "lien": "www.ferde.no", "tarif_petit_vehicule": 38.0, "tarif_gros_vehicule": 88.0, "tarif_pointe_petit": null, "pointe_matin": null, "pointe_soir": null, "sens": "Mot metrering", "regle_horaire": "Første passering gjelder", "regle_horaire_min": 60}}, {"type": "Feature", "geometry": {"type": "Point", "coordinates": [5.3327, 60.34492]}, "properties": {"id": "no-peage-919262154", "country": "no", "name": "Fv556 Straumevegen, mot nord", "type": "peage", "source": "NVDB", "updated": "2026-09-10", "route": "F556", "kommune": 4601, "categorie_station": "AutoPASS bomstasjon", "exploitant": "Ferde AS - Bomringen Bergen", "lien": "www.ferde.no", "tarif_petit_vehicule": 38.0, "tarif_gros_vehicule": 88.0, "tarif_pointe_petit": null, "pointe_matin": null, "pointe_soir": null, "sens": "Mot metrering", "regle_horaire": "Første passering gjelder", "regle_horaire_min": 60}}, {"type": "Feature", "geometry": {"type": "Point", "coordinates": [5.33118, 60.31081]}, "properties": {"id": "no-peage-919262155", "country": "no", "name": "Rv580 Fritz-C-Riebers veg, mot nord", "type": "peage", "source": "NVDB", "updated": "2026-09-10", "route": "E39", "kommune": 4601, "categorie_station": "AutoPASS bomstasjon", "exploitant": "Ferde AS - Bomringen Bergen", "lien": "www.ferde.no", "tarif_petit_vehicule": 38.0, "tarif_gros_vehicule": 88.0, "tarif_pointe_petit": null, "pointe_matin": null, "pointe_soir": null, "sens": "Mot metrering", "regle_horaire": "Første passering gjelder", "regle_horaire_min": 60}}, {"type": "Feature", "geometry": {"type": "Point", "coordinates": [5.33089, 60.301]}, "properties": {"id": "no-peage-919262156", "country": "no", "name": "Fv582 Fanavegen, mot nord", "type": "peage", "source": "NVDB", "updated": "2026-09-10", "route": "F582", "kommune": 4601, "categorie_station": "AutoPASS bomstasjon", "exploitant": "Ferde AS - Bomringen Bergen", "lien": "www.ferde.no", "tarif_petit_vehicule": 38.0, "tarif_gros_vehicule": 88.0, "tarif_pointe_petit": null, "pointe_matin": null, "pointe_soir": null, "sens": "Med metrering", "regle_horaire": "Første passering gjelder", "regle_horaire_min": 60}}, {"type": "Feature", "geometry": {"type": "Point", "coordinates": [5.29974, 60.30257]}, "properties": {"id": "no-peage-919262157", "country": "no", "name": "Steinsvikvegen", "type": "peage", "source": "NVDB", "updated": "2026-09-10", "route": "F5186", "kommune": 4601, "categorie_station": "AutoPASS bomstasjon", "exploitant": "Ferde AS - Bomringen Bergen", "lien": "www.ferde.no", "tarif_petit_vehicule": 38.0, "tarif_gros_vehicule": 88.0, "tarif_pointe_petit": null, "pointe_matin": null, "pointe_soir": null, "sens": "Mot metrering", "regle_horaire": "Første passering gjelder", "regle_horaire_min": 60}}, {"type": "Feature", "geometry": {"type": "Point", "coordinates": [5.32542, 60.39345]}, "properties": {"id": "no-peage-919262158", "country": "no", "name": "Småstrandgaten", "type": "peage", "source": "NVDB", "updated": "2026-09-10", "route": "F577", "kommune": 4601, "categorie_station": "AutoPASS bomstasjon", "exploitant": "Ferde AS - Bomringen Bergen", "lien": "www.ferde.no", "tarif_petit_vehicule": 38.0, "tarif_gros_vehicule": 88.0, "tarif_pointe_petit": 36.0, "pointe_matin": null, "pointe_soir": null, "sens": "Med metrering", "regle_horaire": "Første passering gjelder", "regle_horaire_min": 60}}, {"type": "Feature", "geometry": {"type": "Point", "coordinates": [5.3246, 60.3943]}, "properties": {"id": "no-peage-919262159", "country": "no", "name": "Fv555 Strandkaien, mot vest", "type": "peage", "source": "NVDB", "updated": "2026-09-10", "route": "F5347", "kommune": 4601, "categorie_station": "AutoPASS bomstasjon", "exploitant": "Ferde AS - Bomringen Bergen", "lien": "www.ferde.no", "tarif_petit_vehicule": 38.0, "tarif_gros_vehicule": 88.0, "tarif_pointe_petit": null, "pointe_matin": null, "pointe_soir": null, "sens": "Mot metrering", "regle_horaire": "Første passering gjelder", "regle_horaire_min": 60}}, {"type": "Feature", "geometry": {"type": "Point", "coordinates": [5.33492, 60.47634]}, "properties": {"id": "no-peage-919262160", "country": "no", "name": "E39 Åsanevegen, mot sør", "type": "peage", "source": "NVDB", "updated": "2026-09-10", "route": "E39", "kommune": 4601, "categorie_station": "AutoPASS bomstasjon", "exploitant": "Ferde AS - Bomringen Bergen", "lien": "www.ferde.no", "tarif_petit_vehicule": 38.0, "tarif_gros_vehicule": 88.0, "tarif_pointe_petit": null, "pointe_matin": null, "pointe_soir": null, "sens": "Med metrering", "regle_horaire": "Første passering gjelder", "regle_horaire_min": 60}}, {"type": "Feature", "geometry": {"type": "Point", "coordinates": [5.34808, 60.47671]}, "properties": {"id": "no-peage-919262161", "country": "no", "name": "Åsanemyrane", "type": "peage", "source": "NVDB", "updated": "2026-09-10", "route": "F578", "kommune": 4601, "categorie_station": "AutoPASS bomstasjon", "exploitant": "Ferde AS - Bomringen Bergen", "lien": "www.ferde.no", "tarif_petit_vehicule": 38.0, "tarif_gros_vehicule": 88.0, "tarif_pointe_petit": null, "pointe_matin": null, "pointe_soir": null, "sens": "Mot metrering", "regle_horaire": "Første passering gjelder", "regle_horaire_min": 60}}, {"type": "Feature", "geometry": {"type": "Point", "coordinates": [5.43149, 60.35237]}, "properties": {"id": "no-peage-919262162", "country": "no", "name": "Fv580 Grimesvingene, mot vest", "type": "peage", "source": "NVDB", "updated": "2026-09-10", "route": "F587", "kommune": 4601, "categorie_station": "AutoPASS bomstasjon", "exploitant": "Ferde AS - Bomringen Bergen", "lien": "www.ferde.no", "tarif_petit_vehicule": 38.0, "tarif_gros_vehicule": 88.0, "tarif_pointe_petit": null, "pointe_matin": null, "pointe_soir": null, "sens": "Med metrering", "regle_horaire": "Første passering gjelder", "regle_horaire_min": 60}}, {"type": "Feature", "geometry": {"type": "Point", "coordinates": [5.28203, 60.5159]}, "properties": {"id": "no-peage-919262163", "country": "no", "name": "Telleviksveien", "type": "peage", "source": "NVDB", "updated": "2026-09-10", "route": "F5300", "kommune": 4601, "categorie_station": "AutoPASS bomstasjon", "exploitant": "Ferde AS - Bomringen Bergen", "lien": "www.ferde.no", "tarif_petit_vehicule": 38.0, "tarif_gros_vehicule": 88.0, "tarif_pointe_petit": null, "pointe_matin": null, "pointe_soir": null, "sens": "Mot metrering", "regle_horaire": "Første passering gjelder", "regle_horaire_min": 60}}, {"type": "Feature", "geometry": {"type": "Point", "coordinates": [5.29547, 60.29054]}, "properties": {"id": "no-peage-919262164", "country": "no", "name": "Flyplassvegen", "type": "peage", "source": "NVDB", "updated": "2026-09-10", "route": "R580", "kommune": 4601, "categorie_station": "AutoPASS bomstasjon", "exploitant": "Ferde AS - Bomringen Bergen", "lien": "www.ferde.no", "tarif_petit_vehicule": 38.0, "tarif_gros_vehicule": 88.0, "tarif_pointe_petit": null, "pointe_matin": null, "pointe_soir": null, "sens": "Mot metrering", "regle_horaire": "Første passering gjelder", "regle_horaire_min": 60}}, {"type": "Feature", "geometry": {"type": "Point", "coordinates": [5.29401, 60.28669]}, "properties": {"id": "no-peage-919262165", "country": "no", "name": "Fv172 Skagevegen, mot sør", "type": "peage", "source": "NVDB", "updated": "2026-09-10", "route": "F5172", "kommune": 4601, "categorie_station": "AutoPASS bomstasjon", "exploitant": "Ferde AS - Bomringen Bergen", "lien": "www.ferde.no", "tarif_petit_vehicule": 38.0, "tarif_gros_vehicule": 88.0, "tarif_pointe_petit": null, "pointe_matin": null, "pointe_soir": null, "sens": "Mot metrering", "regle_horaire": "Første passering gjelder", "regle_horaire_min": 60}}, {"type": "Feature", "geometry": {"type": "Point", "coordinates": [5.23701, 60.36099]}, "properties": {"id": "no-peage-919262166", "country": "no", "name": "Fv558 Lyderhornsveien, mot sør-øst", "type": "peage", "source": "NVDB", "updated": "2026-09-10", "route": "F558", "kommune": 4601, "categorie_station": "AutoPASS bomstasjon", "exploitant": "Ferde AS - Bomringen Bergen", "lien": "www.ferde.no", "tarif_petit_vehicule": 38.0, "tarif_gros_vehicule": 88.0, "tarif_pointe_petit": null, "pointe_matin": null, "pointe_soir": null, "sens": "Mot metrering", "regle_horaire": "Første passering gjelder", "regle_horaire_min": 60}}, {"type": "Feature", "geometry": {"type": "Point", "coordinates": [5.22986, 60.37027]}, "properties": {"id": "no-peage-919262167", "country": "no", "name": "Rv555 Sotravegen, mot øst", "type": "peage", "source": "NVDB", "updated": "2026-09-10", "route": "R555", "kommune": 4601, "categorie_station": "AutoPASS bomstasjon", "exploitant": "Ferde AS - Bomringen Bergen", "lien": "www.ferde.no", "tarif_petit_vehicule": 38.0, "tarif_gros_vehicule": 88.0, "tarif_pointe_petit": null, "pointe_matin": null, "pointe_soir": null, "sens": "Mot metrering", "regle_horaire": "Første passering gjelder", "regle_horaire_min": 60}}, {"type": "Feature", "geometry": {"type": "Point", "coordinates": [10.34129, 63.32611]}, "properties": {"id": "no-peage-920506370", "country": "no", "name": "Klett - E6, S-snitt", "type": "peage", "source": "NVDB", "updated": "2026-09-10", "route": "E6", "kommune": 5001, "categorie_station": "AutoPASS bomstasjon", "exploitant": "Vegamot AS", "lien": "www.vegamot.no", "tarif_petit_vehicule": 22.0, "tarif_gros_vehicule": 53.0, "tarif_pointe_petit": 44.0, "pointe_matin": "07:00-08:59", "pointe_soir": "15:00-16:59", "sens": "Begge retninger", "regle_horaire": "Første passering gjelder", "regle_horaire_min": 60}}, {"type": "Feature", "geometry": {"type": "Point", "coordinates": [14.43723, 67.27834]}, "properties": {"id": "no-peage-920567306", "country": "no", "name": "Bodøtunnelen 2", "type": "peage", "source": "NVDB", "updated": "2026-09-10", "route": "R80", "kommune": 1804, "categorie_station": "AutoPASS bomstasjon", "exploitant": "Veipakke Salten AS", "lien": "bomveinord.no", "tarif_petit_vehicule": 21.0, "tarif_gros_vehicule": 48.0, "tarif_pointe_petit": null, "pointe_matin": null, "pointe_soir": null, "sens": "Med metrering", "regle_horaire": "Første passering gjelder", "regle_horaire_min": 60}}, {"type": "Feature", "geometry": {"type": "Point", "coordinates": [14.43612, 67.27866]}, "properties": {"id": "no-peage-920567308", "country": "no", "name": "Bodøtunnelen 1", "type": "peage", "source": "NVDB", "updated": "2026-09-10", "route": "R80", "kommune": 1804, "categorie_station": "AutoPASS bomstasjon", "exploitant": "Veipakke Salten AS", "lien": "bomveinord.no", "tarif_petit_vehicule": 21.0, "tarif_gros_vehicule": 48.0, "tarif_pointe_petit": null, "pointe_matin": null, "pointe_soir": null, "sens": "Begge retninger", "regle_horaire": "Første passering gjelder", "regle_horaire_min": 60}}, {"type": "Feature", "geometry": {"type": "Point", "coordinates": [10.78429, 59.90349]}, "properties": {"id": "no-peage-929772333", "country": "no", "name": "På og avkjøring E6 Lodalen", "type": "peage", "source": "NVDB", "updated": "2026-09-10", "route": "E6", "kommune": 301, "categorie_station": "AutoPASS bomstasjon", "exploitant": "Fjellinjen AS", "lien": "www.fjellinjen.no", "tarif_petit_vehicule": 42.0, "tarif_gros_vehicule": 161.0, "tarif_pointe_petit": 50.0, "pointe_matin": "06:30-08:59", "pointe_soir": "15:00-16:59", "sens": "Med metrering", "regle_horaire": "Første passering gjelder", "regle_horaire_min": 60}}, {"type": "Feature", "geometry": {"type": "Point", "coordinates": [10.76813, 59.90234]}, "properties": {"id": "no-peage-929790699", "country": "no", "name": "Konows gate", "type": "peage", "source": "NVDB", "updated": "2026-09-10", "route": "K13876", "kommune": 301, "categorie_station": "AutoPASS bomstasjon", "exploitant": "Fjellinjen AS", "lien": "www.fjellinjen.no", "tarif_petit_vehicule": 42.0, "tarif_gros_vehicule": 161.0, "tarif_pointe_petit": 50.0, "pointe_matin": "06:30-08:59", "pointe_soir": "15:00-16:59", "sens": "Begge retninger", "regle_horaire": "Første passering gjelder", "regle_horaire_min": 60}}, {"type": "Feature", "geometry": {"type": "Point", "coordinates": [10.71841, 59.94604]}, "properties": {"id": "no-peage-929790700", "country": "no", "name": "Ring 3 Gaustad", "type": "peage", "source": "NVDB", "updated": "2026-09-10", "route": "R150", "kommune": 301, "categorie_station": "AutoPASS bomstasjon", "exploitant": "Fjellinjen AS", "lien": "www.fjellinjen.no", "tarif_petit_vehicule": 42.0, "tarif_gros_vehicule": 161.0, "tarif_pointe_petit": 50.0, "pointe_matin": "06:30-08:59", "pointe_soir": "15:00-16:59", "sens": "Med metrering", "regle_horaire": "Første passering gjelder", "regle_horaire_min": 60}}, {"type": "Feature", "geometry": {"type": "Point", "coordinates": [10.80458, 59.82484]}, "properties": {"id": "no-peage-929790701", "country": "no", "name": "Fjellveien", "type": "peage", "source": "NVDB", "updated": "2026-09-10", "route": "K21600", "kommune": 3207, "categorie_station": "AutoPASS bomstasjon", "exploitant": "Fjellinjen AS", "lien": "www.fjellinjen.no", "tarif_petit_vehicule": 42.0, "tarif_gros_vehicule": 161.0, "tarif_pointe_petit": 50.0, "pointe_matin": "06:30-08:59", "pointe_soir": "15:00-16:59", "sens": "Med metrering", "regle_horaire": "Første passering gjelder", "regle_horaire_min": 60}}, {"type": "Feature", "geometry": {"type": "Point", "coordinates": [10.78164, 59.90309]}, "properties": {"id": "no-peage-929790702", "country": "no", "name": "Påkjøring operatunnelen", "type": "peage", "source": "NVDB", "updated": "2026-09-10", "route": "E6", "kommune": 301, "categorie_station": "AutoPASS bomstasjon", "exploitant": "Fjellinjen AS", "lien": "www.fjellinjen.no", "tarif_petit_vehicule": 42.0, "tarif_gros_vehicule": 161.0, "tarif_pointe_petit": 50.0, "pointe_matin": "06:30-08:59", "pointe_soir": "15:00-16:59", "sens": "Med metrering", "regle_horaire": "Første passering gjelder", "regle_horaire_min": 60}}, {"type": "Feature", "geometry": {"type": "Point", "coordinates": [10.68704, 59.91742]}, "properties": {"id": "no-peage-929790703", "country": "no", "name": "Dronning Blancas vei", "type": "peage", "source": "NVDB", "updated": "2026-09-10", "route": "K11303", "kommune": 301, "categorie_station": "AutoPASS bomstasjon", "exploitant": "Fjellinjen AS", "lien": "www.fjellinjen.no", "tarif_petit_vehicule": 42.0, "tarif_gros_vehicule": 161.0, "tarif_pointe_petit": 50.0, "pointe_matin": "06:30-08:59", "pointe_soir": "15:00-16:59", "sens": "Begge retninger", "regle_horaire": "Første passering gjelder", "regle_horaire_min": 60}}, {"type": "Feature", "geometry": {"type": "Point", "coordinates": [10.81759, 59.91883]}, "properties": {"id": "no-peage-929790704", "country": "no", "name": "Teisenveien", "type": "peage", "source": "NVDB", "updated": "2026-09-10", "route": "K17396", "kommune": 301, "categorie_station": "AutoPASS bomstasjon", "exploitant": "Fjellinjen AS", "lien": "www.fjellinjen.no", "tarif_petit_vehicule": 42.0, "tarif_gros_vehicule": 161.0, "tarif_pointe_petit": 50.0, "pointe_matin": "06:30-08:59", "pointe_soir": "15:00-16:59", "sens": "Begge retninger", "regle_horaire": "Første passering gjelder", "regle_horaire_min": 60}}, {"type": "Feature", "geometry": {"type": "Point", "coordinates": [10.76678, 59.93081]}, "properties": {"id": "no-peage-929790705", "country": "no", "name": "Ole Bulls Gate", "type": "peage", "source": "NVDB", "updated": "2026-09-10", "route": "K15352", "kommune": 301, "categorie_station": "AutoPASS bomstasjon", "exploitant": "Fjellinjen AS", "lien": "www.fjellinjen.no", "tarif_petit_vehicule": 42.0, "tarif_gros_vehicule": 161.0, "tarif_pointe_petit": 50.0, "pointe_matin": "06:30-08:59", "pointe_soir": "15:00-16:59", "sens": "Begge retninger", "regle_horaire": "Første passering gjelder", "regle_horaire_min": 60}}, {"type": "Feature", "geometry": {"type": "Point", "coordinates": [10.7098, 59.93407]}, "properties": {"id": "no-peage-929790706", "country": "no", "name": "Slemdalsveien", "type": "peage", "source": "NVDB", "updated": "2026-09-10", "route": "K16621", "kommune": 301, "categorie_station": "AutoPASS bomstasjon", "exploitant": "Fjellinjen AS", "lien": "www.fjellinjen.no", "tarif_petit_vehicule": 42.0, "tarif_gros_vehicule": 161.0, "tarif_pointe_petit": 50.0, "pointe_matin": "06:30-08:59", "pointe_soir": "15:00-16:59", "sens": "Begge retninger", "regle_horaire": "Første passering gjelder", "regle_horaire_min": 60}}, {"type": "Feature", "geometry": {"type": "Point", "coordinates": [10.90622, 59.93963]}, "properties": {"id": "no-peage-929790707", "country": "no", "name": "E6 Furuset", "type": "peage", "source": "NVDB", "updated": "2026-09-10", "route": "E6", "kommune": 301, "categorie_station": "AutoPASS bomstasjon", "exploitant": "Fjellinjen AS", "lien": "www.fjellinjen.no", "tarif_petit_vehicule": 42.0, "tarif_gros_vehicule": 161.0, "tarif_pointe_petit": 50.0, "pointe_matin": "06:30-08:59", "pointe_soir": "15:00-16:59", "sens": "Mot metrering", "regle_horaire": "Første passering gjelder", "regle_horaire_min": 60}}, {"type": "Feature", "geometry": {"type": "Point", "coordinates": [10.81916, 59.87747]}, "properties": {"id": "no-peage-929790708", "country": "no", "name": "Lambertseterveien", "type": "peage", "source": "NVDB", "updated": "2026-09-10", "route": "K14102", "kommune": 301, "categorie_station": "AutoPASS bomstasjon", "exploitant": "Fjellinjen AS", "lien": "www.fjellinjen.no", "tarif_petit_vehicule": 42.0, "tarif_gros_vehicule": 161.0, "tarif_pointe_petit": 50.0, "pointe_matin": "06:30-08:59", "pointe_soir": "15:00-16:59", "sens": "Begge retninger", "regle_horaire": "Første passering gjelder", "regle_horaire_min": 60}}, {"type": "Feature", "geometry": {"type": "Point", "coordinates": [10.68566, 59.91805]}, "properties": {"id": "no-peage-929790709", "country": "no", "name": "E18 Bygdøylokket", "type": "peage", "source": "NVDB", "updated": "2026-09-10", "route": "E18", "kommune": 301, "categorie_station": "AutoPASS bomstasjon", "exploitant": "Fjellinjen AS", "lien": "www.fjellinjen.no", "tarif_petit_vehicule": 40.0, "tarif_gros_vehicule": 113.0, "tarif_pointe_petit": 46.0, "pointe_matin": "06:30-08:59", "pointe_soir": "15:00-16:59", "sens": "Mot metrering", "regle_horaire": "Første passering gjelder", "regle_horaire_min": 60}}, {"type": "Feature", "geometry": {"type": "Point", "coordinates": [10.85405, 59.93039]}, "properties": {"id": "no-peage-929790710", "country": "no", "name": "Strømsveien", "type": "peage", "source": "NVDB", "updated": "2026-09-10", "route": "K17126", "kommune": 301, "categorie_station": "AutoPASS bomstasjon", "exploitant": "Fjellinjen AS", "lien": "www.fjellinjen.no", "tarif_petit_vehicule": 42.0, "tarif_gros_vehicule": 161.0, "tarif_pointe_petit": 50.0, "pointe_matin": "06:30-08:59", "pointe_soir": "15:00-16:59", "sens": "Begge retninger", "regle_horaire": "Første passering gjelder", "regle_horaire_min": 60}}, {"type": "Feature", "geometry": {"type": "Point", "coordinates": [10.74974, 59.93479]}, "properties": {"id": "no-peage-929790711", "country": "no", "name": "Uelands Gate", "type": "peage", "source": "NVDB", "updated": "2026-09-10", "route": "K17922", "kommune": 301, "categorie_station": "AutoPASS bomstasjon", "exploitant": "Fjellinjen AS", "lien": "www.fjellinjen.no", "tarif_petit_vehicule": 42.0, "tarif_gros_vehicule": 161.0, "tarif_pointe_petit": 50.0, "pointe_matin": "06:30-08:59", "pointe_soir": "15:00-16:59", "sens": "Begge retninger", "regle_horaire": "Første passering gjelder", "regle_horaire_min": 60}}, {"type": "Feature", "geometry": {"type": "Point", "coordinates": [10.92778, 59.97608]}, "properties": {"id": "no-peage-929790712", "country": "no", "name": "Rv 4 Skillebekk", "type": "peage", "source": "NVDB", "updated": "2026-09-10", "route": "R4", "kommune": 301, "categorie_station": "AutoPASS bomstasjon", "exploitant": "Fjellinjen AS", "lien": "www.fjellinjen.no", "tarif_petit_vehicule": 42.0, "tarif_gros_vehicule": 161.0, "tarif_pointe_petit": 50.0, "pointe_matin": "06:30-08:59", "pointe_soir": "15:00-16:59", "sens": "Mot metrering", "regle_horaire": "Første passering gjelder", "regle_horaire_min": 60}}, {"type": "Feature", "geometry": {"type": "Point", "coordinates": [10.78275, 59.91653]}, "properties": {"id": "no-peage-929790713", "country": "no", "name": "Ensjøveien", "type": "peage", "source": "NVDB", "updated": "2026-09-10", "route": "K11589", "kommune": 301, "categorie_station": "AutoPASS bomstasjon", "exploitant": "Fjellinjen AS", "lien": "www.fjellinjen.no", "tarif_petit_vehicule": 42.0, "tarif_gros_vehicule": 161.0, "tarif_pointe_petit": 50.0, "pointe_matin": "06:30-08:59", "pointe_soir": "15:00-16:59", "sens": "Begge retninger", "regle_horaire": "Første passering gjelder", "regle_horaire_min": 60}}, {"type": "Feature", "geometry": {"type": "Point", "coordinates": [10.9433, 59.94484]}, "properties": {"id": "no-peage-929790714", "country": "no", "name": "Høybråtenveien", "type": "peage", "source": "NVDB", "updated": "2026-09-10", "route": "F1514", "kommune": 3222, "categorie_station": "AutoPASS bomstasjon", "exploitant": "Fjellinjen AS", "lien": "www.fjellinjen.no", "tarif_petit_vehicule": 42.0, "tarif_gros_vehicule": 161.0, "tarif_pointe_petit": 50.0, "pointe_matin": "06:30-08:59", "pointe_soir": "15:00-16:59", "sens": "Med metrering", "regle_horaire": "Første passering gjelder", "regle_horaire_min": 60}}, {"type": "Feature", "geometry": {"type": "Point", "coordinates": [10.82132, 59.87832]}, "properties": {"id": "no-peage-929790715", "country": "no", "name": "E 6 avkjøring til Abildsø", "type": "peage", "source": "NVDB", "updated": "2026-09-10", "route": "E6", "kommune": 301, "categorie_station": "AutoPASS bomstasjon", "exploitant": "Fjellinjen AS", "lien": "www.fjellinjen.no", "tarif_petit_vehicule": 42.0, "tarif_gros_vehicule": 161.0, "tarif_pointe_petit": 50.0, "pointe_matin": "06:30-08:59", "pointe_soir": "15:00-16:59", "sens": "Med metrering", "regle_horaire": "Første passering gjelder", "regle_horaire_min": 60}}, {"type": "Feature", "geometry": {"type": "Point", "coordinates": [10.84399, 59.92398]}, "properties": {"id": "no-peage-929790716", "country": "no", "name": "E6 Alnabru", "type": "peage", "source": "NVDB", "updated": "2026-09-10", "route": "E6", "kommune": 301, "categorie_station": "AutoPASS bomstasjon", "exploitant": "Fjellinjen AS", "lien": "www.fjellinjen.no", "tarif_petit_vehicule": 40.0, "tarif_gros_vehicule": 113.0, "tarif_pointe_petit": 46.0, "pointe_matin": "06:30-08:59", "pointe_soir": "15:00-16:59", "sens": "Begge retninger", "regle_horaire": "Første passering gjelder", "regle_horaire_min": 60}}, {"type": "Feature", "geometry": {"type": "Point", "coordinates": [10.84387, 59.92421]}, "properties": {"id": "no-peage-929790717", "country": "no", "name": "E6 Alnabru", "type": "peage", "source": "NVDB", "updated": "2026-09-10", "route": "E6", "kommune": 301, "categorie_station": "AutoPASS bomstasjon", "exploitant": "Fjellinjen AS", "lien": "www.fjellinjen.no", "tarif_petit_vehicule": 42.0, "tarif_gros_vehicule": 161.0, "tarif_pointe_petit": 50.0, "pointe_matin": "06:30-08:59", "pointe_soir": "15:00-16:59", "sens": "Med metrering", "regle_horaire": "Første passering gjelder", "regle_horaire_min": 60}}, {"type": "Feature", "geometry": {"type": "Point", "coordinates": [10.77767, 59.92817]}, "properties": {"id": "no-peage-929790718", "country": "no", "name": "RV 4 Carl Berner", "type": "peage", "source": "NVDB", "updated": "2026-09-10", "route": "K4", "kommune": 301, "categorie_station": "AutoPASS bomstasjon", "exploitant": "Fjellinjen AS", "lien": "www.fjellinjen.no", "tarif_petit_vehicule": 42.0, "tarif_gros_vehicule": 161.0, "tarif_pointe_petit": 50.0, "pointe_matin": "06:30-08:59", "pointe_soir": "15:00-16:59", "sens": "Begge retninger", "regle_horaire": "Første passering gjelder", "regle_horaire_min": 60}}, {"type": "Feature", "geometry": {"type": "Point", "coordinates": [10.78025, 59.90563]}, "properties": {"id": "no-peage-929790719", "country": "no", "name": "Kværnerveien", "type": "peage", "source": "NVDB", "updated": "2026-09-10", "route": "K14066", "kommune": 301, "categorie_station": "AutoPASS bomstasjon", "exploitant": "Fjellinjen AS", "lien": "www.fjellinjen.no", "tarif_petit_vehicule": 42.0, "tarif_gros_vehicule": 161.0, "tarif_pointe_petit": 50.0, "pointe_matin": "06:30-08:59", "pointe_soir": "15:00-16:59", "sens": "Begge retninger", "regle_horaire": "Første passering gjelder", "regle_horaire_min": 60}}, {"type": "Feature", "geometry": {"type": "Point", "coordinates": [10.77553, 59.92893]}, "properties": {"id": "no-peage-929790720", "country": "no", "name": "Jørgen Løvlands gate", "type": "peage", "source": "NVDB", "updated": "2026-09-10", "route": "P13559", "kommune": 301, "categorie_station": "AutoPASS bomstasjon", "exploitant": "Fjellinjen AS", "lien": "www.fjellinjen.no", "tarif_petit_vehicule": 42.0, "tarif_gros_vehicule": 161.0, "tarif_pointe_petit": 50.0, "pointe_matin": "06:30-08:59", "pointe_soir": "15:00-16:59", "sens": "Begge retninger", "regle_horaire": "Første passering gjelder", "regle_horaire_min": 60}}, {"type": "Feature", "geometry": {"type": "Point", "coordinates": [10.78171, 59.9406]}, "properties": {"id": "no-peage-929790721", "country": "no", "name": "Ring 3 Sinsenkrysset", "type": "peage", "source": "NVDB", "updated": "2026-09-10", "route": "R150", "kommune": 301, "categorie_station": "AutoPASS bomstasjon", "exploitant": "Fjellinjen AS", "lien": "www.fjellinjen.no", "tarif_petit_vehicule": 40.0, "tarif_gros_vehicule": 113.0, "tarif_pointe_petit": 46.0, "pointe_matin": "06:30-08:59", "pointe_soir": "15:00-16:59", "sens": "Begge retninger", "regle_horaire": "Første passering gjelder", "regle_horaire_min": 60}}, {"type": "Feature", "geometry": {"type": "Point", "coordinates": [10.80935, 59.82513]}, "properties": {"id": "no-peage-929790722", "country": "no", "name": "Skiveien", "type": "peage", "source": "NVDB", "updated": "2026-09-10", "route": "F1422", "kommune": 3207, "categorie_station": "AutoPASS bomstasjon", "exploitant": "Fjellinjen AS", "lien": "www.fjellinjen.no", "tarif_petit_vehicule": 42.0, "tarif_gros_vehicule": 161.0, "tarif_pointe_petit": 50.0, "pointe_matin": "06:30-08:59", "pointe_soir": "15:00-16:59", "sens": "Med metrering", "regle_horaire": "Første passering gjelder", "regle_horaire_min": 60}}, {"type": "Feature", "geometry": {"type": "Point", "coordinates": [10.7777, 59.92597]}, "properties": {"id": "no-peage-929790723", "country": "no", "name": "Grenseveien", "type": "peage", "source": "NVDB", "updated": "2026-09-10", "route": "K12361", "kommune": 301, "categorie_station": "AutoPASS bomstasjon", "exploitant": "Fjellinjen AS", "lien": "www.fjellinjen.no", "tarif_petit_vehicule": 42.0, "tarif_gros_vehicule": 161.0, "tarif_pointe_petit": 50.0, "pointe_matin": "06:30-08:59", "pointe_soir": "15:00-16:59", "sens": "Begge retninger", "regle_horaire": "Første passering gjelder", "regle_horaire_min": 60}}, {"type": "Feature", "geometry": {"type": "Point", "coordinates": [10.75939, 59.93379]}, "properties": {"id": "no-peage-929790724", "country": "no", "name": "Myhrens verksted", "type": "peage", "source": "NVDB", "updated": "2026-09-10", "route": "P14613", "kommune": 301, "categorie_station": "AutoPASS bomstasjon", "exploitant": "Fjellinjen AS", "lien": "www.fjellinjen.no", "tarif_petit_vehicule": 42.0, "tarif_gros_vehicule": 161.0, "tarif_pointe_petit": 50.0, "pointe_matin": "06:30-08:59", "pointe_soir": "15:00-16:59", "sens": "Begge retninger", "regle_horaire": "Første passering gjelder", "regle_horaire_min": 60}}, {"type": "Feature", "geometry": {"type": "Point", "coordinates": [10.76248, 59.9322]}, "properties": {"id": "no-peage-929790725", "country": "no", "name": "Vogts Gate", "type": "peage", "source": "NVDB", "updated": "2026-09-10", "route": "K18380", "kommune": 301, "categorie_station": "AutoPASS bomstasjon", "exploitant": "Fjellinjen AS", "lien": "www.fjellinjen.no", "tarif_petit_vehicule": 42.0, "tarif_gros_vehicule": 161.0, "tarif_pointe_petit": 50.0, "pointe_matin": "06:30-08:59", "pointe_soir": "15:00-16:59", "sens": "Begge retninger", "regle_horaire": "Første passering gjelder", "regle_horaire_min": 60}}, {"type": "Feature", "geometry": {"type": "Point", "coordinates": [10.73045, 59.93752]}, "properties": {"id": "no-peage-929790726", "country": "no", "name": "Sognsveien", "type": "peage", "source": "NVDB", "updated": "2026-09-10", "route": "K16762", "kommune": 301, "categorie_station": "AutoPASS bomstasjon", "exploitant": "Fjellinjen AS", "lien": "www.fjellinjen.no", "tarif_petit_vehicule": 42.0, "tarif_gros_vehicule": 161.0, "tarif_pointe_petit": 50.0, "pointe_matin": "06:30-08:59", "pointe_soir": "15:00-16:59", "sens": "Begge retninger", "regle_horaire": "Første passering gjelder", "regle_horaire_min": 60}}, {"type": "Feature", "geometry": {"type": "Point", "coordinates": [10.7963, 59.82374]}, "properties": {"id": "no-peage-929790727", "country": "no", "name": "Rosenholmveien", "type": "peage", "source": "NVDB", "updated": "2026-09-10", "route": "K15976", "kommune": 301, "categorie_station": "AutoPASS bomstasjon", "exploitant": "Fjellinjen AS", "lien": "www.fjellinjen.no", "tarif_petit_vehicule": 42.0, "tarif_gros_vehicule": 161.0, "tarif_pointe_petit": 50.0, "pointe_matin": "06:30-08:59", "pointe_soir": "15:00-16:59", "sens": "Mot metrering", "regle_horaire": "Første passering gjelder", "regle_horaire_min": 60}}, {"type": "Feature", "geometry": {"type": "Point", "coordinates": [10.93138, 59.93644]}, "properties": {"id": "no-peage-929790728", "country": "no", "name": "Karihaugen", "type": "peage", "source": "NVDB", "updated": "2026-09-10", "route": "K13622", "kommune": 301, "categorie_station": "AutoPASS bomstasjon", "exploitant": "Fjellinjen AS", "lien": "www.fjellinjen.no", "tarif_petit_vehicule": 42.0, "tarif_gros_vehicule": 161.0, "tarif_pointe_petit": 50.0, "pointe_matin": "06:30-08:59", "pointe_soir": "15:00-16:59", "sens": "Mot metrering", "regle_horaire": "Første passering gjelder", "regle_horaire_min": 60}}, {"type": "Feature", "geometry": {"type": "Point", "coordinates": [10.80267, 59.94741]}, "properties": {"id": "no-peage-929790729", "country": "no", "name": "Kildeveien", "type": "peage", "source": "NVDB", "updated": "2026-09-10", "route": "K13688", "kommune": 301, "categorie_station": "AutoPASS bomstasjon", "exploitant": "Fjellinjen AS", "lien": "www.fjellinjen.no", "tarif_petit_vehicule": 42.0, "tarif_gros_vehicule": 161.0, "tarif_pointe_petit": 50.0, "pointe_matin": "06:30-08:59", "pointe_soir": "15:00-16:59", "sens": "Begge retninger", "regle_horaire": "Første passering gjelder", "regle_horaire_min": 60}}, {"type": "Feature", "geometry": {"type": "Point", "coordinates": [10.80514, 59.91229]}, "properties": {"id": "no-peage-929790730", "country": "no", "name": "Østensjøveien", "type": "peage", "source": "NVDB", "updated": "2026-09-10", "route": "K18639", "kommune": 301, "categorie_station": "AutoPASS bomstasjon", "exploitant": "Fjellinjen AS", "lien": "www.fjellinjen.no", "tarif_petit_vehicule": 42.0, "tarif_gros_vehicule": 161.0, "tarif_pointe_petit": 50.0, "pointe_matin": "06:30-08:59", "pointe_soir": "15:00-16:59", "sens": "Begge retninger", "regle_horaire": "Første passering gjelder", "regle_horaire_min": 60}}, {"type": "Feature", "geometry": {"type": "Point", "coordinates": [10.84185, 59.93309]}, "properties": {"id": "no-peage-929790731", "country": "no", "name": "Alfaset 3. Industri vei", "type": "peage", "source": "NVDB", "updated": "2026-09-10", "route": "P10090", "kommune": 301, "categorie_station": "AutoPASS bomstasjon", "exploitant": "Fjellinjen AS", "lien": "www.fjellinjen.no", "tarif_petit_vehicule": 42.0, "tarif_gros_vehicule": 161.0, "tarif_pointe_petit": 50.0, "pointe_matin": "06:30-08:59", "pointe_soir": "15:00-16:59", "sens": "Begge retninger", "regle_horaire": "Første passering gjelder", "regle_horaire_min": 60}}, {"type": "Feature", "geometry": {"type": "Point", "coordinates": [10.76832, 59.82797]}, "properties": {"id": "no-peage-929790732", "country": "no", "name": "Ljansbrukveien", "type": "peage", "source": "NVDB", "updated": "2026-09-10", "route": "K12168", "kommune": 301, "categorie_station": "AutoPASS bomstasjon", "exploitant": "Fjellinjen AS", "lien": "www.fjellinjen.no", "tarif_petit_vehicule": 42.0, "tarif_gros_vehicule": 161.0, "tarif_pointe_petit": 50.0, "pointe_matin": "06:30-08:59", "pointe_soir": "15:00-16:59", "sens": "Med metrering", "regle_horaire": "Første passering gjelder", "regle_horaire_min": 60}}, {"type": "Feature", "geometry": {"type": "Point", "coordinates": [10.85012, 59.92677]}, "properties": {"id": "no-peage-929790733", "country": "no", "name": "Ytre Ringvei Alnabru", "type": "peage", "source": "NVDB", "updated": "2026-09-10", "route": "K20202", "kommune": 301, "categorie_station": "AutoPASS bomstasjon", "exploitant": "Fjellinjen AS", "lien": "www.fjellinjen.no", "tarif_petit_vehicule": 42.0, "tarif_gros_vehicule": 161.0, "tarif_pointe_petit": 50.0, "pointe_matin": "06:30-08:59", "pointe_soir": "15:00-16:59", "sens": "Begge retninger", "regle_horaire": "Første passering gjelder", "regle_horaire_min": 60}}, {"type": "Feature", "geometry": {"type": "Point", "coordinates": [10.84124, 59.81445]}, "properties": {"id": "no-peage-929790734", "country": "no", "name": "E6 Taraldrud", "type": "peage", "source": "NVDB", "updated": "2026-09-10", "route": "E6", "kommune": 3207, "categorie_station": "AutoPASS bomstasjon", "exploitant": "Fjellinjen AS", "lien": "www.fjellinjen.no", "tarif_petit_vehicule": 42.0, "tarif_gros_vehicule": 161.0, "tarif_pointe_petit": 50.0, "pointe_matin": "06:30-08:59", "pointe_soir": "15:00-16:59", "sens": "Med metrering", "regle_horaire": "Første passering gjelder", "regle_horaire_min": 60}}, {"type": "Feature", "geometry": {"type": "Point", "coordinates": [10.6848, 59.92209]}, "properties": {"id": "no-peage-929790735", "country": "no", "name": "Drammensveien", "type": "peage", "source": "NVDB", "updated": "2026-09-10", "route": "K161", "kommune": 301, "categorie_station": "AutoPASS bomstasjon", "exploitant": "Fjellinjen AS", "lien": "www.fjellinjen.no", "tarif_petit_vehicule": 42.0, "tarif_gros_vehicule": 161.0, "tarif_pointe_petit": 50.0, "pointe_matin": "06:30-08:59", "pointe_soir": "15:00-16:59", "sens": "Begge retninger", "regle_horaire": "Første passering gjelder", "regle_horaire_min": 60}}, {"type": "Feature", "geometry": {"type": "Point", "coordinates": [10.88345, 59.81827]}, "properties": {"id": "no-peage-929790736", "country": "no", "name": "Enebakkveien", "type": "peage", "source": "NVDB", "updated": "2026-09-10", "route": "K155", "kommune": 301, "categorie_station": "AutoPASS bomstasjon", "exploitant": "Fjellinjen AS", "lien": "www.fjellinjen.no", "tarif_petit_vehicule": 42.0, "tarif_gros_vehicule": 161.0, "tarif_pointe_petit": 50.0, "pointe_matin": "06:30-08:59", "pointe_soir": "15:00-16:59", "sens": "Med metrering", "regle_horaire": "Første passering gjelder", "regle_horaire_min": 60}}, {"type": "Feature", "geometry": {"type": "Point", "coordinates": [10.78345, 59.93879]}, "properties": {"id": "no-peage-929790737", "country": "no", "name": "Avkjøring fra Sinsenkrysset", "type": "peage", "source": "NVDB", "updated": "2026-09-10", "route": "R150", "kommune": 301, "categorie_station": "AutoPASS bomstasjon", "exploitant": "Fjellinjen AS", "lien": "www.fjellinjen.no", "tarif_petit_vehicule": 42.0, "tarif_gros_vehicule": 161.0, "tarif_pointe_petit": 50.0, "pointe_matin": "06:30-08:59", "pointe_soir": "15:00-16:59", "sens": "Med metrering", "regle_horaire": "Første passering gjelder", "regle_horaire_min": 60}}, {"type": "Feature", "geometry": {"type": "Point", "coordinates": [10.7787, 59.83593]}, "properties": {"id": "no-peage-929790738", "country": "no", "name": "E18 Fiskevollbukta", "type": "peage", "source": "NVDB", "updated": "2026-09-10", "route": "E18", "kommune": 301, "categorie_station": "AutoPASS bomstasjon", "exploitant": "Fjellinjen AS", "lien": "www.fjellinjen.no", "tarif_petit_vehicule": 42.0, "tarif_gros_vehicule": 161.0, "tarif_pointe_petit": 50.0, "pointe_matin": "06:30-08:59", "pointe_soir": "15:00-16:59", "sens": "Mot metrering", "regle_horaire": "Første passering gjelder", "regle_horaire_min": 60}}, {"type": "Feature", "geometry": {"type": "Point", "coordinates": [10.78014, 59.91715]}, "properties": {"id": "no-peage-929790739", "country": "no", "name": "Økernveien", "type": "peage", "source": "NVDB", "updated": "2026-09-10", "route": "K18587", "kommune": 301, "categorie_station": "AutoPASS bomstasjon", "exploitant": "Fjellinjen AS", "lien": "www.fjellinjen.no", "tarif_petit_vehicule": 42.0, "tarif_gros_vehicule": 161.0, "tarif_pointe_petit": 50.0, "pointe_matin": "06:30-08:59", "pointe_soir": "15:00-16:59", "sens": "Begge retninger", "regle_horaire": "Første passering gjelder", "regle_horaire_min": 60}}, {"type": "Feature", "geometry": {"type": "Point", "coordinates": [10.71486, 59.93528]}, "properties": {"id": "no-peage-929790740", "country": "no", "name": "Suhms Gate", "type": "peage", "source": "NVDB", "updated": "2026-09-10", "route": "K17171", "kommune": 301, "categorie_station": "AutoPASS bomstasjon", "exploitant": "Fjellinjen AS", "lien": "www.fjellinjen.no", "tarif_petit_vehicule": 42.0, "tarif_gros_vehicule": 161.0, "tarif_pointe_petit": 50.0, "pointe_matin": "06:30-08:59", "pointe_soir": "15:00-16:59", "sens": "Begge retninger", "regle_horaire": "Første passering gjelder", "regle_horaire_min": 60}}, {"type": "Feature", "geometry": {"type": "Point", "coordinates": [10.84828, 59.93961]}, "properties": {"id": "no-peage-929790741", "country": "no", "name": "Rv 163 Veitvet", "type": "peage", "source": "NVDB", "updated": "2026-09-10", "route": "R163", "kommune": 301, "categorie_station": "AutoPASS bomstasjon", "exploitant": "Fjellinjen AS", "lien": "www.fjellinjen.no", "tarif_petit_vehicule": 42.0, "tarif_gros_vehicule": 161.0, "tarif_pointe_petit": 50.0, "pointe_matin": "06:30-08:59", "pointe_soir": "15:00-16:59", "sens": "Med metrering", "regle_horaire": "Første passering gjelder", "regle_horaire_min": 60}}, {"type": "Feature", "geometry": {"type": "Point", "coordinates": [10.94243, 59.9495]}, "properties": {"id": "no-peage-929790742", "country": "no", "name": "Rv163 Stovner", "type": "peage", "source": "NVDB", "updated": "2026-09-10", "route": "R163", "kommune": 301, "categorie_station": "AutoPASS bomstasjon", "exploitant": "Fjellinjen AS", "lien": "www.fjellinjen.no", "tarif_petit_vehicule": 42.0, "tarif_gros_vehicule": 161.0, "tarif_pointe_petit": 50.0, "pointe_matin": "06:30-08:59", "pointe_soir": "15:00-16:59", "sens": "Mot metrering", "regle_horaire": "Første passering gjelder", "regle_horaire_min": 60}}, {"type": "Feature", "geometry": {"type": "Point", "coordinates": [10.80607, 59.88748]}, "properties": {"id": "no-peage-929790743", "country": "no", "name": "Sandstuveien", "type": "peage", "source": "NVDB", "updated": "2026-09-10", "route": "K16175", "kommune": 301, "categorie_station": "AutoPASS bomstasjon", "exploitant": "Fjellinjen AS", "lien": "www.fjellinjen.no", "tarif_petit_vehicule": 42.0, "tarif_gros_vehicule": 161.0, "tarif_pointe_petit": 50.0, "pointe_matin": "06:30-08:59", "pointe_soir": "15:00-16:59", "sens": "Begge retninger", "regle_horaire": "Første passering gjelder", "regle_horaire_min": 60}}, {"type": "Feature", "geometry": {"type": "Point", "coordinates": [10.70917, 59.9314]}, "properties": {"id": "no-peage-929790744", "country": "no", "name": "Sørkedalsveien", "type": "peage", "source": "NVDB", "updated": "2026-09-10", "route": "K168", "kommune": 301, "categorie_station": "AutoPASS bomstasjon", "exploitant": "Fjellinjen AS", "lien": "www.fjellinjen.no", "tarif_petit_vehicule": 42.0, "tarif_gros_vehicule": 161.0, "tarif_pointe_petit": 50.0, "pointe_matin": "06:30-08:59", "pointe_soir": "15:00-16:59", "sens": "Med metrering", "regle_horaire": "Første passering gjelder", "regle_horaire_min": 60}}, {"type": "Feature", "geometry": {"type": "Point", "coordinates": [10.77752, 59.9271]}, "properties": {"id": "no-peage-929790745", "country": "no", "name": "Hasleveien", "type": "peage", "source": "NVDB", "updated": "2026-09-10", "route": "K12727", "kommune": 301, "categorie_station": "AutoPASS bomstasjon", "exploitant": "Fjellinjen AS", "lien": "www.fjellinjen.no", "tarif_petit_vehicule": 42.0, "tarif_gros_vehicule": 161.0, "tarif_pointe_petit": 50.0, "pointe_matin": "06:30-08:59", "pointe_soir": "15:00-16:59", "sens": "Begge retninger", "regle_horaire": "Første passering gjelder", "regle_horaire_min": 60}}, {"type": "Feature", "geometry": {"type": "Point", "coordinates": [10.768, 59.88588]}, "properties": {"id": "no-peage-929790746", "country": "no", "name": "E 18 Mosseveien", "type": "peage", "source": "NVDB", "updated": "2026-09-10", "route": "E18", "kommune": 301, "categorie_station": "AutoPASS bomstasjon", "exploitant": "Fjellinjen AS", "lien": "www.fjellinjen.no", "tarif_petit_vehicule": 42.0, "tarif_gros_vehicule": 161.0, "tarif_pointe_petit": 50.0, "pointe_matin": "06:30-08:59", "pointe_soir": "15:00-16:59", "sens": "Begge retninger", "regle_horaire": "Første passering gjelder", "regle_horaire_min": 60}}, {"type": "Feature", "geometry": {"type": "Point", "coordinates": [10.93459, 59.94129]}, "properties": {"id": "no-peage-929790747", "country": "no", "name": "Starveien", "type": "peage", "source": "NVDB", "updated": "2026-09-10", "route": "K16949", "kommune": 301, "categorie_station": "AutoPASS bomstasjon", "exploitant": "Fjellinjen AS", "lien": "www.fjellinjen.no", "tarif_petit_vehicule": 42.0, "tarif_gros_vehicule": 161.0, "tarif_pointe_petit": 50.0, "pointe_matin": "06:30-08:59", "pointe_soir": "15:00-16:59", "sens": "Mot metrering", "regle_horaire": "Første passering gjelder", "regle_horaire_min": 60}}, {"type": "Feature", "geometry": {"type": "Point", "coordinates": [10.86231, 59.92647]}, "properties": {"id": "no-peage-929790748", "country": "no", "name": "Tvetenveien", "type": "peage", "source": "NVDB", "updated": "2026-09-10", "route": "K17852", "kommune": 301, "categorie_station": "AutoPASS bomstasjon", "exploitant": "Fjellinjen AS", "lien": "www.fjellinjen.no", "tarif_petit_vehicule": 42.0, "tarif_gros_vehicule": 161.0, "tarif_pointe_petit": 50.0, "pointe_matin": "06:30-08:59", "pointe_soir": "15:00-16:59", "sens": "Begge retninger", "regle_horaire": "Første passering gjelder", "regle_horaire_min": 60}}, {"type": "Feature", "geometry": {"type": "Point", "coordinates": [10.74653, 59.94006]}, "properties": {"id": "no-peage-929790749", "country": "no", "name": "Tåsenveien", "type": "peage", "source": "NVDB", "updated": "2026-09-10", "route": "K17894", "kommune": 301, "categorie_station": "AutoPASS bomstasjon", "exploitant": "Fjellinjen AS", "lien": "www.fjellinjen.no", "tarif_petit_vehicule": 42.0, "tarif_gros_vehicule": 161.0, "tarif_pointe_petit": 50.0, "pointe_matin": "06:30-08:59", "pointe_soir": "15:00-16:59", "sens": "Begge retninger", "regle_horaire": "Første passering gjelder", "regle_horaire_min": 60}}, {"type": "Feature", "geometry": {"type": "Point", "coordinates": [10.78155, 59.94058]}, "properties": {"id": "no-peage-929790750", "country": "no", "name": "Ring 3 Sinsenkrysset", "type": "peage", "source": "NVDB", "updated": "2026-09-10", "route": "R150", "kommune": 301, "categorie_station": "AutoPASS bomstasjon", "exploitant": "Fjellinjen AS", "lien": "www.fjellinjen.no", "tarif_petit_vehicule": 40.0, "tarif_gros_vehicule": 113.0, "tarif_pointe_petit": 46.0, "pointe_matin": "06:30-08:59", "pointe_soir": "15:00-16:59", "sens": "Med metrering", "regle_horaire": "Første passering gjelder", "regle_horaire_min": 60}}, {"type": "Feature", "geometry": {"type": "Point", "coordinates": [10.78443, 59.90348]}, "properties": {"id": "no-peage-929790751", "country": "no", "name": "På og avkjøring E6 Lodalen", "type": "peage", "source": "NVDB", "updated": "2026-09-10", "route": "E6", "kommune": 301, "categorie_station": "AutoPASS bomstasjon", "exploitant": "Fjellinjen AS", "lien": "www.fjellinjen.no", "tarif_petit_vehicule": 40.0, "tarif_gros_vehicule": 113.0, "tarif_pointe_petit": 46.0, "pointe_matin": "06:30-08:59", "pointe_soir": "15:00-16:59", "sens": "Med metrering", "regle_horaire": "Første passering gjelder", "regle_horaire_min": 60}}, {"type": "Feature", "geometry": {"type": "Point", "coordinates": [10.81248, 59.9167]}, "properties": {"id": "no-peage-929790752", "country": "no", "name": "Ring 3 Teisen", "type": "peage", "source": "NVDB", "updated": "2026-09-10", "route": "E6", "kommune": 301, "categorie_station": "AutoPASS bomstasjon", "exploitant": "Fjellinjen AS", "lien": "www.fjellinjen.no", "tarif_petit_vehicule": 42.0, "tarif_gros_vehicule": 161.0, "tarif_pointe_petit": 50.0, "pointe_matin": "06:30-08:59", "pointe_soir": "15:00-16:59", "sens": "Begge retninger", "regle_horaire": "Første passering gjelder", "regle_horaire_min": 60}}, {"type": "Feature", "geometry": {"type": "Point", "coordinates": [10.82187, 59.92008]}, "properties": {"id": "no-peage-929790753", "country": "no", "name": "Avkjøring E6 til strømsveien", "type": "peage", "source": "NVDB", "updated": "2026-09-10", "route": "K17126", "kommune": 301, "categorie_station": "AutoPASS bomstasjon", "exploitant": "Fjellinjen AS", "lien": "www.fjellinjen.no", "tarif_petit_vehicule": 42.0, "tarif_gros_vehicule": 161.0, "tarif_pointe_petit": 50.0, "pointe_matin": "06:30-08:59", "pointe_soir": "15:00-16:59", "sens": "Med metrering", "regle_horaire": "Første passering gjelder", "regle_horaire_min": 60}}, {"type": "Feature", "geometry": {"type": "Point", "coordinates": [10.72434, 59.93643]}, "properties": {"id": "no-peage-929790754", "country": "no", "name": "Blindernveien", "type": "peage", "source": "NVDB", "updated": "2026-09-10", "route": "K10736", "kommune": 301, "categorie_station": "AutoPASS bomstasjon", "exploitant": "Fjellinjen AS", "lien": "www.fjellinjen.no", "tarif_petit_vehicule": 42.0, "tarif_gros_vehicule": 161.0, "tarif_pointe_petit": 50.0, "pointe_matin": "06:30-08:59", "pointe_soir": "15:00-16:59", "sens": "Begge retninger", "regle_horaire": "Første passering gjelder", "regle_horaire_min": 60}}, {"type": "Feature", "geometry": {"type": "Point", "coordinates": [10.76987, 59.93035]}, "properties": {"id": "no-peage-929790755", "country": "no", "name": "Fagerheimgata Nord", "type": "peage", "source": "NVDB", "updated": "2026-09-10", "route": "K4", "kommune": 301, "categorie_station": "AutoPASS bomstasjon", "exploitant": "Fjellinjen AS", "lien": "www.fjellinjen.no", "tarif_petit_vehicule": 42.0, "tarif_gros_vehicule": 161.0, "tarif_pointe_petit": 50.0, "pointe_matin": "06:30-08:59", "pointe_soir": "15:00-16:59", "sens": "Med metrering", "regle_horaire": "Første passering gjelder", "regle_horaire_min": 60}}, {"type": "Feature", "geometry": {"type": "Point", "coordinates": [10.82016, 59.87787]}, "properties": {"id": "no-peage-929790756", "country": "no", "name": "E6 Abildsø", "type": "peage", "source": "NVDB", "updated": "2026-09-10", "route": "E6", "kommune": 301, "categorie_station": "AutoPASS bomstasjon", "exploitant": "Fjellinjen AS", "lien": "www.fjellinjen.no", "tarif_petit_vehicule": 42.0, "tarif_gros_vehicule": 161.0, "tarif_pointe_petit": 50.0, "pointe_matin": "06:30-08:59", "pointe_soir": "15:00-16:59", "sens": "Begge retninger", "regle_horaire": "Første passering gjelder", "regle_horaire_min": 60}}, {"type": "Feature", "geometry": {"type": "Point", "coordinates": [10.68566, 59.91815]}, "properties": {"id": "no-peage-929790757", "country": "no", "name": "E18 Bygdøylokket", "type": "peage", "source": "NVDB", "updated": "2026-09-10", "route": "E18", "kommune": 301, "categorie_station": "AutoPASS bomstasjon", "exploitant": "Fjellinjen AS", "lien": "www.fjellinjen.no", "tarif_petit_vehicule": 42.0, "tarif_gros_vehicule": 161.0, "tarif_pointe_petit": 50.0, "pointe_matin": "06:30-08:59", "pointe_soir": "15:00-16:59", "sens": "Med metrering", "regle_horaire": "Første passering gjelder", "regle_horaire_min": 60}}, {"type": "Feature", "geometry": {"type": "Point", "coordinates": [10.84278, 59.9241]}, "properties": {"id": "no-peage-929790759", "country": "no", "name": "Smalvollveien", "type": "peage", "source": "NVDB", "updated": "2026-09-10", "route": "K16667", "kommune": 301, "categorie_station": "AutoPASS bomstasjon", "exploitant": "Fjellinjen AS", "lien": "www.fjellinjen.no", "tarif_petit_vehicule": 42.0, "tarif_gros_vehicule": 161.0, "tarif_pointe_petit": 50.0, "pointe_matin": "06:30-08:59", "pointe_soir": "15:00-16:59", "sens": "Begge retninger", "regle_horaire": "Første passering gjelder", "regle_horaire_min": 60}}, {"type": "Feature", "geometry": {"type": "Point", "coordinates": [10.84197, 59.94486]}, "properties": {"id": "no-peage-929790762", "country": "no", "name": "Rv 4 Linderud", "type": "peage", "source": "NVDB", "updated": "2026-09-10", "route": "R4", "kommune": 301, "categorie_station": "AutoPASS bomstasjon", "exploitant": "Fjellinjen AS", "lien": "www.fjellinjen.no", "tarif_petit_vehicule": 42.0, "tarif_gros_vehicule": 161.0, "tarif_pointe_petit": 50.0, "pointe_matin": "06:30-08:59", "pointe_soir": "15:00-16:59", "sens": "Begge retninger", "regle_horaire": "Første passering gjelder", "regle_horaire_min": 60}}, {"type": "Feature", "geometry": {"type": "Point", "coordinates": [10.76013, 59.9326]}, "properties": {"id": "no-peage-929790763", "country": "no", "name": "Sandakerveien", "type": "peage", "source": "NVDB", "updated": "2026-09-10", "route": "K16161", "kommune": 301, "categorie_station": "AutoPASS bomstasjon", "exploitant": "Fjellinjen AS", "lien": "www.fjellinjen.no", "tarif_petit_vehicule": 42.0, "tarif_gros_vehicule": 161.0, "tarif_pointe_petit": 50.0, "pointe_matin": "06:30-08:59", "pointe_soir": "15:00-16:59", "sens": "Begge retninger", "regle_horaire": "Første passering gjelder", "regle_horaire_min": 60}}, {"type": "Feature", "geometry": {"type": "Point", "coordinates": [10.70688, 59.9309]}, "properties": {"id": "no-peage-929790764", "country": "no", "name": "Fritjof Nansens vei", "type": "peage", "source": "NVDB", "updated": "2026-09-10", "route": "K11995", "kommune": 301, "categorie_station": "AutoPASS bomstasjon", "exploitant": "Fjellinjen AS", "lien": "www.fjellinjen.no", "tarif_petit_vehicule": 42.0, "tarif_gros_vehicule": 161.0, "tarif_pointe_petit": 50.0, "pointe_matin": "06:30-08:59", "pointe_soir": "15:00-16:59", "sens": "Begge retninger", "regle_horaire": "Første passering gjelder", "regle_horaire_min": 60}}, {"type": "Feature", "geometry": {"type": "Point", "coordinates": [10.78065, 59.90743]}, "properties": {"id": "no-peage-929790765", "country": "no", "name": "St. Halvards gate", "type": "peage", "source": "NVDB", "updated": "2026-09-10", "route": "K16931", "kommune": 301, "categorie_station": "AutoPASS bomstasjon", "exploitant": "Fjellinjen AS", "lien": "www.fjellinjen.no", "tarif_petit_vehicule": 42.0, "tarif_gros_vehicule": 161.0, "tarif_pointe_petit": 50.0, "pointe_matin": "06:30-08:59", "pointe_soir": "15:00-16:59", "sens": "Begge retninger", "regle_horaire": "Første passering gjelder", "regle_horaire_min": 60}}, {"type": "Feature", "geometry": {"type": "Point", "coordinates": [10.78184, 59.88965]}, "properties": {"id": "no-peage-929790766", "country": "no", "name": "Ekebergveien", "type": "peage", "source": "NVDB", "updated": "2026-09-10", "route": "K11462", "kommune": 301, "categorie_station": "AutoPASS bomstasjon", "exploitant": "Fjellinjen AS", "lien": "www.fjellinjen.no", "tarif_petit_vehicule": 42.0, "tarif_gros_vehicule": 161.0, "tarif_pointe_petit": 50.0, "pointe_matin": "06:30-08:59", "pointe_soir": "15:00-16:59", "sens": "Begge retninger", "regle_horaire": "Første passering gjelder", "regle_horaire_min": 60}}, {"type": "Feature", "geometry": {"type": "Point", "coordinates": [10.71097, 59.93331]}, "properties": {"id": "no-peage-929790767", "country": "no", "name": "Apalveien", "type": "peage", "source": "NVDB", "updated": "2026-09-10", "route": "K10197", "kommune": 301, "categorie_station": "AutoPASS bomstasjon", "exploitant": "Fjellinjen AS", "lien": "www.fjellinjen.no", "tarif_petit_vehicule": 42.0, "tarif_gros_vehicule": 161.0, "tarif_pointe_petit": 50.0, "pointe_matin": "06:30-08:59", "pointe_soir": "15:00-16:59", "sens": "Begge retninger", "regle_horaire": "Første passering gjelder", "regle_horaire_min": 60}}, {"type": "Feature", "geometry": {"type": "Point", "coordinates": [10.7794, 59.90325]}, "properties": {"id": "no-peage-929790768", "country": "no", "name": "Dyvekes vei", "type": "peage", "source": "NVDB", "updated": "2026-09-10", "route": "K13876", "kommune": 301, "categorie_station": "AutoPASS bomstasjon", "exploitant": "Fjellinjen AS", "lien": "www.fjellinjen.no", "tarif_petit_vehicule": 42.0, "tarif_gros_vehicule": 161.0, "tarif_pointe_petit": 50.0, "pointe_matin": "06:30-08:59", "pointe_soir": "15:00-16:59", "sens": "Begge retninger", "regle_horaire": "Første passering gjelder", "regle_horaire_min": 60}}, {"type": "Feature", "geometry": {"type": "Point", "coordinates": [10.92612, 59.92986]}, "properties": {"id": "no-peage-929790769", "country": "no", "name": "Gamleveien", "type": "peage", "source": "NVDB", "updated": "2026-09-10", "route": "K3350", "kommune": 3222, "categorie_station": "AutoPASS bomstasjon", "exploitant": "Fjellinjen AS", "lien": "www.fjellinjen.no", "tarif_petit_vehicule": 42.0, "tarif_gros_vehicule": 161.0, "tarif_pointe_petit": 50.0, "pointe_matin": "06:30-08:59", "pointe_soir": "15:00-16:59", "sens": "Mot metrering", "regle_horaire": "Første passering gjelder", "regle_horaire_min": 60}}, {"type": "Feature", "geometry": {"type": "Point", "coordinates": [10.74753, 59.93669]}, "properties": {"id": "no-peage-929790770", "country": "no", "name": "Kierschows Gate", "type": "peage", "source": "NVDB", "updated": "2026-09-10", "route": "K13674", "kommune": 301, "categorie_station": "AutoPASS bomstasjon", "exploitant": "Fjellinjen AS", "lien": "www.fjellinjen.no", "tarif_petit_vehicule": 42.0, "tarif_gros_vehicule": 161.0, "tarif_pointe_petit": 50.0, "pointe_matin": "06:30-08:59", "pointe_soir": "15:00-16:59", "sens": "Begge retninger", "regle_horaire": "Første passering gjelder", "regle_horaire_min": 60}}, {"type": "Feature", "geometry": {"type": "Point", "coordinates": [10.77074, 59.88786]}, "properties": {"id": "no-peage-929790771", "country": "no", "name": "Kongsveien", "type": "peage", "source": "NVDB", "updated": "2026-09-10", "route": "K13868", "kommune": 301, "categorie_station": "AutoPASS bomstasjon", "exploitant": "Fjellinjen AS", "lien": "www.fjellinjen.no", "tarif_petit_vehicule": 42.0, "tarif_gros_vehicule": 161.0, "tarif_pointe_petit": 50.0, "pointe_matin": "06:30-08:59", "pointe_soir": "15:00-16:59", "sens": "Begge retninger", "regle_horaire": "Første passering gjelder", "regle_horaire_min": 60}}, {"type": "Feature", "geometry": {"type": "Point", "coordinates": [10.76928, 59.92995]}, "properties": {"id": "no-peage-929790772", "country": "no", "name": "Fagerheimgata Sør", "type": "peage", "source": "NVDB", "updated": "2026-09-10", "route": "K4", "kommune": 301, "categorie_station": "AutoPASS bomstasjon", "exploitant": "Fjellinjen AS", "lien": "www.fjellinjen.no", "tarif_petit_vehicule": 42.0, "tarif_gros_vehicule": 161.0, "tarif_pointe_petit": 50.0, "pointe_matin": "06:30-08:59", "pointe_soir": "15:00-16:59", "sens": "Begge retninger", "regle_horaire": "Første passering gjelder", "regle_horaire_min": 60}}, {"type": "Feature", "geometry": {"type": "Point", "coordinates": [10.78248, 59.93883]}, "properties": {"id": "no-peage-929790774", "country": "no", "name": "Påkjøring til Sinsenkrysset", "type": "peage", "source": "NVDB", "updated": "2026-09-10", "route": "R150", "kommune": 301, "categorie_station": "AutoPASS bomstasjon", "exploitant": "Fjellinjen AS", "lien": "www.fjellinjen.no", "tarif_petit_vehicule": 42.0, "tarif_gros_vehicule": 161.0, "tarif_pointe_petit": 50.0, "pointe_matin": "06:30-08:59", "pointe_soir": "15:00-16:59", "sens": "Med metrering", "regle_horaire": "Første passering gjelder", "regle_horaire_min": 60}}, {"type": "Feature", "geometry": {"type": "Point", "coordinates": [10.78187, 59.94062]}, "properties": {"id": "no-peage-929790775", "country": "no", "name": "Ring 3 Sinsenkrysset", "type": "peage", "source": "NVDB", "updated": "2026-09-10", "route": "R150", "kommune": 301, "categorie_station": "AutoPASS bomstasjon", "exploitant": "Fjellinjen AS", "lien": "www.fjellinjen.no", "tarif_petit_vehicule": 42.0, "tarif_gros_vehicule": 161.0, "tarif_pointe_petit": 50.0, "pointe_matin": "06:30-08:59", "pointe_soir": "15:00-16:59", "sens": "Med metrering", "regle_horaire": "Første passering gjelder", "regle_horaire_min": 60}}, {"type": "Feature", "geometry": {"type": "Point", "coordinates": [10.68231, 59.92074]}, "properties": {"id": "no-peage-931746064", "country": "no", "name": "Karenslyst allè", "type": "peage", "source": "NVDB", "updated": "2026-09-10", "route": "K20713", "kommune": 301, "categorie_station": "AutoPASS bomstasjon", "exploitant": "Fjellinjen AS", "lien": "www.fjellinjen.no", "tarif_petit_vehicule": 42.0, "tarif_gros_vehicule": 161.0, "tarif_pointe_petit": 50.0, "pointe_matin": "06:30-08:59", "pointe_soir": "15:00-16:59", "sens": "Begge retninger", "regle_horaire": "Første passering gjelder", "regle_horaire_min": 60}}, {"type": "Feature", "geometry": {"type": "Point", "coordinates": [10.31115, 63.32342]}, "properties": {"id": "no-peage-937707803", "country": "no", "name": "Klett Røddeveien, S-snitt", "type": "peage", "source": "NVDB", "updated": "2026-09-10", "route": "F6608", "kommune": 5001, "categorie_station": "AutoPASS bomstasjon", "exploitant": "Vegamot AS", "lien": "www.vegamot.no", "tarif_petit_vehicule": 22.0, "tarif_gros_vehicule": 53.0, "tarif_pointe_petit": 44.0, "pointe_matin": "07:00-08:59", "pointe_soir": "15:00-16:59", "sens": "Begge retninger", "regle_horaire": "Første passering gjelder", "regle_horaire_min": 60}}, {"type": "Feature", "geometry": {"type": "Point", "coordinates": [8.82054, 58.51004]}, "properties": {"id": "no-peage-973084603", "country": "no", "name": "E18 Mørland", "type": "peage", "source": "NVDB", "updated": "2026-09-10", "route": "E18", "kommune": 4203, "categorie_station": "AutoPASS bomstasjon", "exploitant": "Ferde AS - E18 Tvedestrand - Arendal", "lien": "www.ferde.no", "tarif_petit_vehicule": 30.0, "tarif_gros_vehicule": 74.0, "tarif_pointe_petit": null, "pointe_matin": null, "pointe_soir": null, "sens": "Begge retninger", "regle_horaire": null, "regle_horaire_min": null}}, {"type": "Feature", "geometry": {"type": "Point", "coordinates": [8.7704, 58.49412]}, "properties": {"id": "no-peage-973133745", "country": "no", "name": "E18 Stølen", "type": "peage", "source": "NVDB", "updated": "2026-09-10", "route": "E18", "kommune": 4203, "categorie_station": "AutoPASS bomstasjon", "exploitant": "Ferde AS - E18 Tvedestrand - Arendal", "lien": "www.ferde.no", "tarif_petit_vehicule": 14.0, "tarif_gros_vehicule": 35.0, "tarif_pointe_petit": null, "pointe_matin": null, "pointe_soir": null, "sens": "Begge retninger", "regle_horaire": null, "regle_horaire_min": null}}, {"type": "Feature", "geometry": {"type": "Point", "coordinates": [10.98209, 59.24265]}, "properties": {"id": "no-peage-978587417", "country": "no", "name": "Evjebekkveien", "type": "peage", "source": "NVDB", "updated": "2026-09-10", "route": "K81154", "kommune": 3107, "categorie_station": "AutoPASS bomstasjon", "exploitant": "Vegfinans Bypakke Nedre Glomma AS", "lien": "www.vegfinans.no", "tarif_petit_vehicule": 34.0, "tarif_gros_vehicule": 68.0, "tarif_pointe_petit": null, "pointe_matin": null, "pointe_soir": null, "sens": "Mot metrering", "regle_horaire": "Første passering gjelder", "regle_horaire_min": 60}}, {"type": "Feature", "geometry": {"type": "Point", "coordinates": [10.99164, 59.23966]}, "properties": {"id": "no-peage-978587418", "country": "no", "name": "Dikeveien", "type": "peage", "source": "NVDB", "updated": "2026-09-10", "route": "K9680", "kommune": 3107, "categorie_station": "AutoPASS bomstasjon", "exploitant": "Vegfinans Bypakke Nedre Glomma AS", "lien": "www.vegfinans.no", "tarif_petit_vehicule": 34.0, "tarif_gros_vehicule": 68.0, "tarif_pointe_petit": null, "pointe_matin": null, "pointe_soir": null, "sens": "Mot metrering", "regle_horaire": "Første passering gjelder", "regle_horaire_min": 60}}, {"type": "Feature", "geometry": {"type": "Point", "coordinates": [10.98072, 59.24342]}, "properties": {"id": "no-peage-978587419", "country": "no", "name": "Fv. 109 Råbekken", "type": "peage", "source": "NVDB", "updated": "2026-09-10", "route": "F109", "kommune": 3107, "categorie_station": "AutoPASS bomstasjon", "exploitant": "Vegfinans Bypakke Nedre Glomma AS", "lien": "www.vegfinans.no", "tarif_petit_vehicule": 34.0, "tarif_gros_vehicule": 68.0, "tarif_pointe_petit": null, "pointe_matin": null, "pointe_soir": null, "sens": "Mot metrering", "regle_horaire": "Første passering gjelder", "regle_horaire_min": 60}}, {"type": "Feature", "geometry": {"type": "Point", "coordinates": [10.93212, 59.23554]}, "properties": {"id": "no-peage-978587420", "country": "no", "name": "Fv. 381 Veumveien", "type": "peage", "source": "NVDB", "updated": "2026-09-10", "route": "F381", "kommune": 3107, "categorie_station": "AutoPASS bomstasjon", "exploitant": "Vegfinans Bypakke Nedre Glomma AS", "lien": "www.vegfinans.no", "tarif_petit_vehicule": 34.0, "tarif_gros_vehicule": 68.0, "tarif_pointe_petit": null, "pointe_matin": null, "pointe_soir": null, "sens": "Mot metrering", "regle_horaire": "Første passering gjelder", "regle_horaire_min": 60}}, {"type": "Feature", "geometry": {"type": "Point", "coordinates": [10.96815, 59.20738]}, "properties": {"id": "no-peage-978587421", "country": "no", "name": "Rv. 110 Fredrikstadbrua", "type": "peage", "source": "NVDB", "updated": "2026-09-10", "route": "R110", "kommune": 3107, "categorie_station": "AutoPASS bomstasjon", "exploitant": "Vegfinans Bypakke Nedre Glomma AS", "lien": "www.vegfinans.no", "tarif_petit_vehicule": 34.0, "tarif_gros_vehicule": 68.0, "tarif_pointe_petit": null, "pointe_matin": null, "pointe_soir": null, "sens": "Mot metrering", "regle_horaire": "Første passering gjelder", "regle_horaire_min": 60}}, {"type": "Feature", "geometry": {"type": "Point", "coordinates": [9.50289, 60.85805]}, "properties": {"id": "no-peage-980544463", "country": "no", "name": "E16 Bagnskleive", "type": "peage", "source": "NVDB", "updated": "2026-09-10", "route": "E16", "kommune": 3451, "categorie_station": "AutoPASS bomstasjon", "exploitant": "Vegfinans E16 Oppland AS", "lien": "www.vegfinans.no", "tarif_petit_vehicule": 69.0, "tarif_gros_vehicule": 170.0, "tarif_pointe_petit": null, "pointe_matin": null, "pointe_soir": null, "sens": "Begge retninger", "regle_horaire": null, "regle_horaire_min": null}}, {"type": "Feature", "geometry": {"type": "Point", "coordinates": [11.20616, 60.7432]}, "properties": {"id": "no-peage-980988436", "country": "no", "name": "E6 Jønsberg", "type": "peage", "source": "NVDB", "updated": "2026-09-10", "route": "E6", "kommune": 3413, "categorie_station": "AutoPASS bomstasjon", "exploitant": "Vegfinans E6 Gardermoen - Moelv AS", "lien": "www.vegfinans.no", "tarif_petit_vehicule": 29.0, "tarif_gros_vehicule": 58.0, "tarif_pointe_petit": null, "pointe_matin": null, "pointe_soir": null, "sens": "Begge retninger", "regle_horaire": "Ikke timesregel", "regle_horaire_min": null}}, {"type": "Feature", "geometry": {"type": "Point", "coordinates": [6.1646, 62.39507]}, "properties": {"id": "no-peage-983416562", "country": "no", "name": "sans nom", "type": "peage", "source": "NVDB", "updated": "2026-09-10", "route": "F61", "kommune": 1531, "categorie_station": "AutoPASS bomstasjon", "exploitant": null, "lien": null, "tarif_petit_vehicule": null, "tarif_gros_vehicule": null, "tarif_pointe_petit": null, "pointe_matin": null, "pointe_soir": null, "sens": "Med metrering", "regle_horaire": null, "regle_horaire_min": null}}, {"type": "Feature", "geometry": {"type": "Point", "coordinates": [10.91621, 59.22573]}, "properties": {"id": "no-peage-1004715757", "country": "no", "name": "Rv. 110 Seut", "type": "peage", "source": "NVDB", "updated": "2026-09-10", "route": "R110", "kommune": 3107, "categorie_station": "AutoPASS bomstasjon", "exploitant": "Vegfinans Bypakke Nedre Glomma AS", "lien": "www.vegfinans.no", "tarif_petit_vehicule": 34.0, "tarif_gros_vehicule": 68.0, "tarif_pointe_petit": null, "pointe_matin": null, "pointe_soir": null, "sens": "Med metrering", "regle_horaire": "Første passering gjelder", "regle_horaire_min": 60}}, {"type": "Feature", "geometry": {"type": "Point", "coordinates": [9.5064, 60.85683]}, "properties": {"id": "no-peage-1004719849", "country": "no", "name": "Bagnskleive sideveg", "type": "peage", "source": "NVDB", "updated": "2026-09-10", "route": "F2450", "kommune": 3451, "categorie_station": "AutoPASS bomstasjon", "exploitant": "Vegfinans E16 Oppland AS", "lien": "www.vegfinans.no", "tarif_petit_vehicule": 69.0, "tarif_gros_vehicule": 170.0, "tarif_pointe_petit": null, "pointe_matin": null, "pointe_soir": null, "sens": "Begge retninger", "regle_horaire": "Ikke timesregel", "regle_horaire_min": null}}, {"type": "Feature", "geometry": {"type": "Point", "coordinates": [10.78469, 59.90485]}, "properties": {"id": "no-peage-1004721907", "country": "no", "name": "E6 Lodalen", "type": "peage", "source": "NVDB", "updated": "2026-09-10", "route": "E6", "kommune": 301, "categorie_station": "AutoPASS bomstasjon", "exploitant": "Fjellinjen AS", "lien": "www.fjellinjen.no", "tarif_petit_vehicule": 40.0, "tarif_gros_vehicule": 113.0, "tarif_pointe_petit": 46.0, "pointe_matin": "06:30-08:59", "pointe_soir": "15:00-16:59", "sens": "Med metrering", "regle_horaire": "Første passering gjelder", "regle_horaire_min": 60}}, {"type": "Feature", "geometry": {"type": "Point", "coordinates": [10.78431, 59.9042]}, "properties": {"id": "no-peage-1004721908", "country": "no", "name": "E6 Lodalen", "type": "peage", "source": "NVDB", "updated": "2026-09-10", "route": "E6", "kommune": 301, "categorie_station": "AutoPASS bomstasjon", "exploitant": "Fjellinjen AS", "lien": "www.fjellinjen.no", "tarif_petit_vehicule": 42.0, "tarif_gros_vehicule": 161.0, "tarif_pointe_petit": 50.0, "pointe_matin": "06:30-08:59", "pointe_soir": "15:00-16:59", "sens": "Med metrering", "regle_horaire": "Første passering gjelder", "regle_horaire_min": 60}}, {"type": "Feature", "geometry": {"type": "Point", "coordinates": [10.80402, 59.89788]}, "properties": {"id": "no-peage-1005294181", "country": "no", "name": "E6 Svartdalstunnelen", "type": "peage", "source": "NVDB", "updated": "2026-09-10", "route": "E6", "kommune": 301, "categorie_station": "AutoPASS bomstasjon", "exploitant": "Fjellinjen AS", "lien": "www.fjellinjen.no", "tarif_petit_vehicule": 40.0, "tarif_gros_vehicule": 113.0, "tarif_pointe_petit": 46.0, "pointe_matin": "06:30-08:59", "pointe_soir": "15:00-16:59", "sens": "Med metrering", "regle_horaire": "Første passering gjelder", "regle_horaire_min": 60}}, {"type": "Feature", "geometry": {"type": "Point", "coordinates": [5.33971, 59.96658]}, "properties": {"id": "no-peage-1005382828", "country": "no", "name": "Sandvikvåg", "type": "peage", "source": "NVDB", "updated": "2026-09-10", "route": "E39", "kommune": 4615, "categorie_station": "Ferjeinnkrevingspunkt", "exploitant": null, "lien": null, "tarif_petit_vehicule": null, "tarif_gros_vehicule": null, "tarif_pointe_petit": null, "pointe_matin": null, "pointe_soir": null, "sens": "Mot metrering", "regle_horaire": "Ikke timesregel", "regle_horaire_min": null}}, {"type": "Feature", "geometry": {"type": "Point", "coordinates": [5.4291, 60.14806]}, "properties": {"id": "no-peage-1005382831", "country": "no", "name": "Halhjem", "type": "peage", "source": "NVDB", "updated": "2026-09-10", "route": "E39", "kommune": 4624, "categorie_station": "Ferjeinnkrevingspunkt", "exploitant": null, "lien": null, "tarif_petit_vehicule": null, "tarif_gros_vehicule": null, "tarif_pointe_petit": null, "pointe_matin": null, "pointe_soir": null, "sens": "Med metrering", "regle_horaire": "Ikke timesregel", "regle_horaire_min": null}}, {"type": "Feature", "geometry": {"type": "Point", "coordinates": [16.53571, 68.79317]}, "properties": {"id": "no-peage-1005484031", "country": "no", "name": "Seljestad", "type": "peage", "source": "NVDB", "updated": "2026-09-10", "route": "R83", "kommune": 5503, "categorie_station": "AutoPASS bomstasjon", "exploitant": "Troms Bompengeselskap AS", "lien": "harstadpakken.no", "tarif_petit_vehicule": 20.0, "tarif_gros_vehicule": 32.0, "tarif_pointe_petit": null, "pointe_matin": null, "pointe_soir": null, "sens": "Begge retninger", "regle_horaire": null, "regle_horaire_min": null}}, {"type": "Feature", "geometry": {"type": "Point", "coordinates": [9.64254, 59.01368]}, "properties": {"id": "no-peage-1005604580", "country": "no", "name": "E18 Stillinga", "type": "peage", "source": "NVDB", "updated": "2026-09-10", "route": "E18", "kommune": 4012, "categorie_station": "AutoPASS bomstasjon", "exploitant": "Vegfinans E18 Telemark AS", "lien": "www.vegfinans.no", "tarif_petit_vehicule": 43.0, "tarif_gros_vehicule": 86.0, "tarif_pointe_petit": null, "pointe_matin": null, "pointe_soir": null, "sens": "Begge retninger", "regle_horaire": null, "regle_horaire_min": null}}, {"type": "Feature", "geometry": {"type": "Point", "coordinates": [15.24597, 66.49655]}, "properties": {"id": "no-peage-1006214612", "country": "no", "name": "E6 Bolna", "type": "peage", "source": "NVDB", "updated": "2026-09-10", "route": "E6", "kommune": 1833, "categorie_station": "AutoPASS bomstasjon", "exploitant": "BPS Nord - Nordland Bompengeselskap AS", "lien": "www.e6helgeland.no", "tarif_petit_vehicule": 45.0, "tarif_gros_vehicule": 109.0, "tarif_pointe_petit": null, "pointe_matin": null, "pointe_soir": null, "sens": "Begge retninger", "regle_horaire": "Ikke timesregel", "regle_horaire_min": null}}, {"type": "Feature", "geometry": {"type": "Point", "coordinates": [11.32159, 64.09389]}, "properties": {"id": "no-peage-1008101974", "country": "no", "name": "Malm", "type": "peage", "source": "NVDB", "updated": "2026-09-10", "route": "F720", "kommune": 5006, "categorie_station": "AutoPASS bomstasjon", "exploitant": "Vegamot AS Avdeling: Fv17-Fv720", "lien": "www.vegamot.no", "tarif_petit_vehicule": 66.0, "tarif_gros_vehicule": 133.0, "tarif_pointe_petit": null, "pointe_matin": null, "pointe_soir": null, "sens": "Begge retninger", "regle_horaire": "Ikke timesregel", "regle_horaire_min": null}}, {"type": "Feature", "geometry": {"type": "Point", "coordinates": [11.49903, 64.07076]}, "properties": {"id": "no-peage-1008101975", "country": "no", "name": "Dyrstad", "type": "peage", "source": "NVDB", "updated": "2026-09-10", "route": "F17", "kommune": 5006, "categorie_station": "AutoPASS bomstasjon", "exploitant": "Vegamot AS Avdeling: Fv17-Fv720", "lien": "www.vegamot.no", "tarif_petit_vehicule": 34.0, "tarif_gros_vehicule": 68.0, "tarif_pointe_petit": null, "pointe_matin": null, "pointe_soir": null, "sens": "Begge retninger", "regle_horaire": "Ikke timesregel", "regle_horaire_min": null}}, {"type": "Feature", "geometry": {"type": "Point", "coordinates": [11.27359, 64.15539]}, "properties": {"id": "no-peage-1008101976", "country": "no", "name": "Sprova", "type": "peage", "source": "NVDB", "updated": "2026-09-10", "route": "F17", "kommune": 5006, "categorie_station": "AutoPASS bomstasjon", "exploitant": "Vegamot AS Avdeling: Fv17-Fv720", "lien": "www.vegamot.no", "tarif_petit_vehicule": 57.0, "tarif_gros_vehicule": 114.0, "tarif_pointe_petit": null, "pointe_matin": null, "pointe_soir": null, "sens": "Begge retninger", "regle_horaire": "Ikke timesregel", "regle_horaire_min": null}}, {"type": "Feature", "geometry": {"type": "Point", "coordinates": [11.09467, 60.81911]}, "properties": {"id": "no-peage-1008888585", "country": "no", "name": "E6 Vien", "type": "peage", "source": "NVDB", "updated": "2026-09-10", "route": "E6", "kommune": 3403, "categorie_station": "AutoPASS bomstasjon", "exploitant": "Vegfinans E6 Gardermoen - Moelv AS", "lien": "www.vegfinans.no", "tarif_petit_vehicule": 23.0, "tarif_gros_vehicule": 46.0, "tarif_pointe_petit": null, "pointe_matin": null, "pointe_soir": null, "sens": "Begge retninger", "regle_horaire": null, "regle_horaire_min": null}}, {"type": "Feature", "geometry": {"type": "Point", "coordinates": [11.45461, 60.87772]}, "properties": {"id": "no-peage-1008998435", "country": "no", "name": "Rv3/25 Ny veg", "type": "peage", "source": "NVDB", "updated": "2026-09-10", "route": "R3", "kommune": 3412, "categorie_station": "AutoPASS bomstasjon", "exploitant": "Vegfinans Rv3 og Rv25 Hamar-Elverum AS", "lien": "www.vegfinans.no", "tarif_petit_vehicule": 27.0, "tarif_gros_vehicule": 54.0, "tarif_pointe_petit": null, "pointe_matin": "00:00-00:00", "pointe_soir": "00:00-00:00", "sens": "Begge retninger", "regle_horaire": "Første passering gjelder", "regle_horaire_min": null}}, {"type": "Feature", "geometry": {"type": "Point", "coordinates": [9.71172, 59.66914]}, "properties": {"id": "no-peage-1009042928", "country": "no", "name": "Fv. 286 Damåsen", "type": "peage", "source": "NVDB", "updated": "2026-09-10", "route": "F286", "kommune": 3303, "categorie_station": "AutoPASS bomstasjon", "exploitant": "Vegfinans E134 Buskerud AS", "lien": "www.vegfinans.no", "tarif_petit_vehicule": 44.0, "tarif_gros_vehicule": 109.0, "tarif_pointe_petit": null, "pointe_matin": null, "pointe_soir": null, "sens": "Begge retninger", "regle_horaire": "Ikke timesregel", "regle_horaire_min": null}}, {"type": "Feature", "geometry": {"type": "Point", "coordinates": [9.71242, 59.66899]}, "properties": {"id": "no-peage-1009042930", "country": "no", "name": "E134 Damåsen", "type": "peage", "source": "NVDB", "updated": "2026-09-10", "route": "E134", "kommune": 3303, "categorie_station": "AutoPASS bomstasjon", "exploitant": "Vegfinans E134 Buskerud AS", "lien": "www.vegfinans.no", "tarif_petit_vehicule": 44.0, "tarif_gros_vehicule": 109.0, "tarif_pointe_petit": null, "pointe_matin": null, "pointe_soir": null, "sens": "Begge retninger", "regle_horaire": "Ikke timesregel", "regle_horaire_min": null}}, {"type": "Feature", "geometry": {"type": "Point", "coordinates": [10.96679, 60.8607]}, "properties": {"id": "no-peage-1009147826", "country": "no", "name": "E6 Bergshøgda", "type": "peage", "source": "NVDB", "updated": "2026-09-10", "route": "E6", "kommune": 3411, "categorie_station": "AutoPASS bomstasjon", "exploitant": "Vegfinans E6 Gardermoen - Moelv AS", "lien": "www.vegfinans.no", "tarif_petit_vehicule": 23.0, "tarif_gros_vehicule": 46.0, "tarif_pointe_petit": null, "pointe_matin": null, "pointe_soir": null, "sens": "Begge retninger", "regle_horaire": null, "regle_horaire_min": null}}, {"type": "Feature", "geometry": {"type": "Point", "coordinates": [13.26184, 65.89138]}, "properties": {"id": "no-peage-1009335775", "country": "no", "name": "Fusta Nye E6", "type": "peage", "source": "NVDB", "updated": "2026-09-10", "route": "E6", "kommune": 1824, "categorie_station": "AutoPASS bomstasjon", "exploitant": "BPS Nord - Nordland Bompengeselskap AS", "lien": "www.e6helgeland.no", "tarif_petit_vehicule": 26.0, "tarif_gros_vehicule": 63.0, "tarif_pointe_petit": null, "pointe_matin": null, "pointe_soir": null, "sens": "Begge retninger", "regle_horaire": "Ikke timesregel", "regle_horaire_min": null}}, {"type": "Feature", "geometry": {"type": "Point", "coordinates": [10.19003, 62.9384]}, "properties": {"id": "no-peage-1009718219", "country": "no", "name": "E6 Vindåsliene/E6 Fossum bru", "type": "peage", "source": "NVDB", "updated": "2026-09-10", "route": "E6", "kommune": 5027, "categorie_station": "AutoPASS bomstasjon", "exploitant": "Vegamot AS   Avdeling: E6 Vindåsliene", "lien": "www.vegamot.no", "tarif_petit_vehicule": 52.0, "tarif_gros_vehicule": 104.0, "tarif_pointe_petit": null, "pointe_matin": null, "pointe_soir": null, "sens": "Begge retninger", "regle_horaire": "Ikke timesregel", "regle_horaire_min": null}}, {"type": "Feature", "geometry": {"type": "Point", "coordinates": [10.83403, 60.90074]}, "properties": {"id": "no-peage-1009973843", "country": "no", "name": "E6 Økelsrud", "type": "peage", "source": "NVDB", "updated": "2026-09-10", "route": "E6", "kommune": 3411, "categorie_station": "AutoPASS bomstasjon", "exploitant": "Vegfinans E6 Gardermoen - Moelv AS", "lien": "www.vegfinans.no", "tarif_petit_vehicule": 23.0, "tarif_gros_vehicule": 46.0, "tarif_pointe_petit": null, "pointe_matin": null, "pointe_soir": null, "sens": "Begge retninger", "regle_horaire": null, "regle_horaire_min": null}}, {"type": "Feature", "geometry": {"type": "Point", "coordinates": [5.34609, 60.56487]}, "properties": {"id": "no-peage-1012954136", "country": "no", "name": "E39 Mundalsberget", "type": "peage", "source": "NVDB", "updated": "2026-09-10", "route": "E39", "kommune": 4631, "categorie_station": "AutoPASS bomstasjon", "exploitant": "Nordhordalandspakken", "lien": "www.ferde.no", "tarif_petit_vehicule": 25.0, "tarif_gros_vehicule": 40.0, "tarif_pointe_petit": null, "pointe_matin": null, "pointe_soir": null, "sens": "Begge retninger", "regle_horaire": "Første passering gjelder", "regle_horaire_min": 60}}, {"type": "Feature", "geometry": {"type": "Point", "coordinates": [5.26997, 60.55831]}, "properties": {"id": "no-peage-1012954137", "country": "no", "name": "Fv. 57 Isdalstø", "type": "peage", "source": "NVDB", "updated": "2026-09-10", "route": "F57", "kommune": 4631, "categorie_station": "AutoPASS bomstasjon", "exploitant": "Nordhordlandspakken", "lien": "www.ferde.no", "tarif_petit_vehicule": 25.0, "tarif_gros_vehicule": 40.0, "tarif_pointe_petit": null, "pointe_matin": null, "pointe_soir": null, "sens": "Begge retninger", "regle_horaire": "Første passering gjelder", "regle_horaire_min": 60}}, {"type": "Feature", "geometry": {"type": "Point", "coordinates": [5.25718, 60.53283]}, "properties": {"id": "no-peage-1012954138", "country": "no", "name": "E39 Flatøy avkjøring mot Flatøy", "type": "peage", "source": "NVDB", "updated": "2026-09-10", "route": "E39", "kommune": 4631, "categorie_station": "AutoPASS bomstasjon", "exploitant": "Nordhordlandspakken", "lien": "www.ferde.no", "tarif_petit_vehicule": 25.0, "tarif_gros_vehicule": 40.0, "tarif_pointe_petit": null, "pointe_matin": null, "pointe_soir": null, "sens": "Med metrering", "regle_horaire": "Første passering gjelder", "regle_horaire_min": 60}}, {"type": "Feature", "geometry": {"type": "Point", "coordinates": [5.25674, 60.53219]}, "properties": {"id": "no-peage-1012954139", "country": "no", "name": "E39 Flatøy påkjøring mot Bergen", "type": "peage", "source": "NVDB", "updated": "2026-09-10", "route": "E39", "kommune": 4631, "categorie_station": "AutoPASS bomstasjon", "exploitant": "Nordhordlandspakken", "lien": "www.ferde.no", "tarif_petit_vehicule": 25.0, "tarif_gros_vehicule": 40.0, "tarif_pointe_petit": null, "pointe_matin": null, "pointe_soir": null, "sens": "Med metrering", "regle_horaire": "Første passering gjelder", "regle_horaire_min": 60}}, {"type": "Feature", "geometry": {"type": "Point", "coordinates": [5.25902, 60.53804]}, "properties": {"id": "no-peage-1012954140", "country": "no", "name": "E39 Flatøy Nord", "type": "peage", "source": "NVDB", "updated": "2026-09-10", "route": "E39", "kommune": 4631, "categorie_station": "AutoPASS bomstasjon", "exploitant": "Nordhordlandspakken", "lien": "www.ferde.no", "tarif_petit_vehicule": 25.0, "tarif_gros_vehicule": 40.0, "tarif_pointe_petit": null, "pointe_matin": null, "pointe_soir": null, "sens": "Begge retninger", "regle_horaire": "Første passering gjelder", "regle_horaire_min": 60}}, {"type": "Feature", "geometry": {"type": "Point", "coordinates": [5.72377, 58.96154]}, "properties": {"id": "no-peage-1013148191", "country": "no", "name": "E 39 Mosvatnet, mot Nord - Stavanger sentrum", "type": "peage", "source": "NVDB", "updated": "2026-09-10", "route": "E39", "kommune": 1103, "categorie_station": "AutoPASS bomstasjon", "exploitant": "Ferde AS - Bymiljøpakken Nord Jæren", "lien": "https://ferde.no", "tarif_petit_vehicule": 30.0, "tarif_gros_vehicule": 76.0, "tarif_pointe_petit": null, "pointe_matin": null, "pointe_soir": null, "sens": "Mot metrering", "regle_horaire": "Første passering gjelder", "regle_horaire_min": 60}}, {"type": "Feature", "geometry": {"type": "Point", "coordinates": [13.37934, 65.35995]}, "properties": {"id": "no-peage-1013291460", "country": "no", "name": "Svenningvatnet", "type": "peage", "source": "NVDB", "updated": "2026-09-10", "route": "E6", "kommune": 1825, "categorie_station": "AutoPASS bomstasjon", "exploitant": "BPS Nord - Nordland Bompengeselskap AS", "lien": "www.e6helgeland.no", "tarif_petit_vehicule": 31.0, "tarif_gros_vehicule": 76.0, "tarif_pointe_petit": null, "pointe_matin": null, "pointe_soir": null, "sens": "Begge retninger", "regle_horaire": "Ikke timesregel", "regle_horaire_min": null}}, {"type": "Feature", "geometry": {"type": "Point", "coordinates": [5.93344, 59.03795]}, "properties": {"id": "no-peage-1013292326", "country": "no", "name": "Rv13 Solbakk", "type": "peage", "source": "NVDB", "updated": "2026-09-10", "route": "R13", "kommune": 1130, "categorie_station": "AutoPASS bomstasjon", "exploitant": "Ferde AS - Bymiljøpakken Nord Jæren", "lien": "https://ferde.no", "tarif_petit_vehicule": 119.0, "tarif_gros_vehicule": 357.0, "tarif_pointe_petit": null, "pointe_matin": null, "pointe_soir": null, "sens": "Begge retninger", "regle_horaire": "Ikke timesregel", "regle_horaire_min": null}}, {"type": "Feature", "geometry": {"type": "Point", "coordinates": [5.93325, 59.03789]}, "properties": {"id": "no-peage-1013292333", "country": "no", "name": "Rv13 Solbakk", "type": "peage", "source": "NVDB", "updated": "2026-09-10", "route": "R13", "kommune": 1130, "categorie_station": "AutoPASS bomstasjon", "exploitant": "Ferde AS - Bymiljøpakken Nord Jæren", "lien": "https://ferde.no", "tarif_petit_vehicule": 119.0, "tarif_gros_vehicule": 357.0, "tarif_pointe_petit": null, "pointe_matin": null, "pointe_soir": null, "sens": "Begge retninger", "regle_horaire": "Ikke timesregel", "regle_horaire_min": null}}, {"type": "Feature", "geometry": {"type": "Point", "coordinates": [5.73744, 59.00259]}, "properties": {"id": "no-peage-1013292344", "country": "no", "name": "Rv13 Hundvåg", "type": "peage", "source": "NVDB", "updated": "2026-09-10", "route": "R13", "kommune": 1103, "categorie_station": "AutoPASS bomstasjon", "exploitant": "Ferde AS - Bymiljøpakken Nord Jæren", "lien": "https://ferde.no", "tarif_petit_vehicule": 24.0, "tarif_gros_vehicule": 65.0, "tarif_pointe_petit": null, "pointe_matin": null, "pointe_soir": null, "sens": "Begge retninger", "regle_horaire": "Første passering gjelder", "regle_horaire_min": 60}}, {"type": "Feature", "geometry": {"type": "Point", "coordinates": [5.73719, 59.00263]}, "properties": {"id": "no-peage-1013292348", "country": "no", "name": "Rv 13 Hundvåg", "type": "peage", "source": "NVDB", "updated": "2026-09-10", "route": "R13", "kommune": 1103, "categorie_station": "AutoPASS bomstasjon", "exploitant": "Ferde AS - Bymiljøpakken Nord Jæren", "lien": "https://ferde.no", "tarif_petit_vehicule": 24.0, "tarif_gros_vehicule": 65.0, "tarif_pointe_petit": null, "pointe_matin": null, "pointe_soir": null, "sens": "Begge retninger", "regle_horaire": "Første passering gjelder", "regle_horaire_min": 60}}, {"type": "Feature", "geometry": {"type": "Point", "coordinates": [5.72896, 58.99012]}, "properties": {"id": "no-peage-1013292378", "country": "no", "name": "Rv 13 Buøy", "type": "peage", "source": "NVDB", "updated": "2026-09-10", "route": "R13", "kommune": 1103, "categorie_station": "AutoPASS bomstasjon", "exploitant": "Ferde AS - Bymiljøpakken Nord Jæren", "lien": "https://ferde.no", "tarif_petit_vehicule": 24.0, "tarif_gros_vehicule": 65.0, "tarif_pointe_petit": null, "pointe_matin": null, "pointe_soir": null, "sens": "Begge retninger", "regle_horaire": "Første passering gjelder", "regle_horaire_min": 60}}, {"type": "Feature", "geometry": {"type": "Point", "coordinates": [5.72905, 58.99017]}, "properties": {"id": "no-peage-1013292386", "country": "no", "name": "Rv 13 Buøy", "type": "peage", "source": "NVDB", "updated": "2026-09-10", "route": "R13", "kommune": 1103, "categorie_station": "AutoPASS bomstasjon", "exploitant": "Ferde AS - Bymiljøpakken Nord Jæren", "lien": "https://ferde.no", "tarif_petit_vehicule": 24.0, "tarif_gros_vehicule": 65.0, "tarif_pointe_petit": null, "pointe_matin": null, "pointe_soir": null, "sens": "Begge retninger", "regle_horaire": "Første passering gjelder", "regle_horaire_min": 60}}, {"type": "Feature", "geometry": {"type": "Point", "coordinates": [5.72912, 58.99016]}, "properties": {"id": "no-peage-1013292473", "country": "no", "name": "Rv 13 Buøy", "type": "peage", "source": "NVDB", "updated": "2026-09-10", "route": "R13", "kommune": 1103, "categorie_station": "AutoPASS bomstasjon", "exploitant": "Ferde AS - Bymiljøpakken Nord Jæren", "lien": "https://ferde.no", "tarif_petit_vehicule": 24.0, "tarif_gros_vehicule": 65.0, "tarif_pointe_petit": null, "pointe_matin": null, "pointe_soir": null, "sens": "Begge retninger", "regle_horaire": "Første passering gjelder", "regle_horaire_min": 60}}, {"type": "Feature", "geometry": {"type": "Point", "coordinates": [9.59252, 60.86246]}, "properties": {"id": "no-peage-1013493692", "country": "no", "name": "Vesle Øyangen", "type": "peage", "source": "NVDB", "updated": "2026-09-10", "route": "F33", "kommune": 3450, "categorie_station": "AutoPASS bomstasjon", "exploitant": "Vegfinans Fv33 Oppland AS", "lien": "www.vegfinans.no", "tarif_petit_vehicule": 27.0, "tarif_gros_vehicule": 54.0, "tarif_pointe_petit": null, "pointe_matin": null, "pointe_soir": null, "sens": "Begge retninger", "regle_horaire": "Ikke timesregel", "regle_horaire_min": null}}, {"type": "Feature", "geometry": {"type": "Point", "coordinates": [8.75181, 59.44812]}, "properties": {"id": "no-peage-1013546387", "country": "no", "name": "Stodi", "type": "peage", "source": "NVDB", "updated": "2026-09-10", "route": "R36", "kommune": 4022, "categorie_station": "AutoPASS bomstasjon", "exploitant": "Vegfinans RV36 Telemark AS", "lien": "https://www.vegfinans.no/", "tarif_petit_vehicule": 26.0, "tarif_gros_vehicule": 78.0, "tarif_pointe_petit": null, "pointe_matin": null, "pointe_soir": null, "sens": "Begge retninger", "regle_horaire": null, "regle_horaire_min": null}}, {"type": "Feature", "geometry": {"type": "Point", "coordinates": [9.44525, 59.60841]}, "properties": {"id": "no-peage-1013645943", "country": "no", "name": "E134 Kongsberg/Notodden grense", "type": "peage", "source": "NVDB", "updated": "2026-09-10", "route": "E134", "kommune": 3303, "categorie_station": "AutoPASS bomstasjon", "exploitant": "Vegfinans E134 Buskerud AS", "lien": "www.vegfinans.no", "tarif_petit_vehicule": 44.0, "tarif_gros_vehicule": 109.0, "tarif_pointe_petit": null, "pointe_matin": null, "pointe_soir": null, "sens": "Begge retninger", "regle_horaire": "Ikke timesregel", "regle_horaire_min": null}}, {"type": "Feature", "geometry": {"type": "Point", "coordinates": [5.26676, 60.30973]}, "properties": {"id": "no-peage-1013653112", "country": "no", "name": "Ringveg Vest Dolviken", "type": "peage", "source": "NVDB", "updated": "2026-09-10", "route": "F557", "kommune": 4601, "categorie_station": "AutoPASS bomstasjon", "exploitant": "Ferde AS - Bomringen Bergen", "lien": "www.ferde.no", "tarif_petit_vehicule": 38.0, "tarif_gros_vehicule": 88.0, "tarif_pointe_petit": 70.0, "pointe_matin": "06:30-08:59", "pointe_soir": "14:30-16:29", "sens": "Med metrering", "regle_horaire": "Første passering gjelder", "regle_horaire_min": 60}}, {"type": "Feature", "geometry": {"type": "Point", "coordinates": [8.41717, 61.76327]}, "properties": {"id": "no-peage-1013822437", "country": "no", "name": "Hovdevegen", "type": "peage", "source": "NVDB", "updated": "2026-09-10", "route": "S907", "kommune": 3434, "categorie_station": "Bomstasjon på lokal/privat veg", "exploitant": "Hovdevegen", "lien": null, "tarif_petit_vehicule": 50.0, "tarif_gros_vehicule": 50.0, "tarif_pointe_petit": null, "pointe_matin": null, "pointe_soir": null, "sens": "Med metrering", "regle_horaire": null, "regle_horaire_min": null}}, {"type": "Feature", "geometry": {"type": "Point", "coordinates": [8.42402, 61.72884]}, "properties": {"id": "no-peage-1013822494", "country": "no", "name": "Visdalsvegen jotunheimen", "type": "peage", "source": "NVDB", "updated": "2026-09-10", "route": "S4", "kommune": 3434, "categorie_station": "Bomstasjon på lokal/privat veg", "exploitant": null, "lien": null, "tarif_petit_vehicule": 125.0, "tarif_gros_vehicule": 125.0, "tarif_pointe_petit": null, "pointe_matin": null, "pointe_soir": null, "sens": "Med metrering", "regle_horaire": null, "regle_horaire_min": null}}, {"type": "Feature", "geometry": {"type": "Point", "coordinates": [8.39031, 61.71672]}, "properties": {"id": "no-peage-1013826303", "country": "no", "name": "Galdhøpigg Vegen", "type": "peage", "source": "NVDB", "updated": "2026-09-10", "route": "P1047", "kommune": 3434, "categorie_station": "Bomstasjon på lokal/privat veg", "exploitant": "NorTronic AS", "lien": null, "tarif_petit_vehicule": 125.0, "tarif_gros_vehicule": 500.0, "tarif_pointe_petit": null, "pointe_matin": null, "pointe_soir": null, "sens": null, "regle_horaire": "Ikke timesregel", "regle_horaire_min": null}}, {"type": "Feature", "geometry": {"type": "Point", "coordinates": [8.69929, 61.85182]}, "properties": {"id": "no-peage-1013827086", "country": "no", "name": "Meadalsvegen", "type": "peage", "source": "NVDB", "updated": "2026-09-10", "route": "S904", "kommune": 3434, "categorie_station": "Bomstasjon på lokal/privat veg", "exploitant": "Takseringskontoret otta AS", "lien": null, "tarif_petit_vehicule": 50.0, "tarif_gros_vehicule": 100.0, "tarif_pointe_petit": null, "pointe_matin": null, "pointe_soir": null, "sens": "Med metrering", "regle_horaire": "Ikke timesregel", "regle_horaire_min": null}}, {"type": "Feature", "geometry": {"type": "Point", "coordinates": [8.68811, 61.87168]}, "properties": {"id": "no-peage-1013827884", "country": "no", "name": "Kvamsvegen", "type": "peage", "source": "NVDB", "updated": "2026-09-10", "route": "S8", "kommune": 3434, "categorie_station": "Bomstasjon på lokal/privat veg", "exploitant": null, "lien": null, "tarif_petit_vehicule": 25.0, "tarif_gros_vehicule": 25.0, "tarif_pointe_petit": null, "pointe_matin": null, "pointe_soir": null, "sens": "Med metrering", "regle_horaire": "Ikke timesregel", "regle_horaire_min": null}}, {"type": "Feature", "geometry": {"type": "Point", "coordinates": [8.66293, 61.87012]}, "properties": {"id": "no-peage-1013827950", "country": "no", "name": "Åslivegen", "type": "peage", "source": "NVDB", "updated": "2026-09-10", "route": "S903", "kommune": 3434, "categorie_station": "Bomstasjon på lokal/privat veg", "exploitant": null, "lien": null, "tarif_petit_vehicule": 10.0, "tarif_gros_vehicule": 20.0, "tarif_pointe_petit": null, "pointe_matin": null, "pointe_soir": null, "sens": null, "regle_horaire": "Ikke timesregel", "regle_horaire_min": null}}, {"type": "Feature", "geometry": {"type": "Point", "coordinates": [8.8713, 61.85673]}, "properties": {"id": "no-peage-1013828759", "country": "no", "name": "Liasætra-Grønsætra-Stålane", "type": "peage", "source": "NVDB", "updated": "2026-09-10", "route": "S901", "kommune": 3434, "categorie_station": "Bomstasjon på lokal/privat veg", "exploitant": null, "lien": null, "tarif_petit_vehicule": 20.0, "tarif_gros_vehicule": 50.0, "tarif_pointe_petit": null, "pointe_matin": null, "pointe_soir": null, "sens": null, "regle_horaire": "Ikke timesregel", "regle_horaire_min": null}}, {"type": "Feature", "geometry": {"type": "Point", "coordinates": [8.84666, 61.84324]}, "properties": {"id": "no-peage-1013839997", "country": "no", "name": "Hesthagen - smørli", "type": "peage", "source": "NVDB", "updated": "2026-09-10", "route": "S905", "kommune": 3434, "categorie_station": "Bomstasjon på lokal/privat veg", "exploitant": null, "lien": null, "tarif_petit_vehicule": 50.0, "tarif_gros_vehicule": 100.0, "tarif_pointe_petit": null, "pointe_matin": null, "pointe_soir": null, "sens": "Med metrering", "regle_horaire": "Ikke timesregel", "regle_horaire_min": null}}, {"type": "Feature", "geometry": {"type": "Point", "coordinates": [8.80054, 61.87161]}, "properties": {"id": "no-peage-1013862166", "country": "no", "name": "Liasætre - Grønsætra - Stålane", "type": "peage", "source": "NVDB", "updated": "2026-09-10", "route": "S901", "kommune": 3434, "categorie_station": "Bomstasjon på lokal/privat veg", "exploitant": null, "lien": null, "tarif_petit_vehicule": 20.0, "tarif_gros_vehicule": 50.0, "tarif_pointe_petit": null, "pointe_matin": null, "pointe_soir": null, "sens": "Begge retninger", "regle_horaire": "Ikke timesregel", "regle_horaire_min": null}}, {"type": "Feature", "geometry": {"type": "Point", "coordinates": [7.9722, 58.17536]}, "properties": {"id": "no-peage-1013962140", "country": "no", "name": "Sødal", "type": "peage", "source": "NVDB", "updated": "2026-09-10", "route": "F482", "kommune": 4204, "categorie_station": "AutoPASS bomstasjon", "exploitant": "Ferde AS - Bomringen i Kristiansand", "lien": "www.ferde.no", "tarif_petit_vehicule": 25.0, "tarif_gros_vehicule": 51.0, "tarif_pointe_petit": 38.0, "pointe_matin": "06:30-08:59", "pointe_soir": "14:30-16:59", "sens": "Mot metrering", "regle_horaire": "Første passering gjelder", "regle_horaire_min": 60}}, {"type": "Feature", "geometry": {"type": "Point", "coordinates": [7.97641, 58.14116]}, "properties": {"id": "no-peage-1013962141", "country": "no", "name": "E39 Vesterveien", "type": "peage", "source": "NVDB", "updated": "2026-09-10", "route": "E39", "kommune": 4204, "categorie_station": "AutoPASS bomstasjon", "exploitant": "Ferde AS - Bomringen i Kristiansand", "lien": "www.ferde.no", "tarif_petit_vehicule": 25.0, "tarif_gros_vehicule": 51.0, "tarif_pointe_petit": 38.0, "pointe_matin": "06:30-08:59", "pointe_soir": "14:30-16:59", "sens": "Med metrering", "regle_horaire": "Første passering gjelder", "regle_horaire_min": 60}}, {"type": "Feature", "geometry": {"type": "Point", "coordinates": [8.01114, 58.16706]}, "properties": {"id": "no-peage-1013962142", "country": "no", "name": "Presteheia", "type": "peage", "source": "NVDB", "updated": "2026-09-10", "route": "K18900", "kommune": 4204, "categorie_station": "AutoPASS bomstasjon", "exploitant": "Ferde AS - Bomringen i Kristiansand", "lien": "www.ferde.no", "tarif_petit_vehicule": 25.0, "tarif_gros_vehicule": 51.0, "tarif_pointe_petit": 38.0, "pointe_matin": "06:30-08:59", "pointe_soir": "14:30-16:59", "sens": "Med metrering", "regle_horaire": "Første passering gjelder", "regle_horaire_min": 60}}, {"type": "Feature", "geometry": {"type": "Point", "coordinates": [8.02329, 58.16207]}, "properties": {"id": "no-peage-1013962143", "country": "no", "name": "E18 Bjørndalsletta", "type": "peage", "source": "NVDB", "updated": "2026-09-10", "route": "E18", "kommune": 4204, "categorie_station": "AutoPASS bomstasjon", "exploitant": "Ferde AS - Bomringen i Kristiansand", "lien": "www.ferde.no", "tarif_petit_vehicule": 25.0, "tarif_gros_vehicule": 51.0, "tarif_pointe_petit": 38.0, "pointe_matin": "06:30-08:59", "pointe_soir": "14:30-16:59", "sens": "Mot metrering", "regle_horaire": "Første passering gjelder", "regle_horaire_min": 60}}, {"type": "Feature", "geometry": {"type": "Point", "coordinates": [7.98255, 58.14741]}, "properties": {"id": "no-peage-1013962144", "country": "no", "name": "rv9 Grim", "type": "peage", "source": "NVDB", "updated": "2026-09-10", "route": "R9", "kommune": 4204, "categorie_station": "AutoPASS bomstasjon", "exploitant": "Ferde AS - Bomringen i Kristiansand", "lien": "www.ferde.no", "tarif_petit_vehicule": 25.0, "tarif_gros_vehicule": 51.0, "tarif_pointe_petit": 38.0, "pointe_matin": "06:30-08:59", "pointe_soir": "14:30-16:59", "sens": "Mot metrering", "regle_horaire": "Første passering gjelder", "regle_horaire_min": 60}}, {"type": "Feature", "geometry": {"type": "Point", "coordinates": [10.80422, 59.89791]}, "properties": {"id": "no-peage-1014248290", "country": "no", "name": "E6 Svartdalstunnelen", "type": "peage", "source": "NVDB", "updated": "2026-09-10", "route": "E6", "kommune": 301, "categorie_station": "AutoPASS bomstasjon", "exploitant": "Fjellinjen AS", "lien": "www.fjellinjen.no", "tarif_petit_vehicule": 42.0, "tarif_gros_vehicule": 161.0, "tarif_pointe_petit": 50.0, "pointe_matin": "06:30-08:59", "pointe_soir": "15:00-16:59", "sens": "Med metrering", "regle_horaire": "Første passering gjelder", "regle_horaire_min": 60}}, {"type": "Feature", "geometry": {"type": "Point", "coordinates": [7.55327, 58.07036]}, "properties": {"id": "no-peage-1014409636", "country": "no", "name": "E39 Skoieveien", "type": "peage", "source": "NVDB", "updated": "2026-09-10", "route": "E39", "kommune": 4205, "categorie_station": "AutoPASS bomstasjon", "exploitant": "Ferde AS - E39 Kristiansand Vest- Lyngdal Vest", "lien": "www.ferde.no", "tarif_petit_vehicule": 34.0, "tarif_gros_vehicule": 101.0, "tarif_pointe_petit": null, "pointe_matin": null, "pointe_soir": null, "sens": "Begge retninger", "regle_horaire": "Ikke timesregel", "regle_horaire_min": null}}, {"type": "Feature", "geometry": {"type": "Point", "coordinates": [7.73657, 58.09962]}, "properties": {"id": "no-peage-1015029907", "country": "no", "name": "E39 Lohnelier", "type": "peage", "source": "NVDB", "updated": "2026-09-10", "route": "E39", "kommune": 4204, "categorie_station": "AutoPASS bomstasjon", "exploitant": "Ferde AS - E39 Kristiansand Vest - Lyngdal Vest", "lien": "www.ferde.no", "tarif_petit_vehicule": 47.0, "tarif_gros_vehicule": 140.0, "tarif_pointe_petit": null, "pointe_matin": null, "pointe_soir": null, "sens": "Begge retninger", "regle_horaire": "Ikke timesregel", "regle_horaire_min": null}}, {"type": "Feature", "geometry": {"type": "Point", "coordinates": [7.8609, 58.12279]}, "properties": {"id": "no-peage-1015029940", "country": "no", "name": "E39_Storemyr", "type": "peage", "source": "NVDB", "updated": "2026-09-10", "route": "E39", "kommune": 4204, "categorie_station": "AutoPASS bomstasjon", "exploitant": "Ferde AS - E39 Kristiansand Vest - Lyngdal Vest", "lien": "www.ferde.no", "tarif_petit_vehicule": 27.0, "tarif_gros_vehicule": 81.0, "tarif_pointe_petit": null, "pointe_matin": null, "pointe_soir": null, "sens": "Begge retninger", "regle_horaire": "Ikke timesregel", "regle_horaire_min": null}}, {"type": "Feature", "geometry": {"type": "Point", "coordinates": [7.65222, 58.09302]}, "properties": {"id": "no-peage-1015029972", "country": "no", "name": "E39 Holbekstjønn", "type": "peage", "source": "NVDB", "updated": "2026-09-10", "route": "E39", "kommune": 4204, "categorie_station": "AutoPASS bomstasjon", "exploitant": "Ferde AS - E39 Kristiansand Vest - Lyngdal Vest", "lien": "www.ferde.no", "tarif_petit_vehicule": 30.0, "tarif_gros_vehicule": 91.0, "tarif_pointe_petit": null, "pointe_matin": null, "pointe_soir": null, "sens": "Begge retninger", "regle_horaire": "Ikke timesregel", "regle_horaire_min": null}}, {"type": "Feature", "geometry": {"type": "Point", "coordinates": [9.53245, 63.34051]}, "properties": {"id": "no-peage-1015710014", "country": "no", "name": "Våvatnet", "type": "peage", "source": "NVDB", "updated": "2026-09-10", "route": "F714", "kommune": 5059, "categorie_station": "AutoPASS bomstasjon", "exploitant": "Vegamot AS", "lien": "www.vegamot.no", "tarif_petit_vehicule": 76.0, "tarif_gros_vehicule": 252.0, "tarif_pointe_petit": null, "pointe_matin": null, "pointe_soir": null, "sens": "Begge retninger", "regle_horaire": "Ikke timesregel", "regle_horaire_min": null}}, {"type": "Feature", "geometry": {"type": "Point", "coordinates": [8.13241, 61.65561]}, "properties": {"id": "no-peage-1015973334", "country": "no", "name": "Høydalen-Prestseter-Neto", "type": "peage", "source": "NVDB", "updated": "2026-09-10", "route": "P1085", "kommune": 3434, "categorie_station": "Bomstasjon på lokal/privat veg", "exploitant": null, "lien": null, "tarif_petit_vehicule": 50.0, "tarif_gros_vehicule": 100.0, "tarif_pointe_petit": null, "pointe_matin": null, "pointe_soir": null, "sens": "Begge retninger", "regle_horaire": null, "regle_horaire_min": null}}, {"type": "Feature", "geometry": {"type": "Point", "coordinates": [8.9177, 61.80303]}, "properties": {"id": "no-peage-1015975924", "country": "no", "name": "Hesthagen - Smørli", "type": "peage", "source": "NVDB", "updated": "2026-09-10", "route": "P1056", "kommune": 3434, "categorie_station": "Bomstasjon på lokal/privat veg", "exploitant": null, "lien": null, "tarif_petit_vehicule": 50.0, "tarif_gros_vehicule": 100.0, "tarif_pointe_petit": null, "pointe_matin": null, "pointe_soir": null, "sens": "Med metrering", "regle_horaire": "Ikke timesregel", "regle_horaire_min": null}}, {"type": "Feature", "geometry": {"type": "Point", "coordinates": [8.93424, 61.74784]}, "properties": {"id": "no-peage-1015975976", "country": "no", "name": "Hesthagen - Smørli", "type": "peage", "source": "NVDB", "updated": "2026-09-10", "route": "P1068", "kommune": 3434, "categorie_station": "Bomstasjon på lokal/privat veg", "exploitant": null, "lien": null, "tarif_petit_vehicule": 50.0, "tarif_gros_vehicule": 100.0, "tarif_pointe_petit": null, "pointe_matin": null, "pointe_soir": null, "sens": "Med metrering", "regle_horaire": "Ikke timesregel", "regle_horaire_min": null}}, {"type": "Feature", "geometry": {"type": "Point", "coordinates": [8.90941, 61.80896]}, "properties": {"id": "no-peage-1015976266", "country": "no", "name": "Hesthaugen - Smørli", "type": "peage", "source": "NVDB", "updated": "2026-09-10", "route": "P1054", "kommune": 3434, "categorie_station": "Bomstasjon på lokal/privat veg", "exploitant": null, "lien": null, "tarif_petit_vehicule": 50.0, "tarif_gros_vehicule": 100.0, "tarif_pointe_petit": null, "pointe_matin": null, "pointe_soir": null, "sens": "Med metrering", "regle_horaire": "Ikke timesregel", "regle_horaire_min": null}}, {"type": "Feature", "geometry": {"type": "Point", "coordinates": [8.43364, 61.66376]}, "properties": {"id": "no-peage-1015987009", "country": "no", "name": "Visdalsvegen", "type": "peage", "source": "NVDB", "updated": "2026-09-10", "route": "S4", "kommune": 3434, "categorie_station": "Bomstasjon på lokal/privat veg", "exploitant": null, "lien": null, "tarif_petit_vehicule": 125.0, "tarif_gros_vehicule": 125.0, "tarif_pointe_petit": null, "pointe_matin": null, "pointe_soir": null, "sens": null, "regle_horaire": "Ikke timesregel", "regle_horaire_min": null}}, {"type": "Feature", "geometry": {"type": "Point", "coordinates": [8.17923, 61.65147]}, "properties": {"id": "no-peage-1016011871", "country": "no", "name": "Leirdalen", "type": "peage", "source": "NVDB", "updated": "2026-09-10", "route": "P1057", "kommune": 3434, "categorie_station": "Bomstasjon på lokal/privat veg", "exploitant": null, "lien": null, "tarif_petit_vehicule": 110.0, "tarif_gros_vehicule": 110.0, "tarif_pointe_petit": null, "pointe_matin": null, "pointe_soir": null, "sens": "Med metrering", "regle_horaire": "Ikke timesregel", "regle_horaire_min": null}}, {"type": "Feature", "geometry": {"type": "Point", "coordinates": [10.3818, 60.22111]}, "properties": {"id": "no-peage-1016030831", "country": "no", "name": "Kleggerud sør", "type": "peage", "source": "NVDB", "updated": "2026-09-10", "route": "F241", "kommune": 3236, "categorie_station": "AutoPASS bomstasjon", "exploitant": "E16 Eggemoen-Olum", "lien": null, "tarif_petit_vehicule": 23.0, "tarif_gros_vehicule": 58.0, "tarif_pointe_petit": null, "pointe_matin": null, "pointe_soir": null, "sens": "Mot metrering", "regle_horaire": "Første passering gjelder", "regle_horaire_min": 60}}, {"type": "Feature", "geometry": {"type": "Point", "coordinates": [10.34901, 60.22387]}, "properties": {"id": "no-peage-1016030832", "country": "no", "name": "Fv. 2280 Eggemoen", "type": "peage", "source": "NVDB", "updated": "2026-09-10", "route": "F241", "kommune": 3236, "categorie_station": "AutoPASS bomstasjon", "exploitant": "E16 Eggemoen-Olum", "lien": null, "tarif_petit_vehicule": 23.0, "tarif_gros_vehicule": 58.0, "tarif_pointe_petit": null, "pointe_matin": null, "pointe_soir": null, "sens": "Begge retninger", "regle_horaire": "Ikke timesregel", "regle_horaire_min": null}}, {"type": "Feature", "geometry": {"type": "Point", "coordinates": [10.38587, 60.22304]}, "properties": {"id": "no-peage-1016030833", "country": "no", "name": "Kleggerud rampe", "type": "peage", "source": "NVDB", "updated": "2026-09-10", "route": "E16", "kommune": 3236, "categorie_station": "AutoPASS bomstasjon", "exploitant": "E16 Eggemoen-Olum", "lien": null, "tarif_petit_vehicule": 23.0, "tarif_gros_vehicule": 58.0, "tarif_pointe_petit": null, "pointe_matin": null, "pointe_soir": null, "sens": "Med metrering", "regle_horaire": "Første passering gjelder", "regle_horaire_min": 60}}, {"type": "Feature", "geometry": {"type": "Point", "coordinates": [10.48795, 60.26162]}, "properties": {"id": "no-peage-1016030834", "country": "no", "name": "E16 Olum", "type": "peage", "source": "NVDB", "updated": "2026-09-10", "route": "E16", "kommune": 3236, "categorie_station": "AutoPASS bomstasjon", "exploitant": "E16 Eggemoen-Olum", "lien": null, "tarif_petit_vehicule": 64.0, "tarif_gros_vehicule": 160.0, "tarif_pointe_petit": null, "pointe_matin": null, "pointe_soir": null, "sens": "Begge retninger", "regle_horaire": "Ikke timesregel", "regle_horaire_min": null}}, {"type": "Feature", "geometry": {"type": "Point", "coordinates": [10.38486, 60.22321]}, "properties": {"id": "no-peage-1016030835", "country": "no", "name": "Kleggerud nord", "type": "peage", "source": "NVDB", "updated": "2026-09-10", "route": "F241", "kommune": 3236, "categorie_station": "AutoPASS bomstasjon", "exploitant": "E16 Eggemoen-Olum", "lien": null, "tarif_petit_vehicule": 23.0, "tarif_gros_vehicule": 58.0, "tarif_pointe_petit": null, "pointe_matin": null, "pointe_soir": null, "sens": "Med metrering", "regle_horaire": "Første passering gjelder", "regle_horaire_min": 60}}, {"type": "Feature", "geometry": {"type": "Point", "coordinates": [10.49743, 60.26719]}, "properties": {"id": "no-peage-1016030836", "country": "no", "name": "Fv. 2280 Olum", "type": "peage", "source": "NVDB", "updated": "2026-09-10", "route": "F241", "kommune": 3236, "categorie_station": "AutoPASS bomstasjon", "exploitant": "E16 Eggemoen-Olum", "lien": null, "tarif_petit_vehicule": 23.0, "tarif_gros_vehicule": 58.0, "tarif_pointe_petit": null, "pointe_matin": null, "pointe_soir": null, "sens": "Begge retninger", "regle_horaire": "Ikke timesregel", "regle_horaire_min": null}}, {"type": "Feature", "geometry": {"type": "Point", "coordinates": [6.26978, 62.58705]}, "properties": {"id": "no-peage-1016035023", "country": "no", "name": "Fv. 659 Nordøyvegen", "type": "peage", "source": "NVDB", "updated": "2026-09-10", "route": "F659", "kommune": 1580, "categorie_station": "AutoPASS bomstasjon", "exploitant": "Fv. 659 Nordøyvegen", "lien": null, "tarif_petit_vehicule": 186.0, "tarif_gros_vehicule": 557.0, "tarif_pointe_petit": null, "pointe_matin": null, "pointe_soir": null, "sens": "Begge retninger", "regle_horaire": "Ikke timesregel", "regle_horaire_min": null}}, {"type": "Feature", "geometry": {"type": "Point", "coordinates": [6.36562, 62.47158]}, "properties": {"id": "no-peage-1016036095", "country": "no", "name": "Olsvika", "type": "peage", "source": "NVDB", "updated": "2026-09-10", "route": "E39", "kommune": 1508, "categorie_station": "AutoPASS bomstasjon", "exploitant": "Bypakke Ålesund", "lien": null, "tarif_petit_vehicule": 31.0, "tarif_gros_vehicule": 61.0, "tarif_pointe_petit": null, "pointe_matin": null, "pointe_soir": null, "sens": "Begge retninger", "regle_horaire": "Første passering gjelder", "regle_horaire_min": 60}}, {"type": "Feature", "geometry": {"type": "Point", "coordinates": [6.17479, 62.47154]}, "properties": {"id": "no-peage-1016036096", "country": "no", "name": "Klipra", "type": "peage", "source": "NVDB", "updated": "2026-09-10", "route": "F6214", "kommune": 1508, "categorie_station": "AutoPASS bomstasjon", "exploitant": "Bypakke Ålesund", "lien": null, "tarif_petit_vehicule": 31.0, "tarif_gros_vehicule": 61.0, "tarif_pointe_petit": null, "pointe_matin": null, "pointe_soir": null, "sens": "Begge retninger", "regle_horaire": "Første passering gjelder", "regle_horaire_min": 60}}, {"type": "Feature", "geometry": {"type": "Point", "coordinates": [6.19402, 62.47029]}, "properties": {"id": "no-peage-1016036097", "country": "no", "name": "Volsdalen", "type": "peage", "source": "NVDB", "updated": "2026-09-10", "route": "E136", "kommune": 1508, "categorie_station": "AutoPASS bomstasjon", "exploitant": "Bypakke Ålesund", "lien": null, "tarif_petit_vehicule": 31.0, "tarif_gros_vehicule": 61.0, "tarif_pointe_petit": null, "pointe_matin": null, "pointe_soir": null, "sens": "Begge retninger", "regle_horaire": "Første passering gjelder", "regle_horaire_min": 60}}, {"type": "Feature", "geometry": {"type": "Point", "coordinates": [6.35505, 62.44908]}, "properties": {"id": "no-peage-1016036098", "country": "no", "name": "Blindheimsbreivika", "type": "peage", "source": "NVDB", "updated": "2026-09-10", "route": "F6210", "kommune": 1508, "categorie_station": "AutoPASS bomstasjon", "exploitant": "Bypakke Ålesund", "lien": null, "tarif_petit_vehicule": 31.0, "tarif_gros_vehicule": 61.0, "tarif_pointe_petit": null, "pointe_matin": null, "pointe_soir": null, "sens": null, "regle_horaire": "Første passering gjelder", "regle_horaire_min": 60}}, {"type": "Feature", "geometry": {"type": "Point", "coordinates": [6.35011, 62.47006]}, "properties": {"id": "no-peage-1016036099", "country": "no", "name": "Moa", "type": "peage", "source": "NVDB", "updated": "2026-09-10", "route": "F534", "kommune": 1508, "categorie_station": "AutoPASS bomstasjon", "exploitant": "Bypakke Ålesund", "lien": null, "tarif_petit_vehicule": 31.0, "tarif_gros_vehicule": 61.0, "tarif_pointe_petit": null, "pointe_matin": null, "pointe_soir": null, "sens": "Begge retninger", "regle_horaire": "Første passering gjelder", "regle_horaire_min": 60}}, {"type": "Feature", "geometry": {"type": "Point", "coordinates": [6.35674, 62.46147]}, "properties": {"id": "no-peage-1016036100", "country": "no", "name": "Elvebakken", "type": "peage", "source": "NVDB", "updated": "2026-09-10", "route": "F6216", "kommune": 1508, "categorie_station": "AutoPASS bomstasjon", "exploitant": "Bypakke Ålesund", "lien": null, "tarif_petit_vehicule": 31.0, "tarif_gros_vehicule": 61.0, "tarif_pointe_petit": null, "pointe_matin": null, "pointe_soir": null, "sens": "Begge retninger", "regle_horaire": "Første passering gjelder", "regle_horaire_min": 60}}, {"type": "Feature", "geometry": {"type": "Point", "coordinates": [6.35187, 62.46863]}, "properties": {"id": "no-peage-1016036102", "country": "no", "name": "Breivika", "type": "peage", "source": "NVDB", "updated": "2026-09-10", "route": "E136", "kommune": 1508, "categorie_station": "AutoPASS bomstasjon", "exploitant": "Bypakke Ålesund", "lien": null, "tarif_petit_vehicule": 31.0, "tarif_gros_vehicule": 61.0, "tarif_pointe_petit": null, "pointe_matin": null, "pointe_soir": null, "sens": "Begge retninger", "regle_horaire": "Første passering gjelder", "regle_horaire_min": 60}}, {"type": "Feature", "geometry": {"type": "Point", "coordinates": [6.36563, 62.4715]}, "properties": {"id": "no-peage-1016036103", "country": "no", "name": "Olsvika", "type": "peage", "source": "NVDB", "updated": "2026-09-10", "route": "E39", "kommune": 1508, "categorie_station": "AutoPASS bomstasjon", "exploitant": "Bypakke Ålesund", "lien": null, "tarif_petit_vehicule": 31.0, "tarif_gros_vehicule": 61.0, "tarif_pointe_petit": null, "pointe_matin": null, "pointe_soir": null, "sens": "Begge retninger", "regle_horaire": "Første passering gjelder", "regle_horaire_min": 60}}, {"type": "Feature", "geometry": {"type": "Point", "coordinates": [6.30202, 62.4639]}, "properties": {"id": "no-peage-1016036104", "country": "no", "name": "Hatlaåsen", "type": "peage", "source": "NVDB", "updated": "2026-09-10", "route": "E136", "kommune": 1508, "categorie_station": "AutoPASS bomstasjon", "exploitant": "Bypakke Ålesund", "lien": null, "tarif_petit_vehicule": 31.0, "tarif_gros_vehicule": 61.0, "tarif_pointe_petit": null, "pointe_matin": null, "pointe_soir": null, "sens": "Begge retninger", "regle_horaire": "Første passering gjelder", "regle_horaire_min": 60}}, {"type": "Feature", "geometry": {"type": "Point", "coordinates": [6.4276, 62.47793]}, "properties": {"id": "no-peage-1016036105", "country": "no", "name": "Brusdalsvegen", "type": "peage", "source": "NVDB", "updated": "2026-09-10", "route": "F5948", "kommune": 1508, "categorie_station": "AutoPASS bomstasjon", "exploitant": "Bypakke Ålesund", "lien": null, "tarif_petit_vehicule": 31.0, "tarif_gros_vehicule": 61.0, "tarif_pointe_petit": null, "pointe_matin": null, "pointe_soir": null, "sens": "Begge retninger", "regle_horaire": "Første passering gjelder", "regle_horaire_min": 60}}, {"type": "Feature", "geometry": {"type": "Point", "coordinates": [6.36625, 62.47043]}, "properties": {"id": "no-peage-1016036106", "country": "no", "name": "Ytterholen", "type": "peage", "source": "NVDB", "updated": "2026-09-10", "route": "E39", "kommune": 1508, "categorie_station": "AutoPASS bomstasjon", "exploitant": "Bypakke Ålesund", "lien": null, "tarif_petit_vehicule": 31.0, "tarif_gros_vehicule": 61.0, "tarif_pointe_petit": null, "pointe_matin": null, "pointe_soir": null, "sens": "Begge retninger", "regle_horaire": "Første passering gjelder", "regle_horaire_min": 60}}, {"type": "Feature", "geometry": {"type": "Point", "coordinates": [6.36086, 62.46044]}, "properties": {"id": "no-peage-1016036107", "country": "no", "name": "Liljedahlen", "type": "peage", "source": "NVDB", "updated": "2026-09-10", "route": "F6210", "kommune": 1508, "categorie_station": "AutoPASS bomstasjon", "exploitant": "Bypakke Ålesund", "lien": null, "tarif_petit_vehicule": 31.0, "tarif_gros_vehicule": 61.0, "tarif_pointe_petit": null, "pointe_matin": null, "pointe_soir": null, "sens": "Begge retninger", "regle_horaire": "Første passering gjelder", "regle_horaire_min": 60}}, {"type": "Feature", "geometry": {"type": "Point", "coordinates": [6.3664, 62.47036]}, "properties": {"id": "no-peage-1016036108", "country": "no", "name": "Ytterholen", "type": "peage", "source": "NVDB", "updated": "2026-09-10", "route": "E39", "kommune": 1508, "categorie_station": "AutoPASS bomstasjon", "exploitant": "Bypakke Ålesund", "lien": null, "tarif_petit_vehicule": 31.0, "tarif_gros_vehicule": 61.0, "tarif_pointe_petit": null, "pointe_matin": null, "pointe_soir": null, "sens": "Begge retninger", "regle_horaire": "Første passering gjelder", "regle_horaire_min": 60}}, {"type": "Feature", "geometry": {"type": "Point", "coordinates": [10.2832, 63.25586]}, "properties": {"id": "no-peage-1016036968", "country": "no", "name": "FV 6612 Hofstad", "type": "peage", "source": "NVDB", "updated": "2026-09-10", "route": "E6", "kommune": 5028, "categorie_station": "AutoPASS bomstasjon", "exploitant": "E6 Ulsberg-Melhus", "lien": "https://www.vegamot.no", "tarif_petit_vehicule": 33.0, "tarif_gros_vehicule": 65.0, "tarif_pointe_petit": null, "pointe_matin": null, "pointe_soir": null, "sens": "Begge retninger", "regle_horaire": "Ikke timesregel", "regle_horaire_min": null}}, {"type": "Feature", "geometry": {"type": "Point", "coordinates": [5.43753, 60.25482]}, "properties": {"id": "no-peage-1016292473", "country": "no", "name": "Fv 583 Bahus", "type": "peage", "source": "NVDB", "updated": "2026-09-10", "route": "E39", "kommune": 4601, "categorie_station": "AutoPASS bomstasjon", "exploitant": null, "lien": null, "tarif_petit_vehicule": 64.0, "tarif_gros_vehicule": 129.0, "tarif_pointe_petit": null, "pointe_matin": null, "pointe_soir": null, "sens": "Begge retninger", "regle_horaire": "Ikke timesregel", "regle_horaire_min": null}}, {"type": "Feature", "geometry": {"type": "Point", "coordinates": [5.37246, 60.22699]}, "properties": {"id": "no-peage-1016292474", "country": "no", "name": "Fv 153 Nordvik", "type": "peage", "source": "NVDB", "updated": "2026-09-10", "route": "F5158", "kommune": 4601, "categorie_station": "AutoPASS bomstasjon", "exploitant": null, "lien": null, "tarif_petit_vehicule": 64.0, "tarif_gros_vehicule": 129.0, "tarif_pointe_petit": null, "pointe_matin": null, "pointe_soir": null, "sens": null, "regle_horaire": "Ikke timesregel", "regle_horaire_min": null}}, {"type": "Feature", "geometry": {"type": "Point", "coordinates": [5.42497, 60.21961]}, "properties": {"id": "no-peage-1016429812", "country": "no", "name": "E39 Endalausmarka MS", "type": "peage", "source": "NVDB", "updated": "2026-09-10", "route": "E39", "kommune": 4624, "categorie_station": "AutoPASS bomstasjon", "exploitant": null, "lien": null, "tarif_petit_vehicule": 64.0, "tarif_gros_vehicule": 129.0, "tarif_pointe_petit": null, "pointe_matin": null, "pointe_soir": null, "sens": "Begge retninger", "regle_horaire": "Ikke timesregel", "regle_horaire_min": null}}, {"type": "Feature", "geometry": {"type": "Point", "coordinates": [5.42455, 60.21966]}, "properties": {"id": "no-peage-1016429813", "country": "no", "name": "E39 Endalausmarka FS", "type": "peage", "source": "NVDB", "updated": "2026-09-10", "route": "E39", "kommune": 4624, "categorie_station": "AutoPASS bomstasjon", "exploitant": null, "lien": null, "tarif_petit_vehicule": 64.0, "tarif_gros_vehicule": 129.0, "tarif_pointe_petit": null, "pointe_matin": null, "pointe_soir": null, "sens": "Begge retninger", "regle_horaire": "Ikke timesregel", "regle_horaire_min": null}}, {"type": "Feature", "geometry": {"type": "Point", "coordinates": [18.97926, 69.67699]}, "properties": {"id": "no-peage-1017139062", "country": "no", "name": "E8 Breivika", "type": "peage", "source": "NVDB", "updated": "2026-09-10", "route": "E8", "kommune": 5501, "categorie_station": "AutoPASS bomstasjon", "exploitant": "Bypakke Tenk Tromsø - BPS Nord", "lien": "https://bpsnord.no/bypakke-tenk-tromso", "tarif_petit_vehicule": 14.0, "tarif_gros_vehicule": 28.0, "tarif_pointe_petit": 42.0, "pointe_matin": "06:30-09:00", "pointe_soir": "15:00-17:00", "sens": "Begge retninger", "regle_horaire": "Første passering gjelder", "regle_horaire_min": 60}}, {"type": "Feature", "geometry": {"type": "Point", "coordinates": [18.91795, 69.67288]}, "properties": {"id": "no-peage-1017139063", "country": "no", "name": "E8 Giværbukta", "type": "peage", "source": "NVDB", "updated": "2026-09-10", "route": "E8", "kommune": 5501, "categorie_station": "AutoPASS bomstasjon", "exploitant": "Bypakke Tenk Tromsø - BPS Nord", "lien": "https://bpsnord.no/bypakke-tenk-tromso", "tarif_petit_vehicule": 14.0, "tarif_gros_vehicule": 28.0, "tarif_pointe_petit": 42.0, "pointe_matin": "06:30-09:00", "pointe_soir": "15:00-17:00", "sens": "Begge retninger", "regle_horaire": "Første passering gjelder", "regle_horaire_min": 60}}, {"type": "Feature", "geometry": {"type": "Point", "coordinates": [18.90253, 69.6781]}, "properties": {"id": "no-peage-1017139064", "country": "no", "name": "E8 Flyplassvegen", "type": "peage", "source": "NVDB", "updated": "2026-09-10", "route": "E8", "kommune": 5501, "categorie_station": "AutoPASS bomstasjon", "exploitant": "Bypakke Tenk Tromsø - BPS Nord", "lien": "https://bpsnord.no/bypakke-tenk-tromso", "tarif_petit_vehicule": 14.0, "tarif_gros_vehicule": 28.0, "tarif_pointe_petit": 42.0, "pointe_matin": "06:30-09:00", "pointe_soir": "15:00-17:00", "sens": "Begge retninger", "regle_horaire": "Første passering gjelder", "regle_horaire_min": 60}}, {"type": "Feature", "geometry": {"type": "Point", "coordinates": [18.96897, 69.67888]}, "properties": {"id": "no-peage-1017139065", "country": "no", "name": "Kv Universitetet", "type": "peage", "source": "NVDB", "updated": "2026-09-10", "route": "K12650", "kommune": 5501, "categorie_station": "AutoPASS bomstasjon", "exploitant": "Bypakke Tenk Tromsø - BPS Nord", "lien": "https://bpsnord.no/bypakke-tenk-tromso", "tarif_petit_vehicule": 14.0, "tarif_gros_vehicule": 28.0, "tarif_pointe_petit": 42.0, "pointe_matin": "06:30-09:00", "pointe_soir": "15:00-17:00", "sens": "Begge retninger", "regle_horaire": "Første passering gjelder", "regle_horaire_min": 60}}, {"type": "Feature", "geometry": {"type": "Point", "coordinates": [18.96501, 69.65423]}, "properties": {"id": "no-peage-1017139066", "country": "no", "name": "Fv682 Tromsøbrua", "type": "peage", "source": "NVDB", "updated": "2026-09-10", "route": "F862", "kommune": 5501, "categorie_station": "AutoPASS bomstasjon", "exploitant": "Bypakke Tenk Tromsø - BPS Nord", "lien": "https://bpsnord.no/bypakke-tenk-tromso", "tarif_petit_vehicule": 14.0, "tarif_gros_vehicule": 28.0, "tarif_pointe_petit": 42.0, "pointe_matin": "06:30-09:00", "pointe_soir": "15:00-17:00", "sens": "Begge retninger", "regle_horaire": "Første passering gjelder", "regle_horaire_min": 60}}, {"type": "Feature", "geometry": {"type": "Point", "coordinates": [18.92977, 69.6595]}, "properties": {"id": "no-peage-1017139067", "country": "no", "name": "Kv Langnesbakken", "type": "peage", "source": "NVDB", "updated": "2026-09-10", "route": "K21200", "kommune": 5501, "categorie_station": "AutoPASS bomstasjon", "exploitant": "Bypakke Tenk Tromsø - BPS Nord", "lien": "https://bpsnord.no/bypakke-tenk-tromso", "tarif_petit_vehicule": 14.0, "tarif_gros_vehicule": 28.0, "tarif_pointe_petit": 42.0, "pointe_matin": "06:30-09:00", "pointe_soir": "15:00-17:00", "sens": "Begge retninger", "regle_horaire": "Første passering gjelder", "regle_horaire_min": 60}}, {"type": "Feature", "geometry": {"type": "Point", "coordinates": [18.92258, 69.66908]}, "properties": {"id": "no-peage-1017139068", "country": "no", "name": "Fv862 Langnestunnelen", "type": "peage", "source": "NVDB", "updated": "2026-09-10", "route": "F862", "kommune": 5501, "categorie_station": "AutoPASS bomstasjon", "exploitant": "Bypakke Tenk Tromsø - BPS Nord", "lien": "https://bpsnord.no/bypakke-tenk-tromso", "tarif_petit_vehicule": 14.0, "tarif_gros_vehicule": 28.0, "tarif_pointe_petit": 42.0, "pointe_matin": "06:30-09:00", "pointe_soir": "15:00-17:00", "sens": "Begge retninger", "regle_horaire": "Første passering gjelder", "regle_horaire_min": 60}}, {"type": "Feature", "geometry": {"type": "Point", "coordinates": [18.9381, 69.6947]}, "properties": {"id": "no-peage-1017139069", "country": "no", "name": "Kv Ringvegen", "type": "peage", "source": "NVDB", "updated": "2026-09-10", "route": "K30790", "kommune": 5501, "categorie_station": "AutoPASS bomstasjon", "exploitant": "Bypakke Tenk Tromsø - BPS Nord", "lien": "https://bpsnord.no/bypakke-tenk-tromso", "tarif_petit_vehicule": 14.0, "tarif_gros_vehicule": 28.0, "tarif_pointe_petit": 42.0, "pointe_matin": "06:30-09:00", "pointe_soir": "15:00-17:00", "sens": "Begge retninger", "regle_horaire": "Første passering gjelder", "regle_horaire_min": 60}}, {"type": "Feature", "geometry": {"type": "Point", "coordinates": [18.93397, 69.67323]}, "properties": {"id": "no-peage-1017139070", "country": "no", "name": "E8 Tverrforbindelsen vest", "type": "peage", "source": "NVDB", "updated": "2026-09-10", "route": "E8", "kommune": 5501, "categorie_station": "AutoPASS bomstasjon", "exploitant": "Bypakke Tenk Tromsø - BPS Nord", "lien": "https://bpsnord.no/bypakke-tenk-tromso", "tarif_petit_vehicule": 14.0, "tarif_gros_vehicule": 28.0, "tarif_pointe_petit": 42.0, "pointe_matin": "06:30-09:00", "pointe_soir": "15:00-17:00", "sens": "Begge retninger", "regle_horaire": "Første passering gjelder", "regle_horaire_min": 60}}, {"type": "Feature", "geometry": {"type": "Point", "coordinates": [18.90454, 69.65189]}, "properties": {"id": "no-peage-1017139071", "country": "no", "name": "Kv Holtvegen", "type": "peage", "source": "NVDB", "updated": "2026-09-10", "route": "K14900", "kommune": 5501, "categorie_station": "AutoPASS bomstasjon", "exploitant": "Bypakke Tenk Tromsø - BPS Nord", "lien": "https://bpsnord.no/bypakke-tenk-tromso", "tarif_petit_vehicule": 14.0, "tarif_gros_vehicule": 28.0, "tarif_pointe_petit": 42.0, "pointe_matin": "06:30-09:00", "pointe_soir": "15:00-17:00", "sens": "Begge retninger", "regle_horaire": "Første passering gjelder", "regle_horaire_min": 60}}, {"type": "Feature", "geometry": {"type": "Point", "coordinates": [18.96723, 69.67909]}, "properties": {"id": "no-peage-1017139072", "country": "no", "name": "Tverrforbindelsen øst", "type": "peage", "source": "NVDB", "updated": "2026-09-10", "route": "E8", "kommune": 5501, "categorie_station": "AutoPASS bomstasjon", "exploitant": "Bypakke Tenk Tromsø - BPS Nord", "lien": "https://bpsnord.no/bypakke-tenk-tromso", "tarif_petit_vehicule": 14.0, "tarif_gros_vehicule": 28.0, "tarif_pointe_petit": 42.0, "pointe_matin": "06:30-09:00", "pointe_soir": "15:00-17:00", "sens": "Begge retninger", "regle_horaire": "Første passering gjelder", "regle_horaire_min": 60}}, {"type": "Feature", "geometry": {"type": "Point", "coordinates": [18.91984, 69.64362]}, "properties": {"id": "no-peage-1017139073", "country": "no", "name": "Kv Røstbakken", "type": "peage", "source": "NVDB", "updated": "2026-09-10", "route": "K31200", "kommune": 5501, "categorie_station": "AutoPASS bomstasjon", "exploitant": "Bypakke Tenk Tromsø - BPS Nord", "lien": "https://bpsnord.no/bypakke-tenk-tromso", "tarif_petit_vehicule": 14.0, "tarif_gros_vehicule": 28.0, "tarif_pointe_petit": 42.0, "pointe_matin": "06:30-09:00", "pointe_soir": "15:00-17:00", "sens": "Begge retninger", "regle_horaire": "Første passering gjelder", "regle_horaire_min": 60}}, {"type": "Feature", "geometry": {"type": "Point", "coordinates": [18.98985, 69.6808]}, "properties": {"id": "no-peage-1017139074", "country": "no", "name": "E8 Gimle", "type": "peage", "source": "NVDB", "updated": "2026-09-10", "route": "E8", "kommune": 5501, "categorie_station": "AutoPASS bomstasjon", "exploitant": "Bypakke Tenk Tromsø - BPS Nord", "lien": "https://bpsnord.no/bypakke-tenk-tromso", "tarif_petit_vehicule": 14.0, "tarif_gros_vehicule": 28.0, "tarif_pointe_petit": 42.0, "pointe_matin": "06:30-09:00", "pointe_soir": "15:00-17:00", "sens": "Begge retninger", "regle_horaire": "Første passering gjelder", "regle_horaire_min": 60}}, {"type": "Feature", "geometry": {"type": "Point", "coordinates": [18.90747, 69.63397]}, "properties": {"id": "no-peage-1017139075", "country": "no", "name": "Kv Sydspissen", "type": "peage", "source": "NVDB", "updated": "2026-09-10", "route": "K20600", "kommune": 5501, "categorie_station": "AutoPASS bomstasjon", "exploitant": "Bypakke Tenk Tromsø - BPS Nord", "lien": "https://bpsnord.no/bypakke-tenk-tromso", "tarif_petit_vehicule": 14.0, "tarif_gros_vehicule": 28.0, "tarif_pointe_petit": 42.0, "pointe_matin": "06:30-09:00", "pointe_soir": "15:00-17:00", "sens": "Begge retninger", "regle_horaire": "Første passering gjelder", "regle_horaire_min": 60}}, {"type": "Feature", "geometry": {"type": "Point", "coordinates": [19.01814, 69.66202]}, "properties": {"id": "no-peage-1017139076", "country": "no", "name": "E8 Tromsøysundtunnelen", "type": "peage", "source": "NVDB", "updated": "2026-09-10", "route": "E8", "kommune": 5501, "categorie_station": "AutoPASS bomstasjon", "exploitant": "Bypakke Tenk Tromsø - BPS Nord", "lien": "https://bpsnord.no/bypakke-tenk-tromso", "tarif_petit_vehicule": 14.0, "tarif_gros_vehicule": 28.0, "tarif_pointe_petit": 42.0, "pointe_matin": "06:30-09:00", "pointe_soir": "15:00-17:00", "sens": "Begge retninger", "regle_horaire": "Første passering gjelder", "regle_horaire_min": 60}}, {"type": "Feature", "geometry": {"type": "Point", "coordinates": [19.01816, 69.66215]}, "properties": {"id": "no-peage-1017166301", "country": "no", "name": "E8 Tromsøysundtunnelen", "type": "peage", "source": "NVDB", "updated": "2026-09-10", "route": "E8", "kommune": 5501, "categorie_station": "AutoPASS bomstasjon", "exploitant": "Bypakke Tenk Tromsø - BPS Nord", "lien": "https://bpsnord.no/bypakke-tenk-tromso/", "tarif_petit_vehicule": 14.0, "tarif_gros_vehicule": 28.0, "tarif_pointe_petit": 42.0, "pointe_matin": "06:30-09:00", "pointe_soir": "15:00-17:00", "sens": "Begge retninger", "regle_horaire": "Første passering gjelder", "regle_horaire_min": 60}}, {"type": "Feature", "geometry": {"type": "Point", "coordinates": [5.31554, 60.38171]}, "properties": {"id": "no-peage-1017371413", "country": "no", "name": "Gyldenpris", "type": "peage", "source": "NVDB", "updated": "2026-09-10", "route": "F584", "kommune": 4601, "categorie_station": "AutoPASS bomstasjon", "exploitant": "Ferde AS - Bomringen Bergen", "lien": "https://ferde.no/", "tarif_petit_vehicule": 38.0, "tarif_gros_vehicule": 88.0, "tarif_pointe_petit": 70.0, "pointe_matin": "06:30-08:59", "pointe_soir": "14:30-16:29", "sens": "Med metrering", "regle_horaire": "Første passering gjelder", "regle_horaire_min": 60}}, {"type": "Feature", "geometry": {"type": "Point", "coordinates": [5.31768, 60.38165]}, "properties": {"id": "no-peage-1017371414", "country": "no", "name": "Michael Krohns gate", "type": "peage", "source": "NVDB", "updated": "2026-09-10", "route": "F584", "kommune": 4601, "categorie_station": "AutoPASS bomstasjon", "exploitant": "Ferde AS - Bomringen Bergen", "lien": "https://ferde.no/", "tarif_petit_vehicule": 38.0, "tarif_gros_vehicule": 88.0, "tarif_pointe_petit": 70.0, "pointe_matin": "06:30-08:59", "pointe_soir": "14:30-16:29", "sens": "Mot metrering", "regle_horaire": "Første passering gjelder", "regle_horaire_min": 60}}, {"type": "Feature", "geometry": {"type": "Point", "coordinates": [6.59849, 61.20735]}, "properties": {"id": "no-peage-1017518891", "country": "no", "name": "sans nom", "type": "peage", "source": "NVDB", "updated": "2026-09-10", "route": "R13", "kommune": 4640, "categorie_station": "Ferjeinnkrevingspunkt", "exploitant": null, "lien": null, "tarif_petit_vehicule": null, "tarif_gros_vehicule": null, "tarif_pointe_petit": null, "pointe_matin": null, "pointe_soir": null, "sens": null, "regle_horaire": null, "regle_horaire_min": null}}, {"type": "Feature", "geometry": {"type": "Point", "coordinates": [6.60718, 61.20754]}, "properties": {"id": "no-peage-1017518892", "country": "no", "name": "sans nom", "type": "peage", "source": "NVDB", "updated": "2026-09-10", "route": "R13", "kommune": 4640, "categorie_station": "AutoPASS bomstasjon", "exploitant": null, "lien": null, "tarif_petit_vehicule": null, "tarif_gros_vehicule": null, "tarif_pointe_petit": null, "pointe_matin": null, "pointe_soir": null, "sens": null, "regle_horaire": null, "regle_horaire_min": null}}, {"type": "Feature", "geometry": {"type": "Point", "coordinates": [6.60695, 61.20755]}, "properties": {"id": "no-peage-1017518893", "country": "no", "name": "sans nom", "type": "peage", "source": "NVDB", "updated": "2026-09-10", "route": "R13", "kommune": 4640, "categorie_station": "AutoPASS bomstasjon", "exploitant": null, "lien": null, "tarif_petit_vehicule": null, "tarif_gros_vehicule": null, "tarif_pointe_petit": null, "pointe_matin": null, "pointe_soir": null, "sens": null, "regle_horaire": null, "regle_horaire_min": null}}, {"type": "Feature", "geometry": {"type": "Point", "coordinates": [7.29775, 61.18076]}, "properties": {"id": "no-peage-1017518894", "country": "no", "name": "sans nom", "type": "peage", "source": "NVDB", "updated": "2026-09-10", "route": "R5", "kommune": 4640, "categorie_station": "AutoPASS bomstasjon", "exploitant": null, "lien": null, "tarif_petit_vehicule": null, "tarif_gros_vehicule": null, "tarif_pointe_petit": null, "pointe_matin": null, "pointe_soir": null, "sens": null, "regle_horaire": null, "regle_horaire_min": null}}, {"type": "Feature", "geometry": {"type": "Point", "coordinates": [6.5978, 61.20741]}, "properties": {"id": "no-peage-1017518895", "country": "no", "name": "sans nom", "type": "peage", "source": "NVDB", "updated": "2026-09-10", "route": "R13", "kommune": 4640, "categorie_station": "Ferjeinnkrevingspunkt", "exploitant": null, "lien": null, "tarif_petit_vehicule": null, "tarif_gros_vehicule": null, "tarif_pointe_petit": null, "pointe_matin": null, "pointe_soir": null, "sens": null, "regle_horaire": null, "regle_horaire_min": null}}, {"type": "Feature", "geometry": {"type": "Point", "coordinates": [7.29755, 61.18081]}, "properties": {"id": "no-peage-1017518896", "country": "no", "name": "sans nom", "type": "peage", "source": "NVDB", "updated": "2026-09-10", "route": "R5", "kommune": 4640, "categorie_station": "AutoPASS bomstasjon", "exploitant": null, "lien": null, "tarif_petit_vehicule": null, "tarif_gros_vehicule": null, "tarif_pointe_petit": null, "pointe_matin": null, "pointe_soir": null, "sens": null, "regle_horaire": null, "regle_horaire_min": null}}, {"type": "Feature", "geometry": {"type": "Point", "coordinates": [10.38659, 63.40524]}, "properties": {"id": "no-peage-1017875672", "country": "no", "name": "Nydalsbrua Nord (Oslovn)", "type": "peage", "source": "NVDB", "updated": "2026-09-10", "route": "R706", "kommune": 5001, "categorie_station": "AutoPASS bomstasjon", "exploitant": "Vegamot AS", "lien": "www.vegamot.no", "tarif_petit_vehicule": 22.0, "tarif_gros_vehicule": 39.0, "tarif_pointe_petit": 44.0, "pointe_matin": "07:00-08:59", "pointe_soir": "15:00-16:59", "sens": "Begge retninger", "regle_horaire": "Første passering gjelder", "regle_horaire_min": 60}}, {"type": "Feature", "geometry": {"type": "Point", "coordinates": [10.38482, 63.39372]}, "properties": {"id": "no-peage-1018012521", "country": "no", "name": "Nydalsbrua Sør (Oslovn)", "type": "peage", "source": "NVDB", "updated": "2026-09-10", "route": "R706", "kommune": 5001, "categorie_station": "AutoPASS bomstasjon", "exploitant": "Vegamot AS", "lien": "www.vegamot.no", "tarif_petit_vehicule": 22.0, "tarif_gros_vehicule": 39.0, "tarif_pointe_petit": 44.0, "pointe_matin": "07:00-08:59", "pointe_soir": "15:00-16:59", "sens": "Begge retninger", "regle_horaire": "Første passering gjelder", "regle_horaire_min": 60}}, {"type": "Feature", "geometry": {"type": "Point", "coordinates": [5.22755, 60.41246]}, "properties": {"id": "no-peage-1018247445", "country": "no", "name": "Fv 5254 Kleppevegen", "type": "peage", "source": "NVDB", "updated": "2026-09-10", "route": "F5254", "kommune": 4627, "categorie_station": "AutoPASS bomstasjon", "exploitant": "Ferde AS - Askøypakken", "lien": "http://www.askoypakken.no", "tarif_petit_vehicule": 44.0, "tarif_gros_vehicule": 88.0, "tarif_pointe_petit": null, "pointe_matin": null, "pointe_soir": null, "sens": "Mot metrering", "regle_horaire": "Ikke timesregel", "regle_horaire_min": null}}, {"type": "Feature", "geometry": {"type": "Point", "coordinates": [6.32811, 62.4137]}, "properties": {"id": "no-peage-1018355683", "country": "no", "name": "sans nom", "type": "peage", "source": "NVDB", "updated": "2026-09-10", "route": "E39", "kommune": 1531, "categorie_station": "AutoPASS bomstasjon", "exploitant": null, "lien": null, "tarif_petit_vehicule": null, "tarif_gros_vehicule": null, "tarif_pointe_petit": null, "pointe_matin": null, "pointe_soir": null, "sens": null, "regle_horaire": "Ikke timesregel", "regle_horaire_min": null}}, {"type": "Feature", "geometry": {"type": "Point", "coordinates": [6.32838, 62.41371]}, "properties": {"id": "no-peage-1018355684", "country": "no", "name": "sans nom", "type": "peage", "source": "NVDB", "updated": "2026-09-10", "route": "E39", "kommune": 1531, "categorie_station": "AutoPASS bomstasjon", "exploitant": null, "lien": null, "tarif_petit_vehicule": null, "tarif_gros_vehicule": null, "tarif_pointe_petit": null, "pointe_matin": null, "pointe_soir": null, "sens": null, "regle_horaire": "Ikke timesregel", "regle_horaire_min": null}}, {"type": "Feature", "geometry": {"type": "Point", "coordinates": [11.06491, 59.29527]}, "properties": {"id": "no-peage-1018553391", "country": "no", "name": "Fv. 114 Grålum", "type": "peage", "source": "NVDB", "updated": "2026-09-10", "route": "F114", "kommune": 3105, "categorie_station": "AutoPASS bomstasjon", "exploitant": "Vegfinans Bypakke Nedre Glomma AS", "lien": "www.vegfinans.no", "tarif_petit_vehicule": 34.0, "tarif_gros_vehicule": 68.0, "tarif_pointe_petit": null, "pointe_matin": null, "pointe_soir": null, "sens": "Med metrering", "regle_horaire": "Første passering gjelder", "regle_horaire_min": 60}}, {"type": "Feature", "geometry": {"type": "Point", "coordinates": [11.06538, 59.29703]}, "properties": {"id": "no-peage-1018553392", "country": "no", "name": "E6 Lekevoll rampe fra nord", "type": "peage", "source": "NVDB", "updated": "2026-09-10", "route": "E6", "kommune": 3105, "categorie_station": "AutoPASS bomstasjon", "exploitant": "Vegfinans Bypakke Nedre Glomma AS", "lien": "www.vegfinans.no", "tarif_petit_vehicule": 34.0, "tarif_gros_vehicule": 68.0, "tarif_pointe_petit": null, "pointe_matin": null, "pointe_soir": null, "sens": "Med metrering", "regle_horaire": "Første passering gjelder", "regle_horaire_min": 60}}, {"type": "Feature", "geometry": {"type": "Point", "coordinates": [11.13014, 59.2718]}, "properties": {"id": "no-peage-1018553393", "country": "no", "name": "Rv. 22 Hafslund syd", "type": "peage", "source": "NVDB", "updated": "2026-09-10", "route": "R22", "kommune": 3105, "categorie_station": "AutoPASS bomstasjon", "exploitant": "Vegfinans Bypakke Nedre Glomma AS", "lien": "www.vegfinans.no", "tarif_petit_vehicule": 34.0, "tarif_gros_vehicule": 68.0, "tarif_pointe_petit": null, "pointe_matin": null, "pointe_soir": null, "sens": "Mot metrering", "regle_horaire": "Første passering gjelder", "regle_horaire_min": 60}}, {"type": "Feature", "geometry": {"type": "Point", "coordinates": [11.07531, 59.29383]}, "properties": {"id": "no-peage-1018553394", "country": "no", "name": "Kv. Tuneveien", "type": "peage", "source": "NVDB", "updated": "2026-09-10", "route": "K55500", "kommune": 3105, "categorie_station": "AutoPASS bomstasjon", "exploitant": "Vegfinans Bypakke Nedre Glomma AS", "lien": "www.vegfinans.no", "tarif_petit_vehicule": 34.0, "tarif_gros_vehicule": 68.0, "tarif_pointe_petit": null, "pointe_matin": null, "pointe_soir": null, "sens": "Med metrering", "regle_horaire": "Første passering gjelder", "regle_horaire_min": 60}}, {"type": "Feature", "geometry": {"type": "Point", "coordinates": [11.08356, 59.21489]}, "properties": {"id": "no-peage-1018553395", "country": "no", "name": "Fv. 130 Skjærviken", "type": "peage", "source": "NVDB", "updated": "2026-09-10", "route": "F130", "kommune": 3105, "categorie_station": "AutoPASS bomstasjon", "exploitant": "Vegfinans Bypakke Nedre Glomma AS", "lien": "www.vegfinans.no", "tarif_petit_vehicule": 34.0, "tarif_gros_vehicule": 68.0, "tarif_pointe_petit": null, "pointe_matin": null, "pointe_soir": null, "sens": "Mot metrering", "regle_horaire": "Første passering gjelder", "regle_horaire_min": 60}}, {"type": "Feature", "geometry": {"type": "Point", "coordinates": [11.08464, 59.27605]}, "properties": {"id": "no-peage-1018553396", "country": "no", "name": "E6 Alvim rampe fra nord", "type": "peage", "source": "NVDB", "updated": "2026-09-10", "route": "E6", "kommune": 3105, "categorie_station": "AutoPASS bomstasjon", "exploitant": "Vegfinans Bypakke Nedre Glomma AS", "lien": "www.vegfinans.no", "tarif_petit_vehicule": 34.0, "tarif_gros_vehicule": 68.0, "tarif_pointe_petit": null, "pointe_matin": null, "pointe_soir": null, "sens": "Med metrering", "regle_horaire": "Første passering gjelder", "regle_horaire_min": 60}}, {"type": "Feature", "geometry": {"type": "Point", "coordinates": [11.12236, 59.26472]}, "properties": {"id": "no-peage-1018553397", "country": "no", "name": "Kv. Navestadveien", "type": "peage", "source": "NVDB", "updated": "2026-09-10", "route": "K21570", "kommune": 3105, "categorie_station": "AutoPASS bomstasjon", "exploitant": "Vegfinans Bypakke Nedre Glomma AS", "lien": "www.vegfinans.no", "tarif_petit_vehicule": 34.0, "tarif_gros_vehicule": 68.0, "tarif_pointe_petit": null, "pointe_matin": null, "pointe_soir": null, "sens": "Mot metrering", "regle_horaire": "Første passering gjelder", "regle_horaire_min": 60}}, {"type": "Feature", "geometry": {"type": "Point", "coordinates": [11.07091, 59.27076]}, "properties": {"id": "no-peage-1018553398", "country": "no", "name": "Fv. 109 Alvim vest", "type": "peage", "source": "NVDB", "updated": "2026-09-10", "route": "F109", "kommune": 3105, "categorie_station": "AutoPASS bomstasjon", "exploitant": "Vegfinans Bypakke Nedre Glomma AS", "lien": "www.vegfinans.no", "tarif_petit_vehicule": 34.0, "tarif_gros_vehicule": 68.0, "tarif_pointe_petit": null, "pointe_matin": null, "pointe_soir": null, "sens": "Mot metrering", "regle_horaire": "Første passering gjelder", "regle_horaire_min": 60}}, {"type": "Feature", "geometry": {"type": "Point", "coordinates": [11.08557, 59.27737]}, "properties": {"id": "no-peage-1018553399", "country": "no", "name": "E6 Alvim rampe fra syd", "type": "peage", "source": "NVDB", "updated": "2026-09-10", "route": "E6", "kommune": 3105, "categorie_station": "AutoPASS bomstasjon", "exploitant": "Vegfinans Bypakke Nedre Glomma AS", "lien": "www.vegfinans.no", "tarif_petit_vehicule": 34.0, "tarif_gros_vehicule": 68.0, "tarif_pointe_petit": null, "pointe_matin": null, "pointe_soir": null, "sens": "Med metrering", "regle_horaire": "Første passering gjelder", "regle_horaire_min": 60}}, {"type": "Feature", "geometry": {"type": "Point", "coordinates": [11.0694, 59.29574]}, "properties": {"id": "no-peage-1018553400", "country": "no", "name": "E6 Lekevoll rampe fra syd", "type": "peage", "source": "NVDB", "updated": "2026-09-10", "route": "E6", "kommune": 3105, "categorie_station": "AutoPASS bomstasjon", "exploitant": "Vegfinans Bypakke Nedre Glomma AS", "lien": "www.vegfinans.no", "tarif_petit_vehicule": 34.0, "tarif_gros_vehicule": 68.0, "tarif_pointe_petit": null, "pointe_matin": null, "pointe_soir": null, "sens": "Med metrering", "regle_horaire": "Første passering gjelder", "regle_horaire_min": 60}}, {"type": "Feature", "geometry": {"type": "Point", "coordinates": [11.04253, 59.30567]}, "properties": {"id": "no-peage-1018553401", "country": "no", "name": "Fv. 118 Kalnes", "type": "peage", "source": "NVDB", "updated": "2026-09-10", "route": "F118", "kommune": 3105, "categorie_station": "AutoPASS bomstasjon", "exploitant": "Vegfinans Bypakke Nedre Glomma AS", "lien": "www.vegfinans.no", "tarif_petit_vehicule": 34.0, "tarif_gros_vehicule": 68.0, "tarif_pointe_petit": null, "pointe_matin": null, "pointe_soir": null, "sens": "Mot metrering", "regle_horaire": "Første passering gjelder", "regle_horaire_min": 60}}, {"type": "Feature", "geometry": {"type": "Point", "coordinates": [11.13303, 59.27622]}, "properties": {"id": "no-peage-1018553402", "country": "no", "name": "Fv. 118 Sarpsbru", "type": "peage", "source": "NVDB", "updated": "2026-09-10", "route": "F118", "kommune": 3105, "categorie_station": "AutoPASS bomstasjon", "exploitant": "Vegfinans Bypakke Nedre Glomma AS", "lien": "www.vegfinans.no", "tarif_petit_vehicule": 34.0, "tarif_gros_vehicule": 68.0, "tarif_pointe_petit": null, "pointe_matin": null, "pointe_soir": null, "sens": "Med metrering", "regle_horaire": "Første passering gjelder", "regle_horaire_min": 60}}, {"type": "Feature", "geometry": {"type": "Point", "coordinates": [11.05454, 59.23296]}, "properties": {"id": "no-peage-1018553403", "country": "no", "name": "Fv. 107 Vardeveien", "type": "peage", "source": "NVDB", "updated": "2026-09-10", "route": "F107", "kommune": 3107, "categorie_station": "AutoPASS bomstasjon", "exploitant": "Vegfinans Bypakke Nedre Glomma AS", "lien": "www.vegfinans.no", "tarif_petit_vehicule": 34.0, "tarif_gros_vehicule": 68.0, "tarif_pointe_petit": null, "pointe_matin": null, "pointe_soir": null, "sens": "Mot metrering", "regle_horaire": "Første passering gjelder", "regle_horaire_min": 60}}, {"type": "Feature", "geometry": {"type": "Point", "coordinates": [10.95637, 59.32348]}, "properties": {"id": "no-peage-1018553404", "country": "no", "name": "Fv. 112 Hauge bru", "type": "peage", "source": "NVDB", "updated": "2026-09-10", "route": "F112", "kommune": 3107, "categorie_station": "AutoPASS bomstasjon", "exploitant": "Vegfinans Bypakke Nedre Glomma AS", "lien": "www.vegfinans.no", "tarif_petit_vehicule": 34.0, "tarif_gros_vehicule": 68.0, "tarif_pointe_petit": null, "pointe_matin": null, "pointe_soir": null, "sens": "Mot metrering", "regle_horaire": "Første passering gjelder", "regle_horaire_min": 60}}, {"type": "Feature", "geometry": {"type": "Point", "coordinates": [11.02805, 59.2693]}, "properties": {"id": "no-peage-1018553405", "country": "no", "name": "Fv. 109 Rolvsøysund", "type": "peage", "source": "NVDB", "updated": "2026-09-10", "route": "F109", "kommune": 3105, "categorie_station": "AutoPASS bomstasjon", "exploitant": "Vegfinans Bypakke Nedre Glomma AS", "lien": "www.vegfinans.no", "tarif_petit_vehicule": 34.0, "tarif_gros_vehicule": 68.0, "tarif_pointe_petit": null, "pointe_matin": null, "pointe_soir": null, "sens": "Mot metrering", "regle_horaire": "Første passering gjelder", "regle_horaire_min": 60}}, {"type": "Feature", "geometry": {"type": "Point", "coordinates": [11.05443, 59.25797]}, "properties": {"id": "no-peage-1018553406", "country": "no", "name": "Rv. 22 Årum vest", "type": "peage", "source": "NVDB", "updated": "2026-09-10", "route": "R22", "kommune": 3107, "categorie_station": "AutoPASS bomstasjon", "exploitant": "Vegfinans Bypakke Nedre Glomma AS", "lien": "www.vegfinans.no", "tarif_petit_vehicule": 34.0, "tarif_gros_vehicule": 68.0, "tarif_pointe_petit": null, "pointe_matin": null, "pointe_soir": null, "sens": "Mot metrering", "regle_horaire": "Første passering gjelder", "regle_horaire_min": 60}}, {"type": "Feature", "geometry": {"type": "Point", "coordinates": [11.07587, 59.26919]}, "properties": {"id": "no-peage-1018553407", "country": "no", "name": "Fv. 1168 Alvimveien", "type": "peage", "source": "NVDB", "updated": "2026-09-10", "route": "F1168", "kommune": 3105, "categorie_station": "AutoPASS bomstasjon", "exploitant": "Vegfinans Bypakke Nedre Glomma AS", "lien": "www.vegfinans.no", "tarif_petit_vehicule": 34.0, "tarif_gros_vehicule": 68.0, "tarif_pointe_petit": null, "pointe_matin": null, "pointe_soir": null, "sens": "Med metrering", "regle_horaire": "Første passering gjelder", "regle_horaire_min": 60}}, {"type": "Feature", "geometry": {"type": "Point", "coordinates": [11.20918, 60.89939]}, "properties": {"id": "no-peage-1019031147", "country": "no", "name": "Gåsbu", "type": "peage", "source": "NVDB", "updated": "2026-09-10", "route": "S10", "kommune": 3403, "categorie_station": "Bomstasjon på lokal/privat veg", "exploitant": null, "lien": "https://vangalmenning.no/wp/parkering-og-vegavgift/", "tarif_petit_vehicule": null, "tarif_gros_vehicule": null, "tarif_pointe_petit": null, "pointe_matin": null, "pointe_soir": null, "sens": null, "regle_horaire": null, "regle_horaire_min": null}}, {"type": "Feature", "geometry": {"type": "Point", "coordinates": [5.04754, 60.67682]}, "properties": {"id": "no-peage-1019096140", "country": "no", "name": "Fv. 565 Soltveit", "type": "peage", "source": "NVDB", "updated": "2026-09-10", "route": "F565", "kommune": 4631, "categorie_station": "AutoPASS bomstasjon", "exploitant": "Ferde AS - Nordhordlandspakken", "lien": "www.ferde.no", "tarif_petit_vehicule": 25.0, "tarif_gros_vehicule": 40.0, "tarif_pointe_petit": null, "pointe_matin": null, "pointe_soir": null, "sens": "Begge retninger", "regle_horaire": "Første passering gjelder", "regle_horaire_min": 60}}, {"type": "Feature", "geometry": {"type": "Point", "coordinates": [5.22744, 60.41245]}, "properties": {"id": "no-peage-1019496891", "country": "no", "name": "Kleppevegen", "type": "peage", "source": "NVDB", "updated": "2026-09-10", "route": "F5254", "kommune": 4627, "categorie_station": "AutoPASS bomstasjon", "exploitant": null, "lien": null, "tarif_petit_vehicule": 31.0, "tarif_gros_vehicule": 52.0, "tarif_pointe_petit": null, "pointe_matin": null, "pointe_soir": null, "sens": null, "regle_horaire": null, "regle_horaire_min": null}}, {"type": "Feature", "geometry": {"type": "Point", "coordinates": [5.72024, 58.8746]}, "properties": {"id": "no-peage-1019972600", "country": "no", "name": "Stokkaveien", "type": "peage", "source": "NVDB", "updated": "2026-09-10", "route": "K28325", "kommune": 1108, "categorie_station": "AutoPASS bomstasjon", "exploitant": null, "lien": null, "tarif_petit_vehicule": 30.0, "tarif_gros_vehicule": 76.0, "tarif_pointe_petit": null, "pointe_matin": null, "pointe_soir": null, "sens": "Mot metrering", "regle_horaire": "Første passering gjelder", "regle_horaire_min": 60}}, {"type": "Feature", "geometry": {"type": "Point", "coordinates": [8.22734, 63.06841]}, "properties": {"id": "no-peage-1020999490", "country": "no", "name": "sans nom", "type": "peage", "source": "NVDB", "updated": "2026-09-10", "route": "E39", "kommune": 5055, "categorie_station": "AutoPASS bomstasjon", "exploitant": null, "lien": null, "tarif_petit_vehicule": null, "tarif_gros_vehicule": null, "tarif_pointe_petit": null, "pointe_matin": null, "pointe_soir": null, "sens": "Med metrering", "regle_horaire": null, "regle_horaire_min": null}}, {"type": "Feature", "geometry": {"type": "Point", "coordinates": [7.48117, 62.77734]}, "properties": {"id": "no-peage-1021270007", "country": "no", "name": "Fv62 Hjelset", "type": "peage", "source": "NVDB", "updated": "2026-09-10", "route": "F62", "kommune": 1506, "categorie_station": "AutoPASS bomstasjon", "exploitant": "E39 Lønseth Hjelset", "lien": null, "tarif_petit_vehicule": 44.0, "tarif_gros_vehicule": 87.0, "tarif_pointe_petit": null, "pointe_matin": null, "pointe_soir": null, "sens": "Begge retninger", "regle_horaire": "Ikke timesregel", "regle_horaire_min": null}}, {"type": "Feature", "geometry": {"type": "Point", "coordinates": [7.48346, 62.78259]}, "properties": {"id": "no-peage-1021270008", "country": "no", "name": "E39 Hjelset", "type": "peage", "source": "NVDB", "updated": "2026-09-10", "route": "E39", "kommune": 1506, "categorie_station": "AutoPASS bomstasjon", "exploitant": "E39 Lønseth Hjelset", "lien": null, "tarif_petit_vehicule": 44.0, "tarif_gros_vehicule": 87.0, "tarif_pointe_petit": null, "pointe_matin": null, "pointe_soir": null, "sens": "Begge retninger", "regle_horaire": "Ikke timesregel", "regle_horaire_min": null}}, {"type": "Feature", "geometry": {"type": "Point", "coordinates": [8.11083, 58.17068]}, "properties": {"id": "no-peage-1022267967", "country": "no", "name": "Fv. 498 Barstølveien Vest", "type": "peage", "source": "NVDB", "updated": "2026-09-10", "route": "F498", "kommune": 4204, "categorie_station": "AutoPASS bomstasjon", "exploitant": "Ferde AS - Bomringen i Kristiansand", "lien": null, "tarif_petit_vehicule": 25.0, "tarif_gros_vehicule": 51.0, "tarif_pointe_petit": 38.0, "pointe_matin": "06:30-08:59", "pointe_soir": "14:30-16:59", "sens": "Med metrering", "regle_horaire": "Første passering gjelder", "regle_horaire_min": 60}}, {"type": "Feature", "geometry": {"type": "Point", "coordinates": [8.12458, 58.1803]}, "properties": {"id": "no-peage-1022267968", "country": "no", "name": "Grasdalen", "type": "peage", "source": "NVDB", "updated": "2026-09-10", "route": "K20274", "kommune": 4204, "categorie_station": "AutoPASS bomstasjon", "exploitant": "Ferde AS - Bomringen i Kristiansand", "lien": null, "tarif_petit_vehicule": 25.0, "tarif_gros_vehicule": 51.0, "tarif_pointe_petit": 38.0, "pointe_matin": "06:30-08:59", "pointe_soir": "14:30-16:59", "sens": "Mot metrering", "regle_horaire": "Første passering gjelder", "regle_horaire_min": 60}}, {"type": "Feature", "geometry": {"type": "Point", "coordinates": [8.0044, 58.14913]}, "properties": {"id": "no-peage-1022267969", "country": "no", "name": "Fv. 471 Lundsbrua Vest", "type": "peage", "source": "NVDB", "updated": "2026-09-10", "route": "F471", "kommune": 4204, "categorie_station": "AutoPASS bomstasjon", "exploitant": "Ferde AS - Bomringen i Kristiansand", "lien": null, "tarif_petit_vehicule": 25.0, "tarif_gros_vehicule": 51.0, "tarif_pointe_petit": 38.0, "pointe_matin": "06:30-08:59", "pointe_soir": "14:30-16:59", "sens": "Med metrering", "regle_horaire": "Første passering gjelder", "regle_horaire_min": 60}}, {"type": "Feature", "geometry": {"type": "Point", "coordinates": [7.96498, 58.1424]}, "properties": {"id": "no-peage-1022267970", "country": "no", "name": "Tinnheiveien", "type": "peage", "source": "NVDB", "updated": "2026-09-10", "route": "K18470", "kommune": 4204, "categorie_station": "AutoPASS bomstasjon", "exploitant": "Ferde AS - Bomringen i Kristiansand", "lien": null, "tarif_petit_vehicule": 25.0, "tarif_gros_vehicule": 51.0, "tarif_pointe_petit": 38.0, "pointe_matin": "06:30-08:59", "pointe_soir": "14:30-16:59", "sens": "Mot metrering", "regle_horaire": "Første passering gjelder", "regle_horaire_min": 60}}, {"type": "Feature", "geometry": {"type": "Point", "coordinates": [7.91217, 58.14468]}, "properties": {"id": "no-peage-1022267971", "country": "no", "name": "E39 Fidjane", "type": "peage", "source": "NVDB", "updated": "2026-09-10", "route": "E39", "kommune": 4204, "categorie_station": "AutoPASS bomstasjon", "exploitant": "Ferde AS - Bomringen i Kristiansand", "lien": null, "tarif_petit_vehicule": 25.0, "tarif_gros_vehicule": 51.0, "tarif_pointe_petit": 38.0, "pointe_matin": "06:30-08:59", "pointe_soir": "14:30-16:59", "sens": "Med metrering", "regle_horaire": "Første passering gjelder", "regle_horaire_min": 60}}, {"type": "Feature", "geometry": {"type": "Point", "coordinates": [7.99897, 58.15491]}, "properties": {"id": "no-peage-1022267972", "country": "no", "name": "E18 Oddernesbrua", "type": "peage", "source": "NVDB", "updated": "2026-09-10", "route": "E18", "kommune": 4204, "categorie_station": "AutoPASS bomstasjon", "exploitant": "Ferde AS - Bomringen i Kristiansand", "lien": null, "tarif_petit_vehicule": 25.0, "tarif_gros_vehicule": 51.0, "tarif_pointe_petit": 38.0, "pointe_matin": "06:30-08:59", "pointe_soir": "14:30-16:59", "sens": "Med metrering", "regle_horaire": "Første passering gjelder", "regle_horaire_min": 60}}, {"type": "Feature", "geometry": {"type": "Point", "coordinates": [7.95241, 58.13818]}, "properties": {"id": "no-peage-1022267973", "country": "no", "name": "Hellemyrbakken", "type": "peage", "source": "NVDB", "updated": "2026-09-10", "route": "K13040", "kommune": 4204, "categorie_station": "AutoPASS bomstasjon", "exploitant": "Ferde AS - Bomringen i Kristiansand", "lien": null, "tarif_petit_vehicule": 25.0, "tarif_gros_vehicule": 51.0, "tarif_pointe_petit": 38.0, "pointe_matin": "06:30-08:59", "pointe_soir": "14:30-16:59", "sens": "Mot metrering", "regle_horaire": "Første passering gjelder", "regle_horaire_min": 60}}, {"type": "Feature", "geometry": {"type": "Point", "coordinates": [8.13785, 58.17983]}, "properties": {"id": "no-peage-1022267974", "country": "no", "name": "Fv. 498 Barstølveien Øst", "type": "peage", "source": "NVDB", "updated": "2026-09-10", "route": "F498", "kommune": 4204, "categorie_station": "AutoPASS bomstasjon", "exploitant": "Ferde AS - Bomringen i Kristiansand", "lien": null, "tarif_petit_vehicule": 25.0, "tarif_gros_vehicule": 51.0, "tarif_pointe_petit": 38.0, "pointe_matin": "06:30-08:59", "pointe_soir": "14:30-16:59", "sens": "Mot metrering", "regle_horaire": "Første passering gjelder", "regle_horaire_min": 60}}, {"type": "Feature", "geometry": {"type": "Point", "coordinates": [8.15699, 58.18935]}, "properties": {"id": "no-peage-1022267975", "country": "no", "name": "Sørlandsparken Øst", "type": "peage", "source": "NVDB", "updated": "2026-09-10", "route": "K20259", "kommune": 4204, "categorie_station": "AutoPASS bomstasjon", "exploitant": "Ferde AS - Bomringen i Kristiansand", "lien": null, "tarif_petit_vehicule": 25.0, "tarif_gros_vehicule": 51.0, "tarif_pointe_petit": 38.0, "pointe_matin": "06:30-08:59", "pointe_soir": "14:30-16:59", "sens": "Med metrering", "regle_horaire": "Første passering gjelder", "regle_horaire_min": 60}}, {"type": "Feature", "geometry": {"type": "Point", "coordinates": [7.91219, 58.14465]}, "properties": {"id": "no-peage-1022273614", "country": "no", "name": "E39 Fidjane", "type": "peage", "source": "NVDB", "updated": "2026-09-10", "route": "E39", "kommune": 4204, "categorie_station": "AutoPASS bomstasjon", "exploitant": "Ferde AS - Bomringen i Kristiansand", "lien": null, "tarif_petit_vehicule": 25.0, "tarif_gros_vehicule": 51.0, "tarif_pointe_petit": 38.0, "pointe_matin": "06:30-08:59", "pointe_soir": "14:30-16:59", "sens": "Med metrering", "regle_horaire": "Første passering gjelder", "regle_horaire_min": 60}}, {"type": "Feature", "geometry": {"type": "Point", "coordinates": [7.13542, 58.15669]}, "properties": {"id": "no-peage-1022281725", "country": "no", "name": "E39 Herdal", "type": "peage", "source": "NVDB", "updated": "2026-09-10", "route": "E39", "kommune": 4225, "categorie_station": "AutoPASS bomstasjon", "exploitant": "Ferde AS - E39 Kristiansand Vest- Lyngdal Vest", "lien": "www.ferde.no", "tarif_petit_vehicule": 37.0, "tarif_gros_vehicule": 111.0, "tarif_pointe_petit": null, "pointe_matin": null, "pointe_soir": null, "sens": "Begge retninger", "regle_horaire": "Ikke timesregel", "regle_horaire_min": null}}, {"type": "Feature", "geometry": {"type": "Point", "coordinates": [16.54067, 68.78429]}, "properties": {"id": "no-peage-1024611973", "country": "no", "name": "Lokket", "type": "peage", "source": "NVDB", "updated": "2026-09-10", "route": "R83", "kommune": 5503, "categorie_station": "AutoPASS bomstasjon", "exploitant": "Troms Bompengeselskap AS", "lien": null, "tarif_petit_vehicule": 20.0, "tarif_gros_vehicule": 32.0, "tarif_pointe_petit": null, "pointe_matin": null, "pointe_soir": null, "sens": "Begge retninger", "regle_horaire": "Første passering gjelder", "regle_horaire_min": null}}, {"type": "Feature", "geometry": {"type": "Point", "coordinates": [10.55404, 63.42229]}, "properties": {"id": "no-peage-1025201243", "country": "no", "name": "Ranheim", "type": "peage", "source": "NVDB", "updated": "2026-09-10", "route": "E6", "kommune": 5001, "categorie_station": "AutoPASS bomstasjon", "exploitant": null, "lien": null, "tarif_petit_vehicule": 60.0, "tarif_gros_vehicule": 121.0, "tarif_pointe_petit": null, "pointe_matin": null, "pointe_soir": null, "sens": "Begge retninger", "regle_horaire": "Ikke timesregel", "regle_horaire_min": null}}, {"type": "Feature", "geometry": {"type": "Point", "coordinates": [10.28311, 63.2559]}, "properties": {"id": "no-peage-1025249143", "country": "no", "name": "sans nom", "type": "peage", "source": "NVDB", "updated": "2026-09-10", "route": "E6", "kommune": 5028, "categorie_station": "AutoPASS bomstasjon", "exploitant": null, "lien": null, "tarif_petit_vehicule": 33.0, "tarif_gros_vehicule": 65.0, "tarif_pointe_petit": null, "pointe_matin": null, "pointe_soir": null, "sens": "Begge retninger", "regle_horaire": null, "regle_horaire_min": null}}, {"type": "Feature", "geometry": {"type": "Point", "coordinates": [10.28417, 63.25967]}, "properties": {"id": "no-peage-1025249144", "country": "no", "name": "E6 Søberg", "type": "peage", "source": "NVDB", "updated": "2026-09-10", "route": "E6", "kommune": 5028, "categorie_station": "AutoPASS bomstasjon", "exploitant": "E6 Ulsberg-Melhus", "lien": "https://www.vegamot.no", "tarif_petit_vehicule": 45.0, "tarif_gros_vehicule": 91.0, "tarif_pointe_petit": null, "pointe_matin": null, "pointe_soir": null, "sens": "Begge retninger", "regle_horaire": "Ikke timesregel", "regle_horaire_min": null}}, {"type": "Feature", "geometry": {"type": "Point", "coordinates": [9.7495, 60.28603]}, "properties": {"id": "no-peage-1025537099", "country": "no", "name": "Rv. 7 Brekkebygda", "type": "peage", "source": "NVDB", "updated": "2026-09-10", "route": "R7", "kommune": 3305, "categorie_station": "AutoPASS bomstasjon", "exploitant": "Vegfinans Hallingporten AS", "lien": "www.vegfinans.no", "tarif_petit_vehicule": 88.0, "tarif_gros_vehicule": 179.0, "tarif_pointe_petit": null, "pointe_matin": null, "pointe_soir": null, "sens": "Begge retninger", "regle_horaire": "Ikke timesregel", "regle_horaire_min": null}}, {"type": "Feature", "geometry": {"type": "Point", "coordinates": [10.63986, 60.46549]}, "properties": {"id": "no-peage-1025845401", "country": "no", "name": "Rv. 4 Lygna", "type": "peage", "source": "NVDB", "updated": "2026-09-10", "route": "R4", "kommune": 3446, "categorie_station": "AutoPASS bomstasjon", "exploitant": "Vegfinans Rv4 Oppland AS", "lien": null, "tarif_petit_vehicule": 55.0, "tarif_gros_vehicule": 110.0, "tarif_pointe_petit": null, "pointe_matin": null, "pointe_soir": null, "sens": "Begge retninger", "regle_horaire": "Ikke timesregel", "regle_horaire_min": null}}, {"type": "Feature", "geometry": {"type": "Point", "coordinates": [9.64567, 59.04752]}, "properties": {"id": "no-peage-1025915958", "country": "no", "name": "Fv. 353 Hafraker", "type": "peage", "source": "NVDB", "updated": "2026-09-10", "route": "F353", "kommune": 4012, "categorie_station": "AutoPASS bomstasjon", "exploitant": "Fv. 353Rugtvedt Surtebogen", "lien": null, "tarif_petit_vehicule": 30.0, "tarif_gros_vehicule": 90.0, "tarif_pointe_petit": null, "pointe_matin": null, "pointe_soir": null, "sens": null, "regle_horaire": "Ikke timesregel", "regle_horaire_min": null}}, {"type": "Feature", "geometry": {"type": "Point", "coordinates": [10.33249, 59.97417]}, "properties": {"id": "no-peage-1026076253", "country": "no", "name": "E16 Skaret", "type": "peage", "source": "NVDB", "updated": "2026-09-10", "route": "E16", "kommune": 3310, "categorie_station": "AutoPASS bomstasjon", "exploitant": "E16 Bjørum - Skaret", "lien": null, "tarif_petit_vehicule": 51.0, "tarif_gros_vehicule": 102.0, "tarif_pointe_petit": null, "pointe_matin": null, "pointe_soir": null, "sens": null, "regle_horaire": "Ikke timesregel", "regle_horaire_min": null}}, {"type": "Feature", "geometry": {"type": "Point", "coordinates": [10.33306, 59.97278]}, "properties": {"id": "no-peage-1026076748", "country": "no", "name": "Fv. Skaret", "type": "peage", "source": "NVDB", "updated": "2026-09-10", "route": "E16", "kommune": 3310, "categorie_station": "AutoPASS bomstasjon", "exploitant": "Fv. Skaret", "lien": null, "tarif_petit_vehicule": 51.0, "tarif_gros_vehicule": 102.0, "tarif_pointe_petit": null, "pointe_matin": null, "pointe_soir": null, "sens": null, "regle_horaire": "Ikke timesregel", "regle_horaire_min": null}}, {"type": "Feature", "geometry": {"type": "Point", "coordinates": [10.37417, 59.95222]}, "properties": {"id": "no-peage-1026090226", "country": "no", "name": "E16 Avtjerna", "type": "peage", "source": "NVDB", "updated": "2026-09-10", "route": "E16", "kommune": 3201, "categorie_station": "AutoPASS bomstasjon", "exploitant": "E16 Avtjerna", "lien": null, "tarif_petit_vehicule": 51.0, "tarif_gros_vehicule": 102.0, "tarif_pointe_petit": null, "pointe_matin": null, "pointe_soir": null, "sens": null, "regle_horaire": "Ikke timesregel", "regle_horaire_min": null}}, {"type": "Feature", "geometry": {"type": "Point", "coordinates": [9.25378, 59.28861]}, "properties": {"id": "no-peage-1026090503", "country": "no", "name": "sans nom", "type": "peage", "source": "NVDB", "updated": "2026-09-10", "route": "F359", "kommune": 4018, "categorie_station": "AutoPASS bomstasjon", "exploitant": null, "lien": null, "tarif_petit_vehicule": 35.0, "tarif_gros_vehicule": 70.0, "tarif_pointe_petit": null, "pointe_matin": null, "pointe_soir": null, "sens": "Begge retninger", "regle_horaire": "Ikke timesregel", "regle_horaire_min": null}}, {"type": "Feature", "geometry": {"type": "Point", "coordinates": [10.37638, 59.95305]}, "properties": {"id": "no-peage-1026090508", "country": "no", "name": "Fv. Avtjerna", "type": "peage", "source": "NVDB", "updated": "2026-09-10", "route": "E16", "kommune": 3201, "categorie_station": "AutoPASS bomstasjon", "exploitant": "E16 Bjørum - Skaret", "lien": null, "tarif_petit_vehicule": 51.0, "tarif_gros_vehicule": 102.0, "tarif_pointe_petit": null, "pointe_matin": null, "pointe_soir": null, "sens": null, "regle_horaire": "Ikke timesregel", "regle_horaire_min": null}}, {"type": "Feature", "geometry": {"type": "Point", "coordinates": [5.72639, 58.91252]}, "properties": {"id": "no-peage-1026491363", "country": "no", "name": "FV44 Gausel mot sør (bussvei)", "type": "peage", "source": "NVDB", "updated": "2026-09-10", "route": "F44", "kommune": 1103, "categorie_station": "AutoPASS bomstasjon", "exploitant": "Ferde AS - Bymiljøpakken Nord Jæren", "lien": "https://ferde.no", "tarif_petit_vehicule": 30.0, "tarif_gros_vehicule": 76.0, "tarif_pointe_petit": null, "pointe_matin": null, "pointe_soir": null, "sens": "Mot metrering", "regle_horaire": "Første passering gjelder", "regle_horaire_min": 60}}, {"type": "Feature", "geometry": {"type": "Point", "coordinates": [5.72634, 58.91233]}, "properties": {"id": "no-peage-1026491364", "country": "no", "name": "FV44 Gausel mot sør (bilvei)", "type": "peage", "source": "NVDB", "updated": "2026-09-10", "route": "F44", "kommune": 1103, "categorie_station": "AutoPASS bomstasjon", "exploitant": "Ferde AS - Bymiljøpakken Nord Jæren", "lien": "https://ferde.no", "tarif_petit_vehicule": 30.0, "tarif_gros_vehicule": 76.0, "tarif_pointe_petit": null, "pointe_matin": null, "pointe_soir": null, "sens": "Mot metrering", "regle_horaire": "Første passering gjelder", "regle_horaire_min": 60}}, {"type": "Feature", "geometry": {"type": "Point", "coordinates": [10.64, 60.46522]}, "properties": {"id": "no-peage-1026776021", "country": "no", "name": "Rv. 4 Lygna", "type": "peage", "source": "NVDB", "updated": "2026-09-10", "route": "R4", "kommune": 3446, "categorie_station": "AutoPASS bomstasjon", "exploitant": "Vegfinans Rv4 Oppland AS", "lien": null, "tarif_petit_vehicule": 55.0, "tarif_gros_vehicule": 110.0, "tarif_pointe_petit": null, "pointe_matin": null, "pointe_soir": null, "sens": "Begge retninger", "regle_horaire": "Ikke timesregel", "regle_horaire_min": null}}, {"type": "Feature", "geometry": {"type": "Point", "coordinates": [7.86074, 58.12288]}, "properties": {"id": "no-peage-1026973924", "country": "no", "name": "E39_Storemyr", "type": "peage", "source": "NVDB", "updated": "2026-09-10", "route": "E39", "kommune": 4204, "categorie_station": "AutoPASS bomstasjon", "exploitant": "Ferde AS - E39 Kristiansand Vest - Lyngdal Vest", "lien": "www.ferde.no", "tarif_petit_vehicule": 27.0, "tarif_gros_vehicule": 81.0, "tarif_pointe_petit": null, "pointe_matin": null, "pointe_soir": null, "sens": "Begge retninger", "regle_horaire": "Ikke timesregel", "regle_horaire_min": null}}, {"type": "Feature", "geometry": {"type": "Point", "coordinates": [7.13521, 58.15658]}, "properties": {"id": "no-peage-1026973991", "country": "no", "name": "E39 Herdal", "type": "peage", "source": "NVDB", "updated": "2026-09-10", "route": "E39", "kommune": 4225, "categorie_station": "AutoPASS bomstasjon", "exploitant": "Ferde AS - E39 Kristiansand Vest- Lyngdal Vest", "lien": "www.ferde.no", "tarif_petit_vehicule": 37.0, "tarif_gros_vehicule": 111.0, "tarif_pointe_petit": null, "pointe_matin": null, "pointe_soir": null, "sens": "Begge retninger", "regle_horaire": "Ikke timesregel", "regle_horaire_min": null}}, {"type": "Feature", "geometry": {"type": "Point", "coordinates": [5.28468, 59.40026]}, "properties": {"id": "no-peage-1027022756", "country": "no", "name": "Fv4852 Salhusvegen", "type": "peage", "source": "NVDB", "updated": "2026-09-10", "route": "F4852", "kommune": 1106, "categorie_station": "AutoPASS bomstasjon", "exploitant": "Bypakke Haugesund og fastlands-Karmøy", "lien": null, "tarif_petit_vehicule": 15.0, "tarif_gros_vehicule": 31.0, "tarif_pointe_petit": null, "pointe_matin": null, "pointe_soir": null, "sens": "Begge retninger", "regle_horaire": "Første passering gjelder", "regle_horaire_min": null}}, {"type": "Feature", "geometry": {"type": "Point", "coordinates": [5.3372, 59.38591]}, "properties": {"id": "no-peage-1027022757", "country": "no", "name": "Fv554 T-forbindelsen", "type": "peage", "source": "NVDB", "updated": "2026-09-10", "route": "F554", "kommune": 1149, "categorie_station": "AutoPASS bomstasjon", "exploitant": "Bypakke Haugesund og fastlands-Karmøy", "lien": null, "tarif_petit_vehicule": 15.0, "tarif_gros_vehicule": 31.0, "tarif_pointe_petit": null, "pointe_matin": null, "pointe_soir": null, "sens": "Begge retninger", "regle_horaire": "Første passering gjelder", "regle_horaire_min": null}}, {"type": "Feature", "geometry": {"type": "Point", "coordinates": [5.30336, 59.37704]}, "properties": {"id": "no-peage-1027022758", "country": "no", "name": "E134 Karmsundgata/Norheim", "type": "peage", "source": "NVDB", "updated": "2026-09-10", "route": "E134", "kommune": 1149, "categorie_station": "AutoPASS bomstasjon", "exploitant": "Bypakke Haugesund og fastlands-Karmøy", "lien": null, "tarif_petit_vehicule": 15.0, "tarif_gros_vehicule": 31.0, "tarif_pointe_petit": null, "pointe_matin": null, "pointe_soir": null, "sens": "Begge retninger", "regle_horaire": "Første passering gjelder", "regle_horaire_min": null}}, {"type": "Feature", "geometry": {"type": "Point", "coordinates": [5.29403, 59.3987]}, "properties": {"id": "no-peage-1027022759", "country": "no", "name": "Fv47 Karmsundgata", "type": "peage", "source": "NVDB", "updated": "2026-09-10", "route": "F47", "kommune": 1106, "categorie_station": "AutoPASS bomstasjon", "exploitant": "Bypakke Haugesund og fastlands-Karmøy", "lien": null, "tarif_petit_vehicule": 15.0, "tarif_gros_vehicule": 31.0, "tarif_pointe_petit": null, "pointe_matin": null, "pointe_soir": null, "sens": "Begge retninger", "regle_horaire": "Første passering gjelder", "regle_horaire_min": null}}, {"type": "Feature", "geometry": {"type": "Point", "coordinates": [5.3068, 59.41507]}, "properties": {"id": "no-peage-1027022760", "country": "no", "name": "Fv4856 Skjoldavegen", "type": "peage", "source": "NVDB", "updated": "2026-09-10", "route": "F4856", "kommune": 1106, "categorie_station": "AutoPASS bomstasjon", "exploitant": "Bypakke Haugesund og fastlands-Karmøy", "lien": null, "tarif_petit_vehicule": 15.0, "tarif_gros_vehicule": 31.0, "tarif_pointe_petit": null, "pointe_matin": null, "pointe_soir": null, "sens": "Begge retninger", "regle_horaire": "Første passering gjelder", "regle_horaire_min": null}}, {"type": "Feature", "geometry": {"type": "Point", "coordinates": [5.27161, 59.42866]}, "properties": {"id": "no-peage-1027022761", "country": "no", "name": "Fv4862 Skeisvollvegen", "type": "peage", "source": "NVDB", "updated": "2026-09-10", "route": "F4862", "kommune": 1106, "categorie_station": "AutoPASS bomstasjon", "exploitant": "Bypakke Haugesund og fastlands-Karmøy", "lien": null, "tarif_petit_vehicule": 15.0, "tarif_gros_vehicule": 31.0, "tarif_pointe_petit": null, "pointe_matin": null, "pointe_soir": null, "sens": "Begge retninger", "regle_horaire": "Første passering gjelder", "regle_horaire_min": null}}, {"type": "Feature", "geometry": {"type": "Point", "coordinates": [5.33922, 59.3816]}, "properties": {"id": "no-peage-1027022762", "country": "no", "name": "Fv4802 Spannavegen/Spannakalven", "type": "peage", "source": "NVDB", "updated": "2026-09-10", "route": "F4802", "kommune": 1149, "categorie_station": "AutoPASS bomstasjon", "exploitant": "Bypakke Haugesund og fastlands-Karmøy", "lien": null, "tarif_petit_vehicule": 15.0, "tarif_gros_vehicule": 31.0, "tarif_pointe_petit": null, "pointe_matin": null, "pointe_soir": null, "sens": "Begge retninger", "regle_horaire": "Første passering gjelder", "regle_horaire_min": null}}, {"type": "Feature", "geometry": {"type": "Point", "coordinates": [5.33363, 59.39902]}, "properties": {"id": "no-peage-1027022763", "country": "no", "name": "E134 Raglamyr/Biltema", "type": "peage", "source": "NVDB", "updated": "2026-09-10", "route": "E134", "kommune": 1106, "categorie_station": "AutoPASS bomstasjon", "exploitant": "Bypakke Haugesund og fastlands-Karmøy", "lien": null, "tarif_petit_vehicule": 15.0, "tarif_gros_vehicule": 31.0, "tarif_pointe_petit": null, "pointe_matin": null, "pointe_soir": null, "sens": "Begge retninger", "regle_horaire": "Første passering gjelder", "regle_horaire_min": null}}, {"type": "Feature", "geometry": {"type": "Point", "coordinates": [5.3057, 59.36506]}, "properties": {"id": "no-peage-1027022764", "country": "no", "name": "Fv4848 Vormedalsvegen", "type": "peage", "source": "NVDB", "updated": "2026-09-10", "route": "F4848", "kommune": 1149, "categorie_station": "AutoPASS bomstasjon", "exploitant": "Bypakke Haugesund og fastlands-Karmøy", "lien": null, "tarif_petit_vehicule": 15.0, "tarif_gros_vehicule": 31.0, "tarif_pointe_petit": null, "pointe_matin": null, "pointe_soir": null, "sens": "Begge retninger", "regle_horaire": "Første passering gjelder", "regle_horaire_min": null}}, {"type": "Feature", "geometry": {"type": "Point", "coordinates": [5.29873, 59.4013]}, "properties": {"id": "no-peage-1027022765", "country": "no", "name": "Fv4802 Spannavegen/Hemningstad", "type": "peage", "source": "NVDB", "updated": "2026-09-10", "route": "F4802", "kommune": 1106, "categorie_station": "AutoPASS bomstasjon", "exploitant": "Bypakke Haugesund og fastlands-Karmøy", "lien": null, "tarif_petit_vehicule": 15.0, "tarif_gros_vehicule": 31.0, "tarif_pointe_petit": null, "pointe_matin": null, "pointe_soir": null, "sens": "Begge retninger", "regle_horaire": "Første passering gjelder", "regle_horaire_min": null}}, {"type": "Feature", "geometry": {"type": "Point", "coordinates": [5.26442, 59.42748]}, "properties": {"id": "no-peage-1027022766", "country": "no", "name": "Fv47 Tittelsnesvegen", "type": "peage", "source": "NVDB", "updated": "2026-09-10", "route": "F47", "kommune": 1106, "categorie_station": "AutoPASS bomstasjon", "exploitant": "Bypakke Haugesund og fastlands-Karmøy", "lien": null, "tarif_petit_vehicule": 15.0, "tarif_gros_vehicule": 31.0, "tarif_pointe_petit": null, "pointe_matin": null, "pointe_soir": null, "sens": "Begge retninger", "regle_horaire": "Første passering gjelder", "regle_horaire_min": null}}, {"type": "Feature", "geometry": {"type": "Point", "coordinates": [10.88347, 63.49619]}, "properties": {"id": "no-peage-1027066991", "country": "no", "name": "sans nom", "type": "peage", "source": "NVDB", "updated": "2026-09-10", "route": "E6", "kommune": 5035, "categorie_station": "AutoPASS bomstasjon", "exploitant": null, "lien": null, "tarif_petit_vehicule": null, "tarif_gros_vehicule": null, "tarif_pointe_petit": null, "pointe_matin": null, "pointe_soir": null, "sens": "Begge retninger", "regle_horaire": null, "regle_horaire_min": null}}, {"type": "Feature", "geometry": {"type": "Point", "coordinates": [11.04972, 63.60036]}, "properties": {"id": "no-peage-1027073034", "country": "no", "name": "sans nom", "type": "peage", "source": "NVDB", "updated": "2026-09-10", "route": "E6", "kommune": 5037, "categorie_station": "AutoPASS bomstasjon", "exploitant": null, "lien": null, "tarif_petit_vehicule": null, "tarif_gros_vehicule": null, "tarif_pointe_petit": null, "pointe_matin": null, "pointe_soir": null, "sens": "Begge retninger", "regle_horaire": null, "regle_horaire_min": null}}, {"type": "Feature", "geometry": {"type": "Point", "coordinates": [7.75325, 63.1143]}, "properties": {"id": "no-peage-1027227270", "country": "no", "name": "Rv.70 Nordsundbrua", "type": "peage", "source": "NVDB", "updated": "2026-09-10", "route": "R70", "kommune": 1505, "categorie_station": "AutoPASS bomstasjon", "exploitant": "Bypakke Kristiansund", "lien": "https://www.vegamot.no/takster-bomstasjoner/bypakke-kristiansund/#bomstasjoner", "tarif_petit_vehicule": 34.0, "tarif_gros_vehicule": 68.0, "tarif_pointe_petit": null, "pointe_matin": null, "pointe_soir": null, "sens": "Begge retninger", "regle_horaire": "Første passering gjelder", "regle_horaire_min": 60}}, {"type": "Feature", "geometry": {"type": "Point", "coordinates": [7.82149, 63.10428]}, "properties": {"id": "no-peage-1027227271", "country": "no", "name": "Rv.70 Omsundbrua", "type": "peage", "source": "NVDB", "updated": "2026-09-10", "route": "R70", "kommune": 1505, "categorie_station": "AutoPASS bomstasjon", "exploitant": "Bypakke Kristiansund", "lien": "https://www.vegamot.no/takster-bomstasjoner/bypakke-kristiansund/#bomstasjoner", "tarif_petit_vehicule": 34.0, "tarif_gros_vehicule": 68.0, "tarif_pointe_petit": null, "pointe_matin": null, "pointe_soir": null, "sens": "Begge retninger", "regle_horaire": "Første passering gjelder", "regle_horaire_min": 60}}, {"type": "Feature", "geometry": {"type": "Point", "coordinates": [10.37598, 59.28203]}, "properties": {"id": "no-peage-1027269770", "country": "no", "name": "Fv. 300 Auli", "type": "peage", "source": "NVDB", "updated": "2026-09-10", "route": "F300", "kommune": 3905, "categorie_station": "AutoPASS bomstasjon", "exploitant": "Vegfinans Bypakke Tønsberg-regionen", "lien": "www.vegfinans.no", "tarif_petit_vehicule": 21.0, "tarif_gros_vehicule": 42.0, "tarif_pointe_petit": null, "pointe_matin": null, "pointe_soir": null, "sens": "Begge retninger", "regle_horaire": "Første passering gjelder", "regle_horaire_min": 60}}, {"type": "Feature", "geometry": {"type": "Point", "coordinates": [10.41615, 59.26144]}, "properties": {"id": "no-peage-1027270139", "country": "no", "name": "Fv. 308 Kanalbrua", "type": "peage", "source": "NVDB", "updated": "2026-09-10", "route": "F308", "kommune": 3905, "categorie_station": "AutoPASS bomstasjon", "exploitant": "Vegfinans Bypakke Tønsberg-regionen", "lien": "www.vegfinans.no", "tarif_petit_vehicule": 21.0, "tarif_gros_vehicule": 42.0, "tarif_pointe_petit": null, "pointe_matin": null, "pointe_soir": null, "sens": "Begge retninger", "regle_horaire": "Første passering gjelder", "regle_horaire_min": 60}}, {"type": "Feature", "geometry": {"type": "Point", "coordinates": [10.44126, 59.27291]}, "properties": {"id": "no-peage-1027270180", "country": "no", "name": "Fv. 311 Presterødbakken", "type": "peage", "source": "NVDB", "updated": "2026-09-10", "route": "F311", "kommune": 3905, "categorie_station": "AutoPASS bomstasjon", "exploitant": "Vegfinans Bypakke Tønsberg-regionen", "lien": "www.vegfinans.no", "tarif_petit_vehicule": 21.0, "tarif_gros_vehicule": 42.0, "tarif_pointe_petit": null, "pointe_matin": null, "pointe_soir": null, "sens": "Mot metrering", "regle_horaire": "Første passering gjelder", "regle_horaire_min": 60}}, {"type": "Feature", "geometry": {"type": "Point", "coordinates": [10.43309, 59.28188]}, "properties": {"id": "no-peage-1027270271", "country": "no", "name": "Fv. 3160 Velleveien", "type": "peage", "source": "NVDB", "updated": "2026-09-10", "route": "F3106", "kommune": 3905, "categorie_station": "AutoPASS bomstasjon", "exploitant": "Vegfinans Bypakke Tønsberg-regionen", "lien": "www.vegfinans.no", "tarif_petit_vehicule": 21.0, "tarif_gros_vehicule": 42.0, "tarif_pointe_petit": null, "pointe_matin": null, "pointe_soir": null, "sens": "Begge retninger", "regle_horaire": "Første passering gjelder", "regle_horaire_min": 60}}, {"type": "Feature", "geometry": {"type": "Point", "coordinates": [10.43671, 59.2732]}, "properties": {"id": "no-peage-1027270317", "country": "no", "name": "Fv. 311 Presterødbakken", "type": "peage", "source": "NVDB", "updated": "2026-09-10", "route": "F311", "kommune": 3905, "categorie_station": "AutoPASS bomstasjon", "exploitant": "Vegfinans Bypakke Tønsberg-regionen", "lien": "www.vegfinans.no", "tarif_petit_vehicule": 21.0, "tarif_gros_vehicule": 42.0, "tarif_pointe_petit": null, "pointe_matin": null, "pointe_soir": null, "sens": "Med metrering", "regle_horaire": "Første passering gjelder", "regle_horaire_min": 60}}, {"type": "Feature", "geometry": {"type": "Point", "coordinates": [10.41478, 59.28297]}, "properties": {"id": "no-peage-1027270331", "country": "no", "name": "Fv. 325 Gressbanen", "type": "peage", "source": "NVDB", "updated": "2026-09-10", "route": "F325", "kommune": 3905, "categorie_station": "AutoPASS bomstasjon", "exploitant": "Vegfinans Bypakke Tønsberg-regionen", "lien": "www.vegfinans.no", "tarif_petit_vehicule": 21.0, "tarif_gros_vehicule": 42.0, "tarif_pointe_petit": null, "pointe_matin": null, "pointe_soir": null, "sens": "Begge retninger", "regle_horaire": "Første passering gjelder", "regle_horaire_min": 60}}, {"type": "Feature", "geometry": {"type": "Point", "coordinates": [10.39576, 59.2853]}, "properties": {"id": "no-peage-1027270342", "country": "no", "name": "Fv. 308 Jarlsberglinna", "type": "peage", "source": "NVDB", "updated": "2026-09-10", "route": "F308", "kommune": 3905, "categorie_station": "AutoPASS bomstasjon", "exploitant": "Vegfinans Bypakke Tønsberg-regionen", "lien": "www.vegfinans.no", "tarif_petit_vehicule": 21.0, "tarif_gros_vehicule": 42.0, "tarif_pointe_petit": null, "pointe_matin": null, "pointe_soir": null, "sens": "Begge retninger", "regle_horaire": "Første passering gjelder", "regle_horaire_min": 60}}, {"type": "Feature", "geometry": {"type": "Point", "coordinates": [5.72487, 58.87521]}, "properties": {"id": "no-peage-1027455303", "country": "no", "name": "Fv. 44 Forussletta, mot Nord - Forus", "type": "peage", "source": "NVDB", "updated": "2026-09-10", "route": "F44", "kommune": 1108, "categorie_station": "AutoPASS bomstasjon", "exploitant": "Ferde AS - Bymiljøpakken Nord Jæren", "lien": "https://ferde.no", "tarif_petit_vehicule": 30.0, "tarif_gros_vehicule": 76.0, "tarif_pointe_petit": null, "pointe_matin": null, "pointe_soir": null, "sens": "Med metrering", "regle_horaire": "Første passering gjelder", "regle_horaire_min": 60}}, {"type": "Feature", "geometry": {"type": "Point", "coordinates": [10.33364, 59.97271]}, "properties": {"id": "no-peage-1027538119", "country": "no", "name": "sans nom", "type": "peage", "source": "NVDB", "updated": "2026-09-10", "route": "E16", "kommune": 3310, "categorie_station": "AutoPASS bomstasjon", "exploitant": null, "lien": null, "tarif_petit_vehicule": null, "tarif_gros_vehicule": null, "tarif_pointe_petit": null, "pointe_matin": null, "pointe_soir": null, "sens": "Med metrering", "regle_horaire": null, "regle_horaire_min": null}}, {"type": "Feature", "geometry": {"type": "Point", "coordinates": [10.37635, 59.95319]}, "properties": {"id": "no-peage-1027538120", "country": "no", "name": "sans nom", "type": "peage", "source": "NVDB", "updated": "2026-09-10", "route": "E16", "kommune": 3201, "categorie_station": "AutoPASS bomstasjon", "exploitant": null, "lien": null, "tarif_petit_vehicule": null, "tarif_gros_vehicule": null, "tarif_pointe_petit": null, "pointe_matin": null, "pointe_soir": null, "sens": "Med metrering", "regle_horaire": null, "regle_horaire_min": null}}, {"type": "Feature", "geometry": {"type": "Point", "coordinates": [10.33011, 59.97525]}, "properties": {"id": "no-peage-1027538121", "country": "no", "name": "sans nom", "type": "peage", "source": "NVDB", "updated": "2026-09-10", "route": "E16", "kommune": 3310, "categorie_station": "AutoPASS bomstasjon", "exploitant": null, "lien": null, "tarif_petit_vehicule": null, "tarif_gros_vehicule": null, "tarif_pointe_petit": null, "pointe_matin": null, "pointe_soir": null, "sens": "Med metrering", "regle_horaire": null, "regle_horaire_min": null}}, {"type": "Feature", "geometry": {"type": "Point", "coordinates": [10.37456, 59.95201]}, "properties": {"id": "no-peage-1027538122", "country": "no", "name": "sans nom", "type": "peage", "source": "NVDB", "updated": "2026-09-10", "route": "E16", "kommune": 3201, "categorie_station": "AutoPASS bomstasjon", "exploitant": null, "lien": null, "tarif_petit_vehicule": null, "tarif_gros_vehicule": null, "tarif_pointe_petit": null, "pointe_matin": null, "pointe_soir": null, "sens": "Med metrering", "regle_horaire": null, "regle_horaire_min": null}}]}