{"type": "FeatureCollection", "features": [{"type": "Feature", "geometry": {"type": "LineString", "coordinates": [[16.40221, 63.4164], [16.40222, 63.41637], [16.40227, 63.41629], [16.40232, 63.41626]]}, "properties": {"id": "trv-10043:358812-3:731602-0.1963_0.2114", "country": "se", "source": "TRV", "updated": "2026-09-12", "name": "poids max 4.0", "type": "poids_limite", "valeur": 4.0, "franchissable": true, "aussi_ensembles": "ja"}}, {"type": "Feature", "geometry": {"type": "LineString", "coordinates": [[15.66711, 58.85749], [15.66718, 58.85748], [15.66728, 58.85747]]}, "properties": {"id": "trv-10085:181506-3:480019-0.3149_0.3190", "country": "se", "source": "TRV", "updated": "2026-09-12", "name": "poids max 2.0", "type": "poids_limite", "valeur": 2.0, "franchissable": false, "aussi_ensembles": "ja"}}, {"type": "Feature", "geometry": {"type": "LineString", "coordinates": [[14.31998, 61.08304], [14.32015, 61.083], [14.32036, 61.08299], [14.32055, 61.08302], [14.32257, 61.08385], [14.32314, 61.08408], [14.32323, 61.0841]]}, "properties": {"id": "trv-10086:169706-3:565414-0.0000_1.0000", "country": "se", "source": "TRV", "updated": "2026-09-12", "name": "poids max 3.5", "type": "poids_limite", "valeur": 3.5, "franchissable": true, "aussi_ensembles": "ja"}}, {"type": "Feature", "geometry": {"type": "LineString", "coordinates": [[12.94484, 57.11899], [12.94475, 57.11852]]}, "properties": {"id": "trv-10083:279671-3:248545-0.2965_0.4433", "country": "se", "source": "TRV", "updated": "2026-09-12", "name": "poids max 6.0", "type": "poids_limite", "valeur": 6.0, "franchissable": true, "aussi_ensembles": "ja"}}, {"type": "Feature", "geometry": {"type": "LineString", "coordinates": [[14.83684, 56.25795], [14.83685, 56.25815], [14.8368, 56.2584], [14.83675, 56.25851], [14.83674, 56.25854], [14.83665, 56.25864], [14.83649, 56.25874], [14.83635, 56.25882]]}, "properties": {"id": "trv-10083:279667-3:343454-0.0000_1.0000", "country": "se", "source": "TRV", "updated": "2026-09-12", "occurrences": 14, "name": "poids max 3.5", "type": "poids_limite", "valeur": 3.5, "franchissable": true, "aussi_ensembles": "ja"}}, {"type": "Feature", "geometry": {"type": "LineString", "coordinates": [[14.83728, 56.25615], [14.83717, 56.25632], [14.83714, 56.25635], [14.83701, 56.25661], [14.83694, 56.25691], [14.8369, 56.25727], [14.83688, 56.2575], [14.83684, 56.25795]]}, "properties": {"id": "trv-10083:279667-3:343723-0.0000_1.0000", "country": "se", "source": "TRV", "updated": "2026-09-12", "occurrences": 14, "name": "poids max 3.5", "type": "poids_limite", "valeur": 3.5, "franchissable": true, "aussi_ensembles": "ja"}}, {"type": "Feature", "geometry": {"type": "LineString", "coordinates": [[17.03548, 60.90159], [17.03555, 60.90189], [17.03559, 60.90208], [17.03558, 60.90218], [17.03552, 60.90228], [17.03516, 60.90261], [17.0346, 60.90302], [17.03437, 60.90322], [17.03399, 60.90368], [17.03364, 60.90405], [17.03305, 60.90472], [17.03282, 60.90498], [17.0325, 60.9054]]}, "properties": {"id": "trv-16502:422235-3:1171002-0.0000_1.0000", "country": "se", "source": "TRV", "updated": "2026-09-12", "name": "poids max 4.0", "type": "poids_limite", "valeur": 4.0, "franchissable": true, "aussi_ensembles": "ja"}}, {"type": "Feature", "geometry": {"type": "LineString", "coordinates": [[17.15424, 62.471], [17.15417, 62.47093], [17.15413, 62.47089], [17.15411, 62.47086], [17.15409, 62.47083], [17.15406, 62.47079], [17.15405, 62.47075], [17.15401, 62.47066], [17.15396, 62.47056], [17.15394, 62.47049], [17.1539, 62.47039]]}, "properties": {"id": "trv-16495:41038-3:772680-0.0000_1.0000", "country": "se", "source": "TRV", "updated": "2026-09-12", "occurrences": 5, "name": "poids max 3.5", "type": "poids_limite", "valeur": 3.5, "franchissable": true, "aussi_ensembles": "ja"}}, {"type": "Feature", "geometry": {"type": "LineString", "coordinates": [[17.1539, 62.47039], [17.15387, 62.47032], [17.15385, 62.47023], [17.15382, 62.47014], [17.15381, 62.47004], [17.15379, 62.46992], [17.15381, 62.46984], [17.15383, 62.46966], [17.15386, 62.46954], [17.15388, 62.46951], [17.15391, 62.46947], [17.15393, 62.46944], [17.15395, 62.46941], [17.154, 62.46937], [17.15404, 62.46934], [17.15411, 62.4693], [17.1542, 62.46923], [17.15434, 62.46914], [17.15447, 62.46906], [17.15459, 62.46899], [17.15475, 62.46889], [17.15485, 62.46883], [17.15493, 62.46877], [17.15505, 62.46869], [17.15513, 62.46862], [17.15516, 62.46859], [17.15526, 62.46848], [17.15533, 62.46839], [17.15536, 62.46833], [17.15539, 62.46828], [17.15542, 62.46823], [17.15544, 62.46818], [17.15548, 62.46814]]}, "properties": {"id": "trv-16495:41038-3:772840-0.0000_0.9271", "country": "se", "source": "TRV", "updated": "2026-09-12", "occurrences": 5, "name": "poids max 3.5", "type": "poids_limite", "valeur": 3.5, "franchissable": true, "aussi_ensembles": "ja"}}, {"type": "Feature", "geometry": {"type": "LineString", "coordinates": [[11.28093, 58.60076], [11.28096, 58.60086], [11.28101, 58.60101], [11.28109, 58.60118], [11.28118, 58.60139], [11.28126, 58.60155], [11.28131, 58.60162], [11.28136, 58.60168], [11.28142, 58.60173], [11.28151, 58.60181], [11.28165, 58.60186], [11.28179, 58.6019], [11.28194, 58.60193], [11.28209, 58.60198], [11.28217, 58.60204], [11.28227, 58.60213], [11.28231, 58.60221], [11.28228, 58.60236], [11.28223, 58.60249], [11.28216, 58.6026], [11.2821, 58.60275], [11.28202, 58.6029]]}, "properties": {"id": "trv-11091:37120-3:1225461-0.0000_1.0000", "country": "se", "source": "TRV", "updated": "2026-09-12", "name": "poids max 3.5", "type": "poids_limite", "valeur": 3.5, "franchissable": true, "aussi_ensembles": "ja"}}, {"type": "Feature", "geometry": {"type": "LineString", "coordinates": [[16.53722, 56.68065], [16.53708, 56.68077], [16.53689, 56.68093], [16.53652, 56.68122]]}, "properties": {"id": "trv-11163:74481-3:846862-0.0000_1.0000", "country": "se", "source": "TRV", "updated": "2026-09-12", "occurrences": 5, "name": "poids max 3.5", "type": "poids_limite", "valeur": 3.5, "franchissable": true, "aussi_ensembles": "nej"}}, {"type": "Feature", "geometry": {"type": "LineString", "coordinates": [[16.03723, 62.03709], [16.03723, 62.03708], [16.03724, 62.03707], [16.03727, 62.03703]]}, "properties": {"id": "trv-10130:268523-3:1125895-0.8621_0.8657", "country": "se", "source": "TRV", "updated": "2026-09-12", "name": "poids max 4.0", "type": "poids_limite", "valeur": 4.0, "franchissable": true, "aussi_ensembles": "ja"}}, {"type": "Feature", "geometry": {"type": "LineString", "coordinates": [[14.83993, 56.25469], [14.83972, 56.25487], [14.83936, 56.25506], [14.83883, 56.25528], [14.83782, 56.25572], [14.83745, 56.25597], [14.83732, 56.2561], [14.83728, 56.25615]]}, "properties": {"id": "trv-10083:279667-3:343900-0.0000_1.0000", "country": "se", "source": "TRV", "updated": "2026-09-12", "occurrences": 14, "name": "poids max 3.5", "type": "poids_limite", "valeur": 3.5, "franchissable": true, "aussi_ensembles": "ja"}}, {"type": "Feature", "geometry": {"type": "LineString", "coordinates": [[14.84049, 56.25131], [14.84068, 56.25153], [14.84084, 56.25174], [14.84099, 56.25207], [14.84102, 56.25237], [14.84094, 56.25276], [14.84074, 56.25319], [14.84037, 56.25387], [14.84013, 56.25436], [14.83993, 56.25469]]}, "properties": {"id": "trv-10083:279667-3:344319-0.0000_1.0000", "country": "se", "source": "TRV", "updated": "2026-09-12", "occurrences": 14, "name": "poids max 3.5", "type": "poids_limite", "valeur": 3.5, "franchissable": true, "aussi_ensembles": "ja"}}, {"type": "Feature", "geometry": {"type": "LineString", "coordinates": [[14.83868, 56.24938], [14.8391, 56.24985], [14.83954, 56.25034], [14.84049, 56.25131]]}, "properties": {"id": "trv-10083:279667-3:344553-0.0000_1.0000", "country": "se", "source": "TRV", "updated": "2026-09-12", "occurrences": 14, "name": "poids max 3.5", "type": "poids_limite", "valeur": 3.5, "franchissable": true, "aussi_ensembles": "ja"}}, {"type": "Feature", "geometry": {"type": "LineString", "coordinates": [[14.83741, 56.24779], [14.8376, 56.24815], [14.83781, 56.24847], [14.83803, 56.24871], [14.83834, 56.24905], [14.83868, 56.24938]]}, "properties": {"id": "trv-10083:279667-3:344753-0.0000_1.0000", "country": "se", "source": "TRV", "updated": "2026-09-12", "occurrences": 14, "name": "poids max 3.5", "type": "poids_limite", "valeur": 3.5, "franchissable": true, "aussi_ensembles": "ja"}}, {"type": "Feature", "geometry": {"type": "LineString", "coordinates": [[14.83667, 56.246], [14.83697, 56.24674], [14.8371, 56.24705], [14.83741, 56.24779]]}, "properties": {"id": "trv-10083:279667-3:344954-0.0000_1.0000", "country": "se", "source": "TRV", "updated": "2026-09-12", "occurrences": 14, "name": "poids max 3.5", "type": "poids_limite", "valeur": 3.5, "franchissable": true, "aussi_ensembles": "ja"}}, {"type": "Feature", "geometry": {"type": "LineString", "coordinates": [[14.83562, 56.24354], [14.83573, 56.2438], [14.83595, 56.2443], [14.83625, 56.24503], [14.83647, 56.24552], [14.83667, 56.246]]}, "properties": {"id": "trv-10083:279667-3:345247-0.0000_1.0000", "country": "se", "source": "TRV", "updated": "2026-09-12", "occurrences": 14, "name": "poids max 3.5", "type": "poids_limite", "valeur": 3.5, "franchissable": true, "aussi_ensembles": "ja"}}, {"type": "Feature", "geometry": {"type": "LineString", "coordinates": [[14.83562, 56.24354], [14.83535, 56.24287], [14.83508, 56.24226]]}, "properties": {"id": "trv-10083:279667-3:345404-0.0000_1.0000", "country": "se", "source": "TRV", "updated": "2026-09-12", "occurrences": 14, "name": "poids max 3.5", "type": "poids_limite", "valeur": 3.5, "franchissable": true, "aussi_ensembles": "ja"}}, {"type": "Feature", "geometry": {"type": "LineString", "coordinates": [[14.83508, 56.24226], [14.83477, 56.24153]]}, "properties": {"id": "trv-10083:279667-3:345489-0.0000_1.0000", "country": "se", "source": "TRV", "updated": "2026-09-12", "occurrences": 14, "name": "poids max 3.5", "type": "poids_limite", "valeur": 3.5, "franchissable": true, "aussi_ensembles": "ja"}}, {"type": "Feature", "geometry": {"type": "LineString", "coordinates": [[14.83477, 56.24153], [14.83459, 56.2411]]}, "properties": {"id": "trv-10083:279667-3:345546-0.0000_1.0000", "country": "se", "source": "TRV", "updated": "2026-09-12", "occurrences": 14, "name": "poids max 3.5", "type": "poids_limite", "valeur": 3.5, "franchissable": true, "aussi_ensembles": "ja"}}, {"type": "Feature", "geometry": {"type": "LineString", "coordinates": [[14.83459, 56.2411], [14.8343, 56.24041]]}, "properties": {"id": "trv-10083:279667-3:345638-0.0000_1.0000", "country": "se", "source": "TRV", "updated": "2026-09-12", "occurrences": 14, "name": "poids max 3.5", "type": "poids_limite", "valeur": 3.5, "franchissable": true, "aussi_ensembles": "ja"}}, {"type": "Feature", "geometry": {"type": "LineString", "coordinates": [[14.8343, 56.24041], [14.83392, 56.23951], [14.83383, 56.2393], [14.83367, 56.23893], [14.83337, 56.23824], [14.83309, 56.23757], [14.83282, 56.23698], [14.83264, 56.23659], [14.83244, 56.23625]]}, "properties": {"id": "trv-10083:279667-3:346077-0.0000_1.0000", "country": "se", "source": "TRV", "updated": "2026-09-12", "occurrences": 14, "name": "poids max 3.5", "type": "poids_limite", "valeur": 3.5, "franchissable": true, "aussi_ensembles": "ja"}}, {"type": "Feature", "geometry": {"type": "LineString", "coordinates": [[14.83244, 56.23625], [14.83217, 56.23589], [14.83191, 56.23558], [14.83169, 56.23535]]}, "properties": {"id": "trv-10083:279667-3:346174-0.0000_1.0000", "country": "se", "source": "TRV", "updated": "2026-09-12", "occurrences": 14, "name": "poids max 3.5", "type": "poids_limite", "valeur": 3.5, "franchissable": true, "aussi_ensembles": "ja"}}, {"type": "Feature", "geometry": {"type": "LineString", "coordinates": [[14.51285, 56.17309], [14.51263, 56.17308], [14.51253, 56.17308], [14.5124, 56.17307]]}, "properties": {"id": "trv-10083:279663-3:1511055-0.0000_1.0000", "country": "se", "source": "TRV", "updated": "2026-09-12", "occurrences": 3, "name": "poids max 3.5", "type": "poids_limite", "valeur": 3.5, "franchissable": true, "aussi_ensembles": "ja"}}, {"type": "Feature", "geometry": {"type": "LineString", "coordinates": [[14.51045, 56.17301], [14.51077, 56.17303], [14.51155, 56.17304], [14.51164, 56.17304], [14.51188, 56.17304], [14.51214, 56.17305], [14.51227, 56.17305], [14.5124, 56.17307]]}, "properties": {"id": "trv-10083:279663-3:1511067-0.0000_1.0000", "country": "se", "source": "TRV", "updated": "2026-09-12", "occurrences": 3, "name": "poids max 3.5", "type": "poids_limite", "valeur": 3.5, "franchissable": true, "aussi_ensembles": "ja"}}, {"type": "Feature", "geometry": {"type": "LineString", "coordinates": [[16.49414, 56.67775], [16.49432, 56.67773], [16.49448, 56.67771], [16.49458, 56.67768], [16.4947, 56.67754], [16.49502, 56.67716], [16.49525, 56.67689]]}, "properties": {"id": "trv-10083:279647-3:847182-0.0000_1.0000", "country": "se", "source": "TRV", "updated": "2026-09-12", "occurrences": 5, "name": "poids max 3.5", "type": "poids_limite", "valeur": 3.5, "franchissable": true, "aussi_ensembles": "ja"}}, {"type": "Feature", "geometry": {"type": "LineString", "coordinates": [[16.49525, 56.67689], [16.4955, 56.67657], [16.49562, 56.67644], [16.49574, 56.67634], [16.49605, 56.67616], [16.49637, 56.67598], [16.4967, 56.67578], [16.49706, 56.6756], [16.49735, 56.67544], [16.49763, 56.67529], [16.49787, 56.67515], [16.49803, 56.67503], [16.49812, 56.67491], [16.4982, 56.67473], [16.49823, 56.67448], [16.49824, 56.67418], [16.49826, 56.67387], [16.49827, 56.67352], [16.49828, 56.67337], [16.49828, 56.67301], [16.49832, 56.67267], [16.49833, 56.67227], [16.49834, 56.67203], [16.49838, 56.67141], [16.49842, 56.6708], [16.49843, 56.6702], [16.49845, 56.6699], [16.49846, 56.66966], [16.49849, 56.6689]]}, "properties": {"id": "trv-10083:279647-3:847841-0.0000_1.0000", "country": "se", "source": "TRV", "updated": "2026-09-12", "occurrences": 5, "name": "poids max 3.5", "type": "poids_limite", "valeur": 3.5, "franchissable": true, "aussi_ensembles": "ja"}}, {"type": "Feature", "geometry": {"type": "LineString", "coordinates": [[16.49849, 56.6689], [16.4985, 56.66864], [16.49851, 56.6683], [16.49854, 56.66788]]}, "properties": {"id": "trv-10083:279647-3:847919-0.0000_1.0000", "country": "se", "source": "TRV", "updated": "2026-09-12", "occurrences": 5, "name": "poids max 3.5", "type": "poids_limite", "valeur": 3.5, "franchissable": true, "aussi_ensembles": "ja"}}, {"type": "Feature", "geometry": {"type": "LineString", "coordinates": [[16.49633, 56.66525], [16.49692, 56.66544], [16.4975, 56.66566], [16.49784, 56.66581], [16.49802, 56.66591], [16.49823, 56.66603], [16.49838, 56.66612], [16.49856, 56.66626]]}, "properties": {"id": "trv-10083:279647-3:848133-0.0437_1.0000", "country": "se", "source": "TRV", "updated": "2026-09-12", "occurrences": 5, "name": "poids max 3.5", "type": "poids_limite", "valeur": 3.5, "franchissable": true, "aussi_ensembles": "ja"}}, {"type": "Feature", "geometry": {"type": "LineString", "coordinates": [[16.49854, 56.66788], [16.49857, 56.66765], [16.49859, 56.6673], [16.49864, 56.66704], [16.49866, 56.6669], [16.49871, 56.66671], [16.49872, 56.66656], [16.49866, 56.66637], [16.49856, 56.66626]]}, "properties": {"id": "trv-10083:279647-3:861184-0.0000_1.0000", "country": "se", "source": "TRV", "updated": "2026-09-12", "occurrences": 5, "name": "poids max 3.5", "type": "poids_limite", "valeur": 3.5, "franchissable": true, "aussi_ensembles": "ja"}}, {"type": "Feature", "geometry": {"type": "LineString", "coordinates": [[21.39794, 65.36762], [21.3976, 65.36778], [21.39717, 65.36821], [21.39704, 65.36835], [21.39596, 65.36929], [21.39497, 65.37013], [21.39388, 65.37106], [21.39322, 65.37164], [21.39253, 65.3722], [21.39213, 65.37255], [21.392, 65.37267]]}, "properties": {"id": "trv-10083:279640-3:923040-0.0000_1.0000", "country": "se", "source": "TRV", "updated": "2026-09-12", "occurrences": 13, "name": "poids max 3.5", "type": "poids_limite", "valeur": 3.5, "franchissable": true, "aussi_ensembles": "nej"}}, {"type": "Feature", "geometry": {"type": "LineString", "coordinates": [[21.41451, 65.36504], [21.41431, 65.36514], [21.41378, 65.36536], [21.41322, 65.36553], [21.41264, 65.36569], [21.41179, 65.36587], [21.41103, 65.36601], [21.41047, 65.36616]]}, "properties": {"id": "trv-10083:279640-3:923105-0.0000_1.0000", "country": "se", "source": "TRV", "updated": "2026-09-12", "occurrences": 13, "name": "poids max 3.5", "type": "poids_limite", "valeur": 3.5, "franchissable": true, "aussi_ensembles": "nej"}}, {"type": "Feature", "geometry": {"type": "LineString", "coordinates": [[21.41942, 65.36363], [21.41922, 65.36364], [21.41856, 65.36365], [21.41845, 65.36365]]}, "properties": {"id": "trv-10083:279640-3:923139-0.0000_1.0000", "country": "se", "source": "TRV", "updated": "2026-09-12", "occurrences": 13, "name": "poids max 3.5", "type": "poids_limite", "valeur": 3.5, "franchissable": true, "aussi_ensembles": "nej"}}, {"type": "Feature", "geometry": {"type": "LineString", "coordinates": [[21.41845, 65.36365], [21.41831, 65.36366], [21.41813, 65.36366], [21.41743, 65.36372], [21.41731, 65.36375], [21.41697, 65.36381], [21.4166, 65.36392], [21.41646, 65.36397], [21.4161, 65.36415], [21.41604, 65.36418], [21.41573, 65.36436], [21.41489, 65.36484], [21.41451, 65.36504]]}, "properties": {"id": "trv-10083:279640-3:923141-0.0000_1.0000", "country": "se", "source": "TRV", "updated": "2026-09-12", "occurrences": 13, "name": "poids max 3.5", "type": "poids_limite", "valeur": 3.5, "franchissable": true, "aussi_ensembles": "nej"}}, {"type": "Feature", "geometry": {"type": "LineString", "coordinates": [[21.42377, 65.36286], [21.42362, 65.36289], [21.42233, 65.36313], [21.42134, 65.36332], [21.42068, 65.36345], [21.41986, 65.3636], [21.41942, 65.36363]]}, "properties": {"id": "trv-10083:279640-3:923153-0.0000_1.0000", "country": "se", "source": "TRV", "updated": "2026-09-12", "occurrences": 13, "name": "poids max 3.5", "type": "poids_limite", "valeur": 3.5, "franchissable": true, "aussi_ensembles": "nej"}}, {"type": "Feature", "geometry": {"type": "LineString", "coordinates": [[15.70817, 58.39341], [15.70778, 58.39327], [15.70739, 58.39312]]}, "properties": {"id": "trv-10082:260771-20646:2344167-0.0000_1.0000", "country": "se", "source": "TRV", "updated": "2026-09-12", "name": "poids max 3.5", "type": "poids_limite", "valeur": 3.5, "franchissable": true, "aussi_ensembles": "nej"}}, {"type": "Feature", "geometry": {"type": "LineString", "coordinates": [[17.1906, 59.92823], [17.19052, 59.92823]]}, "properties": {"id": "trv-10083:280000-3:153273-0.9955_1.0000", "country": "se", "source": "TRV", "updated": "2026-09-12", "occurrences": 2, "name": "poids max 4.0", "type": "poids_limite", "valeur": 4.0, "franchissable": true, "aussi_ensembles": "ja"}}, {"type": "Feature", "geometry": {"type": "LineString", "coordinates": [[14.13908, 59.56901], [14.13926, 59.56897], [14.13941, 59.56895], [14.13956, 59.56893], [14.13978, 59.56892], [14.14022, 59.56889], [14.14061, 59.56884], [14.14143, 59.56872], [14.1417, 59.56869], [14.14216, 59.56862], [14.1423, 59.56859], [14.14256, 59.56852], [14.14266, 59.56848], [14.14287, 59.56836], [14.14302, 59.56825], [14.14317, 59.56813], [14.14331, 59.568], [14.14364, 59.56775], [14.14381, 59.56761], [14.14418, 59.56733], [14.14433, 59.56722], [14.14458, 59.56707], [14.14491, 59.5669], [14.14534, 59.56671], [14.14557, 59.5666], [14.14615, 59.56634], [14.14636, 59.56623], [14.14658, 59.56613], [14.14699, 59.56594], [14.148, 59.56547], [14.14822, 59.56537], [14.14864, 59.56516], [14.1489, 59.56506], [14.14918, 59.56496], [14.14946, 59.56485], [14.15067, 59.56438], [14.15117, 59.56418], [14.15203, 59.56386], [14.15227, 59.56376], [14.15251, 59.56365], [14.15308, 59.56338], [14.154, 59.56292], [14.1544, 59.56271], [14.15443, 59.56269]]}, "properties": {"id": "trv-10085:181494-3:686452-0.1803_0.7205", "country": "se", "source": "TRV", "updated": "2026-09-12", "name": "poids max 4.0", "type": "poids_limite", "valeur": 4.0, "franchissable": true, "aussi_ensembles": "ja"}}, {"type": "Feature", "geometry": {"type": "LineString", "coordinates": [[20.86901, 64.49637], [20.86911, 64.49663], [20.86914, 64.49671]]}, "properties": {"id": "trv-10043:328271-3:967204-0.0560_0.4117", "country": "se", "source": "TRV", "updated": "2026-09-12", "name": "poids max 1.5", "type": "poids_limite", "valeur": 1.5, "franchissable": false, "aussi_ensembles": "ja"}}, {"type": "Feature", "geometry": {"type": "LineString", "coordinates": [[14.23642, 60.06736], [14.23643, 60.06737], [14.23654, 60.06748], [14.23656, 60.0675]]}, "properties": {"id": "trv-10042:671092-3:652377-0.2073_0.2404", "country": "se", "source": "TRV", "updated": "2026-09-12", "name": "poids max 4.0", "type": "poids_limite", "valeur": 4.0, "franchissable": true, "aussi_ensembles": "ja"}}, {"type": "Feature", "geometry": {"type": "LineString", "coordinates": [[17.95779, 59.44895], [17.95798, 59.44923], [17.95826, 59.44961], [17.95832, 59.44968], [17.95833, 59.44975], [17.95827, 59.44984], [17.9581, 59.45]]}, "properties": {"id": "trv-10041:535608-3:1039260-0.0000_1.0000", "country": "se", "source": "TRV", "updated": "2026-09-12", "name": "poids max 3.5", "type": "poids_limite", "valeur": 3.5, "franchissable": true, "aussi_ensembles": "nej"}}, {"type": "Feature", "geometry": {"type": "LineString", "coordinates": [[14.63567, 62.05427], [14.63523, 62.05402]]}, "properties": {"id": "trv-10041:372034-3:422123-0.2998_0.5772", "country": "se", "source": "TRV", "updated": "2026-09-12", "name": "poids max 2.0", "type": "poids_limite", "valeur": 2.0, "franchissable": false, "aussi_ensembles": "ja"}}, {"type": "Feature", "geometry": {"type": "LineString", "coordinates": [[16.37276, 61.47813], [16.37289, 61.47814], [16.37396, 61.4783], [16.37446, 61.47838]]}, "properties": {"id": "trv-10041:368464-3:1149785-0.0000_1.0000", "country": "se", "source": "TRV", "updated": "2026-09-12", "occurrences": 4, "name": "poids max 3.5", "type": "poids_limite", "valeur": 3.5, "franchissable": true, "aussi_ensembles": "ja"}}, {"type": "Feature", "geometry": {"type": "LineString", "coordinates": [[16.37142, 61.47814], [16.37156, 61.47814], [16.37194, 61.47813], [16.37225, 61.47813], [16.3724, 61.47813], [16.37253, 61.47812], [16.37265, 61.47812], [16.37276, 61.47813]]}, "properties": {"id": "trv-10041:368464-3:1149787-0.0000_1.0000", "country": "se", "source": "TRV", "updated": "2026-09-12", "occurrences": 4, "name": "poids max 3.5", "type": "poids_limite", "valeur": 3.5, "franchissable": true, "aussi_ensembles": "ja"}}, {"type": "Feature", "geometry": {"type": "LineString", "coordinates": [[16.37038, 61.47813], [16.37142, 61.47814]]}, "properties": {"id": "trv-10041:368464-3:1149789-0.0000_1.0000", "country": "se", "source": "TRV", "updated": "2026-09-12", "occurrences": 4, "name": "poids max 3.5", "type": "poids_limite", "valeur": 3.5, "franchissable": true, "aussi_ensembles": "ja"}}, {"type": "Feature", "geometry": {"type": "LineString", "coordinates": [[16.10101, 57.12694], [16.10097, 57.12692], [16.10094, 57.1269]]}, "properties": {"id": "trv-10085:181498-3:826382-0.5973_0.6031", "country": "se", "source": "TRV", "updated": "2026-09-12", "name": "poids max 5.0", "type": "poids_limite", "valeur": 5.0, "franchissable": true, "aussi_ensembles": "ja"}}, {"type": "Feature", "geometry": {"type": "LineString", "coordinates": [[11.47159, 58.61007], [11.47176, 58.61008], [11.47212, 58.61012], [11.47243, 58.61015], [11.4727, 58.61019], [11.47286, 58.61024]]}, "properties": {"id": "trv-10041:354886-3:1225178-0.0000_1.0000", "country": "se", "source": "TRV", "updated": "2026-09-12", "name": "poids max 3.5", "type": "poids_limite", "valeur": 3.5, "franchissable": true, "aussi_ensembles": "nej"}}, {"type": "Feature", "geometry": {"type": "LineString", "coordinates": [[16.95449, 60.43784], [16.95464, 60.43787], [16.95491, 60.43793], [16.95517, 60.43798], [16.95543, 60.43803], [16.95559, 60.43808], [16.95572, 60.43814], [16.95588, 60.43822], [16.95602, 60.43829], [16.95615, 60.43833], [16.95631, 60.43837], [16.95651, 60.43841], [16.95667, 60.43846], [16.95693, 60.43856], [16.95723, 60.43867], [16.95751, 60.43877], [16.95777, 60.43886], [16.95813, 60.439], [16.95836, 60.4391], [16.95859, 60.43917], [16.95874, 60.43921], [16.95886, 60.43924], [16.9591, 60.43927], [16.95954, 60.43931], [16.95997, 60.43935], [16.96037, 60.43938], [16.96074, 60.43942], [16.96116, 60.43946], [16.96149, 60.43949], [16.96212, 60.43955], [16.9627, 60.43961], [16.96309, 60.43964], [16.96366, 60.4397], [16.96405, 60.43974], [16.96412, 60.43975]]}, "properties": {"id": "trv-10016:384210-3:1188789-0.0000_1.0000", "country": "se", "source": "TRV", "updated": "2026-09-12", "name": "poids max 3.5", "type": "poids_limite", "valeur": 3.5, "franchissable": true, "aussi_ensembles": "ja"}}, {"type": "Feature", "geometry": {"type": "LineString", "coordinates": [[15.26538, 57.63987], [15.26537, 57.63986], [15.2651, 57.63968], [15.26495, 57.63956]]}, "properties": {"id": "trv-10086:170463-3:82267-0.5072_0.7136", "country": "se", "source": "TRV", "updated": "2026-09-12", "name": "poids max 4.0", "type": "poids_limite", "valeur": 4.0, "franchissable": true, "aussi_ensembles": "ja"}}, {"type": "Feature", "geometry": {"type": "LineString", "coordinates": [[17.04889, 60.91445], [17.04853, 60.91474], [17.04824, 60.91503], [17.04796, 60.91539], [17.04777, 60.91577], [17.04752, 60.91645], [17.04742, 60.91661]]}, "properties": {"id": "trv-10134:102306-3:1170665-0.0000_1.0000", "country": "se", "source": "TRV", "updated": "2026-09-12", "occurrences": 11, "name": "poids max 3.5", "type": "poids_limite", "valeur": 3.5, "franchissable": true, "aussi_ensembles": "ja"}}, {"type": "Feature", "geometry": {"type": "LineString", "coordinates": [[17.05013, 60.91379], [17.04967, 60.91399], [17.04924, 60.91422], [17.04889, 60.91445]]}, "properties": {"id": "trv-10134:102306-3:1170688-0.0000_1.0000", "country": "se", "source": "TRV", "updated": "2026-09-12", "occurrences": 11, "name": "poids max 3.5", "type": "poids_limite", "valeur": 3.5, "franchissable": true, "aussi_ensembles": "ja"}}, {"type": "Feature", "geometry": {"type": "LineString", "coordinates": [[17.05296, 60.91267], [17.05176, 60.91314], [17.05046, 60.91364], [17.05013, 60.91379]]}, "properties": {"id": "trv-10134:102306-3:1170728-0.0000_1.0000", "country": "se", "source": "TRV", "updated": "2026-09-12", "occurrences": 11, "name": "poids max 3.5", "type": "poids_limite", "valeur": 3.5, "franchissable": true, "aussi_ensembles": "ja"}}, {"type": "Feature", "geometry": {"type": "LineString", "coordinates": [[17.05381, 60.91233], [17.05296, 60.91267]]}, "properties": {"id": "trv-10134:102306-3:1170737-0.0000_1.0000", "country": "se", "source": "TRV", "updated": "2026-09-12", "occurrences": 11, "name": "poids max 3.5", "type": "poids_limite", "valeur": 3.5, "franchissable": true, "aussi_ensembles": "ja"}}, {"type": "Feature", "geometry": {"type": "LineString", "coordinates": [[17.05764, 60.91083], [17.05611, 60.91143], [17.05537, 60.91174], [17.05381, 60.91233]]}, "properties": {"id": "trv-10134:102306-3:1170762-0.0000_1.0000", "country": "se", "source": "TRV", "updated": "2026-09-12", "occurrences": 11, "name": "poids max 3.5", "type": "poids_limite", "valeur": 3.5, "franchissable": true, "aussi_ensembles": "ja"}}, {"type": "Feature", "geometry": {"type": "LineString", "coordinates": [[17.05821, 60.9106], [17.05764, 60.91083]]}, "properties": {"id": "trv-10134:102306-3:1170769-0.0000_1.0000", "country": "se", "source": "TRV", "updated": "2026-09-12", "occurrences": 11, "name": "poids max 3.5", "type": "poids_limite", "valeur": 3.5, "franchissable": true, "aussi_ensembles": "ja"}}, {"type": "Feature", "geometry": {"type": "LineString", "coordinates": [[17.06058, 60.90968], [17.05974, 60.91001], [17.05821, 60.9106]]}, "properties": {"id": "trv-10134:102306-3:1170795-0.0000_1.0000", "country": "se", "source": "TRV", "updated": "2026-09-12", "occurrences": 11, "name": "poids max 3.5", "type": "poids_limite", "valeur": 3.5, "franchissable": true, "aussi_ensembles": "ja"}}, {"type": "Feature", "geometry": {"type": "LineString", "coordinates": [[17.06362, 60.90848], [17.06265, 60.90886], [17.06058, 60.90968]]}, "properties": {"id": "trv-10134:102306-3:1170830-0.0000_1.0000", "country": "se", "source": "TRV", "updated": "2026-09-12", "occurrences": 11, "name": "poids max 3.5", "type": "poids_limite", "valeur": 3.5, "franchissable": true, "aussi_ensembles": "ja"}}, {"type": "Feature", "geometry": {"type": "LineString", "coordinates": [[17.06669, 60.90747], [17.06627, 60.90756], [17.06548, 60.90776], [17.06505, 60.90792], [17.06434, 60.9082], [17.06362, 60.90848]]}, "properties": {"id": "trv-10134:102306-3:1170856-0.0000_1.0000", "country": "se", "source": "TRV", "updated": "2026-09-12", "occurrences": 11, "name": "poids max 3.5", "type": "poids_limite", "valeur": 3.5, "franchissable": true, "aussi_ensembles": "ja"}}, {"type": "Feature", "geometry": {"type": "LineString", "coordinates": [[13.87969, 58.4007], [13.87953, 58.4007], [13.87931, 58.4007], [13.8788, 58.40067], [13.87849, 58.40066]]}, "properties": {"id": "trv-10715:101532-3:1262335-0.0000_1.0000", "country": "se", "source": "TRV", "updated": "2026-09-12", "occurrences": 7, "name": "poids max 3.5", "type": "poids_limite", "valeur": 3.5, "franchissable": true, "aussi_ensembles": "ja"}}, {"type": "Feature", "geometry": {"type": "LineString", "coordinates": [[13.88011, 58.40066], [13.87992, 58.40069], [13.87981, 58.4007], [13.87969, 58.4007]]}, "properties": {"id": "trv-10715:101532-3:1262347-0.0000_1.0000", "country": "se", "source": "TRV", "updated": "2026-09-12", "occurrences": 7, "name": "poids max 3.5", "type": "poids_limite", "valeur": 3.5, "franchissable": true, "aussi_ensembles": "ja"}}, {"type": "Feature", "geometry": {"type": "LineString", "coordinates": [[13.88072, 58.40046], [13.88055, 58.40053], [13.88038, 58.40059], [13.88011, 58.40066]]}, "properties": {"id": "trv-10715:101532-3:1262418-0.0000_1.0000", "country": "se", "source": "TRV", "updated": "2026-09-12", "occurrences": 7, "name": "poids max 3.5", "type": "poids_limite", "valeur": 3.5, "franchissable": true, "aussi_ensembles": "ja"}}, {"type": "Feature", "geometry": {"type": "LineString", "coordinates": [[13.88159, 58.39954], [13.88151, 58.39964], [13.88133, 58.39988], [13.88102, 58.40023], [13.88092, 58.40032], [13.88082, 58.4004], [13.88072, 58.40046]]}, "properties": {"id": "trv-10715:101532-3:1262680-0.0000_1.0000", "country": "se", "source": "TRV", "updated": "2026-09-12", "occurrences": 7, "name": "poids max 3.5", "type": "poids_limite", "valeur": 3.5, "franchissable": true, "aussi_ensembles": "ja"}}, {"type": "Feature", "geometry": {"type": "LineString", "coordinates": [[14.50996, 56.17303], [14.51011, 56.17301], [14.51018, 56.17301], [14.5102, 56.173]]}, "properties": {"id": "trv-10083:279663-3:1511070-0.8585_1.0000", "country": "se", "source": "TRV", "updated": "2026-09-12", "occurrences": 3, "name": "poids max 3.5", "type": "poids_limite", "valeur": 3.5, "franchissable": true, "aussi_ensembles": "ja"}}, {"type": "Feature", "geometry": {"type": "LineString", "coordinates": [[21.39368, 65.35835], [21.39429, 65.35865], [21.3947, 65.35893], [21.39554, 65.35975], [21.39589, 65.36022], [21.39618, 65.3607], [21.39636, 65.36116], [21.39647, 65.36139], [21.39653, 65.36161], [21.39665, 65.36206], [21.39697, 65.36284], [21.39726, 65.36323], [21.39755, 65.36394], [21.39776, 65.36469], [21.39791, 65.3652], [21.39795, 65.36556], [21.39785, 65.36593], [21.39781, 65.36612], [21.39779, 65.3662], [21.39778, 65.36653], [21.39783, 65.36685], [21.39783, 65.36718], [21.39783, 65.36746], [21.39794, 65.36762]]}, "properties": {"id": "trv-10083:279640-3:923303-0.0000_1.0000", "country": "se", "source": "TRV", "updated": "2026-09-12", "occurrences": 13, "name": "poids max 3.5", "type": "poids_limite", "valeur": 3.5, "franchissable": true, "aussi_ensembles": "nej"}}, {"type": "Feature", "geometry": {"type": "LineString", "coordinates": [[21.39102, 65.35749], [21.3911, 65.35755], [21.39167, 65.35776], [21.39241, 65.35794], [21.39252, 65.35797], [21.39323, 65.35818], [21.39368, 65.35835]]}, "properties": {"id": "trv-10083:279640-3:923333-0.0000_1.0000", "country": "se", "source": "TRV", "updated": "2026-09-12", "occurrences": 13, "name": "poids max 3.5", "type": "poids_limite", "valeur": 3.5, "franchissable": true, "aussi_ensembles": "nej"}}, {"type": "Feature", "geometry": {"type": "LineString", "coordinates": [[21.39071, 65.35703], [21.39068, 65.35709], [21.39079, 65.35732], [21.39102, 65.35749]]}, "properties": {"id": "trv-10083:279640-3:923343-0.0000_1.0000", "country": "se", "source": "TRV", "updated": "2026-09-12", "occurrences": 13, "name": "poids max 3.5", "type": "poids_limite", "valeur": 3.5, "franchissable": true, "aussi_ensembles": "nej"}}, {"type": "Feature", "geometry": {"type": "LineString", "coordinates": [[21.39108, 65.35661], [21.39085, 65.35681], [21.39071, 65.35703]]}, "properties": {"id": "trv-10083:279640-3:923355-0.0000_1.0000", "country": "se", "source": "TRV", "updated": "2026-09-12", "occurrences": 13, "name": "poids max 3.5", "type": "poids_limite", "valeur": 3.5, "franchissable": true, "aussi_ensembles": "nej"}}, {"type": "Feature", "geometry": {"type": "LineString", "coordinates": [[21.39108, 65.35661], [21.39115, 65.35654], [21.39122, 65.35648], [21.39125, 65.35646], [21.39153, 65.35602], [21.39158, 65.35583]]}, "properties": {"id": "trv-10083:279640-3:923381-0.0000_1.0000", "country": "se", "source": "TRV", "updated": "2026-09-12", "occurrences": 13, "name": "poids max 3.5", "type": "poids_limite", "valeur": 3.5, "franchissable": true, "aussi_ensembles": "nej"}}, {"type": "Feature", "geometry": {"type": "LineString", "coordinates": [[21.38581, 65.35535], [21.3864, 65.3555], [21.38747, 65.35575], [21.38833, 65.35597], [21.38859, 65.35603], [21.39084, 65.35655], [21.39108, 65.35661]]}, "properties": {"id": "trv-10083:279640-3:923399-0.0000_1.0000", "country": "se", "source": "TRV", "updated": "2026-09-12", "occurrences": 13, "name": "poids max 3.5", "type": "poids_limite", "valeur": 3.5, "franchissable": true, "aussi_ensembles": "nej"}}, {"type": "Feature", "geometry": {"type": "LineString", "coordinates": [[21.38538, 65.35522], [21.38563, 65.35531], [21.38581, 65.35535]]}, "properties": {"id": "trv-10083:279640-3:923404-0.0000_1.0000", "country": "se", "source": "TRV", "updated": "2026-09-12", "occurrences": 13, "name": "poids max 3.5", "type": "poids_limite", "valeur": 3.5, "franchissable": true, "aussi_ensembles": "nej"}}, {"type": "Feature", "geometry": {"type": "LineString", "coordinates": [[21.39158, 65.35583], [21.39159, 65.35579], [21.39163, 65.35557], [21.39173, 65.35509], [21.3918, 65.35478], [21.3918, 65.35474]]}, "properties": {"id": "trv-10083:279640-3:923462-0.0000_0.5048", "country": "se", "source": "TRV", "updated": "2026-09-12", "occurrences": 13, "name": "poids max 3.5", "type": "poids_limite", "valeur": 3.5, "franchissable": true, "aussi_ensembles": "nej"}}, {"type": "Feature", "geometry": {"type": "LineString", "coordinates": [[20.23031, 64.29664], [20.23047, 64.29666]]}, "properties": {"id": "trv-10087:27913-3:976235-0.4384_0.4499", "country": "se", "source": "TRV", "updated": "2026-09-12", "name": "poids max 4.0", "type": "poids_limite", "valeur": 4.0, "franchissable": true, "aussi_ensembles": "nej"}}, {"type": "Feature", "geometry": {"type": "LineString", "coordinates": [[19.35563, 64.22458], [19.35696, 64.22476], [19.35849, 64.22499], [19.35881, 64.22503]]}, "properties": {"id": "trv-10130:91699-3:979680-0.0421_0.4999", "country": "se", "source": "TRV", "updated": "2026-09-12", "name": "poids max 7.0", "type": "poids_limite", "valeur": 7.0, "franchissable": true, "aussi_ensembles": "nej"}}, {"type": "Feature", "geometry": {"type": "LineString", "coordinates": [[17.04733, 60.92233], [17.0473, 60.92243], [17.04721, 60.92261], [17.04718, 60.92268], [17.04713, 60.92276], [17.04708, 60.92285], [17.04701, 60.92293], [17.04671, 60.92328], [17.04626, 60.92378], [17.0459, 60.92418], [17.04567, 60.92445], [17.04538, 60.92475], [17.04524, 60.92489], [17.0451, 60.92501], [17.04499, 60.9251], [17.04478, 60.92525], [17.04436, 60.92552]]}, "properties": {"id": "trv-10134:102306-3:1170474-0.0000_1.0000", "country": "se", "source": "TRV", "updated": "2026-09-12", "occurrences": 11, "name": "poids max 3.5", "type": "poids_limite", "valeur": 3.5, "franchissable": true, "aussi_ensembles": "ja"}}, {"type": "Feature", "geometry": {"type": "LineString", "coordinates": [[17.04742, 60.91661], [17.04722, 60.9172], [17.04712, 60.91755], [17.04706, 60.91793], [17.04703, 60.91849], [17.04713, 60.91956], [17.04719, 60.9201], [17.04731, 60.92112], [17.04733, 60.92146], [17.04736, 60.92193], [17.04732, 60.92233], [17.04733, 60.92233]]}, "properties": {"id": "trv-10134:102306-3:1170625-0.0000_1.0000", "country": "se", "source": "TRV", "updated": "2026-09-12", "occurrences": 11, "name": "poids max 3.5", "type": "poids_limite", "valeur": 3.5, "franchissable": true, "aussi_ensembles": "ja"}}, {"type": "Feature", "geometry": {"type": "LineString", "coordinates": [[13.18833, 59.38829], [13.18847, 59.38828], [13.18857, 59.38828]]}, "properties": {"id": "trv-10135:22252-20986:1719535-0.0000_1.0000", "country": "se", "source": "TRV", "updated": "2026-09-12", "occurrences": 2, "name": "poids max 3.5", "type": "poids_limite", "valeur": 3.5, "franchissable": true, "aussi_ensembles": "ja"}}, {"type": "Feature", "geometry": {"type": "LineString", "coordinates": [[13.18857, 59.38828], [13.18865, 59.38828], [13.18875, 59.38829]]}, "properties": {"id": "trv-10135:22252-20986:1719537-0.0000_1.0000", "country": "se", "source": "TRV", "updated": "2026-09-12", "occurrences": 2, "name": "poids max 3.5", "type": "poids_limite", "valeur": 3.5, "franchissable": true, "aussi_ensembles": "ja"}}, {"type": "Feature", "geometry": {"type": "LineString", "coordinates": [[11.32235, 58.72497], [11.32243, 58.72501]]}, "properties": {"id": "trv-10715:101458-3:1214643-0.0000_1.0000", "country": "se", "source": "TRV", "updated": "2026-09-12", "occurrences": 2, "name": "poids max 3.5", "type": "poids_limite", "valeur": 3.5, "franchissable": true, "aussi_ensembles": "nej"}}, {"type": "Feature", "geometry": {"type": "LineString", "coordinates": [[11.32209, 58.72389], [11.32201, 58.72393], [11.32178, 58.72406], [11.32171, 58.72412], [11.32167, 58.72415], [11.3216, 58.72429], [11.32158, 58.72447], [11.32162, 58.72457], [11.32173, 58.72466], [11.3219, 58.72473], [11.32206, 58.72482], [11.32221, 58.7249], [11.32235, 58.72497]]}, "properties": {"id": "trv-10715:101458-3:1214741-0.0167_1.0000", "country": "se", "source": "TRV", "updated": "2026-09-12", "occurrences": 2, "name": "poids max 3.5", "type": "poids_limite", "valeur": 3.5, "franchissable": true, "aussi_ensembles": "nej"}}, {"type": "Feature", "geometry": {"type": "LineString", "coordinates": [[11.47159, 58.61007], [11.47176, 58.61008], [11.47212, 58.61012], [11.47243, 58.61015], [11.4727, 58.61019], [11.47286, 58.61024]]}, "properties": {"id": "trv-10715:101462-3:1225178-0.0000_1.0000", "country": "se", "source": "TRV", "updated": "2026-09-12", "name": "poids max 3.5", "type": "poids_limite", "valeur": 3.5, "franchissable": true, "aussi_ensembles": "nej"}}, {"type": "Feature", "geometry": {"type": "LineString", "coordinates": [[13.8196, 58.70847], [13.81938, 58.70847], [13.81859, 58.70852], [13.81765, 58.70859], [13.81688, 58.70864], [13.81687, 58.70864], [13.81671, 58.70865]]}, "properties": {"id": "trv-10135:47206-1000:65597-0.0000_0.1954", "country": "se", "source": "TRV", "updated": "2026-09-12", "name": "poids max 3.5", "type": "poids_limite", "valeur": 3.5, "franchissable": true, "aussi_ensembles": "ja"}}, {"type": "Feature", "geometry": {"type": "LineString", "coordinates": [[13.87633, 58.40078], [13.8762, 58.40081], [13.87601, 58.40085], [13.87583, 58.40089], [13.87564, 58.40094], [13.87543, 58.40101], [13.87517, 58.40111], [13.87484, 58.40125], [13.87448, 58.4014], [13.8742, 58.4015], [13.87394, 58.40158], [13.87347, 58.40169]]}, "properties": {"id": "trv-10715:101532-3:1262279-0.0000_1.0000", "country": "se", "source": "TRV", "updated": "2026-09-12", "occurrences": 7, "name": "poids max 3.5", "type": "poids_limite", "valeur": 3.5, "franchissable": true, "aussi_ensembles": "ja"}}, {"type": "Feature", "geometry": {"type": "LineString", "coordinates": [[13.8784, 58.40066], [13.87816, 58.40067], [13.87755, 58.40069], [13.87707, 58.40072], [13.87665, 58.40074], [13.87649, 58.40076], [13.87633, 58.40078]]}, "properties": {"id": "trv-10715:101532-3:1262333-0.0000_1.0000", "country": "se", "source": "TRV", "updated": "2026-09-12", "occurrences": 7, "name": "poids max 3.5", "type": "poids_limite", "valeur": 3.5, "franchissable": true, "aussi_ensembles": "ja"}}, {"type": "Feature", "geometry": {"type": "LineString", "coordinates": [[13.87849, 58.40066], [13.8784, 58.40066]]}, "properties": {"id": "trv-10715:101532-3:1262334-0.0000_1.0000", "country": "se", "source": "TRV", "updated": "2026-09-12", "occurrences": 7, "name": "poids max 3.5", "type": "poids_limite", "valeur": 3.5, "franchissable": true, "aussi_ensembles": "ja"}}, {"type": "Feature", "geometry": {"type": "LineString", "coordinates": [[16.63729, 57.76016], [16.63726, 57.76019], [16.63684, 57.7601], [16.6366, 57.76004], [16.63635, 57.75999]]}, "properties": {"id": "trv-10715:71649-3:795868-0.6111_1.0000", "country": "se", "source": "TRV", "updated": "2026-09-12", "name": "poids max 3.5", "type": "poids_limite", "valeur": 3.5, "franchissable": true, "aussi_ensembles": "ja"}}, {"type": "Feature", "geometry": {"type": "LineString", "coordinates": [[12.96845, 56.26373], [12.96843, 56.26375], [12.96842, 56.26379], [12.96847, 56.26393], [12.96862, 56.26415], [12.96864, 56.2642]]}, "properties": {"id": "trv-10717:31016-3:1118252-0.4230_0.7304", "country": "se", "source": "TRV", "updated": "2026-09-12", "name": "poids max 2.5", "type": "poids_limite", "valeur": 2.5, "franchissable": false, "aussi_ensembles": "nej"}}, {"type": "Feature", "geometry": {"type": "LineString", "coordinates": [[12.4622, 60.01468], [12.4623, 60.0148], [12.46235, 60.01491]]}, "properties": {"id": "trv-10717:35568-3:653308-0.1287_0.4853", "country": "se", "source": "TRV", "updated": "2026-09-12", "name": "poids max 4.0", "type": "poids_limite", "valeur": 4.0, "franchissable": true, "aussi_ensembles": "ja"}}, {"type": "Feature", "geometry": {"type": "LineString", "coordinates": [[15.86708, 57.66077], [15.86732, 57.66064], [15.86746, 57.66056], [15.86782, 57.66035], [15.8681, 57.66019], [15.86827, 57.6601], [15.86844, 57.66002], [15.86858, 57.65995], [15.86874, 57.65989], [15.86894, 57.65982], [15.86912, 57.65976], [15.86926, 57.65973], [15.86942, 57.65968], [15.86964, 57.65962], [15.86973, 57.65958], [15.86983, 57.65953], [15.86994, 57.65945], [15.87002, 57.65939]]}, "properties": {"id": "trv-10817:6206-3:802277-0.0000_1.0000", "country": "se", "source": "TRV", "updated": "2026-09-12", "occurrences": 7, "name": "poids max 3.5", "type": "poids_limite", "valeur": 3.5, "franchissable": true, "aussi_ensembles": "ja"}}, {"type": "Feature", "geometry": {"type": "LineString", "coordinates": [[20.19638, 67.851], [20.19737, 67.85121], [20.19744, 67.85123]]}, "properties": {"id": "trv-10719:12155-3:1600242-0.2283_0.2628", "country": "se", "source": "TRV", "updated": "2026-09-12", "occurrences": 3, "name": "poids max 5.0", "type": "poids_limite", "valeur": 5.0, "franchissable": true, "aussi_ensembles": "ja"}}, {"type": "Feature", "geometry": {"type": "LineString", "coordinates": [[20.19973, 67.85629], [20.19764, 67.85544]]}, "properties": {"id": "trv-10719:12155-15611:11107-0.6206_0.6899", "country": "se", "source": "TRV", "updated": "2026-09-12", "occurrences": 3, "name": "poids max 5.0", "type": "poids_limite", "valeur": 5.0, "franchissable": true, "aussi_ensembles": "ja"}}, {"type": "Feature", "geometry": {"type": "LineString", "coordinates": [[13.05094, 55.60852], [13.05104, 55.60859], [13.05111, 55.60862], [13.0512, 55.60866], [13.05138, 55.60872], [13.05183, 55.60886], [13.05219, 55.60899], [13.05252, 55.60909], [13.05278, 55.60917], [13.05309, 55.60926], [13.05336, 55.60933], [13.05358, 55.60939], [13.05407, 55.60951], [13.05456, 55.60964], [13.05465, 55.60969]]}, "properties": {"id": "trv-11086:44466-12733:28826-0.0000_1.0000", "country": "se", "source": "TRV", "updated": "2026-09-12", "occurrences": 7, "name": "poids max 3.5", "type": "poids_limite", "valeur": 3.5, "franchissable": true, "aussi_ensembles": "ja"}}, {"type": "Feature", "geometry": {"type": "LineString", "coordinates": [[13.03794, 55.6062], [13.03794, 55.6062]]}, "properties": {"id": "trv-11086:44466-12733:29472-0.9991_1.0000", "country": "se", "source": "TRV", "updated": "2026-09-12", "occurrences": 7, "name": "poids max 3.5", "type": "poids_limite", "valeur": 3.5, "franchissable": true, "aussi_ensembles": "ja"}}, {"type": "Feature", "geometry": {"type": "LineString", "coordinates": [[13.0652, 55.61238], [13.0653, 55.61284], [13.06532, 55.61289], [13.06534, 55.61294], [13.06537, 55.61298], [13.0654, 55.61303], [13.06543, 55.61305], [13.06544, 55.61306], [13.06549, 55.61309], [13.06559, 55.61313], [13.0657, 55.61316], [13.0658, 55.61318], [13.06596, 55.61321], [13.06603, 55.61322], [13.06608, 55.61322], [13.06613, 55.61322], [13.0662, 55.61322], [13.06627, 55.61321], [13.06634, 55.61319], [13.06648, 55.61315], [13.06673, 55.61304], [13.06681, 55.61302], [13.06688, 55.61301], [13.06695, 55.61302], [13.06707, 55.61303], [13.06723, 55.61306], [13.06735, 55.61309]]}, "properties": {"id": "trv-11086:44466-12733:31290-0.5786_1.0000", "country": "se", "source": "TRV", "updated": "2026-09-12", "occurrences": 7, "name": "poids max 3.5", "type": "poids_limite", "valeur": 3.5, "franchissable": true, "aussi_ensembles": "ja"}}, {"type": "Feature", "geometry": {"type": "LineString", "coordinates": [[13.04192, 55.60734], [13.04188, 55.60728], [13.04187, 55.60726], [13.04185, 55.60723], [13.04173, 55.60719], [13.04001, 55.60672], [13.03985, 55.60666]]}, "properties": {"id": "trv-11086:44466-12733:31455-0.0000_0.5345", "country": "se", "source": "TRV", "updated": "2026-09-12", "occurrences": 7, "name": "poids max 3.5", "type": "poids_limite", "valeur": 3.5, "franchissable": true, "aussi_ensembles": "ja"}}, {"type": "Feature", "geometry": {"type": "LineString", "coordinates": [[13.03804, 55.60616], [13.03794, 55.6062]]}, "properties": {"id": "trv-11086:44466-12733:31455-0.9731_1.0000", "country": "se", "source": "TRV", "updated": "2026-09-12", "occurrences": 7, "name": "poids max 3.5", "type": "poids_limite", "valeur": 3.5, "franchissable": true, "aussi_ensembles": "ja"}}, {"type": "Feature", "geometry": {"type": "LineString", "coordinates": [[17.74555, 59.61688], [17.74541, 59.61701], [17.74519, 59.61728], [17.74454, 59.61791], [17.74418, 59.61822], [17.74383, 59.61852], [17.74336, 59.61889], [17.74334, 59.6189]]}, "properties": {"id": "trv-10721:34028-3:1025625-0.0000_0.9658", "country": "se", "source": "TRV", "updated": "2026-09-12", "name": "poids max 3.5", "type": "poids_limite", "valeur": 3.5, "franchissable": true, "aussi_ensembles": "ja"}}, {"type": "Feature", "geometry": {"type": "LineString", "coordinates": [[16.60533, 59.9184], [16.6053, 59.91838]]}, "properties": {"id": "trv-10724:4126-16592:17337-0.0000_1.0000", "country": "se", "source": "TRV", "updated": "2026-09-12", "occurrences": 4, "name": "poids max 3.5", "type": "poids_limite", "valeur": 3.5, "franchissable": true, "aussi_ensembles": "ja"}}, {"type": "Feature", "geometry": {"type": "LineString", "coordinates": [[16.61042, 59.91733], [16.61039, 59.91734], [16.61034, 59.91734], [16.6103, 59.91734]]}, "properties": {"id": "trv-10724:4141-16666:7663-0.0000_1.0000", "country": "se", "source": "TRV", "updated": "2026-09-12", "occurrences": 20, "name": "poids max 3.5", "type": "poids_limite", "valeur": 3.5, "franchissable": true}}, {"type": "Feature", "geometry": {"type": "LineString", "coordinates": [[16.6103, 59.91734], [16.61024, 59.91734], [16.6102, 59.91732], [16.61016, 59.91731], [16.61013, 59.91728]]}, "properties": {"id": "trv-10724:4141-16666:7669-0.0000_1.0000", "country": "se", "source": "TRV", "updated": "2026-09-12", "occurrences": 20, "name": "poids max 3.5", "type": "poids_limite", "valeur": 3.5, "franchissable": true}}, {"type": "Feature", "geometry": {"type": "LineString", "coordinates": [[16.61052, 59.9172], [16.61053, 59.91722], [16.61053, 59.91724], [16.61053, 59.91727], [16.6105, 59.91729]]}, "properties": {"id": "trv-10724:4141-16666:7675-0.0000_1.0000", "country": "se", "source": "TRV", "updated": "2026-09-12", "occurrences": 20, "name": "poids max 3.5", "type": "poids_limite", "valeur": 3.5, "franchissable": true}}, {"type": "Feature", "geometry": {"type": "LineString", "coordinates": [[16.6105, 59.91729], [16.61048, 59.91731], [16.61046, 59.91732], [16.61042, 59.91733]]}, "properties": {"id": "trv-10724:4141-16666:7679-0.0000_1.0000", "country": "se", "source": "TRV", "updated": "2026-09-12", "occurrences": 20, "name": "poids max 3.5", "type": "poids_limite", "valeur": 3.5, "franchissable": true}}, {"type": "Feature", "geometry": {"type": "LineString", "coordinates": [[16.61052, 59.9172], [16.61191, 59.91691], [16.61403, 59.91646]]}, "properties": {"id": "trv-10724:4141-16666:7704-0.0000_1.0000", "country": "se", "source": "TRV", "updated": "2026-09-12", "occurrences": 20, "name": "poids max 3.5", "type": "poids_limite", "valeur": 3.5, "franchissable": true}}, {"type": "Feature", "geometry": {"type": "LineString", "coordinates": [[16.60706, 59.91793], [16.60739, 59.91786], [16.60995, 59.91732], [16.61013, 59.91728]]}, "properties": {"id": "trv-10724:4141-16666:7710-0.3434_1.0000", "country": "se", "source": "TRV", "updated": "2026-09-12", "occurrences": 20, "name": "poids max 3.5", "type": "poids_limite", "valeur": 3.5, "franchissable": true}}, {"type": "Feature", "geometry": {"type": "LineString", "coordinates": [[17.42934, 59.04002], [17.42937, 59.04002], [17.42961, 59.04]]}, "properties": {"id": "trv-11096:234-3:1092884-0.7691_0.8210", "country": "se", "source": "TRV", "updated": "2026-09-12", "name": "poids max 1.5", "type": "poids_limite", "valeur": 1.5, "franchissable": false, "aussi_ensembles": "ja"}}, {"type": "Feature", "geometry": {"type": "LineString", "coordinates": [[14.84673, 59.0274], [14.84688, 59.0273], [14.84706, 59.02719], [14.84728, 59.02709], [14.84752, 59.02701], [14.8477, 59.02695], [14.84797, 59.02689], [14.84813, 59.02685]]}, "properties": {"id": "trv-11097:139-3:469052-0.0000_1.0000", "country": "se", "source": "TRV", "updated": "2026-09-12", "occurrences": 2, "name": "poids max 3.5", "type": "poids_limite", "valeur": 3.5, "franchissable": true, "aussi_ensembles": "ja"}}, {"type": "Feature", "geometry": {"type": "LineString", "coordinates": [[14.84813, 59.02685], [14.84826, 59.02682], [14.84855, 59.02677], [14.84893, 59.02668], [14.84921, 59.02662], [14.84956, 59.02654], [14.84992, 59.02646], [14.8502, 59.0264], [14.85053, 59.02634], [14.8508, 59.02628], [14.85113, 59.02621], [14.85136, 59.02616], [14.85165, 59.0261], [14.85195, 59.02603], [14.85234, 59.02595], [14.85265, 59.02589], [14.85291, 59.02583], [14.85316, 59.02578], [14.85339, 59.02573], [14.85363, 59.02569], [14.85387, 59.02564], [14.85415, 59.02558], [14.85441, 59.02554], [14.85468, 59.0255], [14.85495, 59.02547], [14.85501, 59.02546]]}, "properties": {"id": "trv-11097:139-3:469113-0.0000_0.7230", "country": "se", "source": "TRV", "updated": "2026-09-12", "occurrences": 2, "name": "poids max 3.5", "type": "poids_limite", "valeur": 3.5, "franchissable": true, "aussi_ensembles": "ja"}}, {"type": "Feature", "geometry": {"type": "LineString", "coordinates": [[17.91826, 59.48766], [17.91844, 59.48765], [17.91855, 59.48765], [17.91893, 59.48764], [17.91926, 59.48764], [17.91954, 59.48763], [17.91972, 59.48763]]}, "properties": {"id": "trv-11103:1076-3:1097932-0.0929_0.4181", "country": "se", "source": "TRV", "updated": "2026-09-12", "name": "poids max 6.0", "type": "poids_limite", "valeur": 6.0, "franchissable": true, "aussi_ensembles": "ja"}}, {"type": "Feature", "geometry": {"type": "LineString", "coordinates": [[16.60571, 59.92041], [16.6058, 59.92037], [16.6068, 59.92016]]}, "properties": {"id": "trv-11158:107361-16666:4816-0.0000_1.0000", "country": "se", "source": "TRV", "updated": "2026-09-12", "occurrences": 4, "name": "poids max 3.5", "type": "poids_limite", "valeur": 3.5, "franchissable": true, "aussi_ensembles": "nej"}}, {"type": "Feature", "geometry": {"type": "LineString", "coordinates": [[16.6068, 59.92016], [16.60635, 59.91963]]}, "properties": {"id": "trv-11158:107361-16666:4822-0.0000_1.0000", "country": "se", "source": "TRV", "updated": "2026-09-12", "occurrences": 4, "name": "poids max 3.5", "type": "poids_limite", "valeur": 3.5, "franchissable": true, "aussi_ensembles": "nej"}}, {"type": "Feature", "geometry": {"type": "LineString", "coordinates": [[16.60528, 59.91985], [16.6057, 59.92036], [16.60571, 59.92041]]}, "properties": {"id": "trv-11158:107361-16666:4830-0.0000_1.0000", "country": "se", "source": "TRV", "updated": "2026-09-12", "occurrences": 4, "name": "poids max 3.5", "type": "poids_limite", "valeur": 3.5, "franchissable": true, "aussi_ensembles": "nej"}}, {"type": "Feature", "geometry": {"type": "LineString", "coordinates": [[16.60635, 59.91963], [16.60528, 59.91985]]}, "properties": {"id": "trv-11158:107361-16666:4844-0.0000_1.0000", "country": "se", "source": "TRV", "updated": "2026-09-12", "occurrences": 4, "name": "poids max 3.5", "type": "poids_limite", "valeur": 3.5, "franchissable": true, "aussi_ensembles": "nej"}}, {"type": "Feature", "geometry": {"type": "LineString", "coordinates": [[12.70381, 56.02784], [12.7038, 56.02783], [12.70374, 56.02772], [12.70371, 56.02763], [12.70369, 56.02754], [12.70367, 56.02745], [12.70367, 56.02734], [12.70368, 56.02726], [12.70371, 56.02717], [12.70396, 56.02652], [12.70419, 56.02609]]}, "properties": {"id": "trv-11160:42185-3:1528632-0.0000_0.4087", "country": "se", "source": "TRV", "updated": "2026-09-12", "name": "poids max 3.5", "type": "poids_limite", "valeur": 3.5, "franchissable": true, "aussi_ensembles": "ja"}}, {"type": "Feature", "geometry": {"type": "LineString", "coordinates": [[12.70718, 56.02493], [12.70786, 56.02505], [12.709, 56.02525]]}, "properties": {"id": "trv-11160:42189-3:1528384-0.0000_1.0000", "country": "se", "source": "TRV", "updated": "2026-09-12", "occurrences": 2, "name": "poids max 3.5", "type": "poids_limite", "valeur": 3.5, "franchissable": true, "aussi_ensembles": "ja"}}, {"type": "Feature", "geometry": {"type": "LineString", "coordinates": [[12.70623, 56.02477], [12.70624, 56.02477], [12.70628, 56.02478], [12.70718, 56.02493]]}, "properties": {"id": "trv-11160:42189-3:1528592-0.6470_1.0000", "country": "se", "source": "TRV", "updated": "2026-09-12", "occurrences": 2, "name": "poids max 3.5", "type": "poids_limite", "valeur": 3.5, "franchissable": true, "aussi_ensembles": "ja"}}, {"type": "Feature", "geometry": {"type": "LineString", "coordinates": [[15.07743, 58.55596], [15.07775, 58.55567]]}, "properties": {"id": "trv-11160:62478-3:498606-0.0955_0.2364", "country": "se", "source": "TRV", "updated": "2026-09-12", "name": "poids max 3.5", "type": "poids_limite", "valeur": 3.5, "franchissable": true, "aussi_ensembles": "ja"}}, {"type": "Feature", "geometry": {"type": "LineString", "coordinates": [[15.04149, 58.53404], [15.04256, 58.53316], [15.04271, 58.53303], [15.04271, 58.53303], [15.04272, 58.53303], [15.04272, 58.53302], [15.04272, 58.53302], [15.04273, 58.53301], [15.04273, 58.53301], [15.04274, 58.533], [15.04274, 58.533], [15.04274, 58.533], [15.04275, 58.53299], [15.04275, 58.53299], [15.04275, 58.53298], [15.04276, 58.53298], [15.04276, 58.53298], [15.04276, 58.53297], [15.04276, 58.53297], [15.04277, 58.53296], [15.04277, 58.53296], [15.04277, 58.53295], [15.04278, 58.53295], [15.04278, 58.53295], [15.04278, 58.53294], [15.04278, 58.53294], [15.04279, 58.53293], [15.04279, 58.53293], [15.04279, 58.53292], [15.04279, 58.53292], [15.04279, 58.53292], [15.0428, 58.53291], [15.0428, 58.53291], [15.0428, 58.5329], [15.0428, 58.5329], [15.0428, 58.53289], [15.04281, 58.53289], [15.04281, 58.53289], [15.04281, 58.53288], [15.04281, 58.53288], [15.04281, 58.53287], [15.04281, 58.53287], [15.04281, 58.53286], [15.04281, 58.53286], [15.04281, 58.53285], [15.04282, 58.53285], [15.04282, 58.53285], [15.04282, 58.53284], [15.04282, 58.53284], [15.04282, 58.53283], [15.04282, 58.53283], [15.04282, 58.53282], [15.04282, 58.53282], [15.04282, 58.53281], [15.04282, 58.53281], [15.04282, 58.5328], [15.04282, 58.5328], [15.04282, 58.5328], [15.04282, 58.53279], [15.04282, 58.53279], [15.04282, 58.53278], [15.04282, 58.53278], [15.04282, 58.53277], [15.04282, 58.53277], [15.04282, 58.53276], [15.04282, 58.53276], [15.04282, 58.53276], [15.04281, 58.53275], [15.04281, 58.53274], [15.0428, 58.53263]]}, "properties": {"id": "trv-11160:62517-3:501219-0.0000_1.0000", "country": "se", "source": "TRV", "updated": "2026-09-12", "name": "poids max 3.5", "type": "poids_limite", "valeur": 3.5, "franchissable": true, "aussi_ensembles": "ja"}}, {"type": "Feature", "geometry": {"type": "LineString", "coordinates": [[16.00397, 58.19055], [16.00426, 58.1904], [16.00481, 58.19012], [16.00523, 58.18991], [16.00547, 58.18979], [16.00557, 58.18977], [16.00569, 58.1898], [16.00579, 58.18982]]}, "properties": {"id": "trv-11160:62685-3:532717-0.0000_1.0000", "country": "se", "source": "TRV", "updated": "2026-09-12", "name": "poids max 3.5", "type": "poids_limite", "valeur": 3.5, "franchissable": true, "aussi_ensembles": "ja"}}, {"type": "Feature", "geometry": {"type": "LineString", "coordinates": [[16.15775, 58.98657], [16.15779, 58.98657], [16.15786, 58.98655], [16.15791, 58.9865], [16.158, 58.98635], [16.158, 58.98634]]}, "properties": {"id": "trv-11161:270166-3:314331-0.8020_0.9113", "country": "se", "source": "TRV", "updated": "2026-09-12", "name": "poids max 3.5", "type": "poids_limite", "valeur": 3.5, "franchissable": true, "aussi_ensembles": "ja"}}, {"type": "Feature", "geometry": {"type": "LineString", "coordinates": [[16.45569, 60.65318], [16.45591, 60.65305], [16.45609, 60.65297], [16.45619, 60.6529], [16.45626, 60.65281], [16.45635, 60.65266], [16.45644, 60.6525], [16.45655, 60.65238], [16.45671, 60.65225], [16.45688, 60.65213], [16.45705, 60.65203], [16.45719, 60.65197], [16.45738, 60.6519], [16.45784, 60.65176], [16.45833, 60.65164], [16.45886, 60.6515], [16.45908, 60.65143], [16.45933, 60.65132], [16.45958, 60.65123], [16.4597, 60.65117], [16.45984, 60.65107], [16.46009, 60.6509], [16.46024, 60.65084], [16.46038, 60.65081], [16.46063, 60.65075], [16.46105, 60.65063], [16.46123, 60.65058], [16.46143, 60.65053], [16.46164, 60.6505], [16.46202, 60.65048], [16.46248, 60.65043], [16.46248, 60.65042], [16.46249, 60.65041], [16.46252, 60.65039], [16.46262, 60.65035], [16.46275, 60.65026], [16.46284, 60.65015], [16.46286, 60.65007], [16.46276, 60.64972], [16.46264, 60.64934], [16.46244, 60.64886], [16.46234, 60.64858], [16.46232, 60.64842], [16.46233, 60.64836], [16.4624, 60.64828], [16.46254, 60.64818], [16.46269, 60.6481], [16.46322, 60.64788], [16.46371, 60.64767], [16.46419, 60.64746], [16.46446, 60.64735], [16.46461, 60.64727], [16.4647, 60.6472], [16.46484, 60.64705], [16.46495, 60.64686], [16.46509, 60.64652], [16.46521, 60.64635], [16.4654, 60.64618], [16.46555, 60.64607], [16.46567, 60.64595], [16.46582, 60.64585], [16.46596, 60.64579], [16.46632, 60.64566], [16.46674, 60.6455], [16.46701, 60.64537], [16.46736, 60.64527], [16.4676, 60.64519], [16.46817, 60.64504], [16.46851, 60.64496], [16.46868, 60.64495], [16.46883, 60.64494], [16.46904, 60.64496], [16.46925, 60.645], [16.46948, 60.64504], [16.46967, 60.64508], [16.46985, 60.6451], [16.46995, 60.6451], [16.47002, 60.64508], [16.47011, 60.64506], [16.47015, 60.64502], [16.47033, 60.6449]]}, "properties": {"id": "trv-11161:41469-3:1180686-0.0000_1.0000", "country": "se", "source": "TRV", "updated": "2026-09-12", "name": "poids max 6.0", "type": "poids_limite", "valeur": 6.0, "franchissable": true, "aussi_ensembles": "nej"}}, {"type": "Feature", "geometry": {"type": "LineString", "coordinates": [[14.34593, 61.75534], [14.34594, 61.75552]]}, "properties": {"id": "trv-11163:75086-3:425749-0.6584_0.6725", "country": "se", "source": "TRV", "updated": "2026-09-12", "name": "poids max 2.0", "type": "poids_limite", "valeur": 2.0, "franchissable": false, "aussi_ensembles": "ja"}}, {"type": "Feature", "geometry": {"type": "LineString", "coordinates": [[12.72512, 58.18869], [12.72554, 58.18894]]}, "properties": {"id": "trv-11436:300-3:1294234-0.3449_0.5420", "country": "se", "source": "TRV", "updated": "2026-09-12", "name": "poids max 3.5", "type": "poids_limite", "valeur": 3.5, "franchissable": true, "aussi_ensembles": "nej"}}, {"type": "Feature", "geometry": {"type": "LineString", "coordinates": [[14.8628, 61.96032], [14.86281, 61.96031], [14.8629, 61.96027]]}, "properties": {"id": "trv-12535:530-3:424278-0.1083_0.1097", "country": "se", "source": "TRV", "updated": "2026-09-12", "name": "poids max 4.0", "type": "poids_limite", "valeur": 4.0, "franchissable": true, "aussi_ensembles": "ja"}}, {"type": "Feature", "geometry": {"type": "LineString", "coordinates": [[14.67167, 60.19178], [14.67166, 60.19178], [14.6715, 60.19183]]}, "properties": {"id": "trv-12537:1012-3:627412-0.0609_0.0708", "country": "se", "source": "TRV", "updated": "2026-09-12", "name": "poids max 4.0", "type": "poids_limite", "valeur": 4.0, "franchissable": true, "aussi_ensembles": "ja"}}, {"type": "Feature", "geometry": {"type": "LineString", "coordinates": [[21.22166, 65.64372], [21.2211, 65.64366]]}, "properties": {"id": "trv-11162:274422-3:911605-0.4982_0.6892", "country": "se", "source": "TRV", "updated": "2026-09-12", "name": "poids max 3.0", "type": "poids_limite", "valeur": 3.0, "franchissable": false, "aussi_ensembles": "ja"}}, {"type": "Feature", "geometry": {"type": "LineString", "coordinates": [[17.00819, 61.24227], [17.0081, 61.24212], [17.00802, 61.242], [17.00797, 61.24189], [17.00799, 61.24178], [17.00804, 61.24168], [17.00817, 61.24158], [17.00834, 61.2415], [17.00855, 61.24142], [17.00876, 61.24134], [17.00907, 61.24121], [17.00969, 61.24097], [17.01035, 61.24071], [17.01068, 61.24058], [17.01076, 61.24055], [17.01088, 61.2405], [17.01089, 61.24048], [17.01092, 61.2403], [17.01088, 61.24008], [17.01086, 61.23993], [17.01087, 61.23978], [17.01091, 61.23966], [17.01097, 61.23949], [17.01102, 61.23931], [17.01106, 61.23913], [17.01108, 61.239], [17.01112, 61.23887], [17.01117, 61.23874], [17.01131, 61.23865], [17.01146, 61.23858], [17.01161, 61.23854], [17.01185, 61.2385], [17.01206, 61.23848], [17.01264, 61.23851], [17.01289, 61.23852], [17.01326, 61.23853], [17.01356, 61.23853], [17.01387, 61.23853], [17.01421, 61.23853], [17.01451, 61.23851], [17.01479, 61.23845], [17.01509, 61.23834], [17.01541, 61.23821], [17.01551, 61.23816], [17.01581, 61.23803]]}, "properties": {"id": "trv-12595:10013-3:1162937-0.0000_1.0000", "country": "se", "source": "TRV", "updated": "2026-09-12", "name": "poids max 4.0", "type": "poids_limite", "valeur": 4.0, "franchissable": true, "aussi_ensembles": "nej"}}, {"type": "Feature", "geometry": {"type": "LineString", "coordinates": [[16.77581, 61.31532], [16.77579, 61.31556], [16.7758, 61.31584], [16.7758, 61.31608], [16.77581, 61.31626], [16.77581, 61.31633]]}, "properties": {"id": "trv-12595:10021-3:1158208-0.0000_1.0000", "country": "se", "source": "TRV", "updated": "2026-09-12", "occurrences": 2, "name": "poids max 3.0", "type": "poids_limite", "valeur": 3.0, "franchissable": false, "aussi_ensembles": "nej"}}, {"type": "Feature", "geometry": {"type": "LineString", "coordinates": [[16.77699, 61.31367], [16.77703, 61.3138], [16.77686, 61.31407], [16.77648, 61.3145], [16.77618, 61.31484], [16.77589, 61.31518], [16.77581, 61.31532]]}, "properties": {"id": "trv-12595:10021-3:1158336-0.0000_1.0000", "country": "se", "source": "TRV", "updated": "2026-09-12", "occurrences": 2, "name": "poids max 3.0", "type": "poids_limite", "valeur": 3.0, "franchissable": false, "aussi_ensembles": "nej"}}, {"type": "Feature", "geometry": {"type": "LineString", "coordinates": [[15.84463, 57.89807], [15.84452, 57.89807], [15.84446, 57.89806]]}, "properties": {"id": "trv-12723:125768-3:545701-0.7756_0.8144", "country": "se", "source": "TRV", "updated": "2026-09-12", "name": "poids max 2.0", "type": "poids_limite", "valeur": 2.0, "franchissable": false, "aussi_ensembles": "nej"}}, {"type": "Feature", "geometry": {"type": "LineString", "coordinates": [[15.57141, 60.22568], [15.57149, 60.22565], [15.57164, 60.2256]]}, "properties": {"id": "trv-12592:17239-3:625593-0.9302_0.9779", "country": "se", "source": "TRV", "updated": "2026-09-12", "name": "poids max 4.0", "type": "poids_limite", "valeur": 4.0, "franchissable": true, "aussi_ensembles": "ja"}}, {"type": "Feature", "geometry": {"type": "LineString", "coordinates": [[16.73086, 60.89656], [16.73073, 60.89653], [16.73048, 60.89645], [16.73024, 60.89636], [16.73009, 60.8963], [16.72988, 60.89622], [16.72972, 60.89616], [16.72957, 60.8961], [16.72946, 60.89606], [16.72935, 60.89602], [16.72925, 60.89599], [16.72912, 60.89595], [16.7286, 60.89582], [16.72833, 60.89575], [16.72814, 60.8957]]}, "properties": {"id": "trv-12723:300583-3:1171256-0.0000_1.0000", "country": "se", "source": "TRV", "updated": "2026-09-12", "occurrences": 11, "name": "poids max 5.0", "type": "poids_limite", "valeur": 5.0, "franchissable": true, "aussi_ensembles": "ja"}}, {"type": "Feature", "geometry": {"type": "LineString", "coordinates": [[16.72532, 60.89537], [16.72541, 60.89538], [16.72563, 60.89541], [16.72581, 60.89544], [16.72605, 60.89548], [16.72617, 60.89549], [16.72624, 60.89551], [16.72643, 60.89554], [16.72653, 60.89555], [16.72665, 60.89557], [16.72675, 60.89558], [16.72687, 60.89559], [16.72699, 60.8956], [16.72719, 60.89561], [16.72748, 60.89562], [16.72764, 60.89562], [16.72774, 60.89563], [16.72784, 60.89564], [16.72793, 60.89565], [16.72803, 60.89567], [16.72814, 60.8957]]}, "properties": {"id": "trv-12723:300583-3:1171268-0.0000_1.0000", "country": "se", "source": "TRV", "updated": "2026-09-12", "occurrences": 11, "name": "poids max 5.0", "type": "poids_limite", "valeur": 5.0, "franchissable": true, "aussi_ensembles": "ja"}}, {"type": "Feature", "geometry": {"type": "LineString", "coordinates": [[19.44541, 63.58444], [19.44551, 63.58442], [19.44584, 63.58438]]}, "properties": {"id": "trv-12723:339300-3:1005177-0.8235_0.9201", "country": "se", "source": "TRV", "updated": "2026-09-12", "name": "poids max 2.0", "type": "poids_limite", "valeur": 2.0, "franchissable": false, "aussi_ensembles": "ja"}}, {"type": "Feature", "geometry": {"type": "LineString", "coordinates": [[15.12426, 60.88101], [15.12433, 60.88105], [15.12442, 60.88108], [15.12451, 60.8811], [15.12463, 60.88112], [15.12473, 60.88112]]}, "properties": {"id": "trv-12726:276409-12726:276299-0.0000_0.7247", "country": "se", "source": "TRV", "updated": "2026-09-12", "name": "poids max 3.5", "type": "poids_limite", "valeur": 3.5, "franchissable": true, "aussi_ensembles": "ja"}}, {"type": "Feature", "geometry": {"type": "LineString", "coordinates": [[15.12473, 60.88112], [15.12474, 60.88119], [15.12477, 60.88124]]}, "properties": {"id": "trv-12726:276413-12726:276317-0.0000_1.0000", "country": "se", "source": "TRV", "updated": "2026-09-12", "name": "poids max 3.5", "type": "poids_limite", "valeur": 3.5, "franchissable": true, "aussi_ensembles": "ja"}}, {"type": "Feature", "geometry": {"type": "LineString", "coordinates": [[17.34561, 62.46005], [17.34555, 62.46002], [17.34545, 62.45996]]}, "properties": {"id": "trv-12581:564488-3:773164-0.4077_1.0000", "country": "se", "source": "TRV", "updated": "2026-09-12", "occurrences": 3, "name": "poids max 3.5", "type": "poids_limite", "valeur": 3.5, "franchissable": true, "aussi_ensembles": "ja"}}, {"type": "Feature", "geometry": {"type": "LineString", "coordinates": [[17.34714, 62.45768], [17.34696, 62.45783], [17.34666, 62.45807], [17.34646, 62.45824], [17.34636, 62.45832], [17.34626, 62.45842], [17.34621, 62.45851], [17.34615, 62.45858], [17.34612, 62.45863], [17.34609, 62.4587], [17.34583, 62.45918], [17.34545, 62.45996]]}, "properties": {"id": "trv-12581:564488-3:773275-0.0000_1.0000", "country": "se", "source": "TRV", "updated": "2026-09-12", "occurrences": 3, "name": "poids max 3.5", "type": "poids_limite", "valeur": 3.5, "franchissable": true, "aussi_ensembles": "ja"}}, {"type": "Feature", "geometry": {"type": "LineString", "coordinates": [[17.34913, 62.45605], [17.34909, 62.45609], [17.349, 62.45619], [17.34884, 62.45635], [17.34873, 62.45645], [17.34862, 62.45655], [17.34821, 62.45685], [17.34762, 62.45731], [17.34726, 62.45759], [17.34714, 62.45768]]}, "properties": {"id": "trv-12581:564488-3:773356-0.0816_1.0000", "country": "se", "source": "TRV", "updated": "2026-09-12", "occurrences": 3, "name": "poids max 3.5", "type": "poids_limite", "valeur": 3.5, "franchissable": true, "aussi_ensembles": "ja"}}, {"type": "Feature", "geometry": {"type": "LineString", "coordinates": [[12.15375, 58.02642], [12.1538, 58.0263], [12.15385, 58.02618], [12.15386, 58.02615], [12.15406, 58.02572], [12.15415, 58.02552], [12.15418, 58.02542], [12.15425, 58.0252], [12.15437, 58.02488], [12.15441, 58.02483], [12.15451, 58.02478], [12.15465, 58.02478]]}, "properties": {"id": "trv-12724:110728-3:1316534-0.0000_1.0000", "country": "se", "source": "TRV", "updated": "2026-09-12", "occurrences": 2, "name": "poids max 3.5", "type": "poids_limite", "valeur": 3.5, "franchissable": true, "aussi_ensembles": "nej"}}, {"type": "Feature", "geometry": {"type": "LineString", "coordinates": [[12.15375, 58.02642], [12.1537, 58.02658], [12.15353, 58.027]]}, "properties": {"id": "trv-12724:110728-12730:42128-0.0000_1.0000", "country": "se", "source": "TRV", "updated": "2026-09-12", "occurrences": 2, "name": "poids max 3.5", "type": "poids_limite", "valeur": 3.5, "franchissable": true, "aussi_ensembles": "nej"}}, {"type": "Feature", "geometry": {"type": "LineString", "coordinates": [[14.08938, 61.17426], [14.08944, 61.17427], [14.09016, 61.17441], [14.09029, 61.17443], [14.09042, 61.17442], [14.09047, 61.1744], [14.09077, 61.17425], [14.09091, 61.17419]]}, "properties": {"id": "trv-12725:187530-3:560772-0.0000_1.0000", "country": "se", "source": "TRV", "updated": "2026-09-12", "occurrences": 3, "name": "poids max 3.5", "type": "poids_limite", "valeur": 3.5, "franchissable": true, "aussi_ensembles": "ja"}}, {"type": "Feature", "geometry": {"type": "LineString", "coordinates": [[14.09091, 61.17419], [14.09099, 61.17416], [14.09142, 61.17403], [14.09161, 61.17402], [14.09174, 61.17402], [14.09215, 61.17417], [14.09308, 61.17454], [14.09369, 61.17478], [14.09407, 61.17493]]}, "properties": {"id": "trv-12725:187530-3:560783-0.0000_1.0000", "country": "se", "source": "TRV", "updated": "2026-09-12", "occurrences": 3, "name": "poids max 3.5", "type": "poids_limite", "valeur": 3.5, "franchissable": true, "aussi_ensembles": "ja"}}, {"type": "Feature", "geometry": {"type": "LineString", "coordinates": [[14.08678, 61.17364], [14.08727, 61.17375], [14.08771, 61.17385], [14.08817, 61.17396], [14.08861, 61.17408], [14.08938, 61.17426]]}, "properties": {"id": "trv-12725:187530-3:560810-0.0000_1.0000", "country": "se", "source": "TRV", "updated": "2026-09-12", "occurrences": 3, "name": "poids max 3.5", "type": "poids_limite", "valeur": 3.5, "franchissable": true, "aussi_ensembles": "ja"}}, {"type": "Feature", "geometry": {"type": "LineString", "coordinates": [[14.14837, 61.14697], [14.14833, 61.14702], [14.14819, 61.14711], [14.14774, 61.14731], [14.1472, 61.14757], [14.147, 61.14765], [14.14683, 61.14775], [14.14677, 61.1478], [14.14672, 61.14789], [14.14674, 61.14797], [14.1468, 61.14805], [14.14684, 61.14808]]}, "properties": {"id": "trv-12725:187534-3:562040-0.0000_1.0000", "country": "se", "source": "TRV", "updated": "2026-09-12", "occurrences": 3, "name": "poids max 3.5", "type": "poids_limite", "valeur": 3.5, "franchissable": true, "aussi_ensembles": "ja"}}, {"type": "Feature", "geometry": {"type": "LineString", "coordinates": [[18.13718, 59.46036], [18.13736, 59.4603], [18.13806, 59.46006]]}, "properties": {"id": "trv-12593:22888-22532:923-0.0000_1.0000", "country": "se", "source": "TRV", "updated": "2026-09-12", "occurrences": 2, "name": "poids max 3.5", "type": "poids_limite", "valeur": 3.5, "franchissable": true, "aussi_ensembles": "ja"}}, {"type": "Feature", "geometry": {"type": "LineString", "coordinates": [[12.82256, 55.87659], [12.82223, 55.87674]]}, "properties": {"id": "trv-12724:407879-3:1545691-0.8881_0.9894", "country": "se", "source": "TRV", "updated": "2026-09-12", "name": "poids max 3.5", "type": "poids_limite", "valeur": 3.5, "franchissable": true, "aussi_ensembles": "ja"}}, {"type": "Feature", "geometry": {"type": "LineString", "coordinates": [[15.71016, 58.39077], [15.71016, 58.39075], [15.71025, 58.39053], [15.71039, 58.39023], [15.71052, 58.38994], [15.71076, 58.38944], [15.71103, 58.38884], [15.71128, 58.38829]]}, "properties": {"id": "trv-12725:153458-3:515517-0.0687_1.0000", "country": "se", "source": "TRV", "updated": "2026-09-12", "occurrences": 10, "name": "poids max 3.5", "type": "poids_limite", "valeur": 3.5, "franchissable": true, "aussi_ensembles": "nej"}}, {"type": "Feature", "geometry": {"type": "LineString", "coordinates": [[15.71128, 58.38829], [15.71133, 58.38829], [15.7115, 58.38827], [15.71196, 58.38819]]}, "properties": {"id": "trv-12725:153458-3:515577-0.0000_0.0719", "country": "se", "source": "TRV", "updated": "2026-09-12", "occurrences": 10, "name": "poids max 3.5", "type": "poids_limite", "valeur": 3.5, "franchissable": true, "aussi_ensembles": "nej"}}, {"type": "Feature", "geometry": {"type": "LineString", "coordinates": [[15.71128, 58.38829], [15.71141, 58.38801], [15.71158, 58.38761], [15.7118, 58.38715], [15.71206, 58.38658], [15.71222, 58.38622], [15.7123, 58.38605], [15.71236, 58.38594], [15.71252, 58.38582], [15.71283, 58.3856], [15.71318, 58.38531], [15.71339, 58.38511], [15.71355, 58.38493], [15.71362, 58.38483], [15.71374, 58.38468], [15.71379, 58.3846]]}, "properties": {"id": "trv-12725:153458-3:516065-0.0000_1.0000", "country": "se", "source": "TRV", "updated": "2026-09-12", "occurrences": 10, "name": "poids max 3.5", "type": "poids_limite", "valeur": 3.5, "franchissable": true, "aussi_ensembles": "nej"}}, {"type": "Feature", "geometry": {"type": "LineString", "coordinates": [[15.71379, 58.3846], [15.714, 58.3846], [15.71424, 58.38459], [15.71446, 58.38458]]}, "properties": {"id": "trv-12725:153458-3:516143-0.0000_0.0511", "country": "se", "source": "TRV", "updated": "2026-09-12", "occurrences": 10, "name": "poids max 3.5", "type": "poids_limite", "valeur": 3.5, "franchissable": true, "aussi_ensembles": "nej"}}, {"type": "Feature", "geometry": {"type": "LineString", "coordinates": [[15.48237, 61.35929], [15.48245, 61.35943], [15.48255, 61.35954]]}, "properties": {"id": "trv-12727:42106-10437:62771-0.0979_0.1305", "country": "se", "source": "TRV", "updated": "2026-09-12", "name": "poids max 3.0", "type": "poids_limite", "valeur": 3.0, "franchissable": false, "aussi_ensembles": "ja"}}, {"type": "Feature", "geometry": {"type": "LineString", "coordinates": [[17.05918, 61.35413], [17.05934, 61.35421], [17.05965, 61.35437], [17.05971, 61.35441], [17.05975, 61.35443], [17.0606, 61.3549], [17.06186, 61.3556], [17.0628, 61.35616], [17.06312, 61.35635], [17.06337, 61.35654]]}, "properties": {"id": "trv-12731:67944-3:1155347-0.0000_1.0000", "country": "se", "source": "TRV", "updated": "2026-09-12", "occurrences": 2, "name": "poids max 4.0", "type": "poids_limite", "valeur": 4.0, "franchissable": true, "aussi_ensembles": "ja"}}, {"type": "Feature", "geometry": {"type": "LineString", "coordinates": [[17.05918, 61.35413], [17.05894, 61.35404], [17.05874, 61.35399]]}, "properties": {"id": "trv-12731:67944-3:1155358-0.0000_1.0000", "country": "se", "source": "TRV", "updated": "2026-09-12", "occurrences": 2, "name": "poids max 4.0", "type": "poids_limite", "valeur": 4.0, "franchissable": true, "aussi_ensembles": "ja"}}, {"type": "Feature", "geometry": {"type": "LineString", "coordinates": [[14.12936, 57.4877], [14.12951, 57.4875], [14.1296, 57.48739], [14.12966, 57.48734]]}, "properties": {"id": "trv-12732:119974-3:93837-0.5456_0.7381", "country": "se", "source": "TRV", "updated": "2026-09-12", "name": "poids max 3.5", "type": "poids_limite", "valeur": 3.5, "franchissable": true, "aussi_ensembles": "nej"}}, {"type": "Feature", "geometry": {"type": "LineString", "coordinates": [[16.32288, 58.477], [16.32266, 58.4774]]}, "properties": {"id": "trv-12732:39194-3:506240-0.0000_1.0000", "country": "se", "source": "TRV", "updated": "2026-09-12", "occurrences": 5, "name": "poids max 3.5", "type": "poids_limite", "valeur": 3.5, "franchissable": true, "aussi_ensembles": "nej"}}, {"type": "Feature", "geometry": {"type": "LineString", "coordinates": [[16.323, 58.47674], [16.32288, 58.477]]}, "properties": {"id": "trv-12732:39194-3:506253-0.0000_1.0000", "country": "se", "source": "TRV", "updated": "2026-09-12", "occurrences": 5, "name": "poids max 3.5", "type": "poids_limite", "valeur": 3.5, "franchissable": true, "aussi_ensembles": "nej"}}, {"type": "Feature", "geometry": {"type": "LineString", "coordinates": [[16.32343, 58.4759], [16.323, 58.47674]]}, "properties": {"id": "trv-12732:39194-3:506308-0.0000_1.0000", "country": "se", "source": "TRV", "updated": "2026-09-12", "occurrences": 5, "name": "poids max 3.5", "type": "poids_limite", "valeur": 3.5, "franchissable": true, "aussi_ensembles": "nej"}}, {"type": "Feature", "geometry": {"type": "LineString", "coordinates": [[16.32399, 58.47484], [16.32394, 58.47493], [16.32343, 58.4759]]}, "properties": {"id": "trv-12732:39194-3:506393-0.0000_1.0000", "country": "se", "source": "TRV", "updated": "2026-09-12", "occurrences": 5, "name": "poids max 3.5", "type": "poids_limite", "valeur": 3.5, "franchissable": true, "aussi_ensembles": "nej"}}, {"type": "Feature", "geometry": {"type": "LineString", "coordinates": [[15.07253, 57.43319], [15.07238, 57.43323], [15.07224, 57.43328]]}, "properties": {"id": "trv-12733:123747-12733:123717-0.0000_1.0000", "country": "se", "source": "TRV", "updated": "2026-09-12", "occurrences": 4, "name": "poids max 3.5", "type": "poids_limite", "valeur": 3.5, "franchissable": true, "aussi_ensembles": "nej"}}, {"type": "Feature", "geometry": {"type": "LineString", "coordinates": [[15.07263, 57.43302], [15.07267, 57.43301], [15.07272, 57.433], [15.07276, 57.433], [15.07281, 57.43301], [15.07285, 57.43302], [15.07289, 57.43303], [15.07292, 57.43305], [15.07294, 57.43307], [15.07296, 57.43309], [15.07297, 57.43312], [15.07297, 57.43314], [15.07296, 57.43317], [15.07294, 57.43319], [15.07292, 57.43321], [15.07288, 57.43323], [15.07284, 57.43324], [15.0728, 57.43325], [15.07276, 57.43325], [15.07271, 57.43325], [15.07267, 57.43325], [15.07263, 57.43324], [15.07259, 57.43323], [15.07256, 57.43321], [15.07253, 57.43319]]}, "properties": {"id": "trv-12733:123747-12733:123719-0.0000_1.0000", "country": "se", "source": "TRV", "updated": "2026-09-12", "occurrences": 4, "name": "poids max 3.5", "type": "poids_limite", "valeur": 3.5, "franchissable": true, "aussi_ensembles": "nej"}}, {"type": "Feature", "geometry": {"type": "LineString", "coordinates": [[15.07253, 57.43319], [15.07251, 57.43316], [15.0725, 57.43314], [15.07251, 57.43312], [15.07251, 57.43309], [15.07253, 57.43307], [15.07256, 57.43305], [15.07259, 57.43303], [15.07263, 57.43302]]}, "properties": {"id": "trv-12733:123747-12733:123721-0.0000_1.0000", "country": "se", "source": "TRV", "updated": "2026-09-12", "occurrences": 4, "name": "poids max 3.5", "type": "poids_limite", "valeur": 3.5, "franchissable": true, "aussi_ensembles": "nej"}}, {"type": "Feature", "geometry": {"type": "LineString", "coordinates": [[13.80082, 60.35133], [13.80077, 60.35134], [13.80055, 60.35139], [13.80033, 60.35144]]}, "properties": {"id": "trv-12734:40582-3:616575-0.9781_1.0000", "country": "se", "source": "TRV", "updated": "2026-09-12", "name": "poids max 3.0", "type": "poids_limite", "valeur": 3.0, "franchissable": false, "aussi_ensembles": "ja"}}, {"type": "Feature", "geometry": {"type": "LineString", "coordinates": [[11.9238, 58.22076], [11.92382, 58.22075], [11.9241, 58.22063], [11.92443, 58.22048], [11.92445, 58.22047]]}, "properties": {"id": "trv-12735:16519-3:1287158-0.4264_0.5630", "country": "se", "source": "TRV", "updated": "2026-09-12", "name": "poids max 3.5", "type": "poids_limite", "valeur": 3.5, "franchissable": true, "aussi_ensembles": "ja"}}, {"type": "Feature", "geometry": {"type": "LineString", "coordinates": [[18.59066, 63.5207], [18.59075, 63.52068], [18.59086, 63.52065], [18.5909, 63.52064]]}, "properties": {"id": "trv-12761:288-3:726462-0.8349_0.8498", "country": "se", "source": "TRV", "updated": "2026-09-12", "name": "poids max 4.0", "type": "poids_limite", "valeur": 4.0, "franchissable": true, "aussi_ensembles": "ja"}}, {"type": "Feature", "geometry": {"type": "LineString", "coordinates": [[13.18376, 58.29786], [13.18376, 58.29786], [13.18377, 58.29792], [13.18379, 58.29798], [13.18379, 58.29798]]}, "properties": {"id": "trv-12770:1-3:1279568-0.2048_0.3181", "country": "se", "source": "TRV", "updated": "2026-09-12", "name": "poids max 3.0", "type": "poids_limite", "valeur": 3.0, "franchissable": false, "aussi_ensembles": "nej"}}, {"type": "Feature", "geometry": {"type": "LineString", "coordinates": [[23.76929, 65.8402], [23.76946, 65.84029], [23.76952, 65.84031]]}, "properties": {"id": "trv-12782:123350-3:895890-0.2090_0.2140", "country": "se", "source": "TRV", "updated": "2026-09-12", "name": "poids max 2.0", "type": "poids_limite", "valeur": 2.0, "franchissable": false, "aussi_ensembles": "ja"}}, {"type": "Feature", "geometry": {"type": "LineString", "coordinates": [[15.17508, 57.46558], [15.17515, 57.46553]]}, "properties": {"id": "trv-12899:5453-3:96339-0.8617_0.8786", "country": "se", "source": "TRV", "updated": "2026-09-12", "name": "poids max 3.0", "type": "poids_limite", "valeur": 3.0, "franchissable": false, "aussi_ensembles": "nej"}}, {"type": "Feature", "geometry": {"type": "LineString", "coordinates": [[14.45214, 60.90615], [14.45209, 60.9061], [14.45204, 60.90599], [14.45203, 60.90587], [14.45202, 60.90585]]}, "properties": {"id": "trv-12753:299004-3:575886-0.4008_0.5883", "country": "se", "source": "TRV", "updated": "2026-09-12", "name": "poids max 4.0", "type": "poids_limite", "valeur": 4.0, "franchissable": true, "aussi_ensembles": "nej"}}, {"type": "Feature", "geometry": {"type": "LineString", "coordinates": [[16.21508, 60.13562], [16.21521, 60.13574], [16.21567, 60.13615], [16.21624, 60.13665], [16.2168, 60.13713], [16.21704, 60.13734], [16.21707, 60.13736]]}, "properties": {"id": "trv-13651:3225-1000:94670-0.1661_0.3125", "country": "se", "source": "TRV", "updated": "2026-09-12", "name": "poids max 3.5", "type": "poids_limite", "valeur": 3.5, "franchissable": true, "aussi_ensembles": "nej"}}, {"type": "Feature", "geometry": {"type": "LineString", "coordinates": [[13.9311, 61.15179], [13.93137, 61.1518], [13.93186, 61.15178], [13.93218, 61.15175], [13.93261, 61.1517], [13.93311, 61.15164], [13.93339, 61.15162]]}, "properties": {"id": "trv-13646:11020-3:561697-0.7419_0.9388", "country": "se", "source": "TRV", "updated": "2026-09-12", "name": "poids max 4.0", "type": "poids_limite", "valeur": 4.0, "franchissable": true, "aussi_ensembles": "ja"}}, {"type": "Feature", "geometry": {"type": "LineString", "coordinates": [[13.71641, 59.60237], [13.71495, 59.60219]]}, "properties": {"id": "trv-13224:1232-3:683058-0.0000_1.0000", "country": "se", "source": "TRV", "updated": "2026-09-12", "name": "poids max 3.5", "type": "poids_limite", "valeur": 3.5, "franchissable": true, "aussi_ensembles": "nej"}}, {"type": "Feature", "geometry": {"type": "LineString", "coordinates": [[12.15528, 57.69796], [12.15541, 57.69793], [12.15549, 57.69794], [12.15551, 57.69794], [12.15566, 57.69795]]}, "properties": {"id": "trv-13226:57992-3:1364307-0.0000_1.0000", "country": "se", "source": "TRV", "updated": "2026-09-12", "occurrences": 3, "name": "poids max 4.0", "type": "poids_limite", "valeur": 4.0, "franchissable": true, "aussi_ensembles": "ja"}}, {"type": "Feature", "geometry": {"type": "LineString", "coordinates": [[12.15566, 57.69795], [12.15576, 57.69794], [12.15597, 57.69783], [12.15616, 57.69773], [12.15634, 57.69764], [12.15657, 57.6976], [12.15682, 57.69756], [12.1571, 57.69753], [12.15771, 57.69746]]}, "properties": {"id": "trv-13226:57992-3:1364478-0.0000_1.0000", "country": "se", "source": "TRV", "updated": "2026-09-12", "occurrences": 3, "name": "poids max 4.0", "type": "poids_limite", "valeur": 4.0, "franchissable": true, "aussi_ensembles": "ja"}}, {"type": "Feature", "geometry": {"type": "LineString", "coordinates": [[17.73991, 63.1193], [17.74045, 63.11959], [17.74144, 63.12013], [17.74165, 63.12025], [17.74168, 63.12026], [17.74225, 63.12057], [17.74305, 63.121], [17.74352, 63.12127], [17.74359, 63.12131], [17.74466, 63.1219], [17.7448, 63.12199], [17.74635, 63.12284], [17.74649, 63.12292], [17.74784, 63.12368], [17.74879, 63.12419], [17.75003, 63.12488], [17.75092, 63.12537], [17.75183, 63.12587], [17.75277, 63.12638], [17.75334, 63.1267], [17.75425, 63.12721], [17.75457, 63.12739], [17.755, 63.1276], [17.75532, 63.12773], [17.75576, 63.12788]]}, "properties": {"id": "trv-13653:3428-1000:111128-0.0000_1.0000", "country": "se", "source": "TRV", "updated": "2026-09-12", "name": "poids max 4.0", "type": "poids_limite", "valeur": 4.0, "franchissable": true, "aussi_ensembles": "nej"}}, {"type": "Feature", "geometry": {"type": "LineString", "coordinates": [[16.60635, 59.91963], [16.60587, 59.91905]]}, "properties": {"id": "trv-10724:4126-16666:4854-0.0000_1.0000", "country": "se", "source": "TRV", "updated": "2026-09-12", "occurrences": 4, "name": "poids max 3.5", "type": "poids_limite", "valeur": 3.5, "franchissable": true, "aussi_ensembles": "ja"}}, {"type": "Feature", "geometry": {"type": "LineString", "coordinates": [[16.60587, 59.91905], [16.60549, 59.91859]]}, "properties": {"id": "trv-10724:4126-16666:4912-0.0000_1.0000", "country": "se", "source": "TRV", "updated": "2026-09-12", "occurrences": 4, "name": "poids max 3.5", "type": "poids_limite", "valeur": 3.5, "franchissable": true, "aussi_ensembles": "ja"}}, {"type": "Feature", "geometry": {"type": "LineString", "coordinates": [[16.60549, 59.91859], [16.60533, 59.9184]]}, "properties": {"id": "trv-10724:4126-16666:4918-0.0000_1.0000", "country": "se", "source": "TRV", "updated": "2026-09-12", "occurrences": 4, "name": "poids max 3.5", "type": "poids_limite", "valeur": 3.5, "franchissable": true, "aussi_ensembles": "ja"}}, {"type": "Feature", "geometry": {"type": "LineString", "coordinates": [[16.60242, 59.9189], [16.60297, 59.91888]]}, "properties": {"id": "trv-10724:4141-16592:17320-0.0000_1.0000", "country": "se", "source": "TRV", "updated": "2026-09-12", "occurrences": 20, "name": "poids max 3.5", "type": "poids_limite", "valeur": 3.5, "franchissable": true}}, {"type": "Feature", "geometry": {"type": "LineString", "coordinates": [[16.60367, 59.91873], [16.60384, 59.91869], [16.60407, 59.91864], [16.60455, 59.91853], [16.60517, 59.9184], [16.6053, 59.91838], [16.60544, 59.91835], [16.60551, 59.91833], [16.6062, 59.91819], [16.60637, 59.91817]]}, "properties": {"id": "trv-10724:4141-16592:17329-0.0000_1.0000", "country": "se", "source": "TRV", "updated": "2026-09-12", "occurrences": 20, "name": "poids max 3.5", "type": "poids_limite", "valeur": 3.5, "franchissable": true}}, {"type": "Feature", "geometry": {"type": "LineString", "coordinates": [[16.60668, 59.9181], [16.60706, 59.91793]]}, "properties": {"id": "trv-10724:4141-16592:17344-0.0000_1.0000", "country": "se", "source": "TRV", "updated": "2026-09-12", "occurrences": 20, "name": "poids max 3.5", "type": "poids_limite", "valeur": 3.5, "franchissable": true}}, {"type": "Feature", "geometry": {"type": "LineString", "coordinates": [[16.58912, 59.92166], [16.5912, 59.92127], [16.59507, 59.92049], [16.59609, 59.92026]]}, "properties": {"id": "trv-10724:4141-16666:3980-0.1022_1.0000", "country": "se", "source": "TRV", "updated": "2026-09-12", "occurrences": 20, "name": "poids max 3.5", "type": "poids_limite", "valeur": 3.5, "franchissable": true}}, {"type": "Feature", "geometry": {"type": "LineString", "coordinates": [[16.59609, 59.92026], [16.59911, 59.91964]]}, "properties": {"id": "trv-10724:4141-16666:4530-0.0000_1.0000", "country": "se", "source": "TRV", "updated": "2026-09-12", "occurrences": 20, "name": "poids max 3.5", "type": "poids_limite", "valeur": 3.5, "franchissable": true}}, {"type": "Feature", "geometry": {"type": "LineString", "coordinates": [[16.59911, 59.91964], [16.59951, 59.91954], [16.6002, 59.91937], [16.60209, 59.91897], [16.60242, 59.9189]]}, "properties": {"id": "trv-10724:4141-16666:4538-0.0000_0.5600", "country": "se", "source": "TRV", "updated": "2026-09-12", "occurrences": 20, "name": "poids max 3.5", "type": "poids_limite", "valeur": 3.5, "franchissable": true}}, {"type": "Feature", "geometry": {"type": "LineString", "coordinates": [[16.60297, 59.91888], [16.60367, 59.91873]]}, "properties": {"id": "trv-10724:4141-16666:4882-0.5380_1.0000", "country": "se", "source": "TRV", "updated": "2026-09-12", "occurrences": 20, "name": "poids max 3.5", "type": "poids_limite", "valeur": 3.5, "franchissable": true}}, {"type": "Feature", "geometry": {"type": "LineString", "coordinates": [[16.60637, 59.91817], [16.60668, 59.9181]]}, "properties": {"id": "trv-10724:4141-16666:5048-0.0000_0.2829", "country": "se", "source": "TRV", "updated": "2026-09-12", "occurrences": 20, "name": "poids max 3.5", "type": "poids_limite", "valeur": 3.5, "franchissable": true}}, {"type": "Feature", "geometry": {"type": "LineString", "coordinates": [[16.61013, 59.91728], [16.61011, 59.91726], [16.61012, 59.91722], [16.61014, 59.91719], [16.61019, 59.91716], [16.61024, 59.91714]]}, "properties": {"id": "trv-10724:4141-16666:5084-0.0000_1.0000", "country": "se", "source": "TRV", "updated": "2026-09-12", "occurrences": 20, "name": "poids max 3.5", "type": "poids_limite", "valeur": 3.5, "franchissable": true}}, {"type": "Feature", "geometry": {"type": "LineString", "coordinates": [[16.61024, 59.91714], [16.61029, 59.91714], [16.61033, 59.91713], [16.6104, 59.91714], [16.61044, 59.91715], [16.61047, 59.91716], [16.6105, 59.91718], [16.61052, 59.9172]]}, "properties": {"id": "trv-10724:4141-16666:5122-0.0000_1.0000", "country": "se", "source": "TRV", "updated": "2026-09-12", "occurrences": 20, "name": "poids max 3.5", "type": "poids_limite", "valeur": 3.5, "franchissable": true}}, {"type": "Feature", "geometry": {"type": "LineString", "coordinates": [[13.18024, 61.41563], [13.1807, 61.41503], [13.18106, 61.41459], [13.18144, 61.41413], [13.18182, 61.41367], [13.18232, 61.41306], [13.1827, 61.41261], [13.18313, 61.41209], [13.18315, 61.41207], [13.18348, 61.41166], [13.18363, 61.41148], [13.18372, 61.41137], [13.18405, 61.41096], [13.18425, 61.41073], [13.18444, 61.41049], [13.1847, 61.41018], [13.18513, 61.40966], [13.18567, 61.40901], [13.18616, 61.40841], [13.18681, 61.40762], [13.18754, 61.40673], [13.18817, 61.40597], [13.18887, 61.40511], [13.18951, 61.4043], [13.1902, 61.40347], [13.19068, 61.40292], [13.19155, 61.40187], [13.19242, 61.4008], [13.19331, 61.39973], [13.19373, 61.39924], [13.19391, 61.39902], [13.19409, 61.39881], [13.19433, 61.39853], [13.19484, 61.39788], [13.1951, 61.39757], [13.19539, 61.39722], [13.19605, 61.39641], [13.19673, 61.39555], [13.19736, 61.39481], [13.19807, 61.39394], [13.19825, 61.39372], [13.19873, 61.39314], [13.19939, 61.39235], [13.20019, 61.39138], [13.20108, 61.39029], [13.20201, 61.38917], [13.20292, 61.38806], [13.20374, 61.38706], [13.20453, 61.3861], [13.20539, 61.38506], [13.20606, 61.38425], [13.2065, 61.38373]]}, "properties": {"id": "trv-13659:518-3:553778-0.0000_1.0000", "country": "se", "source": "TRV", "updated": "2026-09-12", "occurrences": 4, "name": "poids max 3.0", "type": "poids_limite", "valeur": 3.0, "franchissable": false, "aussi_ensembles": "nej"}}, {"type": "Feature", "geometry": {"type": "LineString", "coordinates": [[13.2065, 61.38373], [13.20676, 61.38342], [13.20744, 61.38258], [13.20848, 61.38132], [13.20903, 61.38065], [13.2091, 61.38056]]}, "properties": {"id": "trv-13659:518-3:553804-0.0000_1.0000", "country": "se", "source": "TRV", "updated": "2026-09-12", "occurrences": 4, "name": "poids max 3.0", "type": "poids_limite", "valeur": 3.0, "franchissable": false, "aussi_ensembles": "nej"}}, {"type": "Feature", "geometry": {"type": "LineString", "coordinates": [[13.2099, 61.37943], [13.20961, 61.37962], [13.20948, 61.37976], [13.20941, 61.37991], [13.2094, 61.38006], [13.20936, 61.38023], [13.20936, 61.38023], [13.20934, 61.38027], [13.2091, 61.38056]]}, "properties": {"id": "trv-13659:518-3:553826-0.0000_1.0000", "country": "se", "source": "TRV", "updated": "2026-09-12", "occurrences": 4, "name": "poids max 3.0", "type": "poids_limite", "valeur": 3.0, "franchissable": false, "aussi_ensembles": "nej"}}, {"type": "Feature", "geometry": {"type": "LineString", "coordinates": [[13.74348, 57.35461], [13.74384, 57.35459], [13.74446, 57.35458], [13.74486, 57.35456], [13.7451, 57.35454], [13.74534, 57.35452], [13.74574, 57.35445], [13.74632, 57.35434], [13.74681, 57.35423], [13.74717, 57.35414], [13.74731, 57.35409], [13.74742, 57.35404], [13.7476, 57.35394], [13.74791, 57.35375], [13.74858, 57.35332], [13.74891, 57.35311], [13.74929, 57.35286], [13.74942, 57.35278], [13.74952, 57.35273], [13.74961, 57.35269], [13.74972, 57.35265], [13.74984, 57.35262], [13.74998, 57.35259], [13.75011, 57.35257], [13.75034, 57.35256]]}, "properties": {"id": "trv-14116:327016-3:105839-0.0000_1.0000", "country": "se", "source": "TRV", "updated": "2026-09-12", "occurrences": 7, "name": "poids max 3.5", "type": "poids_limite", "valeur": 3.5, "franchissable": true, "aussi_ensembles": "nej"}}, {"type": "Feature", "geometry": {"type": "LineString", "coordinates": [[13.75034, 57.35256], [13.75054, 57.35257], [13.75105, 57.35258], [13.75123, 57.35257]]}, "properties": {"id": "trv-14116:327016-3:105838-0.0000_1.0000", "country": "se", "source": "TRV", "updated": "2026-09-12", "occurrences": 7, "name": "poids max 3.5", "type": "poids_limite", "valeur": 3.5, "franchissable": true, "aussi_ensembles": "nej"}}, {"type": "Feature", "geometry": {"type": "LineString", "coordinates": [[13.74148, 57.35461], [13.74164, 57.35464], [13.74168, 57.35465], [13.74193, 57.35469], [13.74205, 57.3547], [13.74218, 57.35469], [13.74314, 57.35462], [13.74348, 57.35461]]}, "properties": {"id": "trv-14116:327016-3:105583-0.0000_1.0000", "country": "se", "source": "TRV", "updated": "2026-09-12", "occurrences": 7, "name": "poids max 3.5", "type": "poids_limite", "valeur": 3.5, "franchissable": true, "aussi_ensembles": "nej"}}, {"type": "Feature", "geometry": {"type": "LineString", "coordinates": [[13.72847, 57.35213], [13.72845, 57.35184], [13.72845, 57.35157], [13.72844, 57.35123], [13.72843, 57.35083], [13.72842, 57.3504], [13.72842, 57.35014], [13.7284, 57.34991]]}, "properties": {"id": "trv-14116:327018-3:106087-0.0000_1.0000", "country": "se", "source": "TRV", "updated": "2026-09-12", "name": "poids max 3.5", "type": "poids_limite", "valeur": 3.5, "franchissable": true, "aussi_ensembles": "nej"}}, {"type": "Feature", "geometry": {"type": "LineString", "coordinates": [[15.8177, 61.37202], [15.8177, 61.37211], [15.8177, 61.37227], [15.8177, 61.3724], [15.8177, 61.37249], [15.81771, 61.37253], [15.81773, 61.37262], [15.81775, 61.37269], [15.81775, 61.37271]]}, "properties": {"id": "trv-14117:156088-3:1154340-0.4828_0.7759", "country": "se", "source": "TRV", "updated": "2026-09-12", "name": "poids max 3.5", "type": "poids_limite", "valeur": 3.5, "franchissable": true, "aussi_ensembles": "nej"}}, {"type": "Feature", "geometry": {"type": "LineString", "coordinates": [[15.82526, 61.38276], [15.82469, 61.38279], [15.82465, 61.38279]]}, "properties": {"id": "trv-14117:156096-3:1153643-0.3798_0.6124", "country": "se", "source": "TRV", "updated": "2026-09-12", "name": "poids max 4.0", "type": "poids_limite", "valeur": 4.0, "franchissable": true, "aussi_ensembles": "nej"}}, {"type": "Feature", "geometry": {"type": "LineString", "coordinates": [[15.01569, 59.5224], [15.01578, 59.52236], [15.01622, 59.52218]]}, "properties": {"id": "trv-10085:192857-3:441223-0.5762_0.7982", "country": "se", "source": "TRV", "updated": "2026-09-12", "name": "poids max 3.0", "type": "poids_limite", "valeur": 3.0, "franchissable": false, "aussi_ensembles": "nej"}}, {"type": "Feature", "geometry": {"type": "LineString", "coordinates": [[16.44013, 57.9515], [16.44017, 57.95153], [16.44019, 57.95154], [16.44032, 57.95158], [16.44058, 57.95164], [16.44059, 57.95164]]}, "properties": {"id": "trv-10085:192865-3:789833-0.0000_0.3393", "country": "se", "source": "TRV", "updated": "2026-09-12", "name": "poids max 4.0", "type": "poids_limite", "valeur": 4.0, "franchissable": true, "aussi_ensembles": "nej"}}, {"type": "Feature", "geometry": {"type": "LineString", "coordinates": [[15.02117, 57.48812], [15.021, 57.48802], [15.02077, 57.48794], [15.02066, 57.4879], [15.02049, 57.48787], [15.02018, 57.48782]]}, "properties": {"id": "trv-14119:83317-3:94435-0.0000_1.0000", "country": "se", "source": "TRV", "updated": "2026-09-12", "name": "poids max 3.5", "type": "poids_limite", "valeur": 3.5, "franchissable": true, "aussi_ensembles": "nej"}}, {"type": "Feature", "geometry": {"type": "LineString", "coordinates": [[16.37461, 61.4784], [16.37475, 61.47842], [16.37577, 61.47857], [16.37633, 61.47865], [16.37678, 61.47872], [16.37691, 61.47874], [16.37693, 61.47874], [16.37704, 61.47875]]}, "properties": {"id": "trv-10041:368464-3:1149772-0.0576_1.0000", "country": "se", "source": "TRV", "updated": "2026-09-12", "occurrences": 4, "name": "poids max 3.5", "type": "poids_limite", "valeur": 3.5, "franchissable": true, "aussi_ensembles": "ja"}}, {"type": "Feature", "geometry": {"type": "LineString", "coordinates": [[14.41425, 60.53014], [14.41298, 60.52929], [14.41274, 60.52913]]}, "properties": {"id": "trv-17001:35654-3:602698-0.4996_1.0000", "country": "se", "source": "TRV", "updated": "2026-09-12", "name": "poids max 2.0", "type": "poids_limite", "valeur": 2.0, "franchissable": false, "aussi_ensembles": "nej"}}, {"type": "Feature", "geometry": {"type": "LineString", "coordinates": [[14.9667, 59.53154], [14.96697, 59.53166]]}, "properties": {"id": "trv-14130:164204-3:440639-0.8551_1.0000", "country": "se", "source": "TRV", "updated": "2026-09-12", "name": "poids max 3.0", "type": "poids_limite", "valeur": 3.0, "franchissable": false, "aussi_ensembles": "ja"}}, {"type": "Feature", "geometry": {"type": "LineString", "coordinates": [[13.28459, 57.20302], [13.28469, 57.20302], [13.2849, 57.20301], [13.28519, 57.20301], [13.28531, 57.203]]}, "properties": {"id": "trv-14132:74409-1000:27825-0.0000_0.3600", "country": "se", "source": "TRV", "updated": "2026-09-12", "name": "poids max 3.5", "type": "poids_limite", "valeur": 3.5, "franchissable": true, "aussi_ensembles": "nej"}}, {"type": "Feature", "geometry": {"type": "LineString", "coordinates": [[13.352, 56.1348], [13.35232, 56.13489], [13.3526, 56.13498], [13.35293, 56.1351], [13.3532, 56.13518], [13.35345, 56.13527], [13.35373, 56.13536], [13.35402, 56.13545], [13.35422, 56.1355], [13.35438, 56.13554], [13.35458, 56.13556], [13.35482, 56.1356], [13.35512, 56.13563], [13.35532, 56.13565], [13.35555, 56.13567], [13.35587, 56.13568], [13.35603, 56.13569], [13.35626, 56.13571], [13.35649, 56.13574], [13.35674, 56.13576], [13.35701, 56.1358], [13.3573, 56.13583], [13.3575, 56.13585], [13.35769, 56.13586], [13.35783, 56.13586], [13.35803, 56.13585], [13.35827, 56.13583], [13.35862, 56.1358], [13.35887, 56.13577]]}, "properties": {"id": "trv-14165:1274-3:1515238-0.0000_1.0000", "country": "se", "source": "TRV", "updated": "2026-09-12", "occurrences": 4, "name": "poids max 3.5", "type": "poids_limite", "valeur": 3.5, "franchissable": true, "aussi_ensembles": "ja"}}, {"type": "Feature", "geometry": {"type": "LineString", "coordinates": [[13.34965, 56.13507], [13.34974, 56.13504], [13.34992, 56.13497], [13.35011, 56.13487], [13.35025, 56.13481], [13.35044, 56.13473], [13.35058, 56.13469], [13.35075, 56.13467], [13.35095, 56.13467], [13.35126, 56.13468], [13.35153, 56.13471], [13.35179, 56.13476], [13.352, 56.1348]]}, "properties": {"id": "trv-14165:1274-3:1515261-0.0000_1.0000", "country": "se", "source": "TRV", "updated": "2026-09-12", "occurrences": 4, "name": "poids max 3.5", "type": "poids_limite", "valeur": 3.5, "franchissable": true, "aussi_ensembles": "ja"}}, {"type": "Feature", "geometry": {"type": "LineString", "coordinates": [[15.94912, 61.33957], [15.94907, 61.33918], [15.94902, 61.33893], [15.94895, 61.33884]]}, "properties": {"id": "trv-14400:196182-3:1156999-0.0000_1.0000", "country": "se", "source": "TRV", "updated": "2026-09-12", "name": "poids max 3.5", "type": "poids_limite", "valeur": 3.5, "franchissable": true, "aussi_ensembles": "nej"}}, {"type": "Feature", "geometry": {"type": "LineString", "coordinates": [[15.81995, 61.3821], [15.81981, 61.38202], [15.81972, 61.38196], [15.81947, 61.38181], [15.81907, 61.38158], [15.81853, 61.38126], [15.81792, 61.38092], [15.81778, 61.38085], [15.81767, 61.38081], [15.8176, 61.38078], [15.8174, 61.38072], [15.81717, 61.38066], [15.81704, 61.38063], [15.81683, 61.38058], [15.81673, 61.38056], [15.81665, 61.38054], [15.81623, 61.38045], [15.81607, 61.38041], [15.81589, 61.38038]]}, "properties": {"id": "trv-14400:196187-3:1153762-0.0000_1.0000", "country": "se", "source": "TRV", "updated": "2026-09-12", "occurrences": 2, "name": "poids max 3.5", "type": "poids_limite", "valeur": 3.5, "franchissable": true, "aussi_ensembles": "nej"}}, {"type": "Feature", "geometry": {"type": "LineString", "coordinates": [[15.82177, 61.38325], [15.82169, 61.38325], [15.82162, 61.38322], [15.82158, 61.38321], [15.82136, 61.38304], [15.82106, 61.38282], [15.82087, 61.38267], [15.82077, 61.3826], [15.82039, 61.38236], [15.82005, 61.38216], [15.81995, 61.3821]]}, "properties": {"id": "trv-14400:196187-3:1153686-0.0000_1.0000", "country": "se", "source": "TRV", "updated": "2026-09-12", "occurrences": 2, "name": "poids max 3.5", "type": "poids_limite", "valeur": 3.5, "franchissable": true, "aussi_ensembles": "nej"}}, {"type": "Feature", "geometry": {"type": "LineString", "coordinates": [[15.17422, 57.46529], [15.17392, 57.46537], [15.17378, 57.4654]]}, "properties": {"id": "trv-14119:83045-3:96341-0.2344_0.3780", "country": "se", "source": "TRV", "updated": "2026-09-12", "name": "poids max 3.0", "type": "poids_limite", "valeur": 3.0, "franchissable": false, "aussi_ensembles": "nej"}}, {"type": "Feature", "geometry": {"type": "LineString", "coordinates": [[15.06941, 60.58664], [15.06935, 60.5867], [15.06933, 60.58675], [15.06933, 60.58681], [15.06937, 60.58692], [15.06946, 60.58708], [15.0696, 60.58731], [15.07002, 60.58792], [15.07046, 60.58857], [15.07046, 60.58857]]}, "properties": {"id": "trv-14412:11816-1000:97650-0.0484_0.4619", "country": "se", "source": "TRV", "updated": "2026-09-12", "name": "poids max 4.0", "type": "poids_limite", "valeur": 4.0, "franchissable": true, "aussi_ensembles": "ja"}}, {"type": "Feature", "geometry": {"type": "LineString", "coordinates": [[16.42831, 57.02596], [16.4283, 57.02593], [16.42829, 57.02586], [16.4283, 57.02578], [16.42833, 57.02571], [16.42837, 57.02566]]}, "properties": {"id": "trv-14413:36665-3:830321-0.1458_0.2917", "country": "se", "source": "TRV", "updated": "2026-09-12", "name": "poids max 2.0", "type": "poids_limite", "valeur": 2.0, "franchissable": false, "aussi_ensembles": "nej"}}, {"type": "Feature", "geometry": {"type": "LineString", "coordinates": [[18.28802, 57.63662], [18.28787, 57.63661], [18.28769, 57.63656], [18.28728, 57.63641], [18.28693, 57.6363], [18.28675, 57.63627], [18.28654, 57.63627], [18.28639, 57.63631], [18.28618, 57.63641]]}, "properties": {"id": "trv-16409:792-3:40831-0.0000_1.0000", "country": "se", "source": "TRV", "updated": "2026-09-12", "name": "poids max 7.0", "type": "poids_limite", "valeur": 7.0, "franchissable": true, "aussi_ensembles": "nej"}}, {"type": "Feature", "geometry": {"type": "LineString", "coordinates": [[15.12173, 59.21659], [15.12157, 59.21649], [15.12148, 59.21639], [15.12143, 59.2163], [15.12142, 59.2162], [15.12147, 59.21602]]}, "properties": {"id": "trv-17241:5205-3:459624-0.0000_1.0000", "country": "se", "source": "TRV", "updated": "2026-09-12", "occurrences": 9, "name": "poids max 4.0", "type": "poids_limite", "valeur": 4.0, "franchissable": true, "aussi_ensembles": "ja"}}, {"type": "Feature", "geometry": {"type": "LineString", "coordinates": [[15.98984, 60.2839], [15.98967, 60.284], [15.98956, 60.28408], [15.98949, 60.28413], [15.98909, 60.28449], [15.98891, 60.28465], [15.9889, 60.28466]]}, "properties": {"id": "trv-14414:125937-3:622134-0.0000_0.4926", "country": "se", "source": "TRV", "updated": "2026-09-12", "name": "poids max 3.5", "type": "poids_limite", "valeur": 3.5, "franchissable": true, "aussi_ensembles": "nej"}}, {"type": "Feature", "geometry": {"type": "LineString", "coordinates": [[15.85388, 57.66577], [15.85363, 57.66579], [15.85333, 57.66582], [15.8532, 57.66583], [15.85305, 57.66585]]}, "properties": {"id": "trv-14435:16702-3:801825-0.0000_1.0000", "country": "se", "source": "TRV", "updated": "2026-09-12", "occurrences": 3, "name": "poids max 3.5", "type": "poids_limite", "valeur": 3.5, "franchissable": true, "aussi_ensembles": "nej"}}, {"type": "Feature", "geometry": {"type": "LineString", "coordinates": [[15.85305, 57.66585], [15.85285, 57.66586], [15.85265, 57.66588], [15.85217, 57.66593], [15.85179, 57.66595], [15.85145, 57.66597]]}, "properties": {"id": "trv-14435:16702-3:801823-0.0000_1.0000", "country": "se", "source": "TRV", "updated": "2026-09-12", "occurrences": 3, "name": "poids max 3.5", "type": "poids_limite", "valeur": 3.5, "franchissable": true, "aussi_ensembles": "nej"}}, {"type": "Feature", "geometry": {"type": "LineString", "coordinates": [[15.84694, 57.66636], [15.84704, 57.66634], [15.84714, 57.66631], [15.84739, 57.66626], [15.8475, 57.66624], [15.84762, 57.66622], [15.84802, 57.66618], [15.84822, 57.66617], [15.84849, 57.66616], [15.84879, 57.66615], [15.84913, 57.66613], [15.84935, 57.6661], [15.84957, 57.66607], [15.8499, 57.66603], [15.85017, 57.66601], [15.85028, 57.66599], [15.85065, 57.66598], [15.85094, 57.66598], [15.85111, 57.66598], [15.85135, 57.66597], [15.85145, 57.66597]]}, "properties": {"id": "trv-14435:16702-3:801810-0.0746_1.0000", "country": "se", "source": "TRV", "updated": "2026-09-12", "occurrences": 3, "name": "poids max 3.5", "type": "poids_limite", "valeur": 3.5, "franchissable": true, "aussi_ensembles": "nej"}}, {"type": "Feature", "geometry": {"type": "LineString", "coordinates": [[15.07207, 58.54896], [15.07328, 58.54837], [15.07331, 58.54836], [15.07333, 58.54834], [15.07334, 58.54832], [15.07335, 58.54832]]}, "properties": {"id": "trv-14122:82453-3:499504-0.0000_0.3444", "country": "se", "source": "TRV", "updated": "2026-09-12", "name": "poids max 3.5", "type": "poids_limite", "valeur": 3.5, "franchissable": true, "aussi_ensembles": "ja"}}, {"type": "Feature", "geometry": {"type": "LineString", "coordinates": [[13.31809, 56.61704], [13.31806, 56.61735], [13.31807, 56.61788], [13.31814, 56.61844], [13.31815, 56.61873], [13.31814, 56.61898], [13.31812, 56.6192], [13.31815, 56.61934], [13.31858, 56.61987], [13.31882, 56.62031], [13.31901, 56.62065], [13.31906, 56.6208], [13.31905, 56.62083]]}, "properties": {"id": "trv-11159:80911-3:277436-0.0000_0.6080", "country": "se", "source": "TRV", "updated": "2026-09-12", "name": "poids max 5.0", "type": "poids_limite", "valeur": 5.0, "franchissable": true, "aussi_ensembles": "nej"}}, {"type": "Feature", "geometry": {"type": "LineString", "coordinates": [[12.11753, 57.66543], [12.11762, 57.66539], [12.11791, 57.66526]]}, "properties": {"id": "trv-11160:20602-3:1372135-0.4667_0.6270", "country": "se", "source": "TRV", "updated": "2026-09-12", "name": "poids max 3.5", "type": "poids_limite", "valeur": 3.5, "franchissable": true, "aussi_ensembles": "nej"}}, {"type": "Feature", "geometry": {"type": "LineString", "coordinates": [[17.01221, 60.933], [17.01212, 60.933], [17.01193, 60.93301]]}, "properties": {"id": "trv-11160:40893-3:1191381-0.6373_0.6672", "country": "se", "source": "TRV", "updated": "2026-09-12", "name": "poids max 4.0", "type": "poids_limite", "valeur": 4.0, "franchissable": true, "aussi_ensembles": "ja"}}, {"type": "Feature", "geometry": {"type": "LineString", "coordinates": [[15.97593, 60.29327], [15.97702, 60.2931], [15.97714, 60.29308], [15.97726, 60.29306]]}, "properties": {"id": "trv-14414:125933-3:621402-0.0000_1.0000", "country": "se", "source": "TRV", "updated": "2026-09-12", "name": "poids max 3.5", "type": "poids_limite", "valeur": 3.5, "franchissable": true, "aussi_ensembles": "nej"}}, {"type": "Feature", "geometry": {"type": "LineString", "coordinates": [[16.54404, 61.8932], [16.54369, 61.89299]]}, "properties": {"id": "trv-14454:48652-3:1130667-0.8168_0.9267", "country": "se", "source": "TRV", "updated": "2026-09-12", "name": "poids max 3.5", "type": "poids_limite", "valeur": 3.5, "franchissable": true, "aussi_ensembles": "nej"}}, {"type": "Feature", "geometry": {"type": "LineString", "coordinates": [[17.1193, 61.75391], [17.11959, 61.75373], [17.11987, 61.75354], [17.1201, 61.7534], [17.12027, 61.7533], [17.12052, 61.75315]]}, "properties": {"id": "trv-14454:48686-3:1138361-0.0000_1.0000", "country": "se", "source": "TRV", "updated": "2026-09-12", "occurrences": 9, "name": "poids max 3.5", "type": "poids_limite", "valeur": 3.5, "franchissable": true, "aussi_ensembles": "nej"}}, {"type": "Feature", "geometry": {"type": "LineString", "coordinates": [[17.11784, 61.75481], [17.11802, 61.75474], [17.11828, 61.75459], [17.11852, 61.75442], [17.11883, 61.75421], [17.1193, 61.75391]]}, "properties": {"id": "trv-14454:48686-3:1138320-0.0000_1.0000", "country": "se", "source": "TRV", "updated": "2026-09-12", "occurrences": 9, "name": "poids max 3.5", "type": "poids_limite", "valeur": 3.5, "franchissable": true, "aussi_ensembles": "nej"}}, {"type": "Feature", "geometry": {"type": "LineString", "coordinates": [[17.11773, 61.75484], [17.11784, 61.75481]]}, "properties": {"id": "trv-14454:48686-3:1138278-0.0000_1.0000", "country": "se", "source": "TRV", "updated": "2026-09-12", "occurrences": 9, "name": "poids max 3.5", "type": "poids_limite", "valeur": 3.5, "franchissable": true, "aussi_ensembles": "nej"}}, {"type": "Feature", "geometry": {"type": "LineString", "coordinates": [[17.11773, 61.75484], [17.11767, 61.75486], [17.11751, 61.75489], [17.1172, 61.75492]]}, "properties": {"id": "trv-14454:48686-3:1138277-0.0000_1.0000", "country": "se", "source": "TRV", "updated": "2026-09-12", "occurrences": 9, "name": "poids max 3.5", "type": "poids_limite", "valeur": 3.5, "franchissable": true, "aussi_ensembles": "nej"}}, {"type": "Feature", "geometry": {"type": "LineString", "coordinates": [[17.1172, 61.75492], [17.1168, 61.75495], [17.11645, 61.75498]]}, "properties": {"id": "trv-14454:48686-3:1138271-0.0000_1.0000", "country": "se", "source": "TRV", "updated": "2026-09-12", "occurrences": 9, "name": "poids max 3.5", "type": "poids_limite", "valeur": 3.5, "franchissable": true, "aussi_ensembles": "nej"}}, {"type": "Feature", "geometry": {"type": "LineString", "coordinates": [[16.11874, 56.70203], [16.11906, 56.70204], [16.12012, 56.70204], [16.12107, 56.70204], [16.12201, 56.70205], [16.12275, 56.70203], [16.12284, 56.70204]]}, "properties": {"id": "trv-14845:182335-3:845160-0.0000_0.9690", "country": "se", "source": "TRV", "updated": "2026-09-12", "name": "poids max 3.5", "type": "poids_limite", "valeur": 3.5, "franchissable": true, "aussi_ensembles": "nej"}}, {"type": "Feature", "geometry": {"type": "LineString", "coordinates": [[15.59502, 57.68764], [15.59498, 57.68778], [15.59496, 57.6879]]}, "properties": {"id": "trv-10086:170467-3:800544-0.7166_0.7819", "country": "se", "source": "TRV", "updated": "2026-09-12", "name": "poids max 3.5", "type": "poids_limite", "valeur": 3.5, "franchissable": true, "aussi_ensembles": "ja"}}, {"type": "Feature", "geometry": {"type": "LineString", "coordinates": [[13.86329, 62.45256], [13.8653, 62.45287], [13.86544, 62.4529], [13.8656, 62.45298], [13.86651, 62.45355], [13.86683, 62.45377], [13.86723, 62.45391], [13.86739, 62.45399], [13.86749, 62.45403], [13.86771, 62.45412], [13.86831, 62.45434], [13.86906, 62.4546], [13.86993, 62.45492], [13.8706, 62.45516]]}, "properties": {"id": "trv-23072:728-3:415395-0.0000_1.0000", "country": "se", "source": "TRV", "updated": "2026-09-12", "name": "poids max 3.0", "type": "poids_limite", "valeur": 3.0, "franchissable": false, "aussi_ensembles": "ja"}}, {"type": "Feature", "geometry": {"type": "LineString", "coordinates": [[14.7485, 57.47474], [14.74847, 57.47469], [14.74836, 57.47453]]}, "properties": {"id": "trv-22972:2020-3:95528-0.7645_0.7824", "country": "se", "source": "TRV", "updated": "2026-09-12", "name": "poids max 1.5", "type": "poids_limite", "valeur": 1.5, "franchissable": false, "aussi_ensembles": "nej"}}, {"type": "Feature", "geometry": {"type": "LineString", "coordinates": [[16.58912, 59.92166], [16.58882, 59.92174], [16.58876, 59.92175], [16.58875, 59.92176], [16.58873, 59.92176], [16.5887, 59.92177], [16.58868, 59.92178], [16.58865, 59.92179], [16.58863, 59.9218], [16.58861, 59.92181], [16.58859, 59.92183], [16.58858, 59.92184], [16.58856, 59.92187]]}, "properties": {"id": "trv-10724:4141-12731:21904-0.0000_1.0000", "country": "se", "source": "TRV", "updated": "2026-09-12", "occurrences": 20, "name": "poids max 3.5", "type": "poids_limite", "valeur": 3.5, "franchissable": true}}, {"type": "Feature", "geometry": {"type": "LineString", "coordinates": [[16.18042, 58.58961], [16.18035, 58.58943]]}, "properties": {"id": "trv-14441:37668-3:494160-0.1532_0.2622", "country": "se", "source": "TRV", "updated": "2026-09-12", "name": "poids max 3.5", "type": "poids_limite", "valeur": 3.5, "franchissable": true, "aussi_ensembles": "nej"}}, {"type": "Feature", "geometry": {"type": "LineString", "coordinates": [[13.95136, 58.17536], [13.95101, 58.17502], [13.95068, 58.17468], [13.95057, 58.17456]]}, "properties": {"id": "trv-14450:65005-3:1300340-0.0000_1.0000", "country": "se", "source": "TRV", "updated": "2026-09-12", "occurrences": 4, "name": "poids max 6.0", "type": "poids_limite", "valeur": 6.0, "franchissable": true, "aussi_ensembles": "ja"}}, {"type": "Feature", "geometry": {"type": "LineString", "coordinates": [[13.95183, 58.17626], [13.9518, 58.17595], [13.95177, 58.17581], [13.95169, 58.17569], [13.95136, 58.17536]]}, "properties": {"id": "trv-14450:65005-3:1300201-0.0000_1.0000", "country": "se", "source": "TRV", "updated": "2026-09-12", "occurrences": 4, "name": "poids max 6.0", "type": "poids_limite", "valeur": 6.0, "franchissable": true, "aussi_ensembles": "ja"}}, {"type": "Feature", "geometry": {"type": "LineString", "coordinates": [[13.9519, 58.17733], [13.95188, 58.17706], [13.95188, 58.17701], [13.95184, 58.17657], [13.95183, 58.17626]]}, "properties": {"id": "trv-14450:65005-3:1300012-0.0000_1.0000", "country": "se", "source": "TRV", "updated": "2026-09-12", "occurrences": 4, "name": "poids max 6.0", "type": "poids_limite", "valeur": 6.0, "franchissable": true, "aussi_ensembles": "ja"}}, {"type": "Feature", "geometry": {"type": "LineString", "coordinates": [[13.95195, 58.17821], [13.95192, 58.17774], [13.9519, 58.17733]]}, "properties": {"id": "trv-14450:65005-3:1299767-0.0000_1.0000", "country": "se", "source": "TRV", "updated": "2026-09-12", "occurrences": 4, "name": "poids max 6.0", "type": "poids_limite", "valeur": 6.0, "franchissable": true, "aussi_ensembles": "ja"}}, {"type": "Feature", "geometry": {"type": "LineString", "coordinates": [[17.02349, 62.34869], [17.02355, 62.34871], [17.02362, 62.34872], [17.02371, 62.34872], [17.0238, 62.34872], [17.02433, 62.34864], [17.02552, 62.34848], [17.02565, 62.34846], [17.02654, 62.34833], [17.02719, 62.34824], [17.02752, 62.3482], [17.02779, 62.34816], [17.02792, 62.34815], [17.02805, 62.34814], [17.02817, 62.34814], [17.02829, 62.34813], [17.02843, 62.34813], [17.02871, 62.34812], [17.02904, 62.34811], [17.02927, 62.34811]]}, "properties": {"id": "trv-15057:552-3:781439-0.0000_0.7687", "country": "se", "source": "TRV", "updated": "2026-09-12", "name": "poids max 3.5", "type": "poids_limite", "valeur": 3.5, "franchissable": true, "aussi_ensembles": "ja"}}, {"type": "Feature", "geometry": {"type": "LineString", "coordinates": [[17.82983, 59.41811], [17.82994, 59.4181], [17.8301, 59.41809], [17.83067, 59.41804], [17.83081, 59.41803], [17.83131, 59.41798], [17.83144, 59.41797], [17.83156, 59.41796], [17.8316, 59.41796], [17.83207, 59.41793], [17.83226, 59.41792], [17.83262, 59.41791], [17.83269, 59.41791], [17.833, 59.41789], [17.83321, 59.41789], [17.83321, 59.41789]]}, "properties": {"id": "trv-15364:2696-3:1099475-0.0229_0.6826", "country": "se", "source": "TRV", "updated": "2026-09-12", "name": "poids max 3.5", "type": "poids_limite", "valeur": 3.5, "franchissable": true, "aussi_ensembles": "nej"}}, {"type": "Feature", "geometry": {"type": "LineString", "coordinates": [[17.8575, 59.39448], [17.85736, 59.39451], [17.85726, 59.39455], [17.85715, 59.3946], [17.85698, 59.39467]]}, "properties": {"id": "trv-15364:2704-3:1046536-0.0000_1.0000", "country": "se", "source": "TRV", "updated": "2026-09-12", "occurrences": 6, "name": "poids max 3.5", "type": "poids_limite", "valeur": 3.5, "franchissable": true, "aussi_ensembles": "nej"}}, {"type": "Feature", "geometry": {"type": "LineString", "coordinates": [[17.86018, 59.39436], [17.8597, 59.39439], [17.85912, 59.39442], [17.858, 59.39446], [17.85771, 59.39447], [17.8575, 59.39448]]}, "properties": {"id": "trv-15364:2704-3:1046552-0.0000_1.0000", "country": "se", "source": "TRV", "updated": "2026-09-12", "occurrences": 6, "name": "poids max 3.5", "type": "poids_limite", "valeur": 3.5, "franchissable": true, "aussi_ensembles": "nej"}}, {"type": "Feature", "geometry": {"type": "LineString", "coordinates": [[17.86176, 59.39422], [17.86098, 59.39429], [17.86018, 59.39436]]}, "properties": {"id": "trv-15364:2704-3:1046561-0.0000_1.0000", "country": "se", "source": "TRV", "updated": "2026-09-12", "occurrences": 6, "name": "poids max 3.5", "type": "poids_limite", "valeur": 3.5, "franchissable": true, "aussi_ensembles": "nej"}}, {"type": "Feature", "geometry": {"type": "LineString", "coordinates": [[15.11997, 60.89124], [15.12142, 60.89112], [15.12323, 60.89097], [15.12464, 60.89085], [15.1248, 60.89083]]}, "properties": {"id": "trv-14449:62310-3:577082-0.0000_1.0000", "country": "se", "source": "TRV", "updated": "2026-09-12", "occurrences": 4, "name": "poids max 3.5", "type": "poids_limite", "valeur": 3.5, "franchissable": true, "aussi_ensembles": "nej"}}, {"type": "Feature", "geometry": {"type": "LineString", "coordinates": [[15.116, 60.89116], [15.11613, 60.89117], [15.1166, 60.89118], [15.11744, 60.8912]]}, "properties": {"id": "trv-14449:62310-3:577061-0.0000_1.0000", "country": "se", "source": "TRV", "updated": "2026-09-12", "occurrences": 4, "name": "poids max 3.5", "type": "poids_limite", "valeur": 3.5, "franchissable": true, "aussi_ensembles": "nej"}}, {"type": "Feature", "geometry": {"type": "LineString", "coordinates": [[15.11744, 60.8912], [15.11838, 60.89122], [15.11883, 60.89122]]}, "properties": {"id": "trv-14449:62310-3:577058-0.0000_1.0000", "country": "se", "source": "TRV", "updated": "2026-09-12", "occurrences": 4, "name": "poids max 3.5", "type": "poids_limite", "valeur": 3.5, "franchissable": true, "aussi_ensembles": "nej"}}, {"type": "Feature", "geometry": {"type": "LineString", "coordinates": [[15.11883, 60.89122], [15.11997, 60.89124]]}, "properties": {"id": "trv-14449:62310-3:577054-0.0000_1.0000", "country": "se", "source": "TRV", "updated": "2026-09-12", "occurrences": 4, "name": "poids max 3.5", "type": "poids_limite", "valeur": 3.5, "franchissable": true, "aussi_ensembles": "nej"}}, {"type": "Feature", "geometry": {"type": "LineString", "coordinates": [[15.13342, 60.88529], [15.13428, 60.88572]]}, "properties": {"id": "trv-14449:62314-3:577401-0.0000_1.0000", "country": "se", "source": "TRV", "updated": "2026-09-12", "occurrences": 16, "name": "poids max 3.5", "type": "poids_limite", "valeur": 3.5, "franchissable": true, "aussi_ensembles": "ja"}}, {"type": "Feature", "geometry": {"type": "LineString", "coordinates": [[15.13428, 60.88572], [15.13433, 60.88575], [15.13534, 60.88625]]}, "properties": {"id": "trv-14449:62314-3:577387-0.0000_1.0000", "country": "se", "source": "TRV", "updated": "2026-09-12", "occurrences": 16, "name": "poids max 3.5", "type": "poids_limite", "valeur": 3.5, "franchissable": true, "aussi_ensembles": "ja"}}, {"type": "Feature", "geometry": {"type": "LineString", "coordinates": [[15.13534, 60.88625], [15.13552, 60.88634], [15.13638, 60.8868], [15.13675, 60.88701], [15.13709, 60.88725], [15.13786, 60.88784], [15.1387, 60.88846], [15.13887, 60.88861], [15.1389, 60.88868]]}, "properties": {"id": "trv-14449:62314-3:577365-0.0000_1.0000", "country": "se", "source": "TRV", "updated": "2026-09-12", "occurrences": 16, "name": "poids max 3.5", "type": "poids_limite", "valeur": 3.5, "franchissable": true, "aussi_ensembles": "ja"}}, {"type": "Feature", "geometry": {"type": "LineString", "coordinates": [[15.1389, 60.88868], [15.1389, 60.88875], [15.13887, 60.88884], [15.13886, 60.88889]]}, "properties": {"id": "trv-14449:62314-3:577232-0.0000_1.0000", "country": "se", "source": "TRV", "updated": "2026-09-12", "occurrences": 16, "name": "poids max 3.5", "type": "poids_limite", "valeur": 3.5, "franchissable": true, "aussi_ensembles": "ja"}}, {"type": "Feature", "geometry": {"type": "LineString", "coordinates": [[15.12064, 60.88215], [15.12061, 60.88221], [15.12047, 60.88235], [15.12029, 60.88251], [15.12013, 60.88263], [15.11967, 60.88293], [15.11931, 60.88317]]}, "properties": {"id": "trv-14449:62318-3:577595-0.0000_1.0000", "country": "se", "source": "TRV", "updated": "2026-09-12", "occurrences": 2, "name": "poids max 3.5", "type": "poids_limite", "valeur": 3.5, "franchissable": true, "aussi_ensembles": "ja"}}, {"type": "Feature", "geometry": {"type": "LineString", "coordinates": [[15.11931, 60.88317], [15.11897, 60.8834], [15.11825, 60.88388], [15.11803, 60.88402], [15.11797, 60.88408], [15.11795, 60.88409], [15.11785, 60.88427]]}, "properties": {"id": "trv-14449:62318-3:577547-0.0000_1.0000", "country": "se", "source": "TRV", "updated": "2026-09-12", "occurrences": 2, "name": "poids max 3.5", "type": "poids_limite", "valeur": 3.5, "franchissable": true, "aussi_ensembles": "ja"}}, {"type": "Feature", "geometry": {"type": "LineString", "coordinates": [[13.50637, 57.57889], [13.5066, 57.57887], [13.50697, 57.57882], [13.50724, 57.57877]]}, "properties": {"id": "trv-15814:541-1000:36378-0.3072_0.3510", "country": "se", "source": "TRV", "updated": "2026-09-12", "name": "poids max 4.0", "type": "poids_limite", "valeur": 4.0, "franchissable": true, "aussi_ensembles": "ja"}}, {"type": "Feature", "geometry": {"type": "LineString", "coordinates": [[17.58408, 59.67821], [17.58395, 59.6781], [17.58389, 59.67805], [17.58384, 59.67799], [17.58373, 59.67789], [17.58364, 59.6778], [17.58355, 59.6777], [17.5835, 59.67763], [17.5834, 59.67745], [17.58337, 59.67737], [17.58336, 59.67727], [17.58336, 59.67722], [17.58336, 59.6772], [17.58337, 59.67716], [17.58339, 59.67709], [17.58344, 59.67699], [17.5835, 59.67691], [17.58359, 59.67678]]}, "properties": {"id": "trv-15057:18649-3:165699-0.0000_1.0000", "country": "se", "source": "TRV", "updated": "2026-09-12", "occurrences": 7, "name": "poids max 3.5", "type": "poids_limite", "valeur": 3.5, "franchissable": true, "aussi_ensembles": "ja"}}, {"type": "Feature", "geometry": {"type": "LineString", "coordinates": [[17.58489, 59.67879], [17.58487, 59.67878], [17.58473, 59.67869], [17.5846, 59.67861], [17.58441, 59.67847], [17.58426, 59.67836], [17.58418, 59.67829], [17.58408, 59.67821]]}, "properties": {"id": "trv-15057:18649-3:165668-0.0000_1.0000", "country": "se", "source": "TRV", "updated": "2026-09-12", "occurrences": 7, "name": "poids max 3.5", "type": "poids_limite", "valeur": 3.5, "franchissable": true, "aussi_ensembles": "ja"}}, {"type": "Feature", "geometry": {"type": "LineString", "coordinates": [[17.80662, 59.46169], [17.80663, 59.46156], [17.80663, 59.46155], [17.80665, 59.46129], [17.80666, 59.46122], [17.80668, 59.4609], [17.80669, 59.46079], [17.80668, 59.46061], [17.80667, 59.46042], [17.80665, 59.46032], [17.80663, 59.46012], [17.80663, 59.46011], [17.80654, 59.45958], [17.80649, 59.45925], [17.80646, 59.45906], [17.80644, 59.45896]]}, "properties": {"id": "trv-15364:2708-3:1038375-0.0000_1.0000", "country": "se", "source": "TRV", "updated": "2026-09-12", "name": "poids max 3.5", "type": "poids_limite", "valeur": 3.5, "franchissable": true, "aussi_ensembles": "nej"}}, {"type": "Feature", "geometry": {"type": "LineString", "coordinates": [[18.32335, 59.39943], [18.32381, 59.40022], [18.32422, 59.40093], [18.32428, 59.40102]]}, "properties": {"id": "trv-16352:1182-1000:81661-0.9465_0.9654", "country": "se", "source": "TRV", "updated": "2026-09-12", "name": "poids max 3.5", "type": "poids_limite", "valeur": 3.5, "franchissable": true, "aussi_ensembles": "ja"}}, {"type": "Feature", "geometry": {"type": "LineString", "coordinates": [[15.91222, 56.74138], [15.9122, 56.74135], [15.91216, 56.74129]]}, "properties": {"id": "trv-14859:9251-13625:4992-0.6400_0.8400", "country": "se", "source": "TRV", "updated": "2026-09-12", "name": "poids max 2.0", "type": "poids_limite", "valeur": 2.0, "franchissable": false, "aussi_ensembles": "nej"}}, {"type": "Feature", "geometry": {"type": "LineString", "coordinates": [[12.28248, 58.29211], [12.28257, 58.29211], [12.28267, 58.29213], [12.28285, 58.29219], [12.28301, 58.29231], [12.28321, 58.2925]]}, "properties": {"id": "trv-16157:757-3:1276474-0.0000_0.4228", "country": "se", "source": "TRV", "updated": "2026-09-12", "occurrences": 2, "name": "poids max 3.5", "type": "poids_limite", "valeur": 3.5, "franchissable": true, "aussi_ensembles": "ja"}}, {"type": "Feature", "geometry": {"type": "LineString", "coordinates": [[12.28111, 58.29227], [12.28139, 58.29228], [12.28161, 58.29228], [12.28185, 58.29223], [12.28214, 58.29215], [12.28235, 58.29211], [12.28248, 58.29211]]}, "properties": {"id": "trv-16157:757-3:1276475-0.0000_1.0000", "country": "se", "source": "TRV", "updated": "2026-09-12", "occurrences": 2, "name": "poids max 3.5", "type": "poids_limite", "valeur": 3.5, "franchissable": true, "aussi_ensembles": "ja"}}, {"type": "Feature", "geometry": {"type": "LineString", "coordinates": [[13.8615, 62.18743], [13.86134, 62.18742], [13.86071, 62.1873], [13.85887, 62.1869], [13.85865, 62.18687], [13.85844, 62.18687], [13.8581, 62.18694], [13.85793, 62.18698]]}, "properties": {"id": "trv-16165:3161720-3:419177-0.0000_0.1588", "country": "se", "source": "TRV", "updated": "2026-09-12", "name": "poids max 3.5", "type": "poids_limite", "valeur": 3.5, "franchissable": true, "aussi_ensembles": "ja"}}, {"type": "Feature", "geometry": {"type": "LineString", "coordinates": [[13.55157, 57.62607], [13.55157, 57.62609], [13.55152, 57.62618], [13.55147, 57.62626], [13.5514, 57.6264]]}, "properties": {"id": "trv-16174:4258-3:1382884-0.8582_0.9895", "country": "se", "source": "TRV", "updated": "2026-09-12", "name": "poids max 2.0", "type": "poids_limite", "valeur": 2.0, "franchissable": false, "aussi_ensembles": "ja"}}, {"type": "Feature", "geometry": {"type": "LineString", "coordinates": [[11.91718, 58.23241], [11.91706, 58.23242]]}, "properties": {"id": "trv-16183:220909-3:1285210-0.6319_0.7469", "country": "se", "source": "TRV", "updated": "2026-09-12", "name": "poids max 3.5", "type": "poids_limite", "valeur": 3.5, "franchissable": true, "aussi_ensembles": "ja"}}, {"type": "Feature", "geometry": {"type": "LineString", "coordinates": [[16.87517, 59.95338], [16.87544, 59.95334]]}, "properties": {"id": "trv-16345:13185-3:8916-0.9787_1.0000", "country": "se", "source": "TRV", "updated": "2026-09-12", "name": "poids max 3.5", "type": "poids_limite", "valeur": 3.5, "franchissable": true, "aussi_ensembles": "nej"}}, {"type": "Feature", "geometry": {"type": "LineString", "coordinates": [[16.17243, 59.79588], [16.1723, 59.79609], [16.17218, 59.7963], [16.17208, 59.79652], [16.17204, 59.7966], [16.17202, 59.79669], [16.17199, 59.79678], [16.17197, 59.79687], [16.17195, 59.79694]]}, "properties": {"id": "trv-16411:4915-3:15553-0.3466_1.0000", "country": "se", "source": "TRV", "updated": "2026-09-12", "name": "poids max 4.0", "type": "poids_limite", "valeur": 4.0, "franchissable": true, "aussi_ensembles": "ja"}}, {"type": "Feature", "geometry": {"type": "LineString", "coordinates": [[16.15675, 59.81522], [16.15675, 59.81522]]}, "properties": {"id": "trv-16411:4924-3:14911-0.9525_1.0000", "country": "se", "source": "TRV", "updated": "2026-09-12", "name": "poids max 4.0", "type": "poids_limite", "valeur": 4.0, "franchissable": true, "aussi_ensembles": "ja"}}, {"type": "Feature", "geometry": {"type": "LineString", "coordinates": [[15.06955, 57.43938], [15.06927, 57.43895], [15.06912, 57.43866], [15.06902, 57.43841], [15.06897, 57.43818]]}, "properties": {"id": "trv-14119:83188-3:98501-0.0000_1.0000", "country": "se", "source": "TRV", "updated": "2026-09-12", "occurrences": 28, "name": "poids max 3.5", "type": "poids_limite", "valeur": 3.5, "franchissable": true, "aussi_ensembles": "nej"}}, {"type": "Feature", "geometry": {"type": "LineString", "coordinates": [[15.06902, 57.43722], [15.069, 57.43729], [15.06894, 57.43754], [15.06893, 57.43761], [15.06893, 57.43792], [15.06897, 57.43818]]}, "properties": {"id": "trv-14119:83188-3:98620-0.0000_1.0000", "country": "se", "source": "TRV", "updated": "2026-09-12", "occurrences": 28, "name": "poids max 3.5", "type": "poids_limite", "valeur": 3.5, "franchissable": true, "aussi_ensembles": "nej"}}, {"type": "Feature", "geometry": {"type": "LineString", "coordinates": [[15.07049, 57.43429], [15.07039, 57.43438], [15.07025, 57.43454], [15.0701, 57.4348], [15.07009, 57.43482], [15.06968, 57.43575], [15.06943, 57.43631], [15.06905, 57.43711], [15.06902, 57.43722]]}, "properties": {"id": "trv-14119:83188-3:98952-0.0000_1.0000", "country": "se", "source": "TRV", "updated": "2026-09-12", "occurrences": 28, "name": "poids max 3.5", "type": "poids_limite", "valeur": 3.5, "franchissable": true, "aussi_ensembles": "nej"}}, {"type": "Feature", "geometry": {"type": "LineString", "coordinates": [[15.0709, 57.43395], [15.0708, 57.43403], [15.07055, 57.43424], [15.07049, 57.43429]]}, "properties": {"id": "trv-14119:83188-3:98994-0.0000_1.0000", "country": "se", "source": "TRV", "updated": "2026-09-12", "occurrences": 28, "name": "poids max 3.5", "type": "poids_limite", "valeur": 3.5, "franchissable": true, "aussi_ensembles": "nej"}}, {"type": "Feature", "geometry": {"type": "LineString", "coordinates": [[15.07177, 57.43347], [15.07124, 57.43376], [15.0709, 57.43395]]}, "properties": {"id": "trv-14119:83188-3:99055-0.0000_1.0000", "country": "se", "source": "TRV", "updated": "2026-09-12", "occurrences": 28, "name": "poids max 3.5", "type": "poids_limite", "valeur": 3.5, "franchissable": true, "aussi_ensembles": "nej"}}, {"type": "Feature", "geometry": {"type": "LineString", "coordinates": [[15.07224, 57.43328], [15.07177, 57.43347]]}, "properties": {"id": "trv-14119:83188-3:99105-0.4721_1.0000", "country": "se", "source": "TRV", "updated": "2026-09-12", "occurrences": 28, "name": "poids max 3.5", "type": "poids_limite", "valeur": 3.5, "franchissable": true, "aussi_ensembles": "nej"}}, {"type": "Feature", "geometry": {"type": "LineString", "coordinates": [[15.0781, 57.43148], [15.07833, 57.4314]]}, "properties": {"id": "trv-14119:83188-3:99327-0.0000_1.0000", "country": "se", "source": "TRV", "updated": "2026-09-12", "occurrences": 28, "name": "poids max 3.5", "type": "poids_limite", "valeur": 3.5, "franchissable": true, "aussi_ensembles": "nej"}}, {"type": "Feature", "geometry": {"type": "LineString", "coordinates": [[15.07833, 57.4314], [15.07852, 57.43133], [15.08004, 57.4308]]}, "properties": {"id": "trv-14119:83188-3:99387-0.0000_1.0000", "country": "se", "source": "TRV", "updated": "2026-09-12", "occurrences": 28, "name": "poids max 3.5", "type": "poids_limite", "valeur": 3.5, "franchissable": true, "aussi_ensembles": "nej"}}, {"type": "Feature", "geometry": {"type": "LineString", "coordinates": [[15.08004, 57.4308], [15.08156, 57.43027], [15.0817, 57.43022]]}, "properties": {"id": "trv-14119:83188-3:99426-0.0000_1.0000", "country": "se", "source": "TRV", "updated": "2026-09-12", "occurrences": 28, "name": "poids max 3.5", "type": "poids_limite", "valeur": 3.5, "franchissable": true, "aussi_ensembles": "nej"}}, {"type": "Feature", "geometry": {"type": "LineString", "coordinates": [[15.0817, 57.43022], [15.08322, 57.42971]]}, "properties": {"id": "trv-14119:83188-3:99499-0.0000_1.0000", "country": "se", "source": "TRV", "updated": "2026-09-12", "occurrences": 28, "name": "poids max 3.5", "type": "poids_limite", "valeur": 3.5, "franchissable": true, "aussi_ensembles": "nej"}}, {"type": "Feature", "geometry": {"type": "LineString", "coordinates": [[15.08322, 57.42971], [15.08337, 57.42965], [15.08572, 57.42881]]}, "properties": {"id": "trv-14119:83188-3:99620-0.0000_1.0000", "country": "se", "source": "TRV", "updated": "2026-09-12", "occurrences": 28, "name": "poids max 3.5", "type": "poids_limite", "valeur": 3.5, "franchissable": true, "aussi_ensembles": "nej"}}, {"type": "Feature", "geometry": {"type": "LineString", "coordinates": [[15.088, 57.42803], [15.0881, 57.428], [15.08819, 57.42797], [15.08974, 57.42759], [15.08975, 57.42758]]}, "properties": {"id": "trv-14119:83188-3:99766-0.0000_1.0000", "country": "se", "source": "TRV", "updated": "2026-09-12", "occurrences": 28, "name": "poids max 3.5", "type": "poids_limite", "valeur": 3.5, "franchissable": true, "aussi_ensembles": "nej"}}, {"type": "Feature", "geometry": {"type": "LineString", "coordinates": [[15.08975, 57.42758], [15.09155, 57.42716]]}, "properties": {"id": "trv-14119:83188-3:99828-0.0000_1.0000", "country": "se", "source": "TRV", "updated": "2026-09-12", "occurrences": 28, "name": "poids max 3.5", "type": "poids_limite", "valeur": 3.5, "franchissable": true, "aussi_ensembles": "nej"}}, {"type": "Feature", "geometry": {"type": "LineString", "coordinates": [[16.82374, 59.68918], [16.82417, 59.68921], [16.82443, 59.68923], [16.82457, 59.68924], [16.8248, 59.68923], [16.825, 59.68924], [16.82524, 59.68926], [16.82583, 59.68933], [16.82603, 59.68937], [16.82624, 59.68942], [16.82751, 59.68987], [16.82839, 59.69017], [16.82894, 59.69037], [16.82991, 59.6907], [16.83053, 59.69092], [16.83087, 59.69101]]}, "properties": {"id": "trv-16354:6006-3:165606-0.0000_1.0000", "country": "se", "source": "TRV", "updated": "2026-09-12", "occurrences": 2, "name": "poids max 6.0", "type": "poids_limite", "valeur": 6.0, "franchissable": true, "aussi_ensembles": "ja"}}, {"type": "Feature", "geometry": {"type": "LineString", "coordinates": [[16.82289, 59.68879], [16.82299, 59.68884], [16.82302, 59.68886], [16.82301, 59.68888], [16.82296, 59.68892], [16.82295, 59.68895]]}, "properties": {"id": "trv-16354:6010-3:18814-0.0000_0.2620", "country": "se", "source": "TRV", "updated": "2026-09-12", "name": "poids max 6.0", "type": "poids_limite", "valeur": 6.0, "franchissable": true, "aussi_ensembles": "ja"}}, {"type": "Feature", "geometry": {"type": "LineString", "coordinates": [[17.11915, 59.63875], [17.11923, 59.63875], [17.11944, 59.63875], [17.11966, 59.63873], [17.11972, 59.63871], [17.11982, 59.63869], [17.11993, 59.63863], [17.12, 59.63858], [17.12004, 59.63854], [17.12007, 59.63849], [17.12009, 59.63843], [17.12012, 59.63829], [17.12016, 59.63813], [17.12017, 59.63806], [17.12019, 59.638], [17.12021, 59.63796], [17.12023, 59.63794], [17.12027, 59.63792], [17.12032, 59.63791], [17.12037, 59.6379], [17.12044, 59.63788], [17.12052, 59.63787], [17.12081, 59.63785], [17.12149, 59.63778], [17.1221, 59.63772], [17.12257, 59.63768], [17.12301, 59.63764], [17.12396, 59.63754], [17.12423, 59.63752], [17.12455, 59.63748], [17.12567, 59.63738], [17.12623, 59.63733], [17.1269, 59.63727], [17.12725, 59.63723], [17.12737, 59.63722], [17.12744, 59.63721], [17.12758, 59.63721], [17.12772, 59.6372], [17.12787, 59.6372], [17.12796, 59.63721]]}, "properties": {"id": "trv-16354:7026-3:167199-0.0000_0.9014", "country": "se", "source": "TRV", "updated": "2026-09-12", "name": "poids max 4.0", "type": "poids_limite", "valeur": 4.0, "franchissable": true, "aussi_ensembles": "ja"}}, {"type": "Feature", "geometry": {"type": "LineString", "coordinates": [[17.20406, 59.92685], [17.20327, 59.92693], [17.20166, 59.92709], [17.20017, 59.92724], [17.19862, 59.9274], [17.1974, 59.92753], [17.1963, 59.92764], [17.19505, 59.92777], [17.19418, 59.92786], [17.19316, 59.92796], [17.19185, 59.9281], [17.19096, 59.92819], [17.1906, 59.92823]]}, "properties": {"id": "trv-16354:8132-3:153273-0.2397_0.9955", "country": "se", "source": "TRV", "updated": "2026-09-12", "name": "poids max 4.0", "type": "poids_limite", "valeur": 4.0, "franchissable": true, "aussi_ensembles": "ja"}}, {"type": "Feature", "geometry": {"type": "LineString", "coordinates": [[13.97487, 55.71753], [13.97487, 55.71765], [13.97487, 55.71767]]}, "properties": {"id": "trv-16531:5868-3:1560580-0.6532_0.7827", "country": "se", "source": "TRV", "updated": "2026-09-12", "name": "poids max 3.5", "type": "poids_limite", "valeur": 3.5, "franchissable": true, "aussi_ensembles": "nej"}}, {"type": "Feature", "geometry": {"type": "LineString", "coordinates": [[17.87352, 59.20334], [17.87334, 59.20346], [17.87288, 59.20376], [17.87249, 59.20401], [17.87229, 59.20414], [17.87213, 59.20424], [17.87197, 59.20431], [17.87182, 59.20437], [17.87165, 59.20442], [17.87146, 59.20445], [17.87131, 59.20447], [17.87103, 59.20449], [17.87047, 59.20452], [17.86955, 59.20455], [17.86938, 59.20456], [17.8687, 59.20456], [17.86827, 59.20455], [17.86723, 59.20452], [17.86637, 59.2045], [17.86533, 59.20448], [17.86486, 59.20447]]}, "properties": {"id": "trv-16414:1-3:1081030-0.0000_1.0000", "country": "se", "source": "TRV", "updated": "2026-09-12", "occurrences": 4, "name": "poids max 3.5", "type": "poids_limite", "valeur": 3.5, "franchissable": true, "aussi_ensembles": "nej"}}, {"type": "Feature", "geometry": {"type": "LineString", "coordinates": [[17.85852, 59.20431], [17.85821, 59.2043], [17.85782, 59.20428], [17.85755, 59.20426]]}, "properties": {"id": "trv-16414:1-3:1080957-0.0000_1.0000", "country": "se", "source": "TRV", "updated": "2026-09-12", "occurrences": 4, "name": "poids max 3.5", "type": "poids_limite", "valeur": 3.5, "franchissable": true, "aussi_ensembles": "nej"}}, {"type": "Feature", "geometry": {"type": "LineString", "coordinates": [[17.86486, 59.20447], [17.86442, 59.20446], [17.8631, 59.20443], [17.86163, 59.2044], [17.86061, 59.20437], [17.85908, 59.20434], [17.85852, 59.20431]]}, "properties": {"id": "trv-16414:1-3:1080952-0.0000_1.0000", "country": "se", "source": "TRV", "updated": "2026-09-12", "occurrences": 4, "name": "poids max 3.5", "type": "poids_limite", "valeur": 3.5, "franchissable": true, "aussi_ensembles": "nej"}}, {"type": "Feature", "geometry": {"type": "LineString", "coordinates": [[14.41221, 60.55948], [14.41255, 60.55954]]}, "properties": {"id": "trv-16540:13220-3:600077-0.1151_0.2290", "country": "se", "source": "TRV", "updated": "2026-09-12", "name": "poids max 4.0", "type": "poids_limite", "valeur": 4.0, "franchissable": true, "aussi_ensembles": "nej"}}, {"type": "Feature", "geometry": {"type": "LineString", "coordinates": [[17.79838, 59.19766], [17.79825, 59.1975], [17.79803, 59.19724], [17.798, 59.19719], [17.79799, 59.19714], [17.79799, 59.1971], [17.798, 59.19706], [17.79803, 59.19702], [17.79807, 59.19698], [17.79812, 59.19695]]}, "properties": {"id": "trv-16418:158-3:1082133-0.0000_1.0000", "country": "se", "source": "TRV", "updated": "2026-09-12", "name": "poids max 3.5", "type": "poids_limite", "valeur": 3.5, "franchissable": true, "aussi_ensembles": "nej"}}, {"type": "Feature", "geometry": {"type": "LineString", "coordinates": [[14.41975, 60.55354], [14.4195, 60.55341]]}, "properties": {"id": "trv-16540:13216-3:600470-0.1056_0.1763", "country": "se", "source": "TRV", "updated": "2026-09-12", "name": "poids max 4.0", "type": "poids_limite", "valeur": 4.0, "franchissable": true, "aussi_ensembles": "nej"}}, {"type": "Feature", "geometry": {"type": "LineString", "coordinates": [[16.23247, 61.31389], [16.23246, 61.31387], [16.23242, 61.31382], [16.23219, 61.3134], [16.23217, 61.31335]]}, "properties": {"id": "trv-16520:185-3:1159280-0.1989_0.2464", "country": "se", "source": "TRV", "updated": "2026-09-12", "name": "poids max 4.0", "type": "poids_limite", "valeur": 4.0, "franchissable": true, "aussi_ensembles": "ja"}}, {"type": "Feature", "geometry": {"type": "LineString", "coordinates": [[19.64166, 65.15721], [19.64167, 65.15721], [19.64196, 65.15734]]}, "properties": {"id": "trv-16541:2169-3:935614-0.1994_0.2155", "country": "se", "source": "TRV", "updated": "2026-09-12", "name": "poids max 4.0", "type": "poids_limite", "valeur": 4.0, "franchissable": true, "aussi_ensembles": "ja"}}, {"type": "Feature", "geometry": {"type": "LineString", "coordinates": [[11.99463, 58.39713], [11.99459, 58.39717]]}, "properties": {"id": "trv-16549:33407-3:1255286-0.5289_0.5369", "country": "se", "source": "TRV", "updated": "2026-09-12", "name": "poids max 3.0", "type": "poids_limite", "valeur": 3.0, "franchissable": false, "aussi_ensembles": "ja"}}, {"type": "Feature", "geometry": {"type": "LineString", "coordinates": [[18.08228, 59.35693], [18.08253, 59.35699], [18.08273, 59.35704], [18.08309, 59.35716], [18.0833, 59.35725], [18.08344, 59.35735], [18.08358, 59.35755], [18.08372, 59.35778], [18.08391, 59.35815], [18.08402, 59.35838], [18.08408, 59.35864], [18.08409, 59.35879], [18.08411, 59.35881]]}, "properties": {"id": "trv-16566:9493-16507:9079-0.0000_1.0000", "country": "se", "source": "TRV", "updated": "2026-09-12", "name": "poids max 7.5", "type": "poids_limite", "valeur": 7.5, "franchissable": true, "aussi_ensembles": "nej"}}, {"type": "Feature", "geometry": {"type": "LineString", "coordinates": [[18.08041, 59.35701], [18.08004, 59.35697], [18.07831, 59.35675], [18.07769, 59.35667], [18.07726, 59.3566]]}, "properties": {"id": "trv-16566:9609-16507:8019-0.0000_1.0000", "country": "se", "source": "TRV", "updated": "2026-09-12", "occurrences": 5, "name": "poids max 3.5", "type": "poids_limite", "valeur": 3.5, "franchissable": true, "aussi_ensembles": "nej"}}, {"type": "Feature", "geometry": {"type": "LineString", "coordinates": [[18.06161, 59.35639], [18.06165, 59.35639], [18.06294, 59.35653], [18.06303, 59.35655]]}, "properties": {"id": "trv-16566:9609-16507:8659-0.0000_1.0000", "country": "se", "source": "TRV", "updated": "2026-09-12", "occurrences": 5, "name": "poids max 3.5", "type": "poids_limite", "valeur": 3.5, "franchissable": true, "aussi_ensembles": "nej"}}, {"type": "Feature", "geometry": {"type": "LineString", "coordinates": [[18.06038, 59.35624], [18.06073, 59.3563], [18.06161, 59.35639]]}, "properties": {"id": "trv-16566:9609-16507:8667-0.0000_1.0000", "country": "se", "source": "TRV", "updated": "2026-09-12", "occurrences": 5, "name": "poids max 3.5", "type": "poids_limite", "valeur": 3.5, "franchissable": true, "aussi_ensembles": "nej"}}, {"type": "Feature", "geometry": {"type": "LineString", "coordinates": [[16.60891, 59.91971], [16.60847, 59.91918]]}, "properties": {"id": "trv-16586:8963-16666:4794-0.0000_1.0000", "country": "se", "source": "TRV", "updated": "2026-09-12", "occurrences": 3, "name": "poids max 3.5", "type": "poids_limite", "valeur": 3.5, "franchissable": true, "aussi_ensembles": "ja"}}, {"type": "Feature", "geometry": {"type": "LineString", "coordinates": [[16.60847, 59.91918], [16.608, 59.9186]]}, "properties": {"id": "trv-16586:8963-16666:4976-0.0000_1.0000", "country": "se", "source": "TRV", "updated": "2026-09-12", "occurrences": 3, "name": "poids max 3.5", "type": "poids_limite", "valeur": 3.5, "franchissable": true, "aussi_ensembles": "ja"}}, {"type": "Feature", "geometry": {"type": "LineString", "coordinates": [[16.608, 59.9186], [16.60746, 59.91794]]}, "properties": {"id": "trv-16586:8963-16666:4990-0.0000_1.0000", "country": "se", "source": "TRV", "updated": "2026-09-12", "occurrences": 3, "name": "poids max 3.5", "type": "poids_limite", "valeur": 3.5, "franchissable": true, "aussi_ensembles": "ja"}}, {"type": "Feature", "geometry": {"type": "LineString", "coordinates": [[23.6431, 66.04867], [23.64268, 66.04892], [23.64262, 66.04895]]}, "properties": {"id": "trv-16587:5001-3:886779-0.8983_1.0000", "country": "se", "source": "TRV", "updated": "2026-09-12", "name": "poids max 7.0", "type": "poids_limite", "valeur": 7.0, "franchissable": true, "aussi_ensembles": "nej"}}, {"type": "Feature", "geometry": {"type": "LineString", "coordinates": [[15.50107, 58.50481], [15.50098, 58.50476]]}, "properties": {"id": "trv-16592:38126-3:503598-0.8679_0.9042", "country": "se", "source": "TRV", "updated": "2026-09-12", "name": "poids max 3.5", "type": "poids_limite", "valeur": 3.5, "franchissable": true, "aussi_ensembles": "ja"}}, {"type": "Feature", "geometry": {"type": "LineString", "coordinates": [[18.58208, 59.27166], [18.58208, 59.27166], [18.58168, 59.27159]]}, "properties": {"id": "trv-16592:59974-3:1068873-0.4160_0.4576", "country": "se", "source": "TRV", "updated": "2026-09-12", "name": "poids max 1.6", "type": "poids_limite", "valeur": 1.6, "franchissable": false, "aussi_ensembles": "nej"}}, {"type": "Feature", "geometry": {"type": "LineString", "coordinates": [[14.72855, 60.45404], [14.72866, 60.45456], [14.72881, 60.45527], [14.729, 60.45599]]}, "properties": {"id": "trv-16594:17031-3:610207-0.0000_1.0000", "country": "se", "source": "TRV", "updated": "2026-09-12", "name": "poids max 4.0", "type": "poids_limite", "valeur": 4.0, "franchissable": true, "aussi_ensembles": "nej"}}, {"type": "Feature", "geometry": {"type": "LineString", "coordinates": [[16.88262, 61.534], [16.88249, 61.53407]]}, "properties": {"id": "trv-16594:17750-3:1147862-0.0383_0.1149", "country": "se", "source": "TRV", "updated": "2026-09-12", "name": "poids max 4.0", "type": "poids_limite", "valeur": 4.0, "franchissable": true, "aussi_ensembles": "ja"}}, {"type": "Feature", "geometry": {"type": "LineString", "coordinates": [[15.84633, 57.66647], [15.84658, 57.66642], [15.84673, 57.6664], [15.84683, 57.66638], [15.84694, 57.66636]]}, "properties": {"id": "trv-16586:124453-16586:124381-0.0000_1.0000", "country": "se", "source": "TRV", "updated": "2026-09-12", "occurrences": 2, "name": "poids max 3.5", "type": "poids_limite", "valeur": 3.5, "franchissable": true, "aussi_ensembles": "nej"}}, {"type": "Feature", "geometry": {"type": "LineString", "coordinates": [[15.84691, 57.66654], [15.84691, 57.66648], [15.84691, 57.66646], [15.84691, 57.66642], [15.84692, 57.66639], [15.84694, 57.66636]]}, "properties": {"id": "trv-16586:124453-16586:124386-0.0000_1.0000", "country": "se", "source": "TRV", "updated": "2026-09-12", "occurrences": 2, "name": "poids max 3.5", "type": "poids_limite", "valeur": 3.5, "franchissable": true, "aussi_ensembles": "nej"}}, {"type": "Feature", "geometry": {"type": "LineString", "coordinates": [[15.99263, 60.03123], [15.99258, 60.03126], [15.99231, 60.03141], [15.99207, 60.03153], [15.99177, 60.03172], [15.9915, 60.03189], [15.99125, 60.0321], [15.99098, 60.03233], [15.99066, 60.03261]]}, "properties": {"id": "trv-16984:49338-3:5943-0.1119_1.0000", "country": "se", "source": "TRV", "updated": "2026-09-12", "name": "poids max 4.0", "type": "poids_limite", "valeur": 4.0, "franchissable": true, "aussi_ensembles": "ja"}}, {"type": "Feature", "geometry": {"type": "LineString", "coordinates": [[15.97496, 60.03577], [15.97489, 60.03569]]}, "properties": {"id": "trv-16984:49342-3:5763-0.5299_1.0000", "country": "se", "source": "TRV", "updated": "2026-09-12", "name": "poids max 4.0", "type": "poids_limite", "valeur": 4.0, "franchissable": true, "aussi_ensembles": "ja"}}, {"type": "Feature", "geometry": {"type": "LineString", "coordinates": [[15.95463, 60.04552], [15.95453, 60.04548], [15.95445, 60.04544], [15.95437, 60.04541]]}, "properties": {"id": "trv-16984:49385-3:5463-0.9335_1.0000", "country": "se", "source": "TRV", "updated": "2026-09-12", "name": "poids max 4.0", "type": "poids_limite", "valeur": 4.0, "franchissable": true, "aussi_ensembles": "ja"}}, {"type": "Feature", "geometry": {"type": "LineString", "coordinates": [[15.96984, 60.03799], [15.96994, 60.03811], [15.96999, 60.03828]]}, "properties": {"id": "trv-16984:49389-3:5687-0.0000_0.3604", "country": "se", "source": "TRV", "updated": "2026-09-12", "occurrences": 2, "name": "poids max 4.0", "type": "poids_limite", "valeur": 4.0, "franchissable": true, "aussi_ensembles": "ja"}}, {"type": "Feature", "geometry": {"type": "LineString", "coordinates": [[15.96874, 60.03754], [15.96882, 60.03758], [15.96897, 60.03761], [15.96915, 60.03764], [15.96931, 60.03768], [15.96948, 60.03773], [15.96959, 60.03778], [15.96969, 60.03785], [15.96974, 60.03788], [15.96984, 60.03799]]}, "properties": {"id": "trv-16984:49389-3:5716-0.2407_1.0000", "country": "se", "source": "TRV", "updated": "2026-09-12", "occurrences": 2, "name": "poids max 4.0", "type": "poids_limite", "valeur": 4.0, "franchissable": true, "aussi_ensembles": "ja"}}, {"type": "Feature", "geometry": {"type": "LineString", "coordinates": [[12.266, 57.10276], [12.266, 57.10268], [12.2659, 57.10238], [12.26577, 57.10199], [12.26557, 57.10142]]}, "properties": {"id": "trv-16666:37044-3:248356-0.0000_1.0000", "country": "se", "source": "TRV", "updated": "2026-09-12", "occurrences": 2, "name": "poids max 3.5", "type": "poids_limite", "valeur": 3.5, "franchissable": true, "aussi_ensembles": "ja"}}, {"type": "Feature", "geometry": {"type": "LineString", "coordinates": [[13.48203, 58.5317], [13.48225, 58.53169], [13.48275, 58.53164], [13.48331, 58.53159], [13.4836, 58.53156], [13.48377, 58.53154]]}, "properties": {"id": "trv-16728:1099-3:1240238-0.0000_1.0000", "country": "se", "source": "TRV", "updated": "2026-09-12", "occurrences": 5, "name": "poids max 3.5", "type": "poids_limite", "valeur": 3.5, "franchissable": true, "aussi_ensembles": "nej"}}, {"type": "Feature", "geometry": {"type": "LineString", "coordinates": [[13.48377, 58.53154], [13.48412, 58.53151], [13.48474, 58.53146], [13.48521, 58.53141]]}, "properties": {"id": "trv-16728:1099-3:1240274-0.0000_1.0000", "country": "se", "source": "TRV", "updated": "2026-09-12", "occurrences": 5, "name": "poids max 3.5", "type": "poids_limite", "valeur": 3.5, "franchissable": true, "aussi_ensembles": "nej"}}, {"type": "Feature", "geometry": {"type": "LineString", "coordinates": [[13.48521, 58.53141], [13.48566, 58.53137], [13.48593, 58.53134]]}, "properties": {"id": "trv-16728:1099-3:1240287-0.0000_1.0000", "country": "se", "source": "TRV", "updated": "2026-09-12", "occurrences": 5, "name": "poids max 3.5", "type": "poids_limite", "valeur": 3.5, "franchissable": true, "aussi_ensembles": "nej"}}, {"type": "Feature", "geometry": {"type": "LineString", "coordinates": [[13.48593, 58.53134], [13.48708, 58.53124], [13.48747, 58.5312]]}, "properties": {"id": "trv-16728:1099-3:1240311-0.0000_1.0000", "country": "se", "source": "TRV", "updated": "2026-09-12", "occurrences": 5, "name": "poids max 3.5", "type": "poids_limite", "valeur": 3.5, "franchissable": true, "aussi_ensembles": "nej"}}, {"type": "Feature", "geometry": {"type": "LineString", "coordinates": [[13.47885, 58.53097], [13.47883, 58.53115], [13.47877, 58.53144], [13.4787, 58.53176]]}, "properties": {"id": "trv-16728:1103-3:1240331-0.0000_1.0000", "country": "se", "source": "TRV", "updated": "2026-09-12", "occurrences": 5, "name": "poids max 3.5", "type": "poids_limite", "valeur": 3.5, "franchissable": true, "aussi_ensembles": "ja"}}, {"type": "Feature", "geometry": {"type": "LineString", "coordinates": [[13.47908, 58.53024], [13.47903, 58.53042], [13.4789, 58.5308], [13.47886, 58.53095], [13.47885, 58.53097]]}, "properties": {"id": "trv-16728:1103-3:1240414-0.0000_1.0000", "country": "se", "source": "TRV", "updated": "2026-09-12", "occurrences": 5, "name": "poids max 3.5", "type": "poids_limite", "valeur": 3.5, "franchissable": true, "aussi_ensembles": "ja"}}, {"type": "Feature", "geometry": {"type": "LineString", "coordinates": [[13.4794, 58.52929], [13.47922, 58.52982], [13.47908, 58.53024]]}, "properties": {"id": "trv-16728:1103-3:1240555-0.0000_1.0000", "country": "se", "source": "TRV", "updated": "2026-09-12", "occurrences": 5, "name": "poids max 3.5", "type": "poids_limite", "valeur": 3.5, "franchissable": true, "aussi_ensembles": "ja"}}, {"type": "Feature", "geometry": {"type": "LineString", "coordinates": [[13.47959, 58.52822], [13.47954, 58.52858], [13.47946, 58.52904], [13.47941, 58.52925], [13.4794, 58.52929]]}, "properties": {"id": "trv-16728:1103-3:1240745-0.0000_1.0000", "country": "se", "source": "TRV", "updated": "2026-09-12", "occurrences": 5, "name": "poids max 3.5", "type": "poids_limite", "valeur": 3.5, "franchissable": true, "aussi_ensembles": "ja"}}, {"type": "Feature", "geometry": {"type": "LineString", "coordinates": [[13.47972, 58.52736], [13.47967, 58.52767], [13.47963, 58.52796], [13.47959, 58.52822]]}, "properties": {"id": "trv-16728:1103-3:1240878-0.0000_1.0000", "country": "se", "source": "TRV", "updated": "2026-09-12", "occurrences": 5, "name": "poids max 3.5", "type": "poids_limite", "valeur": 3.5, "franchissable": true, "aussi_ensembles": "ja"}}, {"type": "Feature", "geometry": {"type": "LineString", "coordinates": [[13.4835, 58.53078], [13.48355, 58.53091], [13.48365, 58.53121], [13.48377, 58.53154]]}, "properties": {"id": "trv-16728:1107-3:1240359-0.0000_1.0000", "country": "se", "source": "TRV", "updated": "2026-09-12", "occurrences": 5, "name": "poids max 3.5", "type": "poids_limite", "valeur": 3.5, "franchissable": true, "aussi_ensembles": "ja"}}, {"type": "Feature", "geometry": {"type": "LineString", "coordinates": [[13.48327, 58.53008], [13.4833, 58.53014], [13.48343, 58.53055], [13.4835, 58.53078]]}, "properties": {"id": "trv-16728:1107-3:1240450-0.0000_1.0000", "country": "se", "source": "TRV", "updated": "2026-09-12", "occurrences": 5, "name": "poids max 3.5", "type": "poids_limite", "valeur": 3.5, "franchissable": true, "aussi_ensembles": "ja"}}, {"type": "Feature", "geometry": {"type": "LineString", "coordinates": [[14.37345, 59.23173], [14.37273, 59.23146], [14.37209, 59.23121], [14.37141, 59.23094], [14.37096, 59.23076], [14.37052, 59.23059], [14.36995, 59.23037], [14.36939, 59.23014], [14.36871, 59.22987], [14.36789, 59.22955], [14.36713, 59.22923], [14.36655, 59.22895], [14.3659, 59.22864], [14.36544, 59.22842], [14.36519, 59.22827], [14.36501, 59.22812], [14.36486, 59.22795], [14.36475, 59.22777], [14.36456, 59.22747], [14.36436, 59.22715], [14.36419, 59.22688]]}, "properties": {"id": "trv-16651:11433-3:458778-0.0000_1.0000", "country": "se", "source": "TRV", "updated": "2026-09-12", "occurrences": 3, "name": "poids max 3.5", "type": "poids_limite", "valeur": 3.5, "franchissable": true, "aussi_ensembles": "ja"}}, {"type": "Feature", "geometry": {"type": "LineString", "coordinates": [[14.36419, 59.22688], [14.36397, 59.22652], [14.36376, 59.22624], [14.36354, 59.22594], [14.36327, 59.22564], [14.36322, 59.2256], [14.36288, 59.22529], [14.36253, 59.22503], [14.36218, 59.22477], [14.36188, 59.22456], [14.36136, 59.22418], [14.36102, 59.22393], [14.36083, 59.22378], [14.3608, 59.22374], [14.36077, 59.22368], [14.36072, 59.22353]]}, "properties": {"id": "trv-16651:11433-3:458925-0.0000_1.0000", "country": "se", "source": "TRV", "updated": "2026-09-12", "occurrences": 3, "name": "poids max 3.5", "type": "poids_limite", "valeur": 3.5, "franchissable": true, "aussi_ensembles": "ja"}}, {"type": "Feature", "geometry": {"type": "LineString", "coordinates": [[14.39052, 59.23554], [14.39026, 59.23554], [14.38989, 59.23556], [14.38955, 59.23562], [14.38922, 59.23571], [14.38898, 59.23581], [14.38846, 59.23605], [14.38821, 59.23614], [14.38794, 59.23621], [14.38775, 59.23624], [14.38716, 59.23632], [14.38633, 59.23647], [14.38574, 59.23657], [14.38473, 59.23677], [14.38472, 59.23677], [14.38468, 59.23678], [14.38464, 59.23678], [14.38374, 59.23695], [14.38353, 59.237], [14.38292, 59.23715], [14.38257, 59.23723], [14.38233, 59.23729], [14.38217, 59.23731], [14.38201, 59.23731], [14.38187, 59.23729], [14.38166, 59.23724], [14.38145, 59.23715], [14.38125, 59.23703]]}, "properties": {"id": "trv-16651:11437-3:458071-0.0000_1.0000", "country": "se", "source": "TRV", "updated": "2026-09-12", "name": "poids max 3.5", "type": "poids_limite", "valeur": 3.5, "franchissable": true, "aussi_ensembles": "ja"}}, {"type": "Feature", "geometry": {"type": "LineString", "coordinates": [[13.47473, 58.53137], [13.47475, 58.53138], [13.47485, 58.5314], [13.4753, 58.5315], [13.4755, 58.53153], [13.47575, 58.53156], [13.47625, 58.53162], [13.47631, 58.53163], [13.47679, 58.53167], [13.47726, 58.53171], [13.47777, 58.53173], [13.47824, 58.53175], [13.47864, 58.53176], [13.4787, 58.53176]]}, "properties": {"id": "trv-16728:1095-3:1240235-0.0000_1.0000", "country": "se", "source": "TRV", "updated": "2026-09-12", "occurrences": 2, "name": "poids max 3.5", "type": "poids_limite", "valeur": 3.5, "franchissable": true, "aussi_ensembles": "ja"}}, {"type": "Feature", "geometry": {"type": "LineString", "coordinates": [[13.47396, 58.53121], [13.47402, 58.53122], [13.47423, 58.53127], [13.47455, 58.53134], [13.47473, 58.53137]]}, "properties": {"id": "trv-16728:1095-3:1240271-0.0000_1.0000", "country": "se", "source": "TRV", "updated": "2026-09-12", "occurrences": 2, "name": "poids max 3.5", "type": "poids_limite", "valeur": 3.5, "franchissable": true, "aussi_ensembles": "ja"}}, {"type": "Feature", "geometry": {"type": "LineString", "coordinates": [[17.33206, 59.01433], [17.33088, 59.01423], [17.32945, 59.0141], [17.32875, 59.01405], [17.32864, 59.01405], [17.32856, 59.01406], [17.3285, 59.01409], [17.32845, 59.01414], [17.32841, 59.01419], [17.32822, 59.01449], [17.32809, 59.01469], [17.32804, 59.01475], [17.32798, 59.01481], [17.3279, 59.01487], [17.3278, 59.01493], [17.32772, 59.01497], [17.32764, 59.01501], [17.32721, 59.01519], [17.32706, 59.01527], [17.32696, 59.01532], [17.32688, 59.01537], [17.32679, 59.01543], [17.32669, 59.0155], [17.32637, 59.01572], [17.32583, 59.01611], [17.32572, 59.01618], [17.32565, 59.01622], [17.32557, 59.01624], [17.32546, 59.01626], [17.32532, 59.01628], [17.32511, 59.0163], [17.32452, 59.01636], [17.32436, 59.01638], [17.3242, 59.01638], [17.32403, 59.01639], [17.32386, 59.01639], [17.32372, 59.0164], [17.3236, 59.01642], [17.32348, 59.01645], [17.32336, 59.01648], [17.32307, 59.01655], [17.32236, 59.01677], [17.322, 59.01689], [17.32193, 59.01692], [17.32188, 59.01695], [17.32183, 59.01699], [17.32178, 59.01704], [17.32162, 59.01722], [17.32156, 59.01727], [17.3215, 59.01731], [17.32143, 59.01734], [17.32134, 59.01738], [17.32126, 59.0174], [17.32114, 59.01742], [17.32074, 59.01746], [17.31972, 59.01757], [17.31889, 59.01766], [17.31788, 59.01777], [17.31782, 59.01778], [17.31769, 59.01779], [17.31759, 59.01779], [17.31751, 59.01778], [17.31742, 59.01773], [17.31737, 59.01767], [17.31732, 59.0176], [17.31702, 59.0172], [17.31684, 59.01697], [17.31672, 59.01678], [17.31663, 59.01663], [17.31657, 59.01653], [17.31652, 59.01646], [17.31634, 59.0163], [17.31631, 59.01625], [17.31628, 59.01619], [17.31628, 59.01613], [17.31629, 59.01607], [17.3163, 59.01601], [17.3163, 59.01595], [17.31629, 59.01591], [17.31627, 59.01587], [17.31623, 59.01582], [17.31611, 59.01567], [17.31596, 59.01549], [17.31592, 59.01543], [17.31589, 59.01536], [17.31587, 59.0153], [17.31587, 59.01524], [17.31588, 59.01518], [17.31591, 59.01507], [17.31593, 59.01499], [17.31594, 59.01491], [17.31593, 59.01484], [17.3159, 59.01479], [17.31586, 59.01473], [17.31581, 59.01468], [17.31574, 59.01462], [17.31568, 59.01457], [17.31564, 59.01451], [17.3156, 59.01445], [17.31555, 59.01439], [17.31526, 59.01391], [17.31517, 59.01377], [17.31509, 59.01365], [17.31504, 59.01357], [17.31497, 59.01351], [17.31491, 59.01346], [17.31483, 59.01341], [17.31474, 59.01336], [17.31463, 59.01331], [17.31438, 59.01317], [17.31423, 59.01309], [17.31414, 59.01306], [17.31403, 59.01303], [17.31388, 59.01302], [17.31368, 59.013], [17.3135, 59.01299], [17.31328, 59.01298], [17.31321, 59.01298], [17.31294, 59.01296], [17.31277, 59.01295], [17.31262, 59.01293], [17.31246, 59.0129], [17.31235, 59.01288], [17.31221, 59.01285], [17.31191, 59.01276], [17.31176, 59.01271], [17.31164, 59.01268], [17.3115, 59.01266], [17.31132, 59.01263], [17.31121, 59.0126], [17.3111, 59.01257], [17.31085, 59.0125], [17.31069, 59.01245], [17.31056, 59.01241], [17.31044, 59.01236], [17.31036, 59.01231], [17.31027, 59.01225], [17.31016, 59.01216], [17.31009, 59.01209], [17.31, 59.01204], [17.30991, 59.01201], [17.30978, 59.01199], [17.30939, 59.0119], [17.30929, 59.01187], [17.3092, 59.01184], [17.30912, 59.0118], [17.30905, 59.01176], [17.30898, 59.01169], [17.30897, 59.01166], [17.30897, 59.01161], [17.30898, 59.01155], [17.30899, 59.01147], [17.309, 59.0114], [17.309, 59.01136], [17.30897, 59.0113], [17.30892, 59.01125], [17.30884, 59.01121], [17.30871, 59.01118], [17.30855, 59.01117], [17.30841, 59.01118], [17.30824, 59.01118], [17.30811, 59.01117], [17.30801, 59.01116], [17.30794, 59.01112], [17.3079, 59.01108], [17.30787, 59.01102], [17.30785, 59.01096], [17.30784, 59.01088], [17.30781, 59.01081], [17.30777, 59.01075], [17.30771, 59.0107], [17.30762, 59.01066], [17.30751, 59.01064], [17.30737, 59.01062], [17.30724, 59.01061], [17.30711, 59.01061], [17.30692, 59.0106], [17.30677, 59.0106], [17.30663, 59.01059], [17.3065, 59.01056], [17.30632, 59.01053], [17.30616, 59.0105], [17.30595, 59.01045], [17.30576, 59.0104], [17.30563, 59.01038], [17.30551, 59.01038], [17.3054, 59.01039], [17.30528, 59.01041], [17.30508, 59.01046], [17.30499, 59.0105], [17.30491, 59.01057], [17.30485, 59.01062], [17.30483, 59.01068], [17.30482, 59.01075], [17.30484, 59.01081], [17.30485, 59.01087], [17.30484, 59.01094], [17.30483, 59.01098], [17.30481, 59.011], [17.30477, 59.01106], [17.30469, 59.01111], [17.3046, 59.01116], [17.3045, 59.01119], [17.3044, 59.0112], [17.30427, 59.01124], [17.30415, 59.0113], [17.30409, 59.01137], [17.30401, 59.01142], [17.30395, 59.01148], [17.3039, 59.01153], [17.30387, 59.01159], [17.30383, 59.01168], [17.30373, 59.01186], [17.30363, 59.012]]}, "properties": {"id": "trv-16991:718-3:311906-0.0000_1.0000", "country": "se", "source": "TRV", "updated": "2026-09-12", "name": "poids max 4.0", "type": "poids_limite", "valeur": 4.0, "franchissable": true, "aussi_ensembles": "ja"}}, {"type": "Feature", "geometry": {"type": "LineString", "coordinates": [[14.48555, 60.96831], [14.486, 60.96822], [14.48647, 60.96813], [14.48663, 60.96807], [14.48671, 60.96802], [14.48678, 60.96794]]}, "properties": {"id": "trv-16995:18127-3:571763-0.0000_1.0000", "country": "se", "source": "TRV", "updated": "2026-09-12", "occurrences": 7, "name": "poids max 4.0", "type": "poids_limite", "valeur": 4.0, "franchissable": true, "aussi_ensembles": "ja"}}, {"type": "Feature", "geometry": {"type": "LineString", "coordinates": [[14.46079, 60.96278], [14.46066, 60.96285], [14.46047, 60.96295], [14.45977, 60.96339], [14.45907, 60.96381], [14.45873, 60.964], [14.45872, 60.964], [14.45838, 60.96424], [14.45823, 60.96439], [14.45814, 60.96458], [14.45817, 60.96481], [14.45827, 60.96506], [14.45848, 60.96564], [14.45872, 60.96629], [14.45898, 60.96701], [14.45914, 60.96744], [14.45929, 60.96785], [14.45934, 60.96798], [14.45933, 60.96808], [14.45926, 60.96819], [14.45907, 60.96832], [14.45898, 60.96835]]}, "properties": {"id": "trv-16995:18127-3:572077-0.0000_1.0000", "country": "se", "source": "TRV", "updated": "2026-09-12", "occurrences": 7, "name": "poids max 4.0", "type": "poids_limite", "valeur": 4.0, "franchissable": true, "aussi_ensembles": "ja"}}, {"type": "Feature", "geometry": {"type": "LineString", "coordinates": [[14.46134, 60.96038], [14.46128, 60.96045], [14.4612, 60.96053], [14.4612, 60.96068], [14.46119, 60.96135], [14.46121, 60.96197], [14.4612, 60.96227], [14.46114, 60.96246], [14.46105, 60.96258], [14.4609, 60.9627], [14.46079, 60.96278]]}, "properties": {"id": "trv-16995:18127-3:572241-0.0000_1.0000", "country": "se", "source": "TRV", "updated": "2026-09-12", "occurrences": 7, "name": "poids max 4.0", "type": "poids_limite", "valeur": 4.0, "franchissable": true, "aussi_ensembles": "ja"}}, {"type": "Feature", "geometry": {"type": "LineString", "coordinates": [[15.12477, 60.88124], [15.1248, 60.88126], [15.12485, 60.88129]]}, "properties": {"id": "trv-16997:112666-16997:112633-0.6496_1.0000", "country": "se", "source": "TRV", "updated": "2026-09-12", "name": "poids max 3.5", "type": "poids_limite", "valeur": 3.5, "franchissable": true, "aussi_ensembles": "ja"}}, {"type": "Feature", "geometry": {"type": "LineString", "coordinates": [[16.18924, 64.10208], [16.18946, 64.10199], [16.1897, 64.10188], [16.19229, 64.10077], [16.19242, 64.10071], [16.19243, 64.10069]]}, "properties": {"id": "trv-16999:48665-3:366197-0.7001_1.0000", "country": "se", "source": "TRV", "updated": "2026-09-12", "occurrences": 13, "name": "poids max 2.0", "type": "poids_limite", "valeur": 2.0, "franchissable": false, "aussi_ensembles": "nej"}}, {"type": "Feature", "geometry": {"type": "LineString", "coordinates": [[16.19243, 64.10069], [16.19248, 64.10063], [16.19259, 64.10022], [16.19266, 64.09985], [16.19273, 64.09947], [16.19285, 64.09929], [16.19293, 64.0992], [16.19311, 64.09906], [16.19335, 64.09893], [16.1936, 64.09884], [16.19374, 64.0988], [16.19422, 64.09871], [16.19472, 64.09866], [16.19497, 64.09864], [16.196, 64.09851], [16.19629, 64.09847], [16.19657, 64.09841], [16.19688, 64.09829], [16.19718, 64.09812], [16.19751, 64.09797], [16.19772, 64.09789]]}, "properties": {"id": "trv-16999:48665-3:366222-0.0000_1.0000", "country": "se", "source": "TRV", "updated": "2026-09-12", "occurrences": 13, "name": "poids max 2.0", "type": "poids_limite", "valeur": 2.0, "franchissable": false, "aussi_ensembles": "nej"}}, {"type": "Feature", "geometry": {"type": "LineString", "coordinates": [[16.20269, 64.09647], [16.20215, 64.09664], [16.20012, 64.09721], [16.19803, 64.09779], [16.19772, 64.09789]]}, "properties": {"id": "trv-16999:48665-3:366236-0.0000_1.0000", "country": "se", "source": "TRV", "updated": "2026-09-12", "occurrences": 13, "name": "poids max 2.0", "type": "poids_limite", "valeur": 2.0, "franchissable": false, "aussi_ensembles": "nej"}}, {"type": "Feature", "geometry": {"type": "LineString", "coordinates": [[16.20269, 64.09647], [16.20405, 64.0961], [16.20554, 64.09569], [16.20853, 64.09484]]}, "properties": {"id": "trv-16999:48665-3:366254-0.0000_1.0000", "country": "se", "source": "TRV", "updated": "2026-09-12", "occurrences": 13, "name": "poids max 2.0", "type": "poids_limite", "valeur": 2.0, "franchissable": false, "aussi_ensembles": "nej"}}, {"type": "Feature", "geometry": {"type": "LineString", "coordinates": [[14.35204, 62.04209], [14.35219, 62.04206], [14.35238, 62.04203], [14.35253, 62.042], [14.35267, 62.04197], [14.35271, 62.04196], [14.3529, 62.04189]]}, "properties": {"id": "trv-17000:57483-3:422377-0.2358_0.4717", "country": "se", "source": "TRV", "updated": "2026-09-12", "name": "poids max 3.5", "type": "poids_limite", "valeur": 3.5, "franchissable": true, "aussi_ensembles": "ja"}}, {"type": "Feature", "geometry": {"type": "LineString", "coordinates": [[15.19994, 61.16922], [15.19982, 61.1692], [15.19961, 61.16918], [15.19941, 61.16917], [15.19921, 61.16917], [15.19901, 61.16918], [15.1988, 61.16919], [15.19857, 61.16922], [15.19837, 61.16926], [15.19816, 61.16931], [15.19798, 61.16935]]}, "properties": {"id": "trv-17000:60360-3:561439-0.7679_1.0000", "country": "se", "source": "TRV", "updated": "2026-09-12", "name": "poids max 4.0", "type": "poids_limite", "valeur": 4.0, "franchissable": true, "aussi_ensembles": "nej"}}, {"type": "Feature", "geometry": {"type": "LineString", "coordinates": [[17.84272, 62.68885], [17.843, 62.68893], [17.84322, 62.68899], [17.84342, 62.68903], [17.84358, 62.68905]]}, "properties": {"id": "trv-17001:25105-3:786472-0.0000_0.1010", "country": "se", "source": "TRV", "updated": "2026-09-12", "name": "poids max 2.0", "type": "poids_limite", "valeur": 2.0, "franchissable": false, "aussi_ensembles": "nej"}}, {"type": "Feature", "geometry": {"type": "LineString", "coordinates": [[18.48755, 63.21666], [18.48847, 63.21647]]}, "properties": {"id": "trv-17001:31239-3:741290-0.0000_1.0000", "country": "se", "source": "TRV", "updated": "2026-09-12", "occurrences": 7, "name": "poids max 3.5", "type": "poids_limite", "valeur": 3.5, "franchissable": true, "aussi_ensembles": "nej"}}, {"type": "Feature", "geometry": {"type": "LineString", "coordinates": [[18.48501, 63.21649], [18.48516, 63.21649], [18.48608, 63.21654], [18.48689, 63.21659], [18.48755, 63.21666]]}, "properties": {"id": "trv-17001:31239-3:741297-0.0000_1.0000", "country": "se", "source": "TRV", "updated": "2026-09-12", "occurrences": 7, "name": "poids max 3.5", "type": "poids_limite", "valeur": 3.5, "franchissable": true, "aussi_ensembles": "nej"}}, {"type": "Feature", "geometry": {"type": "LineString", "coordinates": [[18.48277, 63.21658], [18.4838, 63.21653], [18.48478, 63.21649], [18.48501, 63.21649]]}, "properties": {"id": "trv-17001:31239-3:741298-0.0000_1.0000", "country": "se", "source": "TRV", "updated": "2026-09-12", "occurrences": 7, "name": "poids max 3.5", "type": "poids_limite", "valeur": 3.5, "franchissable": true, "aussi_ensembles": "nej"}}, {"type": "Feature", "geometry": {"type": "LineString", "coordinates": [[18.48847, 63.21647], [18.48917, 63.21632], [18.4896, 63.21623], [18.49003, 63.21616], [18.49042, 63.21609], [18.49086, 63.21603], [18.4914, 63.21598]]}, "properties": {"id": "trv-17001:31239-3:741315-0.0000_1.0000", "country": "se", "source": "TRV", "updated": "2026-09-12", "occurrences": 7, "name": "poids max 3.5", "type": "poids_limite", "valeur": 3.5, "franchissable": true, "aussi_ensembles": "nej"}}, {"type": "Feature", "geometry": {"type": "LineString", "coordinates": [[17.28017, 62.4672], [17.28018, 62.46726], [17.2802, 62.4673], [17.28024, 62.46734], [17.2803, 62.46737], [17.28041, 62.46741], [17.28059, 62.46747], [17.28108, 62.46763], [17.28133, 62.46772], [17.28144, 62.46777], [17.28155, 62.46781], [17.28175, 62.4679], [17.28214, 62.46807], [17.28232, 62.46816], [17.28251, 62.46827], [17.28327, 62.46868], [17.28392, 62.46906], [17.2851, 62.46973], [17.28521, 62.4698], [17.28579, 62.47013], [17.28608, 62.4703], [17.28636, 62.47046], [17.2868, 62.47071], [17.28704, 62.47085], [17.28735, 62.47102], [17.28766, 62.4712], [17.28823, 62.47152], [17.2885, 62.47168], [17.28877, 62.47183], [17.28889, 62.4719], [17.28893, 62.47192], [17.28913, 62.47204], [17.28935, 62.47216], [17.28965, 62.47234], [17.28993, 62.47249], [17.29078, 62.47298], [17.29086, 62.47303], [17.2911, 62.47317], [17.29138, 62.47332], [17.29169, 62.4735], [17.29239, 62.4739], [17.29291, 62.47419], [17.29312, 62.4743], [17.29349, 62.4745], [17.29406, 62.47478], [17.29466, 62.47505], [17.29522, 62.47527], [17.29545, 62.47536], [17.29606, 62.47557], [17.29635, 62.47567], [17.29694, 62.47585], [17.29765, 62.47605], [17.29809, 62.47616], [17.29847, 62.47625], [17.299, 62.47637], [17.29949, 62.47647], [17.2999, 62.47654], [17.30081, 62.4767], [17.30166, 62.47684], [17.30251, 62.47699], [17.30395, 62.47723]]}, "properties": {"id": "trv-17005:23185-1000:106675-0.0000_1.0000", "country": "se", "source": "TRV", "updated": "2026-09-12", "name": "poids max 3.5", "type": "poids_limite", "valeur": 3.5, "franchissable": true, "aussi_ensembles": "nej"}}, {"type": "Feature", "geometry": {"type": "LineString", "coordinates": [[15.13059, 59.22236], [15.13033, 59.22224], [15.12995, 59.22205], [15.12978, 59.22196]]}, "properties": {"id": "trv-17241:5205-3:459357-0.0000_1.0000", "country": "se", "source": "TRV", "updated": "2026-09-12", "occurrences": 9, "name": "poids max 4.0", "type": "poids_limite", "valeur": 4.0, "franchissable": true, "aussi_ensembles": "ja"}}, {"type": "Feature", "geometry": {"type": "LineString", "coordinates": [[15.12978, 59.22196], [15.1296, 59.22183], [15.12952, 59.22181]]}, "properties": {"id": "trv-17241:5205-3:459368-0.0000_1.0000", "country": "se", "source": "TRV", "updated": "2026-09-12", "occurrences": 9, "name": "poids max 4.0", "type": "poids_limite", "valeur": 4.0, "franchissable": true, "aussi_ensembles": "ja"}}, {"type": "Feature", "geometry": {"type": "LineString", "coordinates": [[15.12952, 59.22181], [15.12947, 59.22166], [15.12941, 59.22152], [15.12935, 59.22135], [15.12935, 59.22117]]}, "properties": {"id": "trv-17241:5205-3:459409-0.0000_1.0000", "country": "se", "source": "TRV", "updated": "2026-09-12", "occurrences": 9, "name": "poids max 4.0", "type": "poids_limite", "valeur": 4.0, "franchissable": true, "aussi_ensembles": "ja"}}, {"type": "Feature", "geometry": {"type": "LineString", "coordinates": [[15.12935, 59.22117], [15.12934, 59.2211]]}, "properties": {"id": "trv-17241:5205-3:459412-0.0000_1.0000", "country": "se", "source": "TRV", "updated": "2026-09-12", "occurrences": 9, "name": "poids max 4.0", "type": "poids_limite", "valeur": 4.0, "franchissable": true, "aussi_ensembles": "ja"}}, {"type": "Feature", "geometry": {"type": "LineString", "coordinates": [[15.12934, 59.2211], [15.12937, 59.22071], [15.1294, 59.22053], [15.12945, 59.22036], [15.12949, 59.22022], [15.12958, 59.22005]]}, "properties": {"id": "trv-17241:5205-3:459465-0.0000_1.0000", "country": "se", "source": "TRV", "updated": "2026-09-12", "occurrences": 9, "name": "poids max 4.0", "type": "poids_limite", "valeur": 4.0, "franchissable": true, "aussi_ensembles": "ja"}}, {"type": "Feature", "geometry": {"type": "LineString", "coordinates": [[15.12958, 59.22005], [15.12968, 59.21972], [15.12974, 59.21942], [15.12977, 59.21921], [15.12976, 59.21902], [15.12973, 59.21881], [15.12967, 59.21865], [15.12962, 59.21855], [15.12951, 59.21846]]}, "properties": {"id": "trv-17241:5205-3:459525-0.0000_1.0000", "country": "se", "source": "TRV", "updated": "2026-09-12", "occurrences": 9, "name": "poids max 4.0", "type": "poids_limite", "valeur": 4.0, "franchissable": true, "aussi_ensembles": "ja"}}, {"type": "Feature", "geometry": {"type": "LineString", "coordinates": [[15.12951, 59.21846], [15.12929, 59.21833], [15.12902, 59.21817], [15.12884, 59.21805], [15.12868, 59.21794], [15.12849, 59.21781], [15.12826, 59.2177], [15.12805, 59.21762], [15.12783, 59.21755], [15.12761, 59.21749], [15.12737, 59.21745], [15.1271, 59.21739], [15.12673, 59.21732], [15.12626, 59.21724], [15.12584, 59.21718], [15.12555, 59.21715], [15.12508, 59.2171], [15.12433, 59.21701], [15.1238, 59.21695], [15.12338, 59.2169], [15.12277, 59.21683], [15.12249, 59.2168], [15.12225, 59.21675], [15.122, 59.21669], [15.12173, 59.21659]]}, "properties": {"id": "trv-17241:5205-3:459584-0.0000_1.0000", "country": "se", "source": "TRV", "updated": "2026-09-12", "occurrences": 9, "name": "poids max 4.0", "type": "poids_limite", "valeur": 4.0, "franchissable": true, "aussi_ensembles": "ja"}}, {"type": "Feature", "geometry": {"type": "LineString", "coordinates": [[14.8023, 60.50642], [14.80187, 60.50663], [14.80113, 60.50696], [14.80037, 60.50728], [14.79962, 60.50758], [14.79921, 60.50777], [14.79895, 60.5079]]}, "properties": {"id": "trv-22551:173096-3:604972-0.0000_1.0000", "country": "se", "source": "TRV", "updated": "2026-09-12", "name": "poids max 2.0", "type": "poids_limite", "valeur": 2.0, "franchissable": false, "aussi_ensembles": "ja"}}, {"type": "Feature", "geometry": {"type": "LineString", "coordinates": [[16.48173, 60.82368], [16.4817, 60.82368], [16.48147, 60.82364], [16.48118, 60.82357], [16.481, 60.82352]]}, "properties": {"id": "trv-19328:304-3:1172737-0.8036_0.9625", "country": "se", "source": "TRV", "updated": "2026-09-12", "name": "poids max 7.0", "type": "poids_limite", "valeur": 7.0, "franchissable": true, "aussi_ensembles": "ja"}}, {"type": "Feature", "geometry": {"type": "LineString", "coordinates": [[15.1465, 60.93286], [15.1466, 60.93289]]}, "properties": {"id": "trv-23323:2-3:574284-0.9858_0.9924", "country": "se", "source": "TRV", "updated": "2026-09-12", "name": "poids max 4.0", "type": "poids_limite", "valeur": 4.0, "franchissable": true, "aussi_ensembles": "nej"}}, {"type": "Feature", "geometry": {"type": "LineString", "coordinates": [[17.38663, 65.0361], [17.38661, 65.03605]]}, "properties": {"id": "trv-22564:45630-3:942187-0.7081_0.7174", "country": "se", "source": "TRV", "updated": "2026-09-12", "name": "poids max 7.0", "type": "poids_limite", "valeur": 7.0, "franchissable": true, "aussi_ensembles": "nej"}}, {"type": "Feature", "geometry": {"type": "LineString", "coordinates": [[16.579, 56.4927], [16.57886, 56.49266], [16.5787, 56.49257], [16.57844, 56.49236], [16.5783, 56.49226], [16.57821, 56.49215], [16.57815, 56.49207], [16.57814, 56.49202], [16.57816, 56.49197], [16.57821, 56.49193], [16.57834, 56.49189]]}, "properties": {"id": "trv-23304:7-3:857448-0.0000_1.0000", "country": "se", "source": "TRV", "updated": "2026-09-12", "name": "poids max 3.0", "type": "poids_limite", "valeur": 3.0, "franchissable": false, "aussi_ensembles": "nej"}}, {"type": "Feature", "geometry": {"type": "LineString", "coordinates": [[13.77043, 57.76406], [13.77051, 57.76406]]}, "properties": {"id": "trv-23318:1390-3:69581-0.4531_0.4579", "country": "se", "source": "TRV", "updated": "2026-09-12", "name": "poids max 3.0", "type": "poids_limite", "valeur": 3.0, "franchissable": false, "aussi_ensembles": "nej"}}, {"type": "Feature", "geometry": {"type": "LineString", "coordinates": [[14.60814, 60.19905], [14.60808, 60.19909], [14.60799, 60.19914]]}, "properties": {"id": "trv-23062:149-3:627159-0.4655_0.4802", "country": "se", "source": "TRV", "updated": "2026-09-12", "name": "poids max 4.0", "type": "poids_limite", "valeur": 4.0, "franchissable": true, "aussi_ensembles": "ja"}}, {"type": "Feature", "geometry": {"type": "LineString", "coordinates": [[17.99452, 59.28679], [17.99453, 59.28664], [17.99453, 59.28659], [17.99453, 59.28642], [17.99454, 59.28614], [17.99453, 59.28605], [17.99451, 59.28598], [17.99449, 59.28592]]}, "properties": {"id": "trv-10718:56264-12729:13213-0.0000_1.0000", "country": "se", "source": "TRV", "updated": "2026-09-12", "occurrences": 7, "name": "poids max 7.5", "type": "poids_limite", "valeur": 7.5, "franchissable": true, "aussi_ensembles": "ja"}}, {"type": "Feature", "geometry": {"type": "LineString", "coordinates": [[13.0625, 55.61188], [13.06255, 55.61189], [13.06267, 55.61191], [13.06272, 55.6119], [13.06281, 55.61189]]}, "properties": {"id": "trv-11086:44466-12733:30622-0.0000_1.0000", "country": "se", "source": "TRV", "updated": "2026-09-12", "occurrences": 7, "name": "poids max 3.5", "type": "poids_limite", "valeur": 3.5, "franchissable": true, "aussi_ensembles": "ja"}}, {"type": "Feature", "geometry": {"type": "LineString", "coordinates": [[17.97741, 59.41251], [17.97788, 59.41252], [17.97839, 59.41253], [17.97868, 59.41254], [17.9789, 59.41256], [17.9792, 59.41261], [17.97954, 59.41268]]}, "properties": {"id": "trv-10715:96977-3:1043709-0.0000_1.0000", "country": "se", "source": "TRV", "updated": "2026-09-12", "occurrences": 3, "name": "poids max 3.5", "type": "poids_limite", "valeur": 3.5, "franchissable": true, "aussi_ensembles": "ja"}}, {"type": "Feature", "geometry": {"type": "LineString", "coordinates": [[17.97741, 59.41251], [17.97705, 59.41249], [17.97659, 59.41247]]}, "properties": {"id": "trv-10715:96977-3:1043717-0.0000_1.0000", "country": "se", "source": "TRV", "updated": "2026-09-12", "occurrences": 3, "name": "poids max 3.5", "type": "poids_limite", "valeur": 3.5, "franchissable": true, "aussi_ensembles": "ja"}}, {"type": "Feature", "geometry": {"type": "LineString", "coordinates": [[17.97323, 59.41222], [17.9739, 59.41228], [17.97475, 59.41235], [17.97549, 59.41241], [17.97594, 59.41244], [17.97623, 59.41246], [17.97643, 59.41247], [17.97659, 59.41247]]}, "properties": {"id": "trv-10715:96977-3:1043767-0.0000_1.0000", "country": "se", "source": "TRV", "updated": "2026-09-12", "occurrences": 3, "name": "poids max 3.5", "type": "poids_limite", "valeur": 3.5, "franchissable": true, "aussi_ensembles": "ja"}}, {"type": "Feature", "geometry": {"type": "LineString", "coordinates": [[12.27787, 59.01927], [12.2776, 59.01939], [12.27747, 59.01945], [12.27737, 59.01948], [12.27728, 59.0195], [12.2771, 59.01955], [12.27696, 59.01959], [12.2768, 59.01963], [12.2767, 59.01964], [12.27664, 59.01965]]}, "properties": {"id": "trv-10715:98855-3:1198172-0.0000_1.0000", "country": "se", "source": "TRV", "updated": "2026-09-12", "name": "poids max 2.0", "type": "poids_limite", "valeur": 2.0, "franchissable": false, "aussi_ensembles": "ja"}}, {"type": "Feature", "geometry": {"type": "LineString", "coordinates": [[13.70177, 59.60072], [13.70171, 59.60064], [13.7017, 59.60062], [13.69997, 59.59796], [13.69987, 59.59781], [13.69984, 59.59775], [13.69981, 59.59768], [13.69978, 59.59758], [13.69976, 59.59749]]}, "properties": {"id": "trv-10716:39071-3:683431-0.0000_1.0000", "country": "se", "source": "TRV", "updated": "2026-09-12", "occurrences": 3, "name": "poids max 3.5", "type": "poids_limite", "valeur": 3.5, "franchissable": true, "aussi_ensembles": "nej"}}, {"type": "Feature", "geometry": {"type": "LineString", "coordinates": [[13.69976, 59.59749], [13.69974, 59.59737], [13.69974, 59.59728], [13.69975, 59.59718], [13.69977, 59.59709], [13.69978, 59.59703], [13.6998, 59.59695], [13.69983, 59.59686], [13.69988, 59.59676], [13.69994, 59.59665], [13.70003, 59.59653], [13.70014, 59.59641], [13.70024, 59.59632], [13.70032, 59.59625], [13.70042, 59.59617], [13.70055, 59.59607], [13.70117, 59.59564], [13.70182, 59.59521], [13.70193, 59.59515]]}, "properties": {"id": "trv-10716:39071-3:683594-0.0000_1.0000", "country": "se", "source": "TRV", "updated": "2026-09-12", "occurrences": 3, "name": "poids max 3.5", "type": "poids_limite", "valeur": 3.5, "franchissable": true, "aussi_ensembles": "nej"}}, {"type": "Feature", "geometry": {"type": "LineString", "coordinates": [[13.70193, 59.59515], [13.70251, 59.59471], [13.70259, 59.59464]]}, "properties": {"id": "trv-10716:39071-3:683638-0.0000_1.0000", "country": "se", "source": "TRV", "updated": "2026-09-12", "occurrences": 3, "name": "poids max 3.5", "type": "poids_limite", "valeur": 3.5, "franchissable": true, "aussi_ensembles": "nej"}}, {"type": "Feature", "geometry": {"type": "LineString", "coordinates": [[18.67935, 63.27562], [18.67922, 63.27551]]}, "properties": {"id": "trv-10717:30127-3:737948-0.1609_0.8229", "country": "se", "source": "TRV", "updated": "2026-09-12", "name": "poids max 4.0", "type": "poids_limite", "valeur": 4.0, "franchissable": true, "aussi_ensembles": "ja"}}, {"type": "Feature", "geometry": {"type": "LineString", "coordinates": [[16.64991, 57.74179], [16.65034, 57.74151], [16.65082, 57.74116], [16.65146, 57.74071]]}, "properties": {"id": "trv-10718:34522-3:797174-0.0000_1.0000", "country": "se", "source": "TRV", "updated": "2026-09-12", "occurrences": 4, "name": "poids max 3.5", "type": "poids_limite", "valeur": 3.5, "franchissable": true, "aussi_ensembles": "ja"}}, {"type": "Feature", "geometry": {"type": "LineString", "coordinates": [[16.65261, 57.73987], [16.6522, 57.74017], [16.65178, 57.74047], [16.65146, 57.74071]]}, "properties": {"id": "trv-10718:34522-3:797223-0.0000_1.0000", "country": "se", "source": "TRV", "updated": "2026-09-12", "occurrences": 4, "name": "poids max 3.5", "type": "poids_limite", "valeur": 3.5, "franchissable": true, "aussi_ensembles": "ja"}}, {"type": "Feature", "geometry": {"type": "LineString", "coordinates": [[16.65394, 57.73854], [16.6537, 57.73878], [16.65348, 57.739], [16.65314, 57.73933], [16.65304, 57.73945], [16.65261, 57.73987]]}, "properties": {"id": "trv-10718:34522-3:797297-0.0000_1.0000", "country": "se", "source": "TRV", "updated": "2026-09-12", "occurrences": 4, "name": "poids max 3.5", "type": "poids_limite", "valeur": 3.5, "franchissable": true, "aussi_ensembles": "ja"}}, {"type": "Feature", "geometry": {"type": "LineString", "coordinates": [[16.65394, 57.73854], [16.65417, 57.73829], [16.65445, 57.73802], [16.65471, 57.73776], [16.65498, 57.73748], [16.65516, 57.7373], [16.65532, 57.73714], [16.65543, 57.73707], [16.65563, 57.73695], [16.65583, 57.73684], [16.65606, 57.7367], [16.6562, 57.73657], [16.65651, 57.73627], [16.65666, 57.73612], [16.6567, 57.73608]]}, "properties": {"id": "trv-10718:34522-3:797483-0.0000_1.0000", "country": "se", "source": "TRV", "updated": "2026-09-12", "occurrences": 4, "name": "poids max 3.5", "type": "poids_limite", "valeur": 3.5, "franchissable": true, "aussi_ensembles": "ja"}}, {"type": "Feature", "geometry": {"type": "LineString", "coordinates": [[14.10048, 55.72547], [14.09963, 55.72554], [14.0992, 55.72559], [14.09875, 55.72566], [14.09833, 55.72573], [14.09793, 55.72581], [14.09763, 55.7259], [14.0972, 55.72602]]}, "properties": {"id": "trv-10717:12765-3:1559666-0.0000_1.0000", "country": "se", "source": "TRV", "updated": "2026-09-12", "name": "poids max 3.5", "type": "poids_limite", "valeur": 3.5, "franchissable": true, "aussi_ensembles": "ja"}}, {"type": "Feature", "geometry": {"type": "LineString", "coordinates": [[16.65154, 57.74263], [16.65207, 57.74236], [16.6526, 57.74209], [16.65297, 57.74187], [16.65313, 57.74177], [16.65314, 57.74176], [16.65315, 57.74174], [16.65334, 57.74162], [16.65349, 57.74148]]}, "properties": {"id": "trv-10718:34520-3:797123-0.0000_1.0000", "country": "se", "source": "TRV", "updated": "2026-09-12", "occurrences": 3, "name": "poids max 3.5", "type": "poids_limite", "valeur": 3.5, "franchissable": true, "aussi_ensembles": "ja"}}, {"type": "Feature", "geometry": {"type": "LineString", "coordinates": [[16.65775, 57.73654], [16.65742, 57.73675], [16.65707, 57.73698], [16.65674, 57.73719], [16.65642, 57.73739], [16.65622, 57.73755], [16.656, 57.73776], [16.65577, 57.73801], [16.65558, 57.73828], [16.65549, 57.73847], [16.65545, 57.73856], [16.65543, 57.73861], [16.65542, 57.73869], [16.65541, 57.73882]]}, "properties": {"id": "trv-10718:34520-3:797447-0.0000_1.0000", "country": "se", "source": "TRV", "updated": "2026-09-12", "occurrences": 3, "name": "poids max 3.5", "type": "poids_limite", "valeur": 3.5, "franchissable": true, "aussi_ensembles": "ja"}}, {"type": "Feature", "geometry": {"type": "LineString", "coordinates": [[15.86251, 57.66268], [15.86269, 57.66261], [15.86288, 57.66252], [15.86311, 57.66243], [15.86338, 57.66233], [15.86349, 57.66228], [15.86361, 57.66223]]}, "properties": {"id": "trv-10817:6206-3:802144-0.0000_1.0000", "country": "se", "source": "TRV", "updated": "2026-09-12", "occurrences": 7, "name": "poids max 3.5", "type": "poids_limite", "valeur": 3.5, "franchissable": true, "aussi_ensembles": "ja"}}, {"type": "Feature", "geometry": {"type": "LineString", "coordinates": [[15.86361, 57.66223], [15.86378, 57.66216], [15.86397, 57.66208]]}, "properties": {"id": "trv-10817:6206-3:802157-0.0000_1.0000", "country": "se", "source": "TRV", "updated": "2026-09-12", "occurrences": 7, "name": "poids max 3.5", "type": "poids_limite", "valeur": 3.5, "franchissable": true, "aussi_ensembles": "ja"}}, {"type": "Feature", "geometry": {"type": "LineString", "coordinates": [[15.86397, 57.66208], [15.86429, 57.66196], [15.86469, 57.6618], [15.8649, 57.66171], [15.86513, 57.66163], [15.86554, 57.66146]]}, "properties": {"id": "trv-10817:6206-3:802184-0.0000_1.0000", "country": "se", "source": "TRV", "updated": "2026-09-12", "occurrences": 7, "name": "poids max 3.5", "type": "poids_limite", "valeur": 3.5, "franchissable": true, "aussi_ensembles": "ja"}}, {"type": "Feature", "geometry": {"type": "LineString", "coordinates": [[15.86554, 57.66146], [15.86575, 57.66138], [15.8662, 57.66116], [15.86625, 57.66115]]}, "properties": {"id": "trv-10817:6206-3:802200-0.0000_1.0000", "country": "se", "source": "TRV", "updated": "2026-09-12", "occurrences": 7, "name": "poids max 3.5", "type": "poids_limite", "valeur": 3.5, "franchissable": true, "aussi_ensembles": "ja"}}, {"type": "Feature", "geometry": {"type": "LineString", "coordinates": [[15.86625, 57.66115], [15.86637, 57.6611], [15.86671, 57.66094], [15.86708, 57.66077]]}, "properties": {"id": "trv-10817:6206-3:802224-0.0000_1.0000", "country": "se", "source": "TRV", "updated": "2026-09-12", "occurrences": 7, "name": "poids max 3.5", "type": "poids_limite", "valeur": 3.5, "franchissable": true, "aussi_ensembles": "ja"}}, {"type": "Feature", "geometry": {"type": "LineString", "coordinates": [[12.92267, 56.13749], [12.92327, 56.13792], [12.92375, 56.13822], [12.9241, 56.13848], [12.92429, 56.13863], [12.9244, 56.13878], [12.92445, 56.13897], [12.92438, 56.13938], [12.92432, 56.13956], [12.92426, 56.13965], [12.92417, 56.13977], [12.92399, 56.13996]]}, "properties": {"id": "trv-11090:1411-3:1512510-0.0000_1.0000", "country": "se", "source": "TRV", "updated": "2026-09-12", "name": "poids max 3.5", "type": "poids_limite", "valeur": 3.5, "franchissable": true, "aussi_ensembles": "ja"}}, {"type": "Feature", "geometry": {"type": "LineString", "coordinates": [[21.32771, 66.25574], [21.32825, 66.25585]]}, "properties": {"id": "trv-11092:56642-3:884530-0.8688_0.9207", "country": "se", "source": "TRV", "updated": "2026-09-12", "name": "poids max 4.0", "type": "poids_limite", "valeur": 4.0, "franchissable": true, "aussi_ensembles": "ja"}}, {"type": "Feature", "geometry": {"type": "LineString", "coordinates": [[14.43626, 63.32519], [14.43631, 63.32528]]}, "properties": {"id": "trv-10719:7961-3:384197-0.3404_0.3811", "country": "se", "source": "TRV", "updated": "2026-09-12", "name": "poids max 4.0", "type": "poids_limite", "valeur": 4.0, "franchissable": true, "aussi_ensembles": "ja"}}, {"type": "Feature", "geometry": {"type": "LineString", "coordinates": [[13.10332, 55.58904], [13.10334, 55.58896], [13.10358, 55.58832], [13.10355, 55.58825], [13.10285, 55.588], [13.10275, 55.58804], [13.10243, 55.58904]]}, "properties": {"id": "trv-11086:44462-16494:1035-0.0000_1.0000", "country": "se", "source": "TRV", "updated": "2026-09-12", "occurrences": 4, "name": "poids max 3.5", "type": "poids_limite", "valeur": 3.5, "franchissable": true, "aussi_ensembles": "ja"}}, {"type": "Feature", "geometry": {"type": "LineString", "coordinates": [[13.09813, 55.5885], [13.09821, 55.5895]]}, "properties": {"id": "trv-11086:44462-16494:3621-0.0000_1.0000", "country": "se", "source": "TRV", "updated": "2026-09-12", "occurrences": 4, "name": "poids max 3.5", "type": "poids_limite", "valeur": 3.5, "franchissable": true, "aussi_ensembles": "ja"}}, {"type": "Feature", "geometry": {"type": "LineString", "coordinates": [[13.101, 55.58892], [13.10133, 55.58777]]}, "properties": {"id": "trv-11086:44462-16494:6466-0.0000_1.0000", "country": "se", "source": "TRV", "updated": "2026-09-12", "occurrences": 4, "name": "poids max 3.5", "type": "poids_limite", "valeur": 3.5, "franchissable": true, "aussi_ensembles": "ja"}}, {"type": "Feature", "geometry": {"type": "LineString", "coordinates": [[13.10133, 55.58777], [13.10139, 55.58754], [13.10123, 55.58749], [13.10118, 55.58764], [13.10133, 55.58777]]}, "properties": {"id": "trv-11086:44462-16494:6474-0.0000_1.0000", "country": "se", "source": "TRV", "updated": "2026-09-12", "occurrences": 4, "name": "poids max 3.5", "type": "poids_limite", "valeur": 3.5, "franchissable": true, "aussi_ensembles": "ja"}}, {"type": "Feature", "geometry": {"type": "LineString", "coordinates": [[14.96425, 56.18239], [14.96411, 56.18243], [14.96396, 56.18247], [14.96383, 56.1825]]}, "properties": {"id": "trv-10815:325-3:353821-0.0000_1.0000", "country": "se", "source": "TRV", "updated": "2026-09-12", "name": "poids max 4.0", "type": "poids_limite", "valeur": 4.0, "franchissable": true, "aussi_ensembles": "ja"}}, {"type": "Feature", "geometry": {"type": "LineString", "coordinates": [[14.5869, 60.85572], [14.58677, 60.85571], [14.58671, 60.85571]]}, "properties": {"id": "trv-11087:10354-3:578756-0.0999_0.1533", "country": "se", "source": "TRV", "updated": "2026-09-12", "name": "poids max 4.0", "type": "poids_limite", "valeur": 4.0, "franchissable": true, "aussi_ensembles": "ja"}}, {"type": "Feature", "geometry": {"type": "LineString", "coordinates": [[11.91888, 58.33098], [11.91893, 58.33101], [11.91899, 58.33105]]}, "properties": {"id": "trv-11155:41446-3:1268853-0.6971_0.7699", "country": "se", "source": "TRV", "updated": "2026-09-12", "name": "poids max 3.5", "type": "poids_limite", "valeur": 3.5, "franchissable": true, "aussi_ensembles": "nej"}}, {"type": "Feature", "geometry": {"type": "LineString", "coordinates": [[19.4443, 63.58176], [19.44448, 63.58171], [19.44463, 63.58167], [19.44486, 63.58165], [19.44499, 63.58164], [19.44511, 63.58163], [19.44521, 63.58161], [19.44533, 63.58156]]}, "properties": {"id": "trv-11158:412466-11158:412379-0.0000_1.0000", "country": "se", "source": "TRV", "updated": "2026-09-12", "name": "poids max 2.0", "type": "poids_limite", "valeur": 2.0, "franchissable": false, "aussi_ensembles": "ja"}}, {"type": "Feature", "geometry": {"type": "LineString", "coordinates": [[11.80094, 58.63454], [11.80097, 58.63454], [11.80107, 58.63457], [11.80119, 58.63458]]}, "properties": {"id": "trv-11089:48368-3:1224132-0.9608_0.9820", "country": "se", "source": "TRV", "updated": "2026-09-12", "name": "poids max 7.0", "type": "poids_limite", "valeur": 7.0, "franchissable": true, "aussi_ensembles": "ja"}}, {"type": "Feature", "geometry": {"type": "LineString", "coordinates": [[18.39888, 59.39039], [18.39888, 59.39044]]}, "properties": {"id": "trv-11158:95428-1000:81695-0.9971_1.0000", "country": "se", "source": "TRV", "updated": "2026-09-12", "name": "poids max 3.5", "type": "poids_limite", "valeur": 3.5, "franchissable": true, "aussi_ensembles": "nej"}}, {"type": "Feature", "geometry": {"type": "LineString", "coordinates": [[16.00609, 58.19646], [16.00654, 58.19624], [16.00683, 58.19609], [16.00694, 58.19604], [16.00717, 58.19591], [16.00736, 58.19581], [16.00753, 58.19569], [16.00786, 58.19546], [16.00834, 58.19512], [16.00839, 58.19508], [16.00868, 58.19487], [16.00881, 58.19478], [16.00892, 58.19465], [16.00905, 58.19442]]}, "properties": {"id": "trv-11160:62681-3:532248-0.0000_1.0000", "country": "se", "source": "TRV", "updated": "2026-09-12", "occurrences": 3, "name": "poids max 3.5", "type": "poids_limite", "valeur": 3.5, "franchissable": true, "aussi_ensembles": "ja"}}, {"type": "Feature", "geometry": {"type": "LineString", "coordinates": [[16.00905, 58.19442], [16.00916, 58.19424], [16.00929, 58.19408], [16.00935, 58.19401]]}, "properties": {"id": "trv-11160:62681-3:532301-0.0000_1.0000", "country": "se", "source": "TRV", "updated": "2026-09-12", "occurrences": 3, "name": "poids max 3.5", "type": "poids_limite", "valeur": 3.5, "franchissable": true, "aussi_ensembles": "ja"}}, {"type": "Feature", "geometry": {"type": "LineString", "coordinates": [[16.00935, 58.19401], [16.00944, 58.19387], [16.00954, 58.19379], [16.00969, 58.19366], [16.00992, 58.19347], [16.01019, 58.19323], [16.01053, 58.19294], [16.01075, 58.19275], [16.01091, 58.19261]]}, "properties": {"id": "trv-11160:62681-3:532439-0.0000_1.0000", "country": "se", "source": "TRV", "updated": "2026-09-12", "occurrences": 3, "name": "poids max 3.5", "type": "poids_limite", "valeur": 3.5, "franchissable": true, "aussi_ensembles": "ja"}}, {"type": "Feature", "geometry": {"type": "LineString", "coordinates": [[14.92562, 59.60671], [14.92568, 59.60668]]}, "properties": {"id": "trv-12570:966-3:438233-0.0624_0.1423", "country": "se", "source": "TRV", "updated": "2026-09-12", "name": "poids max 1.0", "type": "poids_limite", "valeur": 1.0, "franchissable": false, "aussi_ensembles": "nej"}}, {"type": "Feature", "geometry": {"type": "LineString", "coordinates": [[11.48136, 58.50614], [11.48138, 58.50612], [11.48139, 58.50611]]}, "properties": {"id": "trv-11163:369641-3:1237005-0.7753_0.7878", "country": "se", "source": "TRV", "updated": "2026-09-12", "name": "poids max 7.5", "type": "poids_limite", "valeur": 7.5, "franchissable": true, "aussi_ensembles": "nej"}}, {"type": "Feature", "geometry": {"type": "LineString", "coordinates": [[16.53652, 56.68122], [16.53604, 56.68163]]}, "properties": {"id": "trv-11163:74481-3:846820-0.0000_1.0000", "country": "se", "source": "TRV", "updated": "2026-09-12", "occurrences": 5, "name": "poids max 3.5", "type": "poids_limite", "valeur": 3.5, "franchissable": true, "aussi_ensembles": "nej"}}, {"type": "Feature", "geometry": {"type": "LineString", "coordinates": [[16.53726, 56.67953], [16.53735, 56.67979], [16.53745, 56.68014], [16.53747, 56.68028], [16.53746, 56.68038], [16.53742, 56.68046], [16.53736, 56.68053], [16.53722, 56.68065]]}, "properties": {"id": "trv-11163:74481-3:846952-0.0000_1.0000", "country": "se", "source": "TRV", "updated": "2026-09-12", "occurrences": 5, "name": "poids max 3.5", "type": "poids_limite", "valeur": 3.5, "franchissable": true, "aussi_ensembles": "nej"}}, {"type": "Feature", "geometry": {"type": "LineString", "coordinates": [[16.53711, 56.67884], [16.53711, 56.67901], [16.53714, 56.6791], [16.53718, 56.67927], [16.53726, 56.67953]]}, "properties": {"id": "trv-11163:74481-3:847001-0.0000_1.0000", "country": "se", "source": "TRV", "updated": "2026-09-12", "occurrences": 5, "name": "poids max 3.5", "type": "poids_limite", "valeur": 3.5, "franchissable": true, "aussi_ensembles": "nej"}}, {"type": "Feature", "geometry": {"type": "LineString", "coordinates": [[16.53701, 56.67759], [16.53707, 56.67773], [16.53708, 56.67788], [16.53709, 56.67817], [16.5371, 56.67855], [16.53711, 56.67884]]}, "properties": {"id": "trv-11163:74481-3:847106-0.0000_1.0000", "country": "se", "source": "TRV", "updated": "2026-09-12", "occurrences": 5, "name": "poids max 3.5", "type": "poids_limite", "valeur": 3.5, "franchissable": true, "aussi_ensembles": "nej"}}, {"type": "Feature", "geometry": {"type": "LineString", "coordinates": [[14.48632, 61.96508], [14.48661, 61.96497]]}, "properties": {"id": "trv-11163:75062-3:423983-0.7149_0.7213", "country": "se", "source": "TRV", "updated": "2026-09-12", "name": "poids max 5.0", "type": "poids_limite", "valeur": 5.0, "franchissable": true, "aussi_ensembles": "ja"}}, {"type": "Feature", "geometry": {"type": "LineString", "coordinates": [[14.22648, 62.17366], [14.22683, 62.17359], [14.22684, 62.17358]]}, "properties": {"id": "trv-11163:75082-3:419487-0.6416_0.6503", "country": "se", "source": "TRV", "updated": "2026-09-12", "name": "poids max 5.0", "type": "poids_limite", "valeur": 5.0, "franchissable": true, "aussi_ensembles": "ja"}}, {"type": "Feature", "geometry": {"type": "LineString", "coordinates": [[15.79853, 57.74223], [15.79862, 57.74224], [15.7987, 57.74225], [15.7989, 57.74229], [15.79918, 57.74235], [15.79931, 57.74237], [15.79943, 57.74239], [15.7996, 57.74241], [15.79978, 57.74243], [15.80005, 57.74242], [15.80022, 57.74241], [15.80034, 57.74241]]}, "properties": {"id": "trv-12571:8779-3:797263-0.0000_1.0000", "country": "se", "source": "TRV", "updated": "2026-09-12", "occurrences": 4, "name": "poids max 3.5", "type": "poids_limite", "valeur": 3.5, "franchissable": true, "aussi_ensembles": "ja"}}, {"type": "Feature", "geometry": {"type": "LineString", "coordinates": [[15.79829, 57.74216], [15.79853, 57.74223]]}, "properties": {"id": "trv-12571:8779-3:797267-0.0000_1.0000", "country": "se", "source": "TRV", "updated": "2026-09-12", "occurrences": 4, "name": "poids max 3.5", "type": "poids_limite", "valeur": 3.5, "franchissable": true, "aussi_ensembles": "ja"}}, {"type": "Feature", "geometry": {"type": "LineString", "coordinates": [[15.79703, 57.74188], [15.79737, 57.74195], [15.79789, 57.74207], [15.79829, 57.74216]]}, "properties": {"id": "trv-12571:8779-3:797274-0.0000_1.0000", "country": "se", "source": "TRV", "updated": "2026-09-12", "occurrences": 4, "name": "poids max 3.5", "type": "poids_limite", "valeur": 3.5, "franchissable": true, "aussi_ensembles": "ja"}}, {"type": "Feature", "geometry": {"type": "LineString", "coordinates": [[15.79324, 57.74289], [15.79336, 57.74286], [15.79349, 57.74283], [15.79363, 57.74279], [15.79397, 57.74268], [15.79423, 57.7426], [15.79441, 57.74254], [15.79474, 57.74244], [15.79521, 57.7423], [15.79543, 57.74223], [15.79543, 57.74223], [15.79608, 57.74203], [15.79643, 57.74192], [15.79663, 57.74186], [15.79672, 57.74184], [15.79677, 57.74184], [15.7968, 57.74185], [15.79685, 57.74185], [15.79703, 57.74188]]}, "properties": {"id": "trv-12571:8779-3:797280-0.0000_1.0000", "country": "se", "source": "TRV", "updated": "2026-09-12", "occurrences": 4, "name": "poids max 3.5", "type": "poids_limite", "valeur": 3.5, "franchissable": true, "aussi_ensembles": "ja"}}, {"type": "Feature", "geometry": {"type": "LineString", "coordinates": [[14.62948, 60.17611], [14.62945, 60.17611], [14.6293, 60.17607]]}, "properties": {"id": "trv-12579:349-3:628253-0.0742_0.0921", "country": "se", "source": "TRV", "updated": "2026-09-12", "name": "poids max 4.0", "type": "poids_limite", "valeur": 4.0, "franchissable": true, "aussi_ensembles": "ja"}}, {"type": "Feature", "geometry": {"type": "LineString", "coordinates": [[14.96746, 60.29702], [14.96745, 60.29704], [14.96745, 60.29712], [14.96744, 60.2972]]}, "properties": {"id": "trv-12579:353-3:620825-0.0516_0.1544", "country": "se", "source": "TRV", "updated": "2026-09-12", "name": "poids max 4.0", "type": "poids_limite", "valeur": 4.0, "franchissable": true, "aussi_ensembles": "ja"}}, {"type": "Feature", "geometry": {"type": "LineString", "coordinates": [[15.11349, 60.04011], [15.11351, 60.04016], [15.11352, 60.04021]]}, "properties": {"id": "trv-12579:361-3:636718-0.0391_0.0752", "country": "se", "source": "TRV", "updated": "2026-09-12", "name": "poids max 4.0", "type": "poids_limite", "valeur": 4.0, "franchissable": true, "aussi_ensembles": "ja"}}, {"type": "Feature", "geometry": {"type": "LineString", "coordinates": [[20.62013, 66.43799], [20.61999, 66.43822], [20.61907, 66.43867], [20.61838, 66.43913], [20.6182, 66.43937], [20.61821, 66.43962], [20.61827, 66.43992], [20.61799, 66.44025], [20.61716, 66.44065], [20.61605, 66.4409], [20.6153, 66.44096], [20.61478, 66.44098], [20.61433, 66.44095], [20.61381, 66.44089], [20.61328, 66.44079], [20.6131, 66.44077], [20.61293, 66.44078], [20.61271, 66.4408], [20.61253, 66.44087], [20.61136, 66.44152], [20.61146, 66.44177], [20.61172, 66.44208], [20.61205, 66.44244], [20.61212, 66.4426], [20.612, 66.44279], [20.61165, 66.44315], [20.61147, 66.44334], [20.61089, 66.44371], [20.61047, 66.44398], [20.61025, 66.44418], [20.61029, 66.44436], [20.61032, 66.4445], [20.61046, 66.44474], [20.61027, 66.44508], [20.61006, 66.44531]]}, "properties": {"id": "trv-12581:3289-3:880873-0.0000_1.0000", "country": "se", "source": "TRV", "updated": "2026-09-12", "name": "poids max 7.0", "type": "poids_limite", "valeur": 7.0, "franchissable": true, "aussi_ensembles": "ja"}}, {"type": "Feature", "geometry": {"type": "LineString", "coordinates": [[19.44533, 63.58156], [19.44556, 63.58147], [19.44575, 63.58139], [19.44602, 63.5813], [19.44627, 63.58121]]}, "properties": {"id": "trv-12581:3302-3:1005238-0.5066_1.0000", "country": "se", "source": "TRV", "updated": "2026-09-12", "name": "poids max 2.0", "type": "poids_limite", "valeur": 2.0, "franchissable": false, "aussi_ensembles": "ja"}}, {"type": "Feature", "geometry": {"type": "LineString", "coordinates": [[15.68997, 60.18879], [15.69, 60.18888]]}, "properties": {"id": "trv-12592:17231-3:628201-0.8829_0.8939", "country": "se", "source": "TRV", "updated": "2026-09-12", "name": "poids max 4.0", "type": "poids_limite", "valeur": 4.0, "franchissable": true, "aussi_ensembles": "ja"}}, {"type": "Feature", "geometry": {"type": "LineString", "coordinates": [[16.73012, 60.89696], [16.7301, 60.89698], [16.73008, 60.897], [16.73005, 60.89704]]}, "properties": {"id": "trv-12723:300579-3:1171209-0.0000_1.0000", "country": "se", "source": "TRV", "updated": "2026-09-12", "occurrences": 2, "name": "poids max 5.0", "type": "poids_limite", "valeur": 5.0, "franchissable": true, "aussi_ensembles": "ja"}}, {"type": "Feature", "geometry": {"type": "LineString", "coordinates": [[16.73086, 60.89656], [16.7307, 60.89663], [16.73063, 60.89666], [16.73055, 60.8967], [16.73047, 60.89675], [16.73039, 60.89679], [16.73031, 60.89684], [16.73023, 60.89689], [16.73015, 60.89694], [16.73012, 60.89696]]}, "properties": {"id": "trv-12723:300579-3:1171231-0.0000_1.0000", "country": "se", "source": "TRV", "updated": "2026-09-12", "occurrences": 2, "name": "poids max 5.0", "type": "poids_limite", "valeur": 5.0, "franchissable": true, "aussi_ensembles": "ja"}}, {"type": "Feature", "geometry": {"type": "LineString", "coordinates": [[16.74013, 60.89783], [16.74002, 60.89795], [16.73983, 60.89812], [16.73965, 60.89823], [16.73956, 60.89833], [16.73942, 60.89846], [16.73936, 60.8986]]}, "properties": {"id": "trv-12723:300583-3:1171164-0.0000_1.0000", "country": "se", "source": "TRV", "updated": "2026-09-12", "occurrences": 11, "name": "poids max 5.0", "type": "poids_limite", "valeur": 5.0, "franchissable": true, "aussi_ensembles": "ja"}}, {"type": "Feature", "geometry": {"type": "LineString", "coordinates": [[16.73759, 60.89726], [16.73775, 60.89728], [16.73792, 60.89729], [16.73807, 60.8973], [16.73824, 60.89732], [16.73842, 60.89735], [16.73857, 60.89738], [16.7387, 60.89741], [16.73885, 60.89744], [16.739, 60.89748], [16.73917, 60.89754], [16.73933, 60.8976], [16.73949, 60.89765], [16.73962, 60.89769], [16.73974, 60.89773], [16.73987, 60.89777], [16.73995, 60.89779], [16.74013, 60.89783]]}, "properties": {"id": "trv-12723:300583-3:1171192-0.0000_1.0000", "country": "se", "source": "TRV", "updated": "2026-09-12", "occurrences": 11, "name": "poids max 5.0", "type": "poids_limite", "valeur": 5.0, "franchissable": true, "aussi_ensembles": "ja"}}, {"type": "Feature", "geometry": {"type": "LineString", "coordinates": [[16.73759, 60.89726], [16.73745, 60.89725], [16.7373, 60.89724]]}, "properties": {"id": "trv-12723:300583-3:1171195-0.0000_1.0000", "country": "se", "source": "TRV", "updated": "2026-09-12", "occurrences": 11, "name": "poids max 5.0", "type": "poids_limite", "valeur": 5.0, "franchissable": true, "aussi_ensembles": "ja"}}, {"type": "Feature", "geometry": {"type": "LineString", "coordinates": [[16.7373, 60.89724], [16.73704, 60.89721], [16.73687, 60.89719], [16.73672, 60.89717], [16.73649, 60.89712], [16.73623, 60.89707]]}, "properties": {"id": "trv-12723:300583-3:1171200-0.0000_1.0000", "country": "se", "source": "TRV", "updated": "2026-09-12", "occurrences": 11, "name": "poids max 5.0", "type": "poids_limite", "valeur": 5.0, "franchissable": true, "aussi_ensembles": "ja"}}, {"type": "Feature", "geometry": {"type": "LineString", "coordinates": [[16.73623, 60.89707], [16.73598, 60.89702], [16.73579, 60.89698], [16.73563, 60.89696], [16.73548, 60.89694], [16.73533, 60.89692], [16.73512, 60.8969], [16.73478, 60.89688], [16.73399, 60.89682]]}, "properties": {"id": "trv-12723:300583-3:1171212-0.0000_1.0000", "country": "se", "source": "TRV", "updated": "2026-09-12", "occurrences": 11, "name": "poids max 5.0", "type": "poids_limite", "valeur": 5.0, "franchissable": true, "aussi_ensembles": "ja"}}, {"type": "Feature", "geometry": {"type": "LineString", "coordinates": [[16.73399, 60.89682], [16.73376, 60.89681]]}, "properties": {"id": "trv-12723:300583-3:1171213-0.0000_1.0000", "country": "se", "source": "TRV", "updated": "2026-09-12", "occurrences": 11, "name": "poids max 5.0", "type": "poids_limite", "valeur": 5.0, "franchissable": true, "aussi_ensembles": "ja"}}, {"type": "Feature", "geometry": {"type": "LineString", "coordinates": [[16.73376, 60.89681], [16.73271, 60.89673]]}, "properties": {"id": "trv-12723:300583-3:1171220-0.0000_1.0000", "country": "se", "source": "TRV", "updated": "2026-09-12", "occurrences": 11, "name": "poids max 5.0", "type": "poids_limite", "valeur": 5.0, "franchissable": true, "aussi_ensembles": "ja"}}, {"type": "Feature", "geometry": {"type": "LineString", "coordinates": [[16.73271, 60.89673], [16.73247, 60.89671], [16.73203, 60.89667], [16.7314, 60.89662]]}, "properties": {"id": "trv-12723:300583-3:1171226-0.0000_1.0000", "country": "se", "source": "TRV", "updated": "2026-09-12", "occurrences": 11, "name": "poids max 5.0", "type": "poids_limite", "valeur": 5.0, "franchissable": true, "aussi_ensembles": "ja"}}, {"type": "Feature", "geometry": {"type": "LineString", "coordinates": [[16.7314, 60.89662], [16.7312, 60.8966], [16.73099, 60.89658], [16.73086, 60.89656]]}, "properties": {"id": "trv-12723:300583-3:1171230-0.0000_1.0000", "country": "se", "source": "TRV", "updated": "2026-09-12", "occurrences": 11, "name": "poids max 5.0", "type": "poids_limite", "valeur": 5.0, "franchissable": true, "aussi_ensembles": "ja"}}, {"type": "Feature", "geometry": {"type": "LineString", "coordinates": [[15.84327, 57.48666], [15.84203, 57.48684]]}, "properties": {"id": "trv-12723:359164-3:808907-0.0000_1.0000", "country": "se", "source": "TRV", "updated": "2026-09-12", "name": "poids max 3.5", "type": "poids_limite", "valeur": 3.5, "franchissable": true, "aussi_ensembles": "nej"}}, {"type": "Feature", "geometry": {"type": "LineString", "coordinates": [[17.34759, 62.45523], [17.3471, 62.45532], [17.34653, 62.45542], [17.34643, 62.45544], [17.34637, 62.45546], [17.34636, 62.45546], [17.34634, 62.45548], [17.34632, 62.45549], [17.34631, 62.45551], [17.34631, 62.45553], [17.34632, 62.45555], [17.34633, 62.45557], [17.34638, 62.45561], [17.34641, 62.45564], [17.34654, 62.45574], [17.34672, 62.45588], [17.34688, 62.45604], [17.34695, 62.45612], [17.34701, 62.45621], [17.34706, 62.45631], [17.3471, 62.45643], [17.34712, 62.45653], [17.34715, 62.45665], [17.34717, 62.45675], [17.34719, 62.45686], [17.34721, 62.45701], [17.34721, 62.45714], [17.34721, 62.45725], [17.34719, 62.45733], [17.34717, 62.45742], [17.34714, 62.45752], [17.34712, 62.45757], [17.34712, 62.45759], [17.34712, 62.45762], [17.34714, 62.45768]]}, "properties": {"id": "trv-12581:564860-3:773405-0.0000_1.0000", "country": "se", "source": "TRV", "updated": "2026-09-12", "occurrences": 2, "name": "poids max 3.5", "type": "poids_limite", "valeur": 3.5, "franchissable": true, "aussi_ensembles": "ja"}}, {"type": "Feature", "geometry": {"type": "LineString", "coordinates": [[17.34895, 62.45498], [17.34874, 62.45502], [17.34836, 62.45509], [17.348, 62.45516], [17.34775, 62.45521], [17.34759, 62.45523]]}, "properties": {"id": "trv-12581:564860-3:773418-0.0000_1.0000", "country": "se", "source": "TRV", "updated": "2026-09-12", "occurrences": 2, "name": "poids max 3.5", "type": "poids_limite", "valeur": 3.5, "franchissable": true, "aussi_ensembles": "ja"}}, {"type": "Feature", "geometry": {"type": "LineString", "coordinates": [[14.14623, 61.14727], [14.14636, 61.14734], [14.14646, 61.14736], [14.1466, 61.14737], [14.14673, 61.14734], [14.1478, 61.14683], [14.14795, 61.14679], [14.14811, 61.14678], [14.1482, 61.14678], [14.14832, 61.14682], [14.1484, 61.14688], [14.14841, 61.14691], [14.14837, 61.14697]]}, "properties": {"id": "trv-12725:187534-3:562047-0.0000_1.0000", "country": "se", "source": "TRV", "updated": "2026-09-12", "occurrences": 3, "name": "poids max 3.5", "type": "poids_limite", "valeur": 3.5, "franchissable": true, "aussi_ensembles": "ja"}}, {"type": "Feature", "geometry": {"type": "LineString", "coordinates": [[14.14165, 61.14398], [14.14623, 61.14727]]}, "properties": {"id": "trv-12725:187534-3:562187-0.0000_1.0000", "country": "se", "source": "TRV", "updated": "2026-09-12", "occurrences": 3, "name": "poids max 3.5", "type": "poids_limite", "valeur": 3.5, "franchissable": true, "aussi_ensembles": "ja"}}, {"type": "Feature", "geometry": {"type": "LineString", "coordinates": [[14.71239, 60.194], [14.7125, 60.19401], [14.71288, 60.19404], [14.71296, 60.19404], [14.71397, 60.1941], [14.71418, 60.19409], [14.7142, 60.19409], [14.71422, 60.19409]]}, "properties": {"id": "trv-12725:64715-3:627357-0.6392_0.7333", "country": "se", "source": "TRV", "updated": "2026-09-12", "name": "poids max 4.0", "type": "poids_limite", "valeur": 4.0, "franchissable": true, "aussi_ensembles": "ja"}}, {"type": "Feature", "geometry": {"type": "LineString", "coordinates": [[14.7427, 60.21207], [14.74245, 60.21206], [14.74184, 60.21205], [14.74166, 60.21208], [14.74155, 60.21212]]}, "properties": {"id": "trv-12725:64723-3:627050-0.9540_0.9908", "country": "se", "source": "TRV", "updated": "2026-09-12", "name": "poids max 4.0", "type": "poids_limite", "valeur": 4.0, "franchissable": true, "aussi_ensembles": "ja"}}, {"type": "Feature", "geometry": {"type": "LineString", "coordinates": [[12.10517, 57.91802], [12.10521, 57.91799], [12.10527, 57.91795], [12.10545, 57.91792], [12.10567, 57.9179], [12.10587, 57.91787], [12.10605, 57.91784], [12.10623, 57.91782], [12.10635, 57.91779], [12.10641, 57.91776], [12.10646, 57.91771], [12.10652, 57.91762], [12.10656, 57.91752], [12.10662, 57.91743], [12.1067, 57.91731], [12.10679, 57.91719], [12.10691, 57.91703], [12.107, 57.91693], [12.10707, 57.91685], [12.10713, 57.91681]]}, "properties": {"id": "trv-12725:68538-3:1328657-0.0000_0.9397", "country": "se", "source": "TRV", "updated": "2026-09-12", "name": "poids max 3.5", "type": "poids_limite", "valeur": 3.5, "franchissable": true, "aussi_ensembles": "ja"}}, {"type": "Feature", "geometry": {"type": "LineString", "coordinates": [[17.42304, 62.72974], [17.42289, 62.72984]]}, "properties": {"id": "trv-12584:46264-3:757940-0.3462_0.6305", "country": "se", "source": "TRV", "updated": "2026-09-12", "name": "poids max 4.0", "type": "poids_limite", "valeur": 4.0, "franchissable": true, "aussi_ensembles": "ja"}}, {"type": "Feature", "geometry": {"type": "LineString", "coordinates": [[18.13806, 59.46006], [18.13798, 59.46], [18.13798, 59.46], [18.13772, 59.4598], [18.13765, 59.45974], [18.13763, 59.45971], [18.13764, 59.45969], [18.13765, 59.45967], [18.13768, 59.45966], [18.13772, 59.45964], [18.13775, 59.45963], [18.13779, 59.45962], [18.13782, 59.45961], [18.13786, 59.45961], [18.13791, 59.45961], [18.13794, 59.45962], [18.13796, 59.45963], [18.13804, 59.45969], [18.13815, 59.45977], [18.13833, 59.4599], [18.13834, 59.45991], [18.13835, 59.45992], [18.13835, 59.45993], [18.13835, 59.45995], [18.13833, 59.45997], [18.13832, 59.45998], [18.13823, 59.46001], [18.13819, 59.46003], [18.13811, 59.46005], [18.13806, 59.46006]]}, "properties": {"id": "trv-12593:22888-22532:920-0.0000_1.0000", "country": "se", "source": "TRV", "updated": "2026-09-12", "occurrences": 2, "name": "poids max 3.5", "type": "poids_limite", "valeur": 3.5, "franchissable": true, "aussi_ensembles": "ja"}}, {"type": "Feature", "geometry": {"type": "LineString", "coordinates": [[15.7211, 58.37788], [15.72089, 58.37803], [15.72075, 58.37813], [15.72058, 58.37826], [15.72042, 58.37836], [15.72024, 58.37847], [15.71997, 58.37863], [15.7195, 58.37893], [15.71912, 58.37918], [15.71894, 58.37929], [15.71874, 58.3794], [15.71847, 58.37955], [15.7182, 58.37975], [15.7179, 58.38004], [15.71784, 58.38009], [15.7177, 58.38022], [15.71756, 58.38033], [15.71746, 58.38041], [15.71733, 58.38055], [15.71717, 58.38073], [15.71704, 58.38089], [15.71674, 58.3813], [15.71628, 58.38193], [15.71618, 58.38204], [15.71601, 58.38221], [15.71594, 58.38231], [15.71589, 58.38241], [15.71584, 58.38251], [15.71577, 58.38269], [15.71573, 58.38276], [15.7157, 58.38283], [15.71567, 58.38287], [15.71563, 58.38292], [15.71559, 58.38298], [15.71555, 58.38303], [15.71551, 58.38308], [15.71547, 58.38313], [15.71542, 58.38318], [15.71533, 58.38328], [15.71527, 58.38333], [15.7152, 58.38338], [15.71514, 58.38344], [15.71506, 58.38349], [15.71499, 58.38354], [15.71493, 58.38358], [15.71463, 58.38375], [15.71429, 58.38397], [15.71415, 58.38406], [15.7141, 58.3841], [15.71405, 58.38414], [15.71401, 58.38418], [15.71398, 58.38423], [15.71395, 58.38428], [15.71379, 58.3846]]}, "properties": {"id": "trv-12725:153458-3:516930-0.0000_1.0000", "country": "se", "source": "TRV", "updated": "2026-09-12", "occurrences": 10, "name": "poids max 3.5", "type": "poids_limite", "valeur": 3.5, "franchissable": true, "aussi_ensembles": "nej"}}, {"type": "Feature", "geometry": {"type": "LineString", "coordinates": [[15.70565, 58.39331], [15.70597, 58.39316], [15.7092, 58.39144], [15.70935, 58.39136], [15.70953, 58.39127], [15.70986, 58.39109], [15.70997, 58.39103], [15.71002, 58.39099], [15.71007, 58.39093], [15.7101, 58.39091], [15.71015, 58.3908], [15.71016, 58.39077]]}, "properties": {"id": "trv-12725:153458-11154:52572-0.0000_1.0000", "country": "se", "source": "TRV", "updated": "2026-09-12", "occurrences": 10, "name": "poids max 3.5", "type": "poids_limite", "valeur": 3.5, "franchissable": true, "aussi_ensembles": "nej"}}, {"type": "Feature", "geometry": {"type": "LineString", "coordinates": [[15.71007, 58.39093], [15.71004, 58.39093], [15.70996, 58.39092], [15.70987, 58.39087], [15.70981, 58.39083]]}, "properties": {"id": "trv-12725:153458-11154:52579-0.0000_0.4769", "country": "se", "source": "TRV", "updated": "2026-09-12", "occurrences": 10, "name": "poids max 3.5", "type": "poids_limite", "valeur": 3.5, "franchissable": true, "aussi_ensembles": "nej"}}, {"type": "Feature", "geometry": {"type": "LineString", "coordinates": [[15.70739, 58.39398], [15.70753, 58.39391], [15.70784, 58.39367], [15.70817, 58.39341], [15.70828, 58.39333], [15.70875, 58.39297], [15.70877, 58.39295], [15.71023, 58.39181], [15.71026, 58.39177], [15.71029, 58.39173], [15.71028, 58.3917], [15.71025, 58.39166], [15.71016, 58.39161], [15.70953, 58.39127]]}, "properties": {"id": "trv-12725:153458-11154:52585-0.0562_1.0000", "country": "se", "source": "TRV", "updated": "2026-09-12", "occurrences": 10, "name": "poids max 3.5", "type": "poids_limite", "valeur": 3.5, "franchissable": true, "aussi_ensembles": "nej"}}, {"type": "Feature", "geometry": {"type": "LineString", "coordinates": [[15.70909, 58.39306], [15.70877, 58.39295]]}, "properties": {"id": "trv-12725:153458-11154:52593-0.9070_1.0000", "country": "se", "source": "TRV", "updated": "2026-09-12", "occurrences": 10, "name": "poids max 3.5", "type": "poids_limite", "valeur": 3.5, "franchissable": true, "aussi_ensembles": "nej"}}, {"type": "Feature", "geometry": {"type": "LineString", "coordinates": [[15.72058, 58.37826], [15.72067, 58.37829], [15.7207, 58.37829], [15.72073, 58.3783], [15.72073, 58.3783]]}, "properties": {"id": "trv-12725:153458-12728:14479-0.0000_0.2183", "country": "se", "source": "TRV", "updated": "2026-09-12", "occurrences": 10, "name": "poids max 3.5", "type": "poids_limite", "valeur": 3.5, "franchissable": true, "aussi_ensembles": "nej"}}, {"type": "Feature", "geometry": {"type": "LineString", "coordinates": [[14.53773, 59.98596], [14.53794, 59.98602]]}, "properties": {"id": "trv-12730:318352-3:427435-0.0641_0.0766", "country": "se", "source": "TRV", "updated": "2026-09-12", "name": "poids max 4.0", "type": "poids_limite", "valeur": 4.0, "franchissable": true, "aussi_ensembles": "nej"}}, {"type": "Feature", "geometry": {"type": "LineString", "coordinates": [[14.8987, 60.48326], [14.89857, 60.48326], [14.89845, 60.48328], [14.89836, 60.4833], [14.89747, 60.48359], [14.89572, 60.48415], [14.89566, 60.48419], [14.89565, 60.48421]]}, "properties": {"id": "trv-12730:47646-3:607553-0.1894_1.0000", "country": "se", "source": "TRV", "updated": "2026-09-12", "name": "poids max 4.0", "type": "poids_limite", "valeur": 4.0, "franchissable": true, "aussi_ensembles": "ja"}}, {"type": "Feature", "geometry": {"type": "LineString", "coordinates": [[14.7449, 56.89217], [14.7448, 56.89218], [14.74462, 56.89221], [14.74441, 56.89222], [14.74417, 56.89221], [14.74384, 56.8922], [14.74364, 56.89218], [14.7434, 56.8922], [14.74329, 56.89219], [14.74327, 56.8922], [14.74314, 56.8922], [14.74311, 56.89219]]}, "properties": {"id": "trv-12728:42917-12724:20452-0.0000_0.9108", "country": "se", "source": "TRV", "updated": "2026-09-12", "name": "poids max 7.0", "type": "poids_limite", "valeur": 7.0, "franchissable": true, "aussi_ensembles": "ja"}}, {"type": "Feature", "geometry": {"type": "LineString", "coordinates": [[20.48645, 65.69701], [20.48631, 65.69712]]}, "properties": {"id": "trv-12725:279785-3:909661-0.0312_0.1726", "country": "se", "source": "TRV", "updated": "2026-09-12", "name": "poids max 4.3", "type": "poids_limite", "valeur": 4.3, "franchissable": true, "aussi_ensembles": "ja"}}, {"type": "Feature", "geometry": {"type": "LineString", "coordinates": [[12.42026, 57.8133], [12.42033, 57.81331], [12.4204, 57.81333], [12.42044, 57.81336], [12.42045, 57.81338], [12.42047, 57.81341], [12.42049, 57.81346], [12.42049, 57.81349], [12.4205, 57.81353], [12.42051, 57.81362], [12.42052, 57.81369], [12.42052, 57.81377], [12.42052, 57.81384], [12.42051, 57.81387], [12.4205, 57.81391], [12.42045, 57.81397], [12.42039, 57.81402], [12.42026, 57.8141], [12.42018, 57.81416], [12.42012, 57.81419], [12.4201, 57.81421], [12.42006, 57.81426], [12.42005, 57.81427], [12.42003, 57.81432], [12.42003, 57.81442], [12.42003, 57.81449], [12.42004, 57.81461], [12.42007, 57.81472], [12.42007, 57.81474], [12.42012, 57.81484], [12.42022, 57.81499], [12.42029, 57.81509], [12.4203, 57.81511], [12.42035, 57.81522], [12.42034, 57.81529], [12.42033, 57.81537], [12.42034, 57.81541], [12.42036, 57.81548], [12.4204, 57.81558], [12.42042, 57.81567], [12.42044, 57.81577], [12.42046, 57.81586], [12.42046, 57.81591], [12.42047, 57.81595], [12.42049, 57.81601], [12.42051, 57.81605], [12.42056, 57.81613], [12.42059, 57.8162], [12.42059, 57.81623], [12.4206, 57.81628], [12.4206, 57.8163], [12.42059, 57.81632], [12.42058, 57.81636], [12.42056, 57.81639], [12.42049, 57.81647], [12.42034, 57.81661], [12.42027, 57.8167], [12.42023, 57.81675], [12.42018, 57.81683], [12.42013, 57.81689], [12.42008, 57.81694], [12.42002, 57.81698], [12.41991, 57.81706], [12.41976, 57.81715], [12.41968, 57.81719], [12.41963, 57.81722], [12.41957, 57.81727], [12.41949, 57.81735], [12.41939, 57.81744], [12.41933, 57.81749], [12.41925, 57.81757]]}, "properties": {"id": "trv-12731:70364-3:1341538-0.0000_1.0000", "country": "se", "source": "TRV", "updated": "2026-09-12", "name": "poids max 6.0", "type": "poids_limite", "valeur": 6.0, "franchissable": true, "aussi_ensembles": "nej"}}, {"type": "Feature", "geometry": {"type": "LineString", "coordinates": [[14.02622, 61.97275], [14.02627, 61.97282], [14.0263, 61.97292], [14.0263, 61.97299], [14.02627, 61.97313], [14.02627, 61.97321], [14.02637, 61.97347], [14.02638, 61.97358], [14.02634, 61.97367], [14.02606, 61.97402], [14.02578, 61.97436], [14.02547, 61.97475], [14.02532, 61.97491], [14.02489, 61.97526]]}, "properties": {"id": "trv-12743:793-11163:206946-0.0000_1.0000", "country": "se", "source": "TRV", "updated": "2026-09-12", "name": "poids max 3.0", "type": "poids_limite", "valeur": 3.0, "franchissable": false, "aussi_ensembles": "ja"}}, {"type": "Feature", "geometry": {"type": "LineString", "coordinates": [[16.321, 58.48152], [16.32095, 58.48158], [16.32073, 58.48182]]}, "properties": {"id": "trv-12732:39182-12732:39138-0.0000_1.0000", "country": "se", "source": "TRV", "updated": "2026-09-12", "name": "poids max 3.5", "type": "poids_limite", "valeur": 3.5, "franchissable": true, "aussi_ensembles": "nej"}}, {"type": "Feature", "geometry": {"type": "LineString", "coordinates": [[16.32266, 58.4774], [16.32248, 58.47777], [16.32241, 58.4779]]}, "properties": {"id": "trv-12732:39194-3:506208-0.0000_1.0000", "country": "se", "source": "TRV", "updated": "2026-09-12", "occurrences": 5, "name": "poids max 3.5", "type": "poids_limite", "valeur": 3.5, "franchissable": true, "aussi_ensembles": "nej"}}, {"type": "Feature", "geometry": {"type": "LineString", "coordinates": [[14.27928, 55.47021], [14.27966, 55.47033], [14.28017, 55.4705]]}, "properties": {"id": "trv-12737:34324-3:1589577-0.0000_1.0000", "country": "se", "source": "TRV", "updated": "2026-09-12", "occurrences": 3, "name": "poids max 3.5", "type": "poids_limite", "valeur": 3.5, "franchissable": true}}, {"type": "Feature", "geometry": {"type": "LineString", "coordinates": [[14.27669, 55.46922], [14.27689, 55.46932], [14.27737, 55.46961], [14.27771, 55.46975], [14.27783, 55.46978], [14.27822, 55.4699], [14.2786, 55.47001], [14.27928, 55.47021]]}, "properties": {"id": "trv-12737:34324-3:1589632-0.0000_1.0000", "country": "se", "source": "TRV", "updated": "2026-09-12", "occurrences": 3, "name": "poids max 3.5", "type": "poids_limite", "valeur": 3.5, "franchissable": true}}, {"type": "Feature", "geometry": {"type": "LineString", "coordinates": [[14.74232, 60.72682], [14.7424, 60.72668]]}, "properties": {"id": "trv-12742:4885-3:587424-0.6252_0.6716", "country": "se", "source": "TRV", "updated": "2026-09-12", "name": "poids max 1.5", "type": "poids_limite", "valeur": 1.5, "franchissable": false, "aussi_ensembles": "nej"}}, {"type": "Feature", "geometry": {"type": "LineString", "coordinates": [[12.78538, 57.18374], [12.78506, 57.18384], [12.78464, 57.18395], [12.78412, 57.18407], [12.78373, 57.18413], [12.7835, 57.18416], [12.78341, 57.18417]]}, "properties": {"id": "trv-12759:3013-3:244092-0.0000_1.0000", "country": "se", "source": "TRV", "updated": "2026-09-12", "name": "poids max 4.0", "type": "poids_limite", "valeur": 4.0, "franchissable": true, "aussi_ensembles": "ja"}}, {"type": "Feature", "geometry": {"type": "LineString", "coordinates": [[14.63155, 58.97693], [14.63155, 58.9766]]}, "properties": {"id": "trv-12737:33320-12737:33277-0.0000_1.0000", "country": "se", "source": "TRV", "updated": "2026-09-12", "name": "poids max 3.5", "type": "poids_limite", "valeur": 3.5, "franchissable": true, "aussi_ensembles": "nej"}}, {"type": "Feature", "geometry": {"type": "LineString", "coordinates": [[15.30599, 60.54638], [15.30598, 60.54652], [15.30596, 60.54685], [15.30593, 60.54712], [15.30597, 60.54727], [15.30608, 60.5475], [15.30613, 60.54771], [15.30613, 60.54787], [15.30609, 60.548], [15.306, 60.54814], [15.30573, 60.54835], [15.30566, 60.54847], [15.30565, 60.54855], [15.30567, 60.54862], [15.3058, 60.54881], [15.30599, 60.54914], [15.3061, 60.54927], [15.30618, 60.54933], [15.30618, 60.54933]]}, "properties": {"id": "trv-13646:15410-3:602391-0.6972_0.9748", "country": "se", "source": "TRV", "updated": "2026-09-12", "name": "poids max 3.5", "type": "poids_limite", "valeur": 3.5, "franchissable": true, "aussi_ensembles": "nej"}}, {"type": "Feature", "geometry": {"type": "LineString", "coordinates": [[16.72168, 60.90503], [16.72187, 60.90492], [16.72196, 60.90487], [16.72204, 60.90484], [16.72212, 60.90481], [16.72222, 60.90479], [16.72232, 60.90477], [16.72244, 60.90476], [16.72256, 60.90475], [16.7227, 60.90474], [16.72289, 60.90473], [16.72326, 60.90472], [16.72365, 60.9047], [16.72387, 60.90469], [16.724, 60.90468], [16.72412, 60.90467], [16.72422, 60.90466], [16.72431, 60.90463], [16.72442, 60.90458], [16.72455, 60.90451], [16.72463, 60.90446], [16.72466, 60.90443]]}, "properties": {"id": "trv-13649:17818-3:1170982-0.0000_1.0000", "country": "se", "source": "TRV", "updated": "2026-09-12", "name": "poids max 2.0", "type": "poids_limite", "valeur": 2.0, "franchissable": false, "aussi_ensembles": "ja"}}, {"type": "Feature", "geometry": {"type": "LineString", "coordinates": [[15.41363, 60.14263], [15.41358, 60.14268], [15.41332, 60.14295], [15.41315, 60.14314]]}, "properties": {"id": "trv-12784:150308-19328:7230-0.0000_1.0000", "country": "se", "source": "TRV", "updated": "2026-09-12", "name": "poids max 3.5", "type": "poids_limite", "valeur": 3.5, "franchissable": true, "aussi_ensembles": "nej"}}, {"type": "Feature", "geometry": {"type": "LineString", "coordinates": [[17.01723, 63.3475], [17.01734, 63.34759], [17.01886, 63.34867], [17.01903, 63.3488]]}, "properties": {"id": "trv-13621:56845-3:734711-0.3978_0.8780", "country": "se", "source": "TRV", "updated": "2026-09-12", "name": "poids max 1.5", "type": "poids_limite", "valeur": 1.5, "franchissable": false, "aussi_ensembles": "ja"}}, {"type": "Feature", "geometry": {"type": "LineString", "coordinates": [[13.78824, 57.26256], [13.78811, 57.26257], [13.78767, 57.26258], [13.78758, 57.26258]]}, "properties": {"id": "trv-14116:327008-3:114149-0.0000_1.0000", "country": "se", "source": "TRV", "updated": "2026-09-12", "name": "poids max 3.5", "type": "poids_limite", "valeur": 3.5, "franchissable": true, "aussi_ensembles": "nej"}}, {"type": "Feature", "geometry": {"type": "LineString", "coordinates": [[13.88155, 57.30962], [13.88135, 57.30962], [13.88014, 57.30969], [13.87996, 57.30969]]}, "properties": {"id": "trv-14116:327012-3:109727-0.0000_1.0000", "country": "se", "source": "TRV", "updated": "2026-09-12", "occurrences": 9, "name": "poids max 3.5", "type": "poids_limite", "valeur": 3.5, "franchissable": true, "aussi_ensembles": "nej"}}, {"type": "Feature", "geometry": {"type": "LineString", "coordinates": [[13.88335, 57.30969], [13.88276, 57.30965], [13.88173, 57.30962], [13.88155, 57.30962]]}, "properties": {"id": "trv-14116:327012-3:109726-0.0000_1.0000", "country": "se", "source": "TRV", "updated": "2026-09-12", "occurrences": 9, "name": "poids max 3.5", "type": "poids_limite", "valeur": 3.5, "franchissable": true, "aussi_ensembles": "nej"}}, {"type": "Feature", "geometry": {"type": "LineString", "coordinates": [[13.88335, 57.30969], [13.88323, 57.31044]]}, "properties": {"id": "trv-14116:327012-3:109716-0.0000_1.0000", "country": "se", "source": "TRV", "updated": "2026-09-12", "occurrences": 9, "name": "poids max 3.5", "type": "poids_limite", "valeur": 3.5, "franchissable": true, "aussi_ensembles": "nej"}}, {"type": "Feature", "geometry": {"type": "LineString", "coordinates": [[13.88591, 57.30986], [13.8855, 57.30982], [13.88483, 57.30977], [13.88355, 57.3097], [13.88335, 57.30969]]}, "properties": {"id": "trv-14116:327012-3:109715-0.1604_1.0000", "country": "se", "source": "TRV", "updated": "2026-09-12", "occurrences": 9, "name": "poids max 3.5", "type": "poids_limite", "valeur": 3.5, "franchissable": true, "aussi_ensembles": "nej"}}, {"type": "Feature", "geometry": {"type": "LineString", "coordinates": [[13.87839, 57.3099], [13.87858, 57.30987], [13.87901, 57.30979], [13.87979, 57.3097], [13.87996, 57.30969]]}, "properties": {"id": "trv-14116:327012-3:109697-0.0000_1.0000", "country": "se", "source": "TRV", "updated": "2026-09-12", "occurrences": 9, "name": "poids max 3.5", "type": "poids_limite", "valeur": 3.5, "franchissable": true, "aussi_ensembles": "nej"}}, {"type": "Feature", "geometry": {"type": "LineString", "coordinates": [[13.87996, 57.30969], [13.87998, 57.3098], [13.8801, 57.31046]]}, "properties": {"id": "trv-14116:327012-3:109696-0.0000_1.0000", "country": "se", "source": "TRV", "updated": "2026-09-12", "occurrences": 9, "name": "poids max 3.5", "type": "poids_limite", "valeur": 3.5, "franchissable": true, "aussi_ensembles": "nej"}}, {"type": "Feature", "geometry": {"type": "LineString", "coordinates": [[13.87695, 57.3105], [13.87701, 57.31047], [13.87709, 57.31042], [13.8777, 57.31014], [13.87813, 57.30998], [13.87839, 57.3099]]}, "properties": {"id": "trv-14116:327012-3:109659-0.0000_1.0000", "country": "se", "source": "TRV", "updated": "2026-09-12", "occurrences": 9, "name": "poids max 3.5", "type": "poids_limite", "valeur": 3.5, "franchissable": true, "aussi_ensembles": "nej"}}, {"type": "Feature", "geometry": {"type": "LineString", "coordinates": [[13.88323, 57.31044], [13.88312, 57.31111], [13.8831, 57.3112], [13.8831, 57.31121], [13.88302, 57.31167], [13.88297, 57.31173], [13.88294, 57.31174]]}, "properties": {"id": "trv-14116:327012-3:109594-0.0000_0.6727", "country": "se", "source": "TRV", "updated": "2026-09-12", "occurrences": 9, "name": "poids max 3.5", "type": "poids_limite", "valeur": 3.5, "franchissable": true, "aussi_ensembles": "nej"}}, {"type": "Feature", "geometry": {"type": "LineString", "coordinates": [[13.88039, 57.31191], [13.88035, 57.31182], [13.88023, 57.31118], [13.88012, 57.31056], [13.8801, 57.31046]]}, "properties": {"id": "trv-14116:327012-3:109588-0.0000_1.0000", "country": "se", "source": "TRV", "updated": "2026-09-12", "occurrences": 9, "name": "poids max 3.5", "type": "poids_limite", "valeur": 3.5, "franchissable": true, "aussi_ensembles": "nej"}}, {"type": "Feature", "geometry": {"type": "LineString", "coordinates": [[18.68298, 63.31869], [18.68284, 63.31852], [18.6827, 63.31835], [18.68256, 63.31818], [18.68247, 63.31807], [18.68232, 63.3179], [18.68217, 63.31773], [18.68214, 63.3177], [18.682, 63.31753], [18.68196, 63.31749], [18.68194, 63.31746], [18.68192, 63.31743], [18.68178, 63.31726], [18.68164, 63.3171], [18.68151, 63.31694]]}, "properties": {"id": "trv-13653:3493-3:735149-0.0000_1.0000", "country": "se", "source": "TRV", "updated": "2026-09-12", "occurrences": 2, "name": "poids max 4.0", "type": "poids_limite", "valeur": 4.0, "franchissable": true, "aussi_ensembles": "nej"}}, {"type": "Feature", "geometry": {"type": "LineString", "coordinates": [[13.21014, 61.37908], [13.20993, 61.37935], [13.2099, 61.37943]]}, "properties": {"id": "trv-13659:518-13464:112006-0.0000_1.0000", "country": "se", "source": "TRV", "updated": "2026-09-12", "occurrences": 4, "name": "poids max 3.0", "type": "poids_limite", "valeur": 3.0, "franchissable": false, "aussi_ensembles": "nej"}}, {"type": "Feature", "geometry": {"type": "LineString", "coordinates": [[13.18875, 59.38829], [13.18887, 59.3883], [13.18901, 59.38832], [13.18911, 59.38834], [13.18926, 59.38838], [13.18942, 59.38843], [13.18956, 59.38848], [13.18988, 59.38861], [13.19004, 59.38868], [13.19072, 59.38898]]}, "properties": {"id": "trv-13660:881-3:699013-0.1562_1.0000", "country": "se", "source": "TRV", "updated": "2026-09-12", "occurrences": 3, "name": "poids max 3.5", "type": "poids_limite", "valeur": 3.5, "franchissable": true, "aussi_ensembles": "ja"}}, {"type": "Feature", "geometry": {"type": "LineString", "coordinates": [[13.19072, 59.38898], [13.19083, 59.38905], [13.19095, 59.38911], [13.19104, 59.38916], [13.19114, 59.38923], [13.19123, 59.38929], [13.1913, 59.38935], [13.19135, 59.3894], [13.1914, 59.38946], [13.19144, 59.38951], [13.19147, 59.38954], [13.19149, 59.38959], [13.19151, 59.38963], [13.19156, 59.38976], [13.19167, 59.39008], [13.19179, 59.39042], [13.19183, 59.39051]]}, "properties": {"id": "trv-13660:881-3:698937-0.0000_1.0000", "country": "se", "source": "TRV", "updated": "2026-09-12", "occurrences": 3, "name": "poids max 3.5", "type": "poids_limite", "valeur": 3.5, "franchissable": true, "aussi_ensembles": "ja"}}, {"type": "Feature", "geometry": {"type": "LineString", "coordinates": [[13.19183, 59.39051], [13.19186, 59.39059], [13.19192, 59.39071], [13.19197, 59.39081], [13.19201, 59.39088], [13.19204, 59.39094], [13.19213, 59.39108]]}, "properties": {"id": "trv-13660:881-3:698792-0.0000_0.8401", "country": "se", "source": "TRV", "updated": "2026-09-12", "occurrences": 3, "name": "poids max 3.5", "type": "poids_limite", "valeur": 3.5, "franchissable": true, "aussi_ensembles": "ja"}}, {"type": "Feature", "geometry": {"type": "LineString", "coordinates": [[12.48171, 57.95201], [12.48187, 57.95209], [12.48195, 57.9521], [12.48205, 57.95209], [12.48216, 57.95203], [12.48281, 57.95169]]}, "properties": {"id": "trv-13665:8979-3:1325710-0.0000_1.0000", "country": "se", "source": "TRV", "updated": "2026-09-12", "name": "poids max 3.5", "type": "poids_limite", "valeur": 3.5, "franchissable": true, "aussi_ensembles": "nej"}}, {"type": "Feature", "geometry": {"type": "LineString", "coordinates": [[13.5365, 59.36674], [13.53628, 59.36685], [13.53541, 59.36768], [13.53524, 59.36788]]}, "properties": {"id": "trv-13668:2314-3:702517-0.0000_1.0000", "country": "se", "source": "TRV", "updated": "2026-09-12", "occurrences": 2, "name": "poids max 3.5", "type": "poids_limite", "valeur": 3.5, "franchissable": true, "aussi_ensembles": "nej"}}, {"type": "Feature", "geometry": {"type": "LineString", "coordinates": [[13.53524, 59.36788], [13.53434, 59.36901], [13.53429, 59.36912], [13.53428, 59.36918], [13.53428, 59.36955]]}, "properties": {"id": "trv-13668:2314-3:702418-0.0000_1.0000", "country": "se", "source": "TRV", "updated": "2026-09-12", "occurrences": 2, "name": "poids max 3.5", "type": "poids_limite", "valeur": 3.5, "franchissable": true, "aussi_ensembles": "nej"}}, {"type": "Feature", "geometry": {"type": "LineString", "coordinates": [[13.01701, 60.14822], [13.01739, 60.14809]]}, "properties": {"id": "trv-13801:250-3:648408-0.7263_0.8693", "country": "se", "source": "TRV", "updated": "2026-09-12", "name": "poids max 3.5", "type": "poids_limite", "valeur": 3.5, "franchissable": true, "aussi_ensembles": "ja"}}, {"type": "Feature", "geometry": {"type": "LineString", "coordinates": [[12.76385, 60.2809], [12.76373, 60.28074]]}, "properties": {"id": "trv-13801:254-3:644789-0.1082_0.2746", "country": "se", "source": "TRV", "updated": "2026-09-12", "name": "poids max 3.5", "type": "poids_limite", "valeur": 3.5, "franchissable": true, "aussi_ensembles": "ja"}}, {"type": "Feature", "geometry": {"type": "LineString", "coordinates": [[14.12302, 58.73586], [14.12314, 58.73591], [14.12325, 58.73595], [14.12335, 58.73599], [14.12357, 58.73607], [14.12382, 58.73615], [14.12393, 58.73621], [14.12401, 58.73628], [14.12402, 58.73631]]}, "properties": {"id": "trv-13804:398-1000:65819-0.8313_0.8555", "country": "se", "source": "TRV", "updated": "2026-09-12", "name": "poids max 5.4", "type": "poids_limite", "valeur": 5.4, "franchissable": true, "aussi_ensembles": "ja"}}, {"type": "Feature", "geometry": {"type": "LineString", "coordinates": [[12.2541, 57.09886], [12.25408, 57.0989], [12.2528, 57.10069], [12.25274, 57.10074]]}, "properties": {"id": "trv-13824:210-3:248560-0.0000_1.0000", "country": "se", "source": "TRV", "updated": "2026-09-12", "name": "poids max 3.5", "type": "poids_limite", "valeur": 3.5, "franchissable": true, "aussi_ensembles": "ja"}}, {"type": "Feature", "geometry": {"type": "LineString", "coordinates": [[13.74853, 57.35044], [13.74787, 57.35016], [13.74772, 57.3501], [13.74765, 57.35008]]}, "properties": {"id": "trv-14116:327016-3:106106-0.0000_1.0000", "country": "se", "source": "TRV", "updated": "2026-09-12", "occurrences": 7, "name": "poids max 3.5", "type": "poids_limite", "valeur": 3.5, "franchissable": true, "aussi_ensembles": "nej"}}, {"type": "Feature", "geometry": {"type": "LineString", "coordinates": [[13.74853, 57.35044], [13.74888, 57.35063], [13.74917, 57.35079]]}, "properties": {"id": "trv-14116:327016-3:106071-0.0000_1.0000", "country": "se", "source": "TRV", "updated": "2026-09-12", "occurrences": 7, "name": "poids max 3.5", "type": "poids_limite", "valeur": 3.5, "franchissable": true, "aussi_ensembles": "nej"}}, {"type": "Feature", "geometry": {"type": "LineString", "coordinates": [[13.74997, 57.3514], [13.74968, 57.35115], [13.74949, 57.351], [13.74929, 57.35086], [13.74917, 57.35079]]}, "properties": {"id": "trv-14116:327016-3:106027-0.0000_1.0000", "country": "se", "source": "TRV", "updated": "2026-09-12", "occurrences": 7, "name": "poids max 3.5", "type": "poids_limite", "valeur": 3.5, "franchissable": true, "aussi_ensembles": "nej"}}, {"type": "Feature", "geometry": {"type": "LineString", "coordinates": [[13.75034, 57.35256], [13.75035, 57.35243], [13.75041, 57.35216], [13.7504, 57.35206], [13.75037, 57.35196], [13.7503, 57.35182], [13.75019, 57.35167], [13.74997, 57.3514]]}, "properties": {"id": "trv-14116:327016-3:105952-0.0000_1.0000", "country": "se", "source": "TRV", "updated": "2026-09-12", "occurrences": 7, "name": "poids max 3.5", "type": "poids_limite", "valeur": 3.5, "franchissable": true, "aussi_ensembles": "nej"}}, {"type": "Feature", "geometry": {"type": "LineString", "coordinates": [[14.1075, 58.74769], [14.10756, 58.7477], [14.10766, 58.74772], [14.10799, 58.7478], [14.10813, 58.74783], [14.10824, 58.74786], [14.10836, 58.74791], [14.10842, 58.74794]]}, "properties": {"id": "trv-13804:396-1000:65676-0.8093_0.8458", "country": "se", "source": "TRV", "updated": "2026-09-12", "name": "poids max 3.0", "type": "poids_limite", "valeur": 3.0, "franchissable": false, "aussi_ensembles": "ja"}}, {"type": "Feature", "geometry": {"type": "LineString", "coordinates": [[17.02181, 59.35247], [17.02178, 59.35246], [17.02158, 59.35244], [17.0214, 59.35242], [17.02117, 59.35239], [17.02095, 59.35234], [17.02078, 59.35231], [17.02071, 59.35231], [17.0206, 59.35231], [17.02042, 59.35234], [17.02005, 59.3524], [17.01966, 59.35245], [17.01949, 59.35248], [17.01936, 59.3525], [17.01926, 59.3525], [17.01915, 59.35249], [17.01897, 59.35248], [17.01886, 59.35246], [17.01871, 59.35243], [17.01849, 59.35239], [17.01811, 59.35232], [17.01779, 59.35229], [17.0176, 59.35229], [17.01748, 59.35229], [17.01717, 59.3523], [17.01686, 59.3523], [17.01631, 59.35233], [17.0161, 59.35235], [17.01596, 59.35237], [17.01578, 59.35239], [17.0155, 59.35241], [17.01539, 59.35244], [17.01529, 59.35249], [17.01519, 59.35253], [17.01507, 59.35256], [17.01485, 59.35261], [17.01467, 59.35262], [17.01454, 59.35261], [17.01447, 59.3526], [17.0144, 59.35258], [17.01431, 59.35256], [17.01417, 59.35249], [17.01388, 59.35236], [17.01376, 59.35231], [17.01365, 59.35228], [17.01349, 59.35223], [17.01331, 59.3522], [17.01316, 59.35219], [17.01299, 59.35218], [17.01286, 59.3522], [17.01275, 59.35221], [17.01265, 59.35223], [17.01258, 59.35226], [17.01248, 59.35228], [17.01223, 59.35233], [17.01178, 59.35246], [17.01163, 59.3525], [17.01149, 59.35252], [17.01135, 59.35255], [17.01118, 59.35256], [17.01088, 59.35257], [17.01075, 59.35258], [17.01061, 59.35261], [17.01051, 59.35263], [17.01041, 59.35265], [17.01031, 59.35268], [17.0102, 59.35273], [17.01006, 59.35279], [17.00998, 59.35284], [17.00976, 59.35296], [17.00958, 59.35309], [17.00954, 59.35312]]}, "properties": {"id": "trv-14119:105088-3:293648-0.1106_1.0000", "country": "se", "source": "TRV", "updated": "2026-09-12", "name": "poids max 3.5", "type": "poids_limite", "valeur": 3.5, "franchissable": true, "aussi_ensembles": "ja"}}, {"type": "Feature", "geometry": {"type": "LineString", "coordinates": [[15.11765, 57.42357], [15.11742, 57.4238], [15.11727, 57.42388], [15.11713, 57.42395], [15.11698, 57.42399]]}, "properties": {"id": "trv-14119:83188-3:100341-0.0212_1.0000", "country": "se", "source": "TRV", "updated": "2026-09-12", "occurrences": 28, "name": "poids max 3.5", "type": "poids_limite", "valeur": 3.5, "franchissable": true, "aussi_ensembles": "nej"}}, {"type": "Feature", "geometry": {"type": "LineString", "coordinates": [[14.86761, 59.43547], [14.86856, 59.43565], [14.86905, 59.43576], [14.86932, 59.43579], [14.86956, 59.4358], [14.86992, 59.43578], [14.87019, 59.43576], [14.87045, 59.43575], [14.87065, 59.43581]]}, "properties": {"id": "trv-14130:163244-3:444781-0.0000_1.0000", "country": "se", "source": "TRV", "updated": "2026-09-12", "occurrences": 2, "name": "poids max 4.0", "type": "poids_limite", "valeur": 4.0, "franchissable": true, "aussi_ensembles": "ja"}}, {"type": "Feature", "geometry": {"type": "LineString", "coordinates": [[14.86612, 59.43513], [14.86621, 59.43518], [14.86647, 59.43524], [14.86693, 59.43534], [14.86761, 59.43547]]}, "properties": {"id": "trv-14130:163244-3:444808-0.0000_1.0000", "country": "se", "source": "TRV", "updated": "2026-09-12", "occurrences": 2, "name": "poids max 4.0", "type": "poids_limite", "valeur": 4.0, "franchissable": true, "aussi_ensembles": "ja"}}, {"type": "Feature", "geometry": {"type": "LineString", "coordinates": [[13.33179, 56.13662], [13.33198, 56.13658], [13.33225, 56.13654], [13.33249, 56.1365], [13.33265, 56.13648], [13.33279, 56.13647], [13.33298, 56.13648], [13.33321, 56.13649], [13.33344, 56.1365], [13.33365, 56.13649], [13.33382, 56.13646], [13.33406, 56.13641], [13.33438, 56.13633], [13.33474, 56.13625], [13.33505, 56.13616], [13.3353, 56.1361], [13.33549, 56.13606], [13.33569, 56.136], [13.33586, 56.13594], [13.33619, 56.13585], [13.33646, 56.13577], [13.33675, 56.13566], [13.33694, 56.1356], [13.33717, 56.13553], [13.33744, 56.13544], [13.33769, 56.13535], [13.3379, 56.13529], [13.33808, 56.13522], [13.33828, 56.13517], [13.33845, 56.13513], [13.33864, 56.13512], [13.33884, 56.13511], [13.33911, 56.13511], [13.33934, 56.1351], [13.33965, 56.13509], [13.34, 56.13508], [13.34034, 56.13508], [13.34065, 56.1351], [13.34088, 56.13512], [13.34116, 56.13515], [13.34158, 56.13521], [13.34191, 56.13525], [13.34213, 56.13528], [13.34239, 56.13531], [13.34264, 56.13534], [13.34302, 56.13538], [13.34336, 56.13542], [13.34353, 56.13543], [13.34367, 56.13544], [13.34385, 56.13543], [13.34412, 56.1354], [13.34432, 56.13537], [13.34452, 56.13533], [13.34469, 56.1353], [13.34488, 56.13528], [13.34513, 56.13528], [13.34536, 56.13527], [13.34561, 56.13527], [13.34587, 56.13527], [13.34622, 56.13527], [13.34653, 56.13527], [13.34674, 56.13527], [13.34711, 56.13527], [13.34748, 56.13528], [13.34781, 56.13528], [13.34813, 56.13527], [13.34827, 56.13526], [13.34864, 56.13523], [13.34898, 56.1352], [13.34921, 56.13516], [13.34943, 56.13513], [13.34965, 56.13507]]}, "properties": {"id": "trv-14165:1274-3:1515178-0.0000_1.0000", "country": "se", "source": "TRV", "updated": "2026-09-12", "occurrences": 4, "name": "poids max 3.5", "type": "poids_limite", "valeur": 3.5, "franchissable": true, "aussi_ensembles": "ja"}}, {"type": "Feature", "geometry": {"type": "LineString", "coordinates": [[13.35887, 56.13577], [13.35926, 56.13573], [13.35952, 56.1357], [13.35982, 56.13568], [13.36004, 56.13567], [13.36026, 56.13566], [13.36044, 56.13566], [13.36067, 56.13564], [13.36091, 56.13561], [13.36111, 56.13558], [13.36135, 56.13553], [13.36166, 56.13546], [13.36188, 56.13541], [13.36204, 56.13538], [13.36227, 56.13535], [13.36247, 56.13533], [13.36259, 56.13532], [13.36274, 56.1353], [13.36298, 56.13528], [13.36326, 56.13525], [13.36352, 56.13524], [13.36371, 56.13523], [13.36399, 56.13521], [13.36407, 56.1352]]}, "properties": {"id": "trv-14165:1274-3:1515231-0.0000_0.6713", "country": "se", "source": "TRV", "updated": "2026-09-12", "occurrences": 4, "name": "poids max 3.5", "type": "poids_limite", "valeur": 3.5, "franchissable": true, "aussi_ensembles": "ja"}}, {"type": "Feature", "geometry": {"type": "LineString", "coordinates": [[17.63157, 59.87709], [17.63168, 59.87682], [17.63177, 59.87655]]}, "properties": {"id": "trv-14401:5222-12574:7323-0.0000_1.0000", "country": "se", "source": "TRV", "updated": "2026-09-12", "occurrences": 34, "name": "poids max 3.5", "type": "poids_limite", "valeur": 3.5, "franchissable": true, "aussi_ensembles": "ja"}}, {"type": "Feature", "geometry": {"type": "LineString", "coordinates": [[17.63137, 59.87762], [17.63138, 59.87759], [17.63157, 59.87709]]}, "properties": {"id": "trv-14401:5222-12574:7319-0.0000_1.0000", "country": "se", "source": "TRV", "updated": "2026-09-12", "occurrences": 34, "name": "poids max 3.5", "type": "poids_limite", "valeur": 3.5, "franchissable": true, "aussi_ensembles": "ja"}}, {"type": "Feature", "geometry": {"type": "LineString", "coordinates": [[17.63375, 59.87276], [17.63375, 59.8728], [17.63376, 59.87283], [17.6338, 59.87345]]}, "properties": {"id": "trv-14401:5222-3:155529-0.0000_1.0000", "country": "se", "source": "TRV", "updated": "2026-09-12", "occurrences": 34, "name": "poids max 3.5", "type": "poids_limite", "valeur": 3.5, "franchissable": true, "aussi_ensembles": "ja"}}, {"type": "Feature", "geometry": {"type": "LineString", "coordinates": [[17.63291, 59.875], [17.63314, 59.8742], [17.63326, 59.87378], [17.63328, 59.87372], [17.63331, 59.87366]]}, "properties": {"id": "trv-14401:5222-3:155439-0.0000_1.0000", "country": "se", "source": "TRV", "updated": "2026-09-12", "occurrences": 34, "name": "poids max 3.5", "type": "poids_limite", "valeur": 3.5, "franchissable": true, "aussi_ensembles": "ja"}}, {"type": "Feature", "geometry": {"type": "LineString", "coordinates": [[17.63056, 59.87479], [17.6314, 59.87487]]}, "properties": {"id": "trv-14401:5222-3:155357-0.0000_1.0000", "country": "se", "source": "TRV", "updated": "2026-09-12", "occurrences": 34, "name": "poids max 3.5", "type": "poids_limite", "valeur": 3.5, "franchissable": true, "aussi_ensembles": "ja"}}, {"type": "Feature", "geometry": {"type": "LineString", "coordinates": [[17.62912, 59.87637], [17.62915, 59.87632], [17.62934, 59.876]]}, "properties": {"id": "trv-14401:5222-3:155285-0.0000_1.0000", "country": "se", "source": "TRV", "updated": "2026-09-12", "occurrences": 34, "name": "poids max 3.5", "type": "poids_limite", "valeur": 3.5, "franchissable": true, "aussi_ensembles": "ja"}}, {"type": "Feature", "geometry": {"type": "LineString", "coordinates": [[17.63099, 59.87596], [17.63183, 59.87599], [17.63275, 59.87602]]}, "properties": {"id": "trv-14401:5222-3:155282-0.0000_1.0000", "country": "se", "source": "TRV", "updated": "2026-09-12", "occurrences": 34, "name": "poids max 3.5", "type": "poids_limite", "valeur": 3.5, "franchissable": true, "aussi_ensembles": "ja"}}, {"type": "Feature", "geometry": {"type": "LineString", "coordinates": [[17.6343, 59.87607], [17.63423, 59.87665]]}, "properties": {"id": "trv-14401:5222-3:155266-0.0000_1.0000", "country": "se", "source": "TRV", "updated": "2026-09-12", "occurrences": 34, "name": "poids max 3.5", "type": "poids_limite", "valeur": 3.5, "franchissable": true, "aussi_ensembles": "ja"}}, {"type": "Feature", "geometry": {"type": "LineString", "coordinates": [[17.62912, 59.87637], [17.62899, 59.87636]]}, "properties": {"id": "trv-14401:5222-3:155248-0.0000_1.0000", "country": "se", "source": "TRV", "updated": "2026-09-12", "occurrences": 34, "name": "poids max 3.5", "type": "poids_limite", "valeur": 3.5, "franchissable": true, "aussi_ensembles": "ja"}}, {"type": "Feature", "geometry": {"type": "LineString", "coordinates": [[17.63423, 59.87665], [17.63416, 59.87719]]}, "properties": {"id": "trv-14401:5222-3:155215-0.0000_1.0000", "country": "se", "source": "TRV", "updated": "2026-09-12", "occurrences": 34, "name": "poids max 3.5", "type": "poids_limite", "valeur": 3.5, "franchissable": true, "aussi_ensembles": "ja"}}, {"type": "Feature", "geometry": {"type": "LineString", "coordinates": [[17.6285, 59.87741], [17.62882, 59.87689]]}, "properties": {"id": "trv-14401:5222-3:155206-0.0000_1.0000", "country": "se", "source": "TRV", "updated": "2026-09-12", "occurrences": 34, "name": "poids max 3.5", "type": "poids_limite", "valeur": 3.5, "franchissable": true, "aussi_ensembles": "ja"}}, {"type": "Feature", "geometry": {"type": "LineString", "coordinates": [[17.63416, 59.87719], [17.63409, 59.87774]]}, "properties": {"id": "trv-14401:5222-3:155172-0.0000_1.0000", "country": "se", "source": "TRV", "updated": "2026-09-12", "occurrences": 34, "name": "poids max 3.5", "type": "poids_limite", "valeur": 3.5, "franchissable": true, "aussi_ensembles": "ja"}}, {"type": "Feature", "geometry": {"type": "LineString", "coordinates": [[17.6285, 59.87741], [17.62846, 59.87747], [17.62817, 59.87795]]}, "properties": {"id": "trv-14401:5222-3:155160-0.0000_1.0000", "country": "se", "source": "TRV", "updated": "2026-09-12", "occurrences": 34, "name": "poids max 3.5", "type": "poids_limite", "valeur": 3.5, "franchissable": true, "aussi_ensembles": "ja"}}, {"type": "Feature", "geometry": {"type": "LineString", "coordinates": [[16.41886, 59.71864], [16.41904, 59.71862]]}, "properties": {"id": "trv-14405:37210-3:17645-0.1446_0.2193", "country": "se", "source": "TRV", "updated": "2026-09-12", "name": "poids max 3.0", "type": "poids_limite", "valeur": 3.0, "franchissable": false, "aussi_ensembles": "ja"}}, {"type": "Feature", "geometry": {"type": "LineString", "coordinates": [[15.91756, 57.29256], [15.91711, 57.29263], [15.91706, 57.29264]]}, "properties": {"id": "trv-11158:609186-3:817416-0.7478_0.8752", "country": "se", "source": "TRV", "updated": "2026-09-12", "name": "poids max 4.0", "type": "poids_limite", "valeur": 4.0, "franchissable": true}}, {"type": "Feature", "geometry": {"type": "LineString", "coordinates": [[15.84332, 57.58262], [15.84341, 57.58281], [15.84356, 57.58313], [15.84358, 57.58323]]}, "properties": {"id": "trv-14435:16694-3:805226-0.7299_0.9854", "country": "se", "source": "TRV", "updated": "2026-09-12", "name": "poids max 3.5", "type": "poids_limite", "valeur": 3.5, "franchissable": true, "aussi_ensembles": "ja"}}, {"type": "Feature", "geometry": {"type": "LineString", "coordinates": [[15.73699, 60.34603], [15.73702, 60.34565]]}, "properties": {"id": "trv-14435:16937-3:617390-0.0000_1.0000", "country": "se", "source": "TRV", "updated": "2026-09-12", "occurrences": 2, "name": "poids max 3.5", "type": "poids_limite", "valeur": 3.5, "franchissable": true, "aussi_ensembles": "nej"}}, {"type": "Feature", "geometry": {"type": "LineString", "coordinates": [[15.73675, 60.34735], [15.73681, 60.34705], [15.73687, 60.34674], [15.73698, 60.34604], [15.73699, 60.34603]]}, "properties": {"id": "trv-14435:16937-3:617359-0.0000_1.0000", "country": "se", "source": "TRV", "updated": "2026-09-12", "occurrences": 2, "name": "poids max 3.5", "type": "poids_limite", "valeur": 3.5, "franchissable": true, "aussi_ensembles": "nej"}}, {"type": "Feature", "geometry": {"type": "LineString", "coordinates": [[15.34252, 57.16837], [15.34252, 57.16839], [15.34254, 57.16843]]}, "properties": {"id": "trv-14435:19648-3:172481-0.3140_0.3478", "country": "se", "source": "TRV", "updated": "2026-09-12", "name": "poids max 3.5", "type": "poids_limite", "valeur": 3.5, "franchissable": true, "aussi_ensembles": "ja"}}, {"type": "Feature", "geometry": {"type": "LineString", "coordinates": [[15.50124, 58.50517], [15.50124, 58.50516], [15.50124, 58.50516], [15.50124, 58.50515], [15.50124, 58.50514], [15.50124, 58.50513], [15.50124, 58.50512], [15.50124, 58.50511], [15.50125, 58.5051], [15.50125, 58.5051], [15.50124, 58.50509], [15.50124, 58.50508], [15.50124, 58.50507], [15.50124, 58.50506], [15.50124, 58.50505], [15.50124, 58.50504], [15.50123, 58.50504], [15.50123, 58.50503], [15.50123, 58.50502], [15.50123, 58.50502], [15.50123, 58.50501], [15.50122, 58.505], [15.50119, 58.50492], [15.50113, 58.50486], [15.50109, 58.50483]]}, "properties": {"id": "trv-14116:371166-3:503598-0.6667_0.8571", "country": "se", "source": "TRV", "updated": "2026-09-12", "name": "poids max 3.5", "type": "poids_limite", "valeur": 3.5, "franchissable": true, "aussi_ensembles": "ja"}}, {"type": "Feature", "geometry": {"type": "LineString", "coordinates": [[16.18726, 58.59525], [16.18738, 58.59523], [16.18756, 58.59491], [16.18769, 58.59463], [16.18777, 58.59449]]}, "properties": {"id": "trv-14441:37660-3:493415-0.0000_1.0000", "country": "se", "source": "TRV", "updated": "2026-09-12", "name": "poids max 3.5", "type": "poids_limite", "valeur": 3.5, "franchissable": true, "aussi_ensembles": "nej"}}, {"type": "Feature", "geometry": {"type": "LineString", "coordinates": [[18.08754, 59.46206], [18.08745, 59.46242], [18.08745, 59.46243], [18.08742, 59.46258], [18.08736, 59.46268], [18.0873, 59.46278]]}, "properties": {"id": "trv-14123:48333-3:1037677-0.7423_1.0000", "country": "se", "source": "TRV", "updated": "2026-09-12", "name": "poids max 3.5", "type": "poids_limite", "valeur": 3.5, "franchissable": true, "aussi_ensembles": "nej"}}, {"type": "Feature", "geometry": {"type": "LineString", "coordinates": [[16.01329, 58.18414], [16.01358, 58.18381], [16.01385, 58.18341], [16.01406, 58.18303], [16.01413, 58.1828]]}, "properties": {"id": "trv-14410:40437-3:533263-0.0000_1.0000", "country": "se", "source": "TRV", "updated": "2026-09-12", "occurrences": 7, "name": "poids max 3.5", "type": "poids_limite", "valeur": 3.5, "franchissable": true, "aussi_ensembles": "ja"}}, {"type": "Feature", "geometry": {"type": "LineString", "coordinates": [[16.01199, 58.18518], [16.0123, 58.18496], [16.01269, 58.18467], [16.01305, 58.18437], [16.01329, 58.18414]]}, "properties": {"id": "trv-14410:40437-3:533179-0.0000_1.0000", "country": "se", "source": "TRV", "updated": "2026-09-12", "occurrences": 7, "name": "poids max 3.5", "type": "poids_limite", "valeur": 3.5, "franchissable": true, "aussi_ensembles": "ja"}}, {"type": "Feature", "geometry": {"type": "LineString", "coordinates": [[16.0105, 58.1864], [16.01063, 58.18625], [16.01099, 58.18593], [16.01137, 58.18563], [16.01172, 58.18538], [16.01199, 58.18518]]}, "properties": {"id": "trv-14410:40437-3:533114-0.0000_1.0000", "country": "se", "source": "TRV", "updated": "2026-09-12", "occurrences": 7, "name": "poids max 3.5", "type": "poids_limite", "valeur": 3.5, "franchissable": true, "aussi_ensembles": "ja"}}, {"type": "Feature", "geometry": {"type": "LineString", "coordinates": [[16.00797, 58.18864], [16.0081, 58.18856], [16.00838, 58.18841], [16.00872, 58.18823], [16.00901, 58.18803], [16.0094, 58.18766], [16.00981, 58.18723], [16.01018, 58.18679], [16.0105, 58.1864]]}, "properties": {"id": "trv-14410:40437-3:533005-0.0000_1.0000", "country": "se", "source": "TRV", "updated": "2026-09-12", "occurrences": 7, "name": "poids max 3.5", "type": "poids_limite", "valeur": 3.5, "franchissable": true, "aussi_ensembles": "ja"}}, {"type": "Feature", "geometry": {"type": "LineString", "coordinates": [[16.00579, 58.18982], [16.00631, 58.18956], [16.00691, 58.18925], [16.0074, 58.18897], [16.00786, 58.1887], [16.00797, 58.18864]]}, "properties": {"id": "trv-14410:40437-3:532806-0.0000_1.0000", "country": "se", "source": "TRV", "updated": "2026-09-12", "occurrences": 7, "name": "poids max 3.5", "type": "poids_limite", "valeur": 3.5, "franchissable": true, "aussi_ensembles": "ja"}}, {"type": "Feature", "geometry": {"type": "LineString", "coordinates": [[16.00412, 58.19069], [16.00447, 58.19048], [16.00507, 58.19018], [16.00545, 58.18998], [16.00579, 58.18982]]}, "properties": {"id": "trv-14410:40437-3:532713-0.0000_1.0000", "country": "se", "source": "TRV", "updated": "2026-09-12", "occurrences": 7, "name": "poids max 3.5", "type": "poids_limite", "valeur": 3.5, "franchissable": true, "aussi_ensembles": "ja"}}, {"type": "Feature", "geometry": {"type": "LineString", "coordinates": [[16.00367, 58.19105], [16.00388, 58.19087], [16.00412, 58.19069]]}, "properties": {"id": "trv-14410:40437-3:532643-0.0000_1.0000", "country": "se", "source": "TRV", "updated": "2026-09-12", "occurrences": 7, "name": "poids max 3.5", "type": "poids_limite", "valeur": 3.5, "franchissable": true, "aussi_ensembles": "ja"}}, {"type": "Feature", "geometry": {"type": "LineString", "coordinates": [[17.10328, 61.73365], [17.10346, 61.73372], [17.10351, 61.73374], [17.10361, 61.73378], [17.1037, 61.73383], [17.10445, 61.73433], [17.10467, 61.73446], [17.10488, 61.73458], [17.10503, 61.73465], [17.10656, 61.73538], [17.10701, 61.73559]]}, "properties": {"id": "trv-14454:48688-3:1139495-0.0000_0.5943", "country": "se", "source": "TRV", "updated": "2026-09-12", "name": "poids max 3.5", "type": "poids_limite", "valeur": 3.5, "franchissable": true, "aussi_ensembles": "nej"}}, {"type": "Feature", "geometry": {"type": "LineString", "coordinates": [[13.52834, 59.83647], [13.52846, 59.83646], [13.52863, 59.83645], [13.5302, 59.8363], [13.53022, 59.8363], [13.53039, 59.83628]]}, "properties": {"id": "trv-14853:27639-1000:85322-0.2639_0.4761", "country": "se", "source": "TRV", "updated": "2026-09-12", "name": "poids max 3.5", "type": "poids_limite", "valeur": 3.5, "franchissable": true, "aussi_ensembles": "ja"}}, {"type": "Feature", "geometry": {"type": "LineString", "coordinates": [[17.10592, 61.72404], [17.1058, 61.72448], [17.10564, 61.72498], [17.10553, 61.72536], [17.1055, 61.72545], [17.10542, 61.7257], [17.10538, 61.72587]]}, "properties": {"id": "trv-14860:32254-3:1140266-0.0000_1.0000", "country": "se", "source": "TRV", "updated": "2026-09-12", "name": "poids max 3.5", "type": "poids_limite", "valeur": 3.5, "franchissable": true, "aussi_ensembles": "nej"}}, {"type": "Feature", "geometry": {"type": "LineString", "coordinates": [[16.30343, 60.54207], [16.30341, 60.54207], [16.30335, 60.54205], [16.30329, 60.54204], [16.30323, 60.54201], [16.30315, 60.54198], [16.30292, 60.5419], [16.30285, 60.54187], [16.30283, 60.54187]]}, "properties": {"id": "trv-14861:27176-3:1185820-0.0917_0.2752", "country": "se", "source": "TRV", "updated": "2026-09-12", "name": "poids max 4.0", "type": "poids_limite", "valeur": 4.0, "franchissable": true, "aussi_ensembles": "nej"}}, {"type": "Feature", "geometry": {"type": "LineString", "coordinates": [[16.40861, 60.51405], [16.40869, 60.51412], [16.40873, 60.51424], [16.40876, 60.51437], [16.4088, 60.51455], [16.4088, 60.51471]]}, "properties": {"id": "trv-14861:27178-3:1186882-0.0000_1.0000", "country": "se", "source": "TRV", "updated": "2026-09-12", "name": "poids max 2.0", "type": "poids_limite", "valeur": 2.0, "franchissable": false, "aussi_ensembles": "nej"}}, {"type": "Feature", "geometry": {"type": "LineString", "coordinates": [[17.86433, 59.39378], [17.86418, 59.39381], [17.86295, 59.39402], [17.86216, 59.39417], [17.86198, 59.39419], [17.86176, 59.39422]]}, "properties": {"id": "trv-15364:2704-3:1046607-0.0000_1.0000", "country": "se", "source": "TRV", "updated": "2026-09-12", "occurrences": 6, "name": "poids max 3.5", "type": "poids_limite", "valeur": 3.5, "franchissable": true, "aussi_ensembles": "nej"}}, {"type": "Feature", "geometry": {"type": "LineString", "coordinates": [[17.86715, 59.39324], [17.86698, 59.39328], [17.86593, 59.39348], [17.86433, 59.39378]]}, "properties": {"id": "trv-15364:2704-3:1046801-0.5524_1.0000", "country": "se", "source": "TRV", "updated": "2026-09-12", "occurrences": 6, "name": "poids max 3.5", "type": "poids_limite", "valeur": 3.5, "franchissable": true, "aussi_ensembles": "nej"}}, {"type": "Feature", "geometry": {"type": "LineString", "coordinates": [[17.86719, 59.39323], [17.86715, 59.39324]]}, "properties": {"id": "trv-15364:2704-12739:991596-0.9888_1.0000", "country": "se", "source": "TRV", "updated": "2026-09-12", "occurrences": 6, "name": "poids max 3.5", "type": "poids_limite", "valeur": 3.5, "franchissable": true, "aussi_ensembles": "nej"}}, {"type": "Feature", "geometry": {"type": "LineString", "coordinates": [[17.88587, 59.50556], [17.8862, 59.50531], [17.88659, 59.50504], [17.88714, 59.50467], [17.88746, 59.5045]]}, "properties": {"id": "trv-15368:67-3:1032966-0.0000_1.0000", "country": "se", "source": "TRV", "updated": "2026-09-12", "occurrences": 2, "name": "poids max 3.5", "type": "poids_limite", "valeur": 3.5, "franchissable": true, "aussi_ensembles": "nej"}}, {"type": "Feature", "geometry": {"type": "LineString", "coordinates": [[17.88412, 59.50716], [17.88425, 59.50703], [17.88486, 59.50645], [17.8853, 59.50604], [17.88561, 59.50578], [17.88587, 59.50556]]}, "properties": {"id": "trv-15368:67-3:1032817-0.0000_1.0000", "country": "se", "source": "TRV", "updated": "2026-09-12", "occurrences": 2, "name": "poids max 3.5", "type": "poids_limite", "valeur": 3.5, "franchissable": true, "aussi_ensembles": "nej"}}, {"type": "Feature", "geometry": {"type": "LineString", "coordinates": [[17.8945, 59.51826], [17.89442, 59.51811], [17.89436, 59.51799], [17.89431, 59.51787], [17.89425, 59.51775]]}, "properties": {"id": "trv-15369:120-3:1031400-0.0000_1.0000", "country": "se", "source": "TRV", "updated": "2026-09-12", "name": "poids max 3.5", "type": "poids_limite", "valeur": 3.5, "franchissable": true, "aussi_ensembles": "ja"}}, {"type": "Feature", "geometry": {"type": "LineString", "coordinates": [[15.12084, 60.88025], [15.12095, 60.88023], [15.12116, 60.8802], [15.12135, 60.88019], [15.12159, 60.88021]]}, "properties": {"id": "trv-14449:62314-3:577708-0.0000_1.0000", "country": "se", "source": "TRV", "updated": "2026-09-12", "occurrences": 16, "name": "poids max 3.5", "type": "poids_limite", "valeur": 3.5, "franchissable": true, "aussi_ensembles": "ja"}}, {"type": "Feature", "geometry": {"type": "LineString", "coordinates": [[15.12159, 60.88021], [15.12164, 60.88021], [15.12203, 60.88028], [15.12271, 60.88046], [15.12341, 60.88066], [15.12342, 60.88067]]}, "properties": {"id": "trv-14449:62314-3:577705-0.0000_1.0000", "country": "se", "source": "TRV", "updated": "2026-09-12", "occurrences": 16, "name": "poids max 3.5", "type": "poids_limite", "valeur": 3.5, "franchissable": true, "aussi_ensembles": "ja"}}, {"type": "Feature", "geometry": {"type": "LineString", "coordinates": [[15.12069, 60.88028], [15.12084, 60.88025]]}, "properties": {"id": "trv-14449:62314-3:577704-0.0000_1.0000", "country": "se", "source": "TRV", "updated": "2026-09-12", "occurrences": 16, "name": "poids max 3.5", "type": "poids_limite", "valeur": 3.5, "franchissable": true, "aussi_ensembles": "ja"}}, {"type": "Feature", "geometry": {"type": "LineString", "coordinates": [[15.12342, 60.88067], [15.12358, 60.88073]]}, "properties": {"id": "trv-14449:62314-3:577682-0.0000_1.0000", "country": "se", "source": "TRV", "updated": "2026-09-12", "occurrences": 16, "name": "poids max 3.5", "type": "poids_limite", "valeur": 3.5, "franchissable": true, "aussi_ensembles": "ja"}}, {"type": "Feature", "geometry": {"type": "LineString", "coordinates": [[15.12358, 60.88073], [15.12371, 60.88077], [15.12381, 60.88081], [15.12391, 60.88085], [15.12402, 60.8809], [15.12411, 60.88094], [15.1242, 60.88099], [15.12426, 60.88101]]}, "properties": {"id": "trv-14449:62314-3:577677-0.0000_1.0000", "country": "se", "source": "TRV", "updated": "2026-09-12", "occurrences": 16, "name": "poids max 3.5", "type": "poids_limite", "valeur": 3.5, "franchissable": true, "aussi_ensembles": "ja"}}, {"type": "Feature", "geometry": {"type": "LineString", "coordinates": [[15.12485, 60.88129], [15.12494, 60.88134], [15.12504, 60.88138], [15.12513, 60.88143], [15.12523, 60.88147], [15.12532, 60.88152], [15.12541, 60.88156], [15.12551, 60.88161], [15.12561, 60.88166], [15.1257, 60.8817], [15.1258, 60.88175], [15.12589, 60.88179], [15.12599, 60.88183], [15.12631, 60.88197], [15.12718, 60.88232], [15.12734, 60.88238]]}, "properties": {"id": "trv-14449:62314-3:577651-0.0340_1.0000", "country": "se", "source": "TRV", "updated": "2026-09-12", "occurrences": 16, "name": "poids max 3.5", "type": "poids_limite", "valeur": 3.5, "franchissable": true, "aussi_ensembles": "ja"}}, {"type": "Feature", "geometry": {"type": "LineString", "coordinates": [[15.12734, 60.88238], [15.1282, 60.88273], [15.12853, 60.88288]]}, "properties": {"id": "trv-14449:62314-3:577591-0.0000_1.0000", "country": "se", "source": "TRV", "updated": "2026-09-12", "occurrences": 16, "name": "poids max 3.5", "type": "poids_limite", "valeur": 3.5, "franchissable": true, "aussi_ensembles": "ja"}}, {"type": "Feature", "geometry": {"type": "LineString", "coordinates": [[15.12853, 60.88288], [15.12903, 60.8831], [15.1292, 60.88319]]}, "properties": {"id": "trv-14449:62314-3:577574-0.0000_1.0000", "country": "se", "source": "TRV", "updated": "2026-09-12", "occurrences": 16, "name": "poids max 3.5", "type": "poids_limite", "valeur": 3.5, "franchissable": true, "aussi_ensembles": "ja"}}, {"type": "Feature", "geometry": {"type": "LineString", "coordinates": [[15.1292, 60.88319], [15.13026, 60.88372]]}, "properties": {"id": "trv-14449:62314-3:577552-0.0000_1.0000", "country": "se", "source": "TRV", "updated": "2026-09-12", "occurrences": 16, "name": "poids max 3.5", "type": "poids_limite", "valeur": 3.5, "franchissable": true, "aussi_ensembles": "ja"}}, {"type": "Feature", "geometry": {"type": "LineString", "coordinates": [[15.13026, 60.88372], [15.1305, 60.88385], [15.13192, 60.88456]]}, "properties": {"id": "trv-14449:62314-3:577505-0.0000_1.0000", "country": "se", "source": "TRV", "updated": "2026-09-12", "occurrences": 16, "name": "poids max 3.5", "type": "poids_limite", "valeur": 3.5, "franchissable": true, "aussi_ensembles": "ja"}}, {"type": "Feature", "geometry": {"type": "LineString", "coordinates": [[15.13192, 60.88456], [15.13194, 60.88457], [15.13288, 60.88502]]}, "properties": {"id": "trv-14449:62314-3:577455-0.0000_1.0000", "country": "se", "source": "TRV", "updated": "2026-09-12", "occurrences": 16, "name": "poids max 3.5", "type": "poids_limite", "valeur": 3.5, "franchissable": true, "aussi_ensembles": "ja"}}, {"type": "Feature", "geometry": {"type": "LineString", "coordinates": [[15.13288, 60.88502], [15.13306, 60.88511], [15.13342, 60.88529]]}, "properties": {"id": "trv-14449:62314-3:577429-0.0000_1.0000", "country": "se", "source": "TRV", "updated": "2026-09-12", "occurrences": 16, "name": "poids max 3.5", "type": "poids_limite", "valeur": 3.5, "franchissable": true, "aussi_ensembles": "ja"}}, {"type": "Feature", "geometry": {"type": "LineString", "coordinates": [[18.15315, 60.37075], [18.15266, 60.37064]]}, "properties": {"id": "trv-15870:1-1000:96810-0.5335_0.5829", "country": "se", "source": "TRV", "updated": "2026-09-12", "occurrences": 2, "name": "poids max 2.0", "type": "poids_limite", "valeur": 2.0, "franchissable": false, "aussi_ensembles": "ja"}}, {"type": "Feature", "geometry": {"type": "LineString", "coordinates": [[18.15384, 60.37089], [18.15348, 60.37082]]}, "properties": {"id": "trv-15870:1-1000:96810-0.4466_0.4940", "country": "se", "source": "TRV", "updated": "2026-09-12", "occurrences": 2, "name": "poids max 2.0", "type": "poids_limite", "valeur": 2.0, "franchissable": false, "aussi_ensembles": "ja"}}, {"type": "Feature", "geometry": {"type": "LineString", "coordinates": [[15.12375, 60.88336], [15.1242, 60.88353], [15.12512, 60.8839], [15.12529, 60.88396]]}, "properties": {"id": "trv-14449:62324-3:577533-0.0000_1.0000", "country": "se", "source": "TRV", "updated": "2026-09-12", "occurrences": 4, "name": "poids max 3.5", "type": "poids_limite", "valeur": 3.5, "franchissable": true, "aussi_ensembles": "ja"}}, {"type": "Feature", "geometry": {"type": "LineString", "coordinates": [[15.12529, 60.88396], [15.12618, 60.88432], [15.12663, 60.8845]]}, "properties": {"id": "trv-14449:62324-3:577485-0.0000_1.0000", "country": "se", "source": "TRV", "updated": "2026-09-12", "occurrences": 4, "name": "poids max 3.5", "type": "poids_limite", "valeur": 3.5, "franchissable": true, "aussi_ensembles": "ja"}}, {"type": "Feature", "geometry": {"type": "LineString", "coordinates": [[15.12663, 60.8845], [15.12728, 60.88475], [15.1281, 60.88507]]}, "properties": {"id": "trv-14449:62324-3:577456-0.0000_1.0000", "country": "se", "source": "TRV", "updated": "2026-09-12", "occurrences": 4, "name": "poids max 3.5", "type": "poids_limite", "valeur": 3.5, "franchissable": true, "aussi_ensembles": "ja"}}, {"type": "Feature", "geometry": {"type": "LineString", "coordinates": [[15.1281, 60.88507], [15.12848, 60.88522], [15.12913, 60.8855], [15.12922, 60.88557], [15.12925, 60.8856], [15.12927, 60.88567], [15.12929, 60.88573], [15.12928, 60.88576], [15.12923, 60.88581], [15.12839, 60.88634], [15.12795, 60.88661]]}, "properties": {"id": "trv-14449:62324-3:577421-0.0000_1.0000", "country": "se", "source": "TRV", "updated": "2026-09-12", "occurrences": 4, "name": "poids max 3.5", "type": "poids_limite", "valeur": 3.5, "franchissable": true, "aussi_ensembles": "ja"}}, {"type": "Feature", "geometry": {"type": "LineString", "coordinates": [[13.4694, 57.53271], [13.46928, 57.53272], [13.46896, 57.53273], [13.46885, 57.53274]]}, "properties": {"id": "trv-16133:141773-3:1390193-0.1552_0.3275", "country": "se", "source": "TRV", "updated": "2026-09-12", "name": "poids max 3.5", "type": "poids_limite", "valeur": 3.5, "franchissable": true, "aussi_ensembles": "ja"}}, {"type": "Feature", "geometry": {"type": "LineString", "coordinates": [[17.58542, 59.67907], [17.58524, 59.67898], [17.58514, 59.67893], [17.585, 59.67886], [17.58489, 59.67879]]}, "properties": {"id": "trv-15057:18649-3:165656-0.0000_1.0000", "country": "se", "source": "TRV", "updated": "2026-09-12", "occurrences": 7, "name": "poids max 3.5", "type": "poids_limite", "valeur": 3.5, "franchissable": true, "aussi_ensembles": "ja"}}, {"type": "Feature", "geometry": {"type": "LineString", "coordinates": [[17.58719, 59.67971], [17.58701, 59.67966], [17.58686, 59.67962], [17.58661, 59.67954], [17.58632, 59.67943], [17.58591, 59.67927], [17.58568, 59.67918], [17.58553, 59.67912], [17.58542, 59.67907]]}, "properties": {"id": "trv-15057:18649-3:165643-0.0000_1.0000", "country": "se", "source": "TRV", "updated": "2026-09-12", "occurrences": 7, "name": "poids max 3.5", "type": "poids_limite", "valeur": 3.5, "franchissable": true, "aussi_ensembles": "ja"}}, {"type": "Feature", "geometry": {"type": "LineString", "coordinates": [[17.59511, 59.68032], [17.5952, 59.68031], [17.59528, 59.6803], [17.59541, 59.68027], [17.59567, 59.68022], [17.59579, 59.68019], [17.59602, 59.68012], [17.5962, 59.68006], [17.59636, 59.67999], [17.59652, 59.6799], [17.5966, 59.67984], [17.59674, 59.67974], [17.59689, 59.67963], [17.597, 59.67954], [17.59718, 59.6794], [17.59727, 59.67934], [17.59752, 59.67924], [17.59786, 59.67911], [17.5982, 59.679], [17.5983, 59.67897], [17.59844, 59.67894], [17.59852, 59.67892]]}, "properties": {"id": "trv-15057:18649-3:165642-0.0000_1.0000", "country": "se", "source": "TRV", "updated": "2026-09-12", "occurrences": 7, "name": "poids max 3.5", "type": "poids_limite", "valeur": 3.5, "franchissable": true, "aussi_ensembles": "ja"}}, {"type": "Feature", "geometry": {"type": "LineString", "coordinates": [[17.58935, 59.68014], [17.58915, 59.68011], [17.58873, 59.68005], [17.58829, 59.67998], [17.58804, 59.67993], [17.58774, 59.67987], [17.58755, 59.67981], [17.58736, 59.67976], [17.58719, 59.67971]]}, "properties": {"id": "trv-15057:18649-3:165627-0.0000_1.0000", "country": "se", "source": "TRV", "updated": "2026-09-12", "occurrences": 7, "name": "poids max 3.5", "type": "poids_limite", "valeur": 3.5, "franchissable": true, "aussi_ensembles": "ja"}}, {"type": "Feature", "geometry": {"type": "LineString", "coordinates": [[17.59511, 59.68032], [17.59498, 59.68032], [17.59479, 59.68033], [17.59455, 59.68034], [17.59425, 59.68034], [17.59359, 59.68035], [17.59327, 59.68035], [17.59311, 59.68035], [17.59274, 59.68033], [17.59227, 59.68031], [17.59202, 59.6803], [17.59134, 59.68027], [17.59074, 59.68024], [17.59041, 59.68022], [17.59007, 59.6802], [17.58957, 59.68016], [17.58935, 59.68014]]}, "properties": {"id": "trv-15057:18649-3:165622-0.0000_1.0000", "country": "se", "source": "TRV", "updated": "2026-09-12", "occurrences": 7, "name": "poids max 3.5", "type": "poids_limite", "valeur": 3.5, "franchissable": true, "aussi_ensembles": "ja"}}, {"type": "Feature", "geometry": {"type": "LineString", "coordinates": [[12.29901, 58.28174], [12.3001, 58.28219], [12.30087, 58.28251], [12.30147, 58.28275], [12.30158, 58.2828]]}, "properties": {"id": "trv-16157:753-3:1278668-0.0000_1.0000", "country": "se", "source": "TRV", "updated": "2026-09-12", "occurrences": 3, "name": "poids max 3.5", "type": "poids_limite", "valeur": 3.5, "franchissable": true, "aussi_ensembles": "ja"}}, {"type": "Feature", "geometry": {"type": "LineString", "coordinates": [[12.29765, 58.28115], [12.29771, 58.2812], [12.29784, 58.28126], [12.29815, 58.28139], [12.29901, 58.28174]]}, "properties": {"id": "trv-16157:753-3:1278827-0.1869_1.0000", "country": "se", "source": "TRV", "updated": "2026-09-12", "occurrences": 3, "name": "poids max 3.5", "type": "poids_limite", "valeur": 3.5, "franchissable": true, "aussi_ensembles": "ja"}}, {"type": "Feature", "geometry": {"type": "LineString", "coordinates": [[12.29765, 58.28115], [12.29762, 58.28112], [12.29758, 58.28106]]}, "properties": {"id": "trv-16157:753-11180:5922-0.0000_1.0000", "country": "se", "source": "TRV", "updated": "2026-09-12", "occurrences": 3, "name": "poids max 3.5", "type": "poids_limite", "valeur": 3.5, "franchissable": true, "aussi_ensembles": "ja"}}, {"type": "Feature", "geometry": {"type": "LineString", "coordinates": [[21.23264, 65.34062], [21.23215, 65.34042], [21.23186, 65.34032]]}, "properties": {"id": "trv-15590:4958-3:924420-0.8382_1.0000", "country": "se", "source": "TRV", "updated": "2026-09-12", "name": "poids max 3.5", "type": "poids_limite", "valeur": 3.5, "franchissable": true, "aussi_ensembles": "nej"}}, {"type": "Feature", "geometry": {"type": "LineString", "coordinates": [[20.91937, 64.8431], [20.91925, 64.84304], [20.91924, 64.84303], [20.91687, 64.8418], [20.91685, 64.84179], [20.91597, 64.84133], [20.91426, 64.84045], [20.91371, 64.84015], [20.91362, 64.84006], [20.91354, 64.83991], [20.91336, 64.83963], [20.9132, 64.83947], [20.91267, 64.8391], [20.91122, 64.83809], [20.90988, 64.83716], [20.90916, 64.83664], [20.90906, 64.83655]]}, "properties": {"id": "trv-15612:70-3:948185-0.0000_1.0000", "country": "se", "source": "TRV", "updated": "2026-09-12", "name": "poids max 6.0", "type": "poids_limite", "valeur": 6.0, "franchissable": true, "aussi_ensembles": "ja"}}, {"type": "Feature", "geometry": {"type": "LineString", "coordinates": [[16.70613, 60.88465], [16.70613, 60.88464], [16.7062, 60.8846], [16.70627, 60.88457], [16.70633, 60.88454], [16.7064, 60.88451], [16.70645, 60.8845], [16.70652, 60.88448], [16.70655, 60.88447]]}, "properties": {"id": "trv-14850:35343-3:1171533-0.6410_0.7372", "country": "se", "source": "TRV", "updated": "2026-09-12", "name": "poids max 6.0", "type": "poids_limite", "valeur": 6.0, "franchissable": true, "aussi_ensembles": "ja"}}, {"type": "Feature", "geometry": {"type": "LineString", "coordinates": [[18.30957, 60.24318], [18.30938, 60.24327], [18.30921, 60.24333], [18.30911, 60.24337]]}, "properties": {"id": "trv-16348:24188-3:142373-0.8239_1.0000", "country": "se", "source": "TRV", "updated": "2026-09-12", "name": "poids max 7.0", "type": "poids_limite", "valeur": 7.0, "franchissable": true, "aussi_ensembles": "ja"}}, {"type": "Feature", "geometry": {"type": "LineString", "coordinates": [[14.19281, 61.3126], [14.19277, 61.31259], [14.19267, 61.31259]]}, "properties": {"id": "trv-16135:4026-3:555404-0.1041_0.1389", "country": "se", "source": "TRV", "updated": "2026-09-12", "name": "poids max 4.0", "type": "poids_limite", "valeur": 4.0, "franchissable": true, "aussi_ensembles": "ja"}}, {"type": "Feature", "geometry": {"type": "LineString", "coordinates": [[17.6231, 59.20149], [17.62318, 59.20151], [17.62341, 59.20156], [17.62455, 59.20178], [17.62458, 59.20179], [17.62467, 59.2018]]}, "properties": {"id": "trv-16110:8240-3:1081820-0.0000_1.0000", "country": "se", "source": "TRV", "updated": "2026-09-12", "name": "poids max 3.5", "type": "poids_limite", "valeur": 3.5, "franchissable": true, "aussi_ensembles": "ja"}}, {"type": "Feature", "geometry": {"type": "LineString", "coordinates": [[17.12718, 61.4591], [17.12719, 61.45913], [17.12719, 61.45916]]}, "properties": {"id": "trv-16133:174911-3:1150274-0.2961_0.3281", "country": "se", "source": "TRV", "updated": "2026-09-12", "name": "poids max 4.0", "type": "poids_limite", "valeur": 4.0, "franchissable": true, "aussi_ensembles": "nej"}}, {"type": "Feature", "geometry": {"type": "LineString", "coordinates": [[17.46856, 60.22548], [17.46885, 60.22545], [17.46917, 60.22541]]}, "properties": {"id": "trv-16407:2348-3:143341-0.3562_1.0000", "country": "se", "source": "TRV", "updated": "2026-09-12", "occurrences": 3, "name": "poids max 4.0", "type": "poids_limite", "valeur": 4.0, "franchissable": true, "aussi_ensembles": "ja"}}, {"type": "Feature", "geometry": {"type": "LineString", "coordinates": [[17.46917, 60.22541], [17.46929, 60.2254], [17.46957, 60.22536]]}, "properties": {"id": "trv-16407:2348-3:143345-0.0000_1.0000", "country": "se", "source": "TRV", "updated": "2026-09-12", "occurrences": 3, "name": "poids max 4.0", "type": "poids_limite", "valeur": 4.0, "franchissable": true, "aussi_ensembles": "ja"}}, {"type": "Feature", "geometry": {"type": "LineString", "coordinates": [[17.46957, 60.22536], [17.47003, 60.2253], [17.47056, 60.22524], [17.47147, 60.22512], [17.47186, 60.22507]]}, "properties": {"id": "trv-16407:2348-3:143356-0.0000_1.0000", "country": "se", "source": "TRV", "updated": "2026-09-12", "occurrences": 3, "name": "poids max 4.0", "type": "poids_limite", "valeur": 4.0, "franchissable": true, "aussi_ensembles": "ja"}}, {"type": "Feature", "geometry": {"type": "LineString", "coordinates": [[18.28878, 57.64067], [18.28893, 57.64081], [18.28917, 57.64098], [18.28952, 57.64117], [18.28987, 57.64131], [18.29021, 57.64142], [18.29034, 57.64146], [18.2905, 57.64155], [18.29069, 57.64171], [18.29086, 57.64184], [18.29098, 57.64192], [18.29121, 57.64206], [18.29127, 57.64209], [18.29136, 57.64213], [18.29158, 57.64221], [18.29169, 57.64226], [18.29177, 57.64226]]}, "properties": {"id": "trv-16409:788-3:40531-0.0289_1.0000", "country": "se", "source": "TRV", "updated": "2026-09-12", "name": "poids max 3.5", "type": "poids_limite", "valeur": 3.5, "franchissable": true, "aussi_ensembles": "nej"}}, {"type": "Feature", "geometry": {"type": "LineString", "coordinates": [[18.28808, 57.63746], [18.28836, 57.63736], [18.28861, 57.63727], [18.28883, 57.63719]]}, "properties": {"id": "trv-16409:796-3:40764-0.0000_1.0000", "country": "se", "source": "TRV", "updated": "2026-09-12", "name": "poids max 7.0", "type": "poids_limite", "valeur": 7.0, "franchissable": true, "aussi_ensembles": "nej"}}, {"type": "Feature", "geometry": {"type": "LineString", "coordinates": [[13.89907, 58.09775], [13.89851, 58.09783], [13.8985, 58.09784]]}, "properties": {"id": "trv-16501:7522-3:1311331-0.7621_0.9013", "country": "se", "source": "TRV", "updated": "2026-09-12", "name": "poids max 2.0", "type": "poids_limite", "valeur": 2.0, "franchissable": false, "aussi_ensembles": "ja"}}, {"type": "Feature", "geometry": {"type": "LineString", "coordinates": [[16.43202, 63.78372], [16.43182, 63.78391], [16.43164, 63.78421], [16.43165, 63.78435]]}, "properties": {"id": "trv-16509:191119-3:371305-0.7188_1.0000", "country": "se", "source": "TRV", "updated": "2026-09-12", "name": "poids max 7.0", "type": "poids_limite", "valeur": 7.0, "franchissable": true, "aussi_ensembles": "ja"}}, {"type": "Feature", "geometry": {"type": "LineString", "coordinates": [[16.82301, 59.68888], [16.82296, 59.68892], [16.82294, 59.68899], [16.82295, 59.68905], [16.823, 59.6891], [16.82307, 59.68914], [16.82322, 59.68916], [16.82336, 59.68917], [16.8236, 59.68918], [16.82374, 59.68918]]}, "properties": {"id": "trv-16354:6006-3:18814-0.1619_1.0000", "country": "se", "source": "TRV", "updated": "2026-09-12", "occurrences": 2, "name": "poids max 6.0", "type": "poids_limite", "valeur": 6.0, "franchissable": true, "aussi_ensembles": "ja"}}, {"type": "Feature", "geometry": {"type": "LineString", "coordinates": [[14.07904, 58.58958], [14.07902, 58.5896], [14.07902, 58.5897], [14.07917, 58.5898]]}, "properties": {"id": "trv-16539:851-3:1234561-0.4681_0.5319", "country": "se", "source": "TRV", "updated": "2026-09-12", "name": "poids max 3.5", "type": "poids_limite", "valeur": 3.5, "franchissable": true, "aussi_ensembles": "ja"}}, {"type": "Feature", "geometry": {"type": "LineString", "coordinates": [[15.20613, 59.58796], [15.20611, 59.58797], [15.20603, 59.588], [15.20598, 59.58802]]}, "properties": {"id": "trv-16445:6639-3:439219-0.6636_0.6793", "country": "se", "source": "TRV", "updated": "2026-09-12", "name": "poids max 4.0", "type": "poids_limite", "valeur": 4.0, "franchissable": true, "aussi_ensembles": "ja"}}, {"type": "Feature", "geometry": {"type": "LineString", "coordinates": [[15.78787, 59.64257], [15.78735, 59.64247], [15.78649, 59.64229], [15.7857, 59.64212], [15.78527, 59.64203], [15.78441, 59.64184], [15.7828, 59.6415], [15.78203, 59.64133], [15.78186, 59.64129], [15.78171, 59.64126], [15.78159, 59.64124], [15.78148, 59.64123], [15.78138, 59.64123], [15.78128, 59.64125], [15.7811, 59.64131], [15.78101, 59.64133], [15.78093, 59.64133], [15.78078, 59.64132], [15.78064, 59.6413], [15.78045, 59.64125], [15.78023, 59.64118], [15.78008, 59.64112], [15.77989, 59.64102], [15.77968, 59.64091], [15.77946, 59.64081], [15.77929, 59.64076], [15.77895, 59.64068], [15.77838, 59.64056], [15.77816, 59.6405], [15.77802, 59.64045], [15.77797, 59.64041], [15.77792, 59.64033], [15.7779, 59.64019], [15.77788, 59.63996], [15.77785, 59.63978], [15.77778, 59.63955], [15.77771, 59.63926], [15.77765, 59.63908], [15.77758, 59.63897]]}, "properties": {"id": "trv-16433:5166-3:20972-0.0000_1.0000", "country": "se", "source": "TRV", "updated": "2026-09-12", "name": "poids max 7.0", "type": "poids_limite", "valeur": 7.0, "franchissable": true, "aussi_ensembles": "ja"}}, {"type": "Feature", "geometry": {"type": "LineString", "coordinates": [[14.22701, 60.4359], [14.22656, 60.43594], [14.22593, 60.43598]]}, "properties": {"id": "trv-16540:13204-3:611417-0.4490_0.5472", "country": "se", "source": "TRV", "updated": "2026-09-12", "name": "poids max 4.0", "type": "poids_limite", "valeur": 4.0, "franchissable": true, "aussi_ensembles": "nej"}}, {"type": "Feature", "geometry": {"type": "LineString", "coordinates": [[15.03395, 60.7567], [15.03399, 60.75659], [15.03403, 60.75645], [15.03408, 60.75634]]}, "properties": {"id": "trv-16494:13868-3:584805-0.0000_1.0000", "country": "se", "source": "TRV", "updated": "2026-09-12", "occurrences": 16, "name": "poids max 4.0", "type": "poids_limite", "valeur": 4.0, "franchissable": true, "aussi_ensembles": "nej"}}, {"type": "Feature", "geometry": {"type": "LineString", "coordinates": [[15.02646, 60.73764], [15.0265, 60.73742], [15.02656, 60.7372], [15.0266, 60.73707], [15.02666, 60.73688], [15.0267, 60.73669], [15.02675, 60.73647], [15.02678, 60.73631], [15.02677, 60.73617], [15.02677, 60.73602], [15.02675, 60.73585]]}, "properties": {"id": "trv-16494:13868-3:586649-0.0000_1.0000", "country": "se", "source": "TRV", "updated": "2026-09-12", "occurrences": 16, "name": "poids max 4.0", "type": "poids_limite", "valeur": 4.0, "franchissable": true, "aussi_ensembles": "nej"}}, {"type": "Feature", "geometry": {"type": "LineString", "coordinates": [[15.02675, 60.73585], [15.02672, 60.73571], [15.0267, 60.73559], [15.02665, 60.73546]]}, "properties": {"id": "trv-16494:13868-3:586684-0.0000_1.0000", "country": "se", "source": "TRV", "updated": "2026-09-12", "occurrences": 16, "name": "poids max 4.0", "type": "poids_limite", "valeur": 4.0, "franchissable": true, "aussi_ensembles": "nej"}}, {"type": "Feature", "geometry": {"type": "LineString", "coordinates": [[15.02665, 60.73546], [15.02661, 60.73535], [15.0266, 60.7353], [15.02653, 60.73516], [15.02645, 60.73501], [15.02637, 60.73488], [15.02628, 60.73474], [15.02612, 60.73455], [15.02597, 60.73437], [15.02578, 60.73416]]}, "properties": {"id": "trv-16494:13868-3:586809-0.0000_1.0000", "country": "se", "source": "TRV", "updated": "2026-09-12", "occurrences": 16, "name": "poids max 4.0", "type": "poids_limite", "valeur": 4.0, "franchissable": true, "aussi_ensembles": "nej"}}, {"type": "Feature", "geometry": {"type": "LineString", "coordinates": [[15.02497, 60.73343], [15.0252, 60.73365], [15.0254, 60.73382], [15.02566, 60.73405], [15.02578, 60.73416]]}, "properties": {"id": "trv-16494:13868-3:586891-0.0000_1.0000", "country": "se", "source": "TRV", "updated": "2026-09-12", "occurrences": 16, "name": "poids max 4.0", "type": "poids_limite", "valeur": 4.0, "franchissable": true, "aussi_ensembles": "nej"}}, {"type": "Feature", "geometry": {"type": "LineString", "coordinates": [[12.62392, 57.61797], [12.62399, 57.61815], [12.62399, 57.61822], [12.62396, 57.61829], [12.62389, 57.61836], [12.6238, 57.61842], [12.62369, 57.61847], [12.62356, 57.61854], [12.62346, 57.61861], [12.62341, 57.61867], [12.62341, 57.61873], [12.62341, 57.61881], [12.62344, 57.61889], [12.62345, 57.61896], [12.62344, 57.61905], [12.62344, 57.61913], [12.62345, 57.61919], [12.62349, 57.61925], [12.62357, 57.61931], [12.62378, 57.61948], [12.62397, 57.61963], [12.62408, 57.61969], [12.62417, 57.61973], [12.62431, 57.61979], [12.6245, 57.61984], [12.62459, 57.61988], [12.62474, 57.61996], [12.6249, 57.62006], [12.62503, 57.62015], [12.62527, 57.6203], [12.62539, 57.62039], [12.62547, 57.62047], [12.62561, 57.62056], [12.62586, 57.62071], [12.626, 57.62077], [12.62614, 57.62081], [12.62621, 57.62084], [12.6263, 57.62089], [12.62645, 57.62103], [12.62663, 57.62116], [12.62677, 57.62126], [12.62682, 57.62128]]}, "properties": {"id": "trv-16545:5102-3:1381503-0.2292_1.0000", "country": "se", "source": "TRV", "updated": "2026-09-12", "name": "poids max 3.0", "type": "poids_limite", "valeur": 3.0, "franchissable": false, "aussi_ensembles": "ja"}}, {"type": "Feature", "geometry": {"type": "LineString", "coordinates": [[18.07726, 59.3566], [18.07683, 59.35649], [18.07619, 59.35631], [18.07573, 59.35619], [18.07512, 59.35608], [18.07437, 59.35596], [18.07372, 59.35587], [18.07287, 59.35578], [18.07238, 59.35573], [18.07209, 59.35572], [18.07182, 59.35571], [18.07141, 59.35575], [18.07058, 59.35586], [18.07011, 59.35592], [18.06962, 59.35598], [18.06956, 59.35599], [18.06915, 59.35604], [18.0687, 59.35609], [18.06815, 59.35614], [18.06781, 59.35617], [18.06764, 59.35618], [18.0672, 59.3562], [18.06686, 59.35623], [18.06641, 59.35624], [18.06607, 59.35625]]}, "properties": {"id": "trv-16566:9609-16507:8695-0.0000_1.0000", "country": "se", "source": "TRV", "updated": "2026-09-12", "occurrences": 5, "name": "poids max 3.5", "type": "poids_limite", "valeur": 3.5, "franchissable": true, "aussi_ensembles": "nej"}}, {"type": "Feature", "geometry": {"type": "LineString", "coordinates": [[18.06303, 59.35655], [18.06336, 59.35657], [18.06359, 59.35658], [18.06375, 59.35659], [18.06408, 59.3566]]}, "properties": {"id": "trv-16566:9609-16507:9362-0.0000_1.0000", "country": "se", "source": "TRV", "updated": "2026-09-12", "occurrences": 5, "name": "poids max 3.5", "type": "poids_limite", "valeur": 3.5, "franchissable": true, "aussi_ensembles": "nej"}}, {"type": "Feature", "geometry": {"type": "LineString", "coordinates": [[14.72776, 62.14566], [14.72804, 62.14577], [14.72826, 62.14585]]}, "properties": {"id": "trv-16521:19857-3:420170-0.7521_0.8189", "country": "se", "source": "TRV", "updated": "2026-09-12", "name": "poids max 3.5", "type": "poids_limite", "valeur": 3.5, "franchissable": true, "aussi_ensembles": "ja"}}, {"type": "Feature", "geometry": {"type": "LineString", "coordinates": [[14.42779, 56.21845], [14.42788, 56.21841]]}, "properties": {"id": "trv-16526:46920-10019:2452-0.6199_0.6476", "country": "se", "source": "TRV", "updated": "2026-09-12", "name": "poids max 3.5", "type": "poids_limite", "valeur": 3.5, "franchissable": true, "aussi_ensembles": "nej"}}, {"type": "Feature", "geometry": {"type": "LineString", "coordinates": [[11.54091, 57.94604], [11.5412, 57.94603], [11.54143, 57.94603], [11.5416, 57.94602], [11.54178, 57.94602], [11.54189, 57.946], [11.54198, 57.946]]}, "properties": {"id": "trv-16588:35120-3:1323378-0.4218_1.0000", "country": "se", "source": "TRV", "updated": "2026-09-12", "name": "poids max 5.0", "type": "poids_limite", "valeur": 5.0, "franchissable": true, "aussi_ensembles": "nej"}}, {"type": "Feature", "geometry": {"type": "LineString", "coordinates": [[12.7865, 55.9991], [12.78653, 55.99895]]}, "properties": {"id": "trv-16585:174043-3:1532407-0.1307_0.2414", "country": "se", "source": "TRV", "updated": "2026-09-12", "name": "poids max 3.5", "type": "poids_limite", "valeur": 3.5, "franchissable": true, "aussi_ensembles": "nej"}}, {"type": "Feature", "geometry": {"type": "LineString", "coordinates": [[17.27745, 63.17853], [17.27551, 63.17871], [17.27526, 63.17873], [17.27509, 63.17875]]}, "properties": {"id": "trv-16591:23361-3:743576-0.0000_1.0000", "country": "se", "source": "TRV", "updated": "2026-09-12", "occurrences": 4, "name": "poids max 3.5", "type": "poids_limite", "valeur": 3.5, "franchissable": true, "aussi_ensembles": "ja"}}, {"type": "Feature", "geometry": {"type": "LineString", "coordinates": [[17.27974, 63.17831], [17.27884, 63.17839], [17.27821, 63.17845], [17.27745, 63.17853]]}, "properties": {"id": "trv-16591:23361-3:743597-0.0000_1.0000", "country": "se", "source": "TRV", "updated": "2026-09-12", "occurrences": 4, "name": "poids max 3.5", "type": "poids_limite", "valeur": 3.5, "franchissable": true, "aussi_ensembles": "ja"}}, {"type": "Feature", "geometry": {"type": "LineString", "coordinates": [[17.28269, 63.17809], [17.28219, 63.17809], [17.28206, 63.17809], [17.28193, 63.1781], [17.28027, 63.17826], [17.27974, 63.17831]]}, "properties": {"id": "trv-16591:23361-3:743614-0.0000_1.0000", "country": "se", "source": "TRV", "updated": "2026-09-12", "occurrences": 4, "name": "poids max 3.5", "type": "poids_limite", "valeur": 3.5, "franchissable": true, "aussi_ensembles": "ja"}}, {"type": "Feature", "geometry": {"type": "LineString", "coordinates": [[17.28281, 63.17789], [17.28269, 63.17809]]}, "properties": {"id": "trv-16591:23361-3:743630-0.0000_1.0000", "country": "se", "source": "TRV", "updated": "2026-09-12", "occurrences": 4, "name": "poids max 3.5", "type": "poids_limite", "valeur": 3.5, "franchissable": true, "aussi_ensembles": "ja"}}, {"type": "Feature", "geometry": {"type": "LineString", "coordinates": [[16.99707, 63.36462], [16.99327, 63.36398]]}, "properties": {"id": "trv-16591:23381-3:733804-0.0000_1.0000", "country": "se", "source": "TRV", "updated": "2026-09-12", "name": "poids max 4.0", "type": "poids_limite", "valeur": 4.0, "franchissable": true, "aussi_ensembles": "ja"}}, {"type": "Feature", "geometry": {"type": "LineString", "coordinates": [[14.83075, 56.28734], [14.83081, 56.28734], [14.83101, 56.28729], [14.83125, 56.28722], [14.83152, 56.28718], [14.83178, 56.28715], [14.832, 56.28714]]}, "properties": {"id": "trv-16591:26539-3:340387-0.3915_0.5330", "country": "se", "source": "TRV", "updated": "2026-09-12", "name": "poids max 0.1", "type": "poids_limite", "valeur": 0.1, "franchissable": false, "aussi_ensembles": "nej"}}, {"type": "Feature", "geometry": {"type": "LineString", "coordinates": [[16.60746, 59.91794], [16.60739, 59.91786]]}, "properties": {"id": "trv-16592:17394-16592:17349-0.0000_1.0000", "country": "se", "source": "TRV", "updated": "2026-09-12", "name": "poids max 3.5", "type": "poids_limite", "valeur": 3.5, "franchissable": true, "aussi_ensembles": "ja"}}, {"type": "Feature", "geometry": {"type": "LineString", "coordinates": [[12.26557, 57.10142], [12.26554, 57.10136], [12.26543, 57.10106], [12.26526, 57.10059]]}, "properties": {"id": "trv-16666:37044-3:248448-0.0000_1.0000", "country": "se", "source": "TRV", "updated": "2026-09-12", "occurrences": 2, "name": "poids max 3.5", "type": "poids_limite", "valeur": 3.5, "franchissable": true, "aussi_ensembles": "ja"}}, {"type": "Feature", "geometry": {"type": "LineString", "coordinates": [[11.45952, 58.24544], [11.45963, 58.24542], [11.45974, 58.24539], [11.45982, 58.24535], [11.45988, 58.24531], [11.45993, 58.2453], [11.46019, 58.24525], [11.46027, 58.24522], [11.46036, 58.24519], [11.46043, 58.24514], [11.4605, 58.24512], [11.46055, 58.24509], [11.4606, 58.24506], [11.46063, 58.24503], [11.46065, 58.24493], [11.46065, 58.24488], [11.46066, 58.24482], [11.46065, 58.24476], [11.46062, 58.24471], [11.46058, 58.24466], [11.46052, 58.24459], [11.46003, 58.2441], [11.4599, 58.24397], [11.45981, 58.24397], [11.45968, 58.24401], [11.45942, 58.2441], [11.45925, 58.24414], [11.45917, 58.24415], [11.45905, 58.24416], [11.45874, 58.24416], [11.45841, 58.24418]]}, "properties": {"id": "trv-16670:10716-3:1280614-0.0000_1.0000", "country": "se", "source": "TRV", "updated": "2026-09-12", "name": "poids max 2.0", "type": "poids_limite", "valeur": 2.0, "franchissable": false, "aussi_ensembles": "nej"}}, {"type": "Feature", "geometry": {"type": "LineString", "coordinates": [[18.32975, 59.4045], [18.32959, 59.40451], [18.32939, 59.40449], [18.32891, 59.40445], [18.32855, 59.40442]]}, "properties": {"id": "trv-16673:10599-3:1044027-0.0000_1.0000", "country": "se", "source": "TRV", "updated": "2026-09-12", "name": "poids max 3.5", "type": "poids_limite", "valeur": 3.5, "franchissable": true, "aussi_ensembles": "ja"}}, {"type": "Feature", "geometry": {"type": "LineString", "coordinates": [[12.15432, 57.43593], [12.15482, 57.43604], [12.15524, 57.43613], [12.15541, 57.43617], [12.15558, 57.4362], [12.15577, 57.4362], [12.15606, 57.43618]]}, "properties": {"id": "trv-16716:9127-3:234439-0.3711_1.0000", "country": "se", "source": "TRV", "updated": "2026-09-12", "name": "poids max 3.5", "type": "poids_limite", "valeur": 3.5, "franchissable": true, "aussi_ensembles": "nej"}}, {"type": "Feature", "geometry": {"type": "LineString", "coordinates": [[13.4787, 58.53176], [13.4789, 58.53177], [13.4792, 58.53178], [13.47972, 58.5318], [13.48006, 58.53182], [13.48042, 58.53183], [13.4806, 58.53183], [13.48087, 58.53181], [13.48128, 58.53177], [13.48162, 58.53174], [13.48203, 58.5317]]}, "properties": {"id": "trv-16728:1099-3:1240192-0.0000_1.0000", "country": "se", "source": "TRV", "updated": "2026-09-12", "occurrences": 5, "name": "poids max 3.5", "type": "poids_limite", "valeur": 3.5, "franchissable": true, "aussi_ensembles": "nej"}}, {"type": "Feature", "geometry": {"type": "LineString", "coordinates": [[13.48301, 58.52926], [13.48306, 58.52944], [13.48317, 58.52978], [13.48327, 58.53007], [13.48327, 58.53008]]}, "properties": {"id": "trv-16728:1107-3:1240571-0.0000_1.0000", "country": "se", "source": "TRV", "updated": "2026-09-12", "occurrences": 5, "name": "poids max 3.5", "type": "poids_limite", "valeur": 3.5, "franchissable": true, "aussi_ensembles": "ja"}}, {"type": "Feature", "geometry": {"type": "LineString", "coordinates": [[13.48311, 58.52841], [13.48307, 58.5287], [13.48303, 58.52901], [13.48301, 58.52915], [13.48301, 58.5292], [13.48301, 58.52922], [13.48301, 58.52926]]}, "properties": {"id": "trv-16728:1107-3:1240716-0.0000_1.0000", "country": "se", "source": "TRV", "updated": "2026-09-12", "occurrences": 5, "name": "poids max 3.5", "type": "poids_limite", "valeur": 3.5, "franchissable": true, "aussi_ensembles": "ja"}}, {"type": "Feature", "geometry": {"type": "LineString", "coordinates": [[13.48323, 58.52751], [13.48318, 58.52795], [13.48314, 58.52824], [13.48311, 58.52841]]}, "properties": {"id": "trv-16728:1107-3:1240865-0.0000_1.0000", "country": "se", "source": "TRV", "updated": "2026-09-12", "occurrences": 5, "name": "poids max 3.5", "type": "poids_limite", "valeur": 3.5, "franchissable": true, "aussi_ensembles": "ja"}}, {"type": "Feature", "geometry": {"type": "LineString", "coordinates": [[13.50101, 58.52498], [13.50128, 58.52494], [13.50159, 58.52491]]}, "properties": {"id": "trv-16728:1111-3:1241300-0.0000_1.0000", "country": "se", "source": "TRV", "updated": "2026-09-12", "name": "poids max 2.0", "type": "poids_limite", "valeur": 2.0, "franchissable": false, "aussi_ensembles": "ja"}}, {"type": "Feature", "geometry": {"type": "LineString", "coordinates": [[13.49263, 58.52876], [13.49261, 58.52898], [13.4926, 58.52907]]}, "properties": {"id": "trv-16728:1115-3:1240677-0.0000_1.0000", "country": "se", "source": "TRV", "updated": "2026-09-12", "occurrences": 3, "name": "poids max 3.5", "type": "poids_limite", "valeur": 3.5, "franchissable": true, "aussi_ensembles": "ja"}}, {"type": "Feature", "geometry": {"type": "LineString", "coordinates": [[13.49255, 58.52784], [13.49263, 58.52876]]}, "properties": {"id": "trv-16728:1115-3:1240841-0.0000_1.0000", "country": "se", "source": "TRV", "updated": "2026-09-12", "occurrences": 3, "name": "poids max 3.5", "type": "poids_limite", "valeur": 3.5, "franchissable": true, "aussi_ensembles": "ja"}}, {"type": "Feature", "geometry": {"type": "LineString", "coordinates": [[13.49248, 58.52729], [13.49249, 58.52733], [13.4925, 58.52773], [13.49255, 58.52784]]}, "properties": {"id": "trv-16728:1115-3:1240935-0.0000_1.0000", "country": "se", "source": "TRV", "updated": "2026-09-12", "occurrences": 3, "name": "poids max 3.5", "type": "poids_limite", "valeur": 3.5, "franchissable": true, "aussi_ensembles": "ja"}}, {"type": "Feature", "geometry": {"type": "LineString", "coordinates": [[16.82291, 61.07962], [16.82277, 61.07969]]}, "properties": {"id": "trv-16594:17754-3:1167438-0.8635_0.8719", "country": "se", "source": "TRV", "updated": "2026-09-12", "name": "poids max 3.0", "type": "poids_limite", "valeur": 3.0, "franchissable": false, "aussi_ensembles": "ja"}}, {"type": "Feature", "geometry": {"type": "LineString", "coordinates": [[13.06325, 56.186], [13.06312, 56.18603], [13.06308, 56.18604], [13.06305, 56.18605], [13.06304, 56.18605], [13.06302, 56.18607], [13.06301, 56.18609], [13.063, 56.18611], [13.06299, 56.18617], [13.06297, 56.1864], [13.06296, 56.18656]]}, "properties": {"id": "trv-16594:23827-3:1506221-0.0000_1.0000", "country": "se", "source": "TRV", "updated": "2026-09-12", "name": "poids max 3.5", "type": "poids_limite", "valeur": 3.5, "franchissable": true, "aussi_ensembles": "ja"}}, {"type": "Feature", "geometry": {"type": "LineString", "coordinates": [[14.38125, 59.23703], [14.3811, 59.23678], [14.381, 59.23653], [14.38091, 59.23616], [14.38077, 59.23564], [14.38064, 59.23523], [14.38041, 59.23468], [14.38029, 59.2345], [14.3802, 59.2344], [14.37998, 59.23427], [14.37962, 59.23411], [14.37901, 59.23388], [14.37836, 59.23364], [14.37742, 59.23327], [14.37673, 59.23302], [14.37577, 59.23263], [14.37505, 59.23235], [14.37438, 59.2321], [14.37379, 59.23186], [14.37345, 59.23173]]}, "properties": {"id": "trv-16651:11433-3:458452-0.0000_1.0000", "country": "se", "source": "TRV", "updated": "2026-09-12", "occurrences": 3, "name": "poids max 3.5", "type": "poids_limite", "valeur": 3.5, "franchissable": true, "aussi_ensembles": "ja"}}, {"type": "Feature", "geometry": {"type": "LineString", "coordinates": [[14.45364, 60.9707], [14.45392, 60.97054], [14.45415, 60.97042], [14.45436, 60.97032], [14.45462, 60.97022], [14.45497, 60.97012], [14.45531, 60.97002], [14.45536, 60.97001], [14.45563, 60.96994], [14.45598, 60.96984], [14.45631, 60.96975], [14.45659, 60.96964], [14.45679, 60.96956]]}, "properties": {"id": "trv-16995:17965-3:571676-0.7067_1.0000", "country": "se", "source": "TRV", "updated": "2026-09-12", "name": "poids max 4.0", "type": "poids_limite", "valeur": 4.0, "franchissable": true, "aussi_ensembles": "ja"}}, {"type": "Feature", "geometry": {"type": "LineString", "coordinates": [[14.45679, 60.96956], [14.45728, 60.9697], [14.45796, 60.96986], [14.45828, 60.96993], [14.45849, 60.96996], [14.45872, 60.96997], [14.45907, 60.96994], [14.45948, 60.96986], [14.45978, 60.96978], [14.45998, 60.96973], [14.46004, 60.96971]]}, "properties": {"id": "trv-16995:18127-3:571675-0.0000_1.0000", "country": "se", "source": "TRV", "updated": "2026-09-12", "occurrences": 7, "name": "poids max 4.0", "type": "poids_limite", "valeur": 4.0, "franchissable": true, "aussi_ensembles": "ja"}}, {"type": "Feature", "geometry": {"type": "LineString", "coordinates": [[14.46004, 60.96971], [14.46028, 60.96965], [14.46062, 60.96955], [14.46096, 60.96945], [14.46125, 60.96939], [14.46152, 60.96935], [14.46167, 60.96935], [14.46199, 60.96937], [14.46273, 60.96943], [14.46353, 60.9695], [14.46394, 60.96953], [14.46416, 60.96954], [14.46454, 60.96953], [14.46504, 60.96952], [14.46603, 60.96947], [14.46646, 60.96946], [14.46724, 60.96942], [14.46858, 60.96936], [14.47124, 60.96924], [14.47288, 60.96917], [14.47343, 60.96914], [14.47425, 60.9691], [14.47501, 60.96906]]}, "properties": {"id": "trv-16995:18127-3:571717-0.0000_1.0000", "country": "se", "source": "TRV", "updated": "2026-09-12", "occurrences": 7, "name": "poids max 4.0", "type": "poids_limite", "valeur": 4.0, "franchissable": true, "aussi_ensembles": "ja"}}, {"type": "Feature", "geometry": {"type": "LineString", "coordinates": [[14.45898, 60.96835], [14.45869, 60.96847], [14.45819, 60.9687], [14.45789, 60.96885], [14.45763, 60.96899], [14.45722, 60.96925], [14.45709, 60.96933], [14.45693, 60.96944], [14.45679, 60.96956]]}, "properties": {"id": "trv-16995:18127-3:571743-0.0000_1.0000", "country": "se", "source": "TRV", "updated": "2026-09-12", "occurrences": 7, "name": "poids max 4.0", "type": "poids_limite", "valeur": 4.0, "franchissable": true, "aussi_ensembles": "ja"}}, {"type": "Feature", "geometry": {"type": "LineString", "coordinates": [[14.47501, 60.96906], [14.47613, 60.96902], [14.47722, 60.96897], [14.47901, 60.96888], [14.48018, 60.96883], [14.4802, 60.96883], [14.48108, 60.96879], [14.48252, 60.96873], [14.48323, 60.96869], [14.48368, 60.96864], [14.48438, 60.96852], [14.48504, 60.9684], [14.48555, 60.96831]]}, "properties": {"id": "trv-16995:18127-3:571751-0.0000_1.0000", "country": "se", "source": "TRV", "updated": "2026-09-12", "occurrences": 7, "name": "poids max 4.0", "type": "poids_limite", "valeur": 4.0, "franchissable": true, "aussi_ensembles": "ja"}}, {"type": "Feature", "geometry": {"type": "LineString", "coordinates": [[16.20853, 64.09484], [16.2101, 64.09439]]}, "properties": {"id": "trv-16999:48665-3:366262-0.0000_1.0000", "country": "se", "source": "TRV", "updated": "2026-09-12", "occurrences": 13, "name": "poids max 2.0", "type": "poids_limite", "valeur": 2.0, "franchissable": false, "aussi_ensembles": "nej"}}, {"type": "Feature", "geometry": {"type": "LineString", "coordinates": [[16.2101, 64.09439], [16.21111, 64.0941], [16.21153, 64.09396], [16.21218, 64.09375], [16.21379, 64.09317], [16.21506, 64.09272], [16.21581, 64.09245], [16.21763, 64.09181], [16.21767, 64.09179], [16.21847, 64.0915], [16.21893, 64.09134]]}, "properties": {"id": "trv-16999:48665-3:366292-0.0000_1.0000", "country": "se", "source": "TRV", "updated": "2026-09-12", "occurrences": 13, "name": "poids max 2.0", "type": "poids_limite", "valeur": 2.0, "franchissable": false, "aussi_ensembles": "nej"}}, {"type": "Feature", "geometry": {"type": "LineString", "coordinates": [[16.21893, 64.09134], [16.22013, 64.09084], [16.22019, 64.09081], [16.22029, 64.09076], [16.22097, 64.09045], [16.22144, 64.09024], [16.22189, 64.09008], [16.22237, 64.08995], [16.22308, 64.08979], [16.22356, 64.0897], [16.22403, 64.08962], [16.22466, 64.08952], [16.22501, 64.08947], [16.22546, 64.08943], [16.22624, 64.08935], [16.22647, 64.08933], [16.22739, 64.08921], [16.22802, 64.08914], [16.22851, 64.08911], [16.22899, 64.08905], [16.22943, 64.08896], [16.22958, 64.08892], [16.23, 64.08877], [16.23038, 64.0886], [16.23082, 64.08835], [16.23091, 64.08826]]}, "properties": {"id": "trv-16999:48665-3:366320-0.0000_1.0000", "country": "se", "source": "TRV", "updated": "2026-09-12", "occurrences": 13, "name": "poids max 2.0", "type": "poids_limite", "valeur": 2.0, "franchissable": false, "aussi_ensembles": "nej"}}, {"type": "Feature", "geometry": {"type": "LineString", "coordinates": [[16.23091, 64.08826], [16.2313, 64.0879], [16.23161, 64.08759], [16.23174, 64.08752], [16.23198, 64.08741], [16.23199, 64.0874], [16.23221, 64.08733], [16.23246, 64.08728], [16.23273, 64.08724], [16.23313, 64.08719], [16.23329, 64.08716]]}, "properties": {"id": "trv-16999:48665-3:366335-0.0000_1.0000", "country": "se", "source": "TRV", "updated": "2026-09-12", "occurrences": 13, "name": "poids max 2.0", "type": "poids_limite", "valeur": 2.0, "franchissable": false, "aussi_ensembles": "nej"}}, {"type": "Feature", "geometry": {"type": "LineString", "coordinates": [[16.23329, 64.08716], [16.23335, 64.08715], [16.23349, 64.08712], [16.23398, 64.08699], [16.23424, 64.08688]]}, "properties": {"id": "trv-16999:48665-3:366338-0.0000_1.0000", "country": "se", "source": "TRV", "updated": "2026-09-12", "occurrences": 13, "name": "poids max 2.0", "type": "poids_limite", "valeur": 2.0, "franchissable": false, "aussi_ensembles": "nej"}}, {"type": "Feature", "geometry": {"type": "LineString", "coordinates": [[16.23424, 64.08688], [16.23453, 64.0867], [16.2348, 64.08648], [16.23536, 64.08585]]}, "properties": {"id": "trv-16999:48665-3:366349-0.0000_1.0000", "country": "se", "source": "TRV", "updated": "2026-09-12", "occurrences": 13, "name": "poids max 2.0", "type": "poids_limite", "valeur": 2.0, "franchissable": false, "aussi_ensembles": "nej"}}, {"type": "Feature", "geometry": {"type": "LineString", "coordinates": [[16.23536, 64.08585], [16.23574, 64.08543], [16.23656, 64.08449], [16.23658, 64.08447]]}, "properties": {"id": "trv-16999:48665-3:366366-0.0000_1.0000", "country": "se", "source": "TRV", "updated": "2026-09-12", "occurrences": 13, "name": "poids max 2.0", "type": "poids_limite", "valeur": 2.0, "franchissable": false, "aussi_ensembles": "nej"}}, {"type": "Feature", "geometry": {"type": "LineString", "coordinates": [[16.23658, 64.08447], [16.23738, 64.08356], [16.23793, 64.08295], [16.23799, 64.08288]]}, "properties": {"id": "trv-16999:48665-3:366387-0.0000_1.0000", "country": "se", "source": "TRV", "updated": "2026-09-12", "occurrences": 13, "name": "poids max 2.0", "type": "poids_limite", "valeur": 2.0, "franchissable": false, "aussi_ensembles": "nej"}}, {"type": "Feature", "geometry": {"type": "LineString", "coordinates": [[16.23799, 64.08288], [16.23816, 64.08271], [16.23843, 64.08247], [16.23885, 64.08218], [16.23907, 64.08202]]}, "properties": {"id": "trv-16999:48665-3:366394-0.0000_1.0000", "country": "se", "source": "TRV", "updated": "2026-09-12", "occurrences": 13, "name": "poids max 2.0", "type": "poids_limite", "valeur": 2.0, "franchissable": false, "aussi_ensembles": "nej"}}, {"type": "Feature", "geometry": {"type": "LineString", "coordinates": [[18.47635, 63.21604], [18.47739, 63.21631], [18.47822, 63.2165], [18.47852, 63.21656], [18.47864, 63.21658], [18.479, 63.21661], [18.47926, 63.21663], [18.48024, 63.21664], [18.48096, 63.21663], [18.48177, 63.21661], [18.48223, 63.2166], [18.48277, 63.21658]]}, "properties": {"id": "trv-17001:31239-3:741327-0.0000_1.0000", "country": "se", "source": "TRV", "updated": "2026-09-12", "occurrences": 7, "name": "poids max 3.5", "type": "poids_limite", "valeur": 3.5, "franchissable": true, "aussi_ensembles": "nej"}}, {"type": "Feature", "geometry": {"type": "LineString", "coordinates": [[18.49325, 63.21562], [18.49301, 63.21572], [18.49275, 63.2158], [18.49246, 63.21587], [18.49215, 63.21592], [18.49184, 63.21595], [18.4914, 63.21598]]}, "properties": {"id": "trv-17001:31239-3:741331-0.0000_1.0000", "country": "se", "source": "TRV", "updated": "2026-09-12", "occurrences": 7, "name": "poids max 3.5", "type": "poids_limite", "valeur": 3.5, "franchissable": true, "aussi_ensembles": "nej"}}, {"type": "Feature", "geometry": {"type": "LineString", "coordinates": [[18.49797, 63.21319], [18.49771, 63.2133], [18.49736, 63.21348], [18.49713, 63.21361], [18.49683, 63.21373], [18.49654, 63.21382], [18.49626, 63.21395], [18.49607, 63.21407], [18.49569, 63.21435], [18.49546, 63.21447], [18.49499, 63.21466], [18.49463, 63.21482], [18.4944, 63.21493], [18.49412, 63.21509], [18.49377, 63.21533], [18.49345, 63.21552], [18.49325, 63.21562]]}, "properties": {"id": "trv-17001:31239-3:741442-0.0138_1.0000", "country": "se", "source": "TRV", "updated": "2026-09-12", "occurrences": 7, "name": "poids max 3.5", "type": "poids_limite", "valeur": 3.5, "franchissable": true, "aussi_ensembles": "nej"}}, {"type": "Feature", "geometry": {"type": "LineString", "coordinates": [[17.21369, 63.29732], [17.214, 63.29744], [17.2143, 63.29757], [17.2146, 63.29769], [17.21483, 63.29779], [17.21503, 63.29788], [17.21521, 63.29798], [17.2153, 63.29805], [17.21541, 63.2982], [17.21545, 63.29834], [17.21547, 63.2986], [17.21552, 63.29912], [17.21551, 63.29971], [17.21548, 63.30038], [17.21546, 63.30073], [17.21543, 63.3017], [17.21533, 63.30204], [17.2152, 63.30232], [17.21499, 63.30257], [17.21486, 63.30281], [17.21461, 63.30315], [17.21426, 63.30356], [17.21415, 63.30369], [17.21391, 63.30399], [17.2136, 63.30444], [17.21345, 63.30464], [17.21329, 63.30506], [17.21317, 63.30561], [17.21291, 63.30645], [17.21257, 63.30763], [17.21254, 63.30779], [17.21259, 63.30824], [17.21266, 63.30864], [17.21265, 63.30873], [17.21262, 63.30921], [17.21258, 63.30956], [17.21258, 63.3097], [17.21254, 63.31006], [17.21259, 63.3103], [17.2128, 63.3107], [17.21295, 63.31099], [17.21334, 63.31177], [17.21341, 63.31206], [17.21343, 63.31225], [17.21342, 63.31277], [17.21345, 63.31313], [17.21347, 63.31329], [17.21364, 63.31388], [17.21382, 63.31461], [17.21395, 63.31496], [17.21392, 63.31505], [17.21386, 63.31509]]}, "properties": {"id": "trv-17002:64404-1000:110818-0.0000_1.0000", "country": "se", "source": "TRV", "updated": "2026-09-12", "name": "poids max 3.5", "type": "poids_limite", "valeur": 3.5, "franchissable": true, "aussi_ensembles": "nej"}}, {"type": "Feature", "geometry": {"type": "LineString", "coordinates": [[17.40169, 62.52073], [17.40255, 62.52059], [17.40315, 62.5205], [17.40461, 62.52028], [17.40524, 62.52018], [17.4057, 62.5201], [17.40622, 62.52], [17.40671, 62.51989], [17.40713, 62.51979], [17.40747, 62.51969], [17.40774, 62.5196], [17.4081, 62.51946], [17.40841, 62.51932], [17.40859, 62.51924], [17.40872, 62.51918], [17.40905, 62.51902], [17.40972, 62.51871], [17.40997, 62.51862], [17.41023, 62.51853], [17.41055, 62.51843], [17.41096, 62.51833], [17.41138, 62.51824], [17.41167, 62.51819], [17.41196, 62.51815], [17.41236, 62.51811], [17.41277, 62.51807], [17.41323, 62.51806], [17.41337, 62.51805], [17.41363, 62.51805], [17.41378, 62.51805], [17.41398, 62.51805], [17.4144, 62.51807]]}, "properties": {"id": "trv-17005:23177-1000:106372-0.0000_0.3893", "country": "se", "source": "TRV", "updated": "2026-09-12", "name": "poids max 3.5", "type": "poids_limite", "valeur": 3.5, "franchissable": true, "aussi_ensembles": "ja"}}, {"type": "Feature", "geometry": {"type": "LineString", "coordinates": [[16.57262, 58.97256], [16.57258, 58.97257], [16.57248, 58.97259], [16.57225, 58.97261], [16.57189, 58.97262], [16.5715, 58.97265], [16.57113, 58.97269], [16.57088, 58.9727]]}, "properties": {"id": "trv-17102:1848-3:315219-0.2075_0.4149", "country": "se", "source": "TRV", "updated": "2026-09-12", "name": "poids max 5.0", "type": "poids_limite", "valeur": 5.0, "franchissable": true, "aussi_ensembles": "ja"}}, {"type": "Feature", "geometry": {"type": "LineString", "coordinates": [[14.80724, 58.77815], [14.80732, 58.778], [14.80734, 58.77795], [14.80734, 58.7779], [14.80732, 58.77785], [14.8073, 58.77782]]}, "properties": {"id": "trv-17241:2933-3:477246-0.1284_0.2966", "country": "se", "source": "TRV", "updated": "2026-09-12", "name": "poids max 4.0", "type": "poids_limite", "valeur": 4.0, "franchissable": true, "aussi_ensembles": "ja"}}, {"type": "Feature", "geometry": {"type": "LineString", "coordinates": [[16.43823, 64.25332], [16.43798, 64.25317]]}, "properties": {"id": "trv-22518:527-3:980488-0.2668_0.2874", "country": "se", "source": "TRV", "updated": "2026-09-12", "name": "poids max 6.0", "type": "poids_limite", "valeur": 6.0, "franchissable": true, "aussi_ensembles": "nej"}}, {"type": "Feature", "geometry": {"type": "LineString", "coordinates": [[15.05626, 56.92299], [15.05608, 56.92301]]}, "properties": {"id": "trv-22528:2236-3:188875-0.6319_0.6373", "country": "se", "source": "TRV", "updated": "2026-09-12", "name": "poids max 3.5", "type": "poids_limite", "valeur": 3.5, "franchissable": true, "aussi_ensembles": "nej"}}, {"type": "Feature", "geometry": {"type": "LineString", "coordinates": [[11.911, 58.34269], [11.91085, 58.34268], [11.91071, 58.34265], [11.91051, 58.3426], [11.9103, 58.34252], [11.91013, 58.34245], [11.91, 58.34238], [11.90989, 58.34231], [11.90979, 58.34223], [11.90969, 58.34214], [11.90938, 58.34183], [11.90926, 58.34174], [11.90913, 58.34166], [11.90904, 58.34161], [11.90897, 58.34155], [11.90892, 58.34152]]}, "properties": {"id": "trv-22533:36597-3:1266703-0.1825_0.6036", "country": "se", "source": "TRV", "updated": "2026-09-12", "name": "poids max 3.5", "type": "poids_limite", "valeur": 3.5, "franchissable": true, "aussi_ensembles": "ja"}}, {"type": "Feature", "geometry": {"type": "LineString", "coordinates": [[18.28876, 57.64059], [18.28875, 57.64063], [18.28878, 57.64067]]}, "properties": {"id": "trv-19308:1209-19308:1204-0.9510_1.0000", "country": "se", "source": "TRV", "updated": "2026-09-12", "name": "poids max 3.5", "type": "poids_limite", "valeur": 3.5, "franchissable": true, "aussi_ensembles": "nej"}}, {"type": "Feature", "geometry": {"type": "LineString", "coordinates": [[16.09486, 61.30361], [16.09495, 61.30358], [16.09507, 61.30352], [16.09515, 61.30349]]}, "properties": {"id": "trv-22961:1-3:1159602-0.7310_0.7807", "country": "se", "source": "TRV", "updated": "2026-09-12", "name": "poids max 4.0", "type": "poids_limite", "valeur": 4.0, "franchissable": true, "aussi_ensembles": "nej"}}, {"type": "Feature", "geometry": {"type": "LineString", "coordinates": [[14.70137, 56.32532], [14.70121, 56.32531], [14.70114, 56.3253], [14.70104, 56.32529], [14.70093, 56.32526], [14.70084, 56.32521], [14.70077, 56.32518], [14.70067, 56.32511], [14.70052, 56.32501], [14.70039, 56.32493], [14.70033, 56.32489], [14.70022, 56.32483], [14.70009, 56.32476], [14.70002, 56.32472], [14.69995, 56.32467], [14.69976, 56.32456], [14.69961, 56.32449], [14.6995, 56.32445], [14.6994, 56.32442], [14.69926, 56.32438], [14.69913, 56.32435], [14.69903, 56.32434], [14.69894, 56.32432], [14.69884, 56.32431]]}, "properties": {"id": "trv-23015:61-12735:141-0.0000_1.0000", "country": "se", "source": "TRV", "updated": "2026-09-12", "occurrences": 3, "name": "poids max 3.5", "type": "poids_limite", "valeur": 3.5, "franchissable": true, "aussi_ensembles": "ja"}}, {"type": "Feature", "geometry": {"type": "LineString", "coordinates": [[14.69884, 56.32431], [14.69869, 56.32429], [14.69853, 56.32427]]}, "properties": {"id": "trv-23015:61-12735:143-0.0000_1.0000", "country": "se", "source": "TRV", "updated": "2026-09-12", "occurrences": 3, "name": "poids max 3.5", "type": "poids_limite", "valeur": 3.5, "franchissable": true, "aussi_ensembles": "ja"}}, {"type": "Feature", "geometry": {"type": "LineString", "coordinates": [[14.69853, 56.32427], [14.69834, 56.32426], [14.69816, 56.32426], [14.69792, 56.32427], [14.69774, 56.32426], [14.69753, 56.32424], [14.69742, 56.32423], [14.69731, 56.32421], [14.6972, 56.32418]]}, "properties": {"id": "trv-23015:61-12735:290-0.0000_1.0000", "country": "se", "source": "TRV", "updated": "2026-09-12", "occurrences": 3, "name": "poids max 3.5", "type": "poids_limite", "valeur": 3.5, "franchissable": true, "aussi_ensembles": "ja"}}, {"type": "Feature", "geometry": {"type": "LineString", "coordinates": [[16.77174, 61.03007], [16.77165, 61.03003], [16.77146, 61.02994], [16.77138, 61.0299], [16.77113, 61.02976], [16.77105, 61.0297]]}, "properties": {"id": "trv-19328:266-3:1168194-0.7527_0.8711", "country": "se", "source": "TRV", "updated": "2026-09-12", "name": "poids max 7.5", "type": "poids_limite", "valeur": 7.5, "franchissable": true, "aussi_ensembles": "ja"}}, {"type": "Feature", "geometry": {"type": "LineString", "coordinates": [[16.1769, 57.13238], [16.17678, 57.13245], [16.17636, 57.13268], [16.17631, 57.1327]]}, "properties": {"id": "trv-19344:4537-3:826318-0.7516_0.7957", "country": "se", "source": "TRV", "updated": "2026-09-12", "name": "poids max 4.0", "type": "poids_limite", "valeur": 4.0, "franchissable": true, "aussi_ensembles": "ja"}}, {"type": "Feature", "geometry": {"type": "LineString", "coordinates": [[13.41062, 60.1456], [13.41076, 60.14569], [13.41078, 60.1457]]}, "properties": {"id": "trv-19350:208-3:648884-0.1984_0.3353", "country": "se", "source": "TRV", "updated": "2026-09-12", "name": "poids max 0.5", "type": "poids_limite", "valeur": 0.5, "franchissable": false, "aussi_ensembles": "ja"}}, {"type": "Feature", "geometry": {"type": "LineString", "coordinates": [[14.01552, 58.11133], [14.01547, 58.11128], [14.01539, 58.11123], [14.01536, 58.11121]]}, "properties": {"id": "trv-23327:1-3:1309944-0.2849_0.3136", "country": "se", "source": "TRV", "updated": "2026-09-12", "name": "poids max 2.0", "type": "poids_limite", "valeur": 2.0, "franchissable": false, "aussi_ensembles": "ja"}}, {"type": "Feature", "geometry": {"type": "LineString", "coordinates": [[17.32911, 62.0401], [17.32887, 62.03992]]}, "properties": {"id": "trv-22513:23639-3:1125484-0.0545_0.1566", "country": "se", "source": "TRV", "updated": "2026-09-12", "name": "poids max 4.0", "type": "poids_limite", "valeur": 4.0, "franchissable": true, "aussi_ensembles": "ja"}}, {"type": "Feature", "geometry": {"type": "LineString", "coordinates": [[20.97311, 64.84212], [20.97384, 64.84174], [20.97512, 64.8411], [20.97515, 64.84108], [20.97549, 64.84093], [20.97577, 64.84084], [20.97606, 64.84078], [20.97659, 64.84071]]}, "properties": {"id": "trv-22521:1823-3:947840-0.0000_1.0000", "country": "se", "source": "TRV", "updated": "2026-09-12", "occurrences": 5, "name": "poids max 3.5", "type": "poids_limite", "valeur": 3.5, "franchissable": true, "aussi_ensembles": "nej"}}, {"type": "Feature", "geometry": {"type": "LineString", "coordinates": [[20.97659, 64.84071], [20.9793, 64.84035]]}, "properties": {"id": "trv-22521:1823-3:947849-0.0000_1.0000", "country": "se", "source": "TRV", "updated": "2026-09-12", "occurrences": 5, "name": "poids max 3.5", "type": "poids_limite", "valeur": 3.5, "franchissable": true, "aussi_ensembles": "nej"}}, {"type": "Feature", "geometry": {"type": "LineString", "coordinates": [[20.9793, 64.84035], [20.98113, 64.84009]]}, "properties": {"id": "trv-22521:1823-3:947864-0.0000_1.0000", "country": "se", "source": "TRV", "updated": "2026-09-12", "occurrences": 5, "name": "poids max 3.5", "type": "poids_limite", "valeur": 3.5, "franchissable": true, "aussi_ensembles": "nej"}}, {"type": "Feature", "geometry": {"type": "LineString", "coordinates": [[20.98113, 64.84009], [20.98258, 64.8399]]}, "properties": {"id": "trv-22521:1823-3:947874-0.0000_1.0000", "country": "se", "source": "TRV", "updated": "2026-09-12", "occurrences": 5, "name": "poids max 3.5", "type": "poids_limite", "valeur": 3.5, "franchissable": true, "aussi_ensembles": "nej"}}, {"type": "Feature", "geometry": {"type": "LineString", "coordinates": [[20.98258, 64.8399], [20.9843, 64.83966], [20.98505, 64.83956]]}, "properties": {"id": "trv-22521:1823-3:947892-0.0000_1.0000", "country": "se", "source": "TRV", "updated": "2026-09-12", "occurrences": 5, "name": "poids max 3.5", "type": "poids_limite", "valeur": 3.5, "franchissable": true, "aussi_ensembles": "nej"}}, {"type": "Feature", "geometry": {"type": "LineString", "coordinates": [[17.24363, 61.84107], [17.24353, 61.84118], [17.24344, 61.8413], [17.24337, 61.84139], [17.24331, 61.84151]]}, "properties": {"id": "trv-24200:508-3:1132473-0.0000_1.0000", "country": "se", "source": "TRV", "updated": "2026-09-12", "occurrences": 28, "name": "poids max 4.0", "type": "poids_limite", "valeur": 4.0, "franchissable": true, "aussi_ensembles": "nej"}}, {"type": "Feature", "geometry": {"type": "LineString", "coordinates": [[17.24331, 61.84151], [17.24335, 61.84159], [17.2434, 61.84166], [17.24343, 61.8417], [17.2435, 61.84175]]}, "properties": {"id": "trv-24200:508-3:1132442-0.0000_1.0000", "country": "se", "source": "TRV", "updated": "2026-09-12", "occurrences": 28, "name": "poids max 4.0", "type": "poids_limite", "valeur": 4.0, "franchissable": true, "aussi_ensembles": "nej"}}, {"type": "Feature", "geometry": {"type": "LineString", "coordinates": [[17.2435, 61.84175], [17.24363, 61.8418], [17.24377, 61.84186], [17.24391, 61.84195], [17.24403, 61.84205]]}, "properties": {"id": "trv-24200:508-3:1132434-0.0000_1.0000", "country": "se", "source": "TRV", "updated": "2026-09-12", "occurrences": 28, "name": "poids max 4.0", "type": "poids_limite", "valeur": 4.0, "franchissable": true, "aussi_ensembles": "nej"}}, {"type": "Feature", "geometry": {"type": "LineString", "coordinates": [[17.24403, 61.84205], [17.2441, 61.84215], [17.24416, 61.84226], [17.24421, 61.84235], [17.2443, 61.84246], [17.24439, 61.84258], [17.24443, 61.84269], [17.24441, 61.8428], [17.2443, 61.8429], [17.24421, 61.84297], [17.24409, 61.84305]]}, "properties": {"id": "trv-24200:508-3:1132422-0.0000_1.0000", "country": "se", "source": "TRV", "updated": "2026-09-12", "occurrences": 28, "name": "poids max 4.0", "type": "poids_limite", "valeur": 4.0, "franchissable": true, "aussi_ensembles": "nej"}}, {"type": "Feature", "geometry": {"type": "LineString", "coordinates": [[17.24409, 61.84305], [17.24398, 61.84314], [17.2439, 61.84323], [17.24386, 61.84327], [17.24384, 61.84333]]}, "properties": {"id": "trv-24200:508-3:1132392-0.0000_1.0000", "country": "se", "source": "TRV", "updated": "2026-09-12", "occurrences": 28, "name": "poids max 4.0", "type": "poids_limite", "valeur": 4.0, "franchissable": true, "aussi_ensembles": "nej"}}, {"type": "Feature", "geometry": {"type": "LineString", "coordinates": [[17.24384, 61.84333], [17.24378, 61.84349], [17.24372, 61.84362], [17.24363, 61.84376], [17.24355, 61.84387], [17.24346, 61.84396], [17.2434, 61.84405], [17.24338, 61.8441], [17.24335, 61.84418], [17.24327, 61.84424]]}, "properties": {"id": "trv-24200:508-3:1132384-0.0000_1.0000", "country": "se", "source": "TRV", "updated": "2026-09-12", "occurrences": 28, "name": "poids max 4.0", "type": "poids_limite", "valeur": 4.0, "franchissable": true, "aussi_ensembles": "nej"}}, {"type": "Feature", "geometry": {"type": "LineString", "coordinates": [[17.24327, 61.84424], [17.24327, 61.84429], [17.24323, 61.84441], [17.24319, 61.84454], [17.24311, 61.84469], [17.24304, 61.84483], [17.24295, 61.84497], [17.24283, 61.84511], [17.24275, 61.84523], [17.24269, 61.84535], [17.24264, 61.84546], [17.24262, 61.84558], [17.24259, 61.84568], [17.24257, 61.84585], [17.2426, 61.846], [17.24264, 61.84612], [17.24267, 61.8462], [17.24269, 61.84627], [17.2428, 61.84643], [17.24287, 61.84653], [17.24299, 61.84666], [17.2431, 61.8468], [17.24318, 61.84692], [17.24328, 61.84702], [17.24331, 61.84705], [17.24346, 61.84716], [17.24361, 61.84724], [17.24381, 61.8473], [17.24401, 61.84734], [17.24418, 61.84739], [17.24435, 61.84747], [17.24448, 61.84755], [17.24461, 61.84765], [17.24473, 61.84778], [17.24484, 61.84789], [17.24491, 61.84801], [17.24501, 61.84815], [17.24508, 61.84828], [17.24516, 61.84841], [17.24521, 61.84854], [17.24519, 61.84866], [17.24514, 61.84877], [17.24504, 61.84888], [17.24493, 61.84897], [17.24478, 61.84905], [17.2446, 61.84912], [17.24444, 61.84916], [17.24434, 61.84919]]}, "properties": {"id": "trv-24200:508-3:1132351-0.0000_1.0000", "country": "se", "source": "TRV", "updated": "2026-09-12", "occurrences": 28, "name": "poids max 4.0", "type": "poids_limite", "valeur": 4.0, "franchissable": true, "aussi_ensembles": "nej"}}, {"type": "Feature", "geometry": {"type": "LineString", "coordinates": [[17.23028, 61.83405], [17.23023, 61.83416], [17.23019, 61.83431], [17.23018, 61.83447], [17.23011, 61.83462], [17.23001, 61.83477], [17.22992, 61.83485], [17.22982, 61.83493], [17.22966, 61.83503], [17.2295, 61.83512], [17.22941, 61.83521], [17.22932, 61.83533], [17.22931, 61.83536]]}, "properties": {"id": "trv-24200:508-3:1132766-0.0000_1.0000", "country": "se", "source": "TRV", "updated": "2026-09-12", "occurrences": 28, "name": "poids max 4.0", "type": "poids_limite", "valeur": 4.0, "franchissable": true, "aussi_ensembles": "nej"}}, {"type": "Feature", "geometry": {"type": "LineString", "coordinates": [[17.23046, 61.83364], [17.23041, 61.8338], [17.23032, 61.83398], [17.23028, 61.83405]]}, "properties": {"id": "trv-24200:508-3:1132808-0.0000_1.0000", "country": "se", "source": "TRV", "updated": "2026-09-12", "occurrences": 28, "name": "poids max 4.0", "type": "poids_limite", "valeur": 4.0, "franchissable": true, "aussi_ensembles": "nej"}}, {"type": "Feature", "geometry": {"type": "LineString", "coordinates": [[17.23058, 61.83341], [17.23055, 61.83348], [17.23048, 61.83361], [17.23046, 61.83364]]}, "properties": {"id": "trv-24200:508-3:1132824-0.0000_1.0000", "country": "se", "source": "TRV", "updated": "2026-09-12", "occurrences": 28, "name": "poids max 4.0", "type": "poids_limite", "valeur": 4.0, "franchissable": true, "aussi_ensembles": "nej"}}, {"type": "Feature", "geometry": {"type": "LineString", "coordinates": [[17.23187, 61.83209], [17.23188, 61.83217], [17.23183, 61.83233], [17.2317, 61.83248], [17.23153, 61.83263], [17.23133, 61.83272], [17.23116, 61.83281], [17.23102, 61.83288], [17.23089, 61.833], [17.23078, 61.83313], [17.23064, 61.8333], [17.23058, 61.83341]]}, "properties": {"id": "trv-24200:508-3:1132930-0.0000_1.0000", "country": "se", "source": "TRV", "updated": "2026-09-12", "occurrences": 28, "name": "poids max 4.0", "type": "poids_limite", "valeur": 4.0, "franchissable": true, "aussi_ensembles": "nej"}}, {"type": "Feature", "geometry": {"type": "LineString", "coordinates": [[17.23104, 61.83131], [17.23118, 61.8314], [17.2314, 61.83152], [17.23153, 61.83162], [17.23168, 61.83174], [17.23179, 61.83186], [17.23184, 61.83197], [17.23187, 61.83204], [17.23187, 61.83209]]}, "properties": {"id": "trv-24200:508-3:1133000-0.0000_1.0000", "country": "se", "source": "TRV", "updated": "2026-09-12", "occurrences": 28, "name": "poids max 4.0", "type": "poids_limite", "valeur": 4.0, "franchissable": true, "aussi_ensembles": "nej"}}, {"type": "Feature", "geometry": {"type": "LineString", "coordinates": [[17.2308, 61.83094], [17.23086, 61.8311], [17.23095, 61.83122], [17.23104, 61.83131]]}, "properties": {"id": "trv-24200:508-3:1133029-0.0000_1.0000", "country": "se", "source": "TRV", "updated": "2026-09-12", "occurrences": 28, "name": "poids max 4.0", "type": "poids_limite", "valeur": 4.0, "franchissable": true, "aussi_ensembles": "nej"}}, {"type": "Feature", "geometry": {"type": "LineString", "coordinates": [[17.23045, 61.83041], [17.23055, 61.83054], [17.23066, 61.83069], [17.23076, 61.83084], [17.2308, 61.83094]]}, "properties": {"id": "trv-24200:508-3:1133074-0.0000_1.0000", "country": "se", "source": "TRV", "updated": "2026-09-12", "occurrences": 28, "name": "poids max 4.0", "type": "poids_limite", "valeur": 4.0, "franchissable": true, "aussi_ensembles": "nej"}}, {"type": "Feature", "geometry": {"type": "LineString", "coordinates": [[17.22999, 61.82952], [17.23004, 61.82968], [17.23016, 61.82996], [17.23029, 61.83016], [17.23045, 61.83041]]}, "properties": {"id": "trv-24200:508-3:1133157-0.0000_1.0000", "country": "se", "source": "TRV", "updated": "2026-09-12", "occurrences": 28, "name": "poids max 4.0", "type": "poids_limite", "valeur": 4.0, "franchissable": true, "aussi_ensembles": "nej"}}, {"type": "Feature", "geometry": {"type": "LineString", "coordinates": [[17.25732, 61.83371], [17.25717, 61.83379], [17.25695, 61.83387], [17.25663, 61.83397], [17.25629, 61.83407], [17.25588, 61.83416], [17.25556, 61.83425], [17.25533, 61.83431]]}, "properties": {"id": "trv-24200:508-3:1132773-0.0000_1.0000", "country": "se", "source": "TRV", "updated": "2026-09-12", "occurrences": 28, "name": "poids max 4.0", "type": "poids_limite", "valeur": 4.0, "franchissable": true, "aussi_ensembles": "nej"}}, {"type": "Feature", "geometry": {"type": "LineString", "coordinates": [[17.25533, 61.83431], [17.25506, 61.8344], [17.25476, 61.83452], [17.25448, 61.83464], [17.2542, 61.83478], [17.2539, 61.83493], [17.25363, 61.83506], [17.25339, 61.83519], [17.2532, 61.83529]]}, "properties": {"id": "trv-24200:508-3:1132733-0.0000_1.0000", "country": "se", "source": "TRV", "updated": "2026-09-12", "occurrences": 28, "name": "poids max 4.0", "type": "poids_limite", "valeur": 4.0, "franchissable": true, "aussi_ensembles": "nej"}}, {"type": "Feature", "geometry": {"type": "LineString", "coordinates": [[17.2532, 61.83529], [17.25304, 61.83537], [17.25268, 61.83552], [17.25235, 61.83565], [17.2521, 61.83578], [17.25187, 61.83594], [17.25169, 61.83607], [17.2515, 61.8362], [17.25129, 61.83635]]}, "properties": {"id": "trv-24200:508-3:1132666-0.0000_1.0000", "country": "se", "source": "TRV", "updated": "2026-09-12", "occurrences": 28, "name": "poids max 4.0", "type": "poids_limite", "valeur": 4.0, "franchissable": true, "aussi_ensembles": "nej"}}, {"type": "Feature", "geometry": {"type": "LineString", "coordinates": [[17.25129, 61.83635], [17.25115, 61.83646], [17.25101, 61.83658], [17.25089, 61.8367], [17.25083, 61.83682], [17.25081, 61.83694], [17.25082, 61.83705], [17.25081, 61.83715], [17.25079, 61.83721], [17.25071, 61.83731], [17.25057, 61.83744], [17.25046, 61.83757], [17.25036, 61.83768], [17.25024, 61.83778], [17.25015, 61.83784], [17.25009, 61.83789], [17.24993, 61.83797], [17.24977, 61.83804]]}, "properties": {"id": "trv-24200:508-3:1132628-0.0000_1.0000", "country": "se", "source": "TRV", "updated": "2026-09-12", "occurrences": 28, "name": "poids max 4.0", "type": "poids_limite", "valeur": 4.0, "franchissable": true, "aussi_ensembles": "nej"}}, {"type": "Feature", "geometry": {"type": "LineString", "coordinates": [[17.24977, 61.83804], [17.24966, 61.8381], [17.24956, 61.83815]]}, "properties": {"id": "trv-24200:508-3:1132564-0.0000_1.0000", "country": "se", "source": "TRV", "updated": "2026-09-12", "occurrences": 28, "name": "poids max 4.0", "type": "poids_limite", "valeur": 4.0, "franchissable": true, "aussi_ensembles": "nej"}}, {"type": "Feature", "geometry": {"type": "LineString", "coordinates": [[17.24956, 61.83815], [17.2494, 61.83824], [17.24919, 61.83834], [17.24898, 61.8384], [17.24877, 61.83844], [17.2485, 61.83847], [17.24818, 61.83852], [17.24795, 61.83856], [17.24771, 61.83862], [17.24747, 61.83868], [17.24725, 61.83873], [17.24703, 61.83877], [17.24675, 61.83881], [17.24651, 61.83887], [17.24627, 61.83893], [17.24606, 61.83899], [17.24587, 61.83906], [17.2457, 61.83913], [17.24555, 61.83922], [17.24542, 61.83933]]}, "properties": {"id": "trv-24200:508-3:1132559-0.0000_1.0000", "country": "se", "source": "TRV", "updated": "2026-09-12", "occurrences": 28, "name": "poids max 4.0", "type": "poids_limite", "valeur": 4.0, "franchissable": true, "aussi_ensembles": "nej"}}, {"type": "Feature", "geometry": {"type": "LineString", "coordinates": [[17.24542, 61.83933], [17.24534, 61.83942], [17.24521, 61.83956], [17.2451, 61.83968], [17.24501, 61.83979], [17.24491, 61.83989], [17.24478, 61.84], [17.24463, 61.84013], [17.2445, 61.84024], [17.24437, 61.84037], [17.24425, 61.8405], [17.24413, 61.84063], [17.24398, 61.84078], [17.24382, 61.84091], [17.24373, 61.841], [17.24363, 61.84107]]}, "properties": {"id": "trv-24200:508-3:1132528-0.0000_1.0000", "country": "se", "source": "TRV", "updated": "2026-09-12", "occurrences": 28, "name": "poids max 4.0", "type": "poids_limite", "valeur": 4.0, "franchissable": true, "aussi_ensembles": "nej"}}, {"type": "Feature", "geometry": {"type": "LineString", "coordinates": [[17.24434, 61.84919], [17.24401, 61.84925], [17.24364, 61.84933], [17.24326, 61.84942], [17.24302, 61.84947], [17.24272, 61.84954], [17.24234, 61.84963], [17.24204, 61.84969], [17.24168, 61.84977], [17.24135, 61.84985], [17.24103, 61.84992], [17.24083, 61.84997], [17.24065, 61.85001], [17.2404, 61.85005], [17.24017, 61.85008], [17.23994, 61.85009], [17.2397, 61.85012], [17.23946, 61.85015], [17.2392, 61.85016], [17.23902, 61.85014], [17.23892, 61.85013]]}, "properties": {"id": "trv-24200:508-3:1132159-0.0000_1.0000", "country": "se", "source": "TRV", "updated": "2026-09-12", "occurrences": 28, "name": "poids max 4.0", "type": "poids_limite", "valeur": 4.0, "franchissable": true, "aussi_ensembles": "nej"}}, {"type": "Feature", "geometry": {"type": "LineString", "coordinates": [[17.23892, 61.85013], [17.23884, 61.85001], [17.23874, 61.84986], [17.23862, 61.84971], [17.23852, 61.84955], [17.2384, 61.84939], [17.23829, 61.84928], [17.23822, 61.84921], [17.2381, 61.84914], [17.23789, 61.84904], [17.23766, 61.84896], [17.23738, 61.84885], [17.23712, 61.84874], [17.23681, 61.84862], [17.23651, 61.8485], [17.23626, 61.84841], [17.23601, 61.84833], [17.23577, 61.84828], [17.23545, 61.84823], [17.23509, 61.84815], [17.23479, 61.8481], [17.23448, 61.84804], [17.2342, 61.84798], [17.23394, 61.84793], [17.23375, 61.84789], [17.23354, 61.84786], [17.23338, 61.84783], [17.23301, 61.84776], [17.23268, 61.84769], [17.23201, 61.84757], [17.23155, 61.84748], [17.23098, 61.84737], [17.2308, 61.84733], [17.23039, 61.84726], [17.2303, 61.84724], [17.23003, 61.84719], [17.22985, 61.84716], [17.22965, 61.84713], [17.22944, 61.84711], [17.22935, 61.8471], [17.2292, 61.84708], [17.22903, 61.84706], [17.22899, 61.84705], [17.2288, 61.84702], [17.22862, 61.84697], [17.22846, 61.8469], [17.2283, 61.84682], [17.22814, 61.84672], [17.22805, 61.84668], [17.22793, 61.84663], [17.22776, 61.8466], [17.22753, 61.84657], [17.22727, 61.84655], [17.22698, 61.84651], [17.22673, 61.84645], [17.22652, 61.84639], [17.22641, 61.84636], [17.2259, 61.8462], [17.22516, 61.84602], [17.22446, 61.84587], [17.22403, 61.84576]]}, "properties": {"id": "trv-24200:508-3:1132312-0.0000_1.0000", "country": "se", "source": "TRV", "updated": "2026-09-12", "occurrences": 28, "name": "poids max 4.0", "type": "poids_limite", "valeur": 4.0, "franchissable": true, "aussi_ensembles": "nej"}}, {"type": "Feature", "geometry": {"type": "LineString", "coordinates": [[17.22409, 61.83845], [17.22403, 61.83848], [17.22364, 61.8386], [17.22329, 61.83872], [17.2229, 61.8389], [17.22249, 61.83906], [17.22206, 61.83924], [17.22154, 61.83949], [17.22129, 61.83962], [17.22115, 61.83972], [17.22103, 61.83984], [17.22092, 61.84001], [17.22072, 61.84039], [17.22053, 61.84076], [17.22046, 61.84093], [17.22047, 61.841], [17.22047, 61.84106], [17.22049, 61.84112], [17.22051, 61.84118], [17.22059, 61.84127], [17.22081, 61.84141], [17.22113, 61.84163], [17.22133, 61.84177], [17.22157, 61.84193], [17.22189, 61.84216], [17.22222, 61.84239], [17.22246, 61.84257], [17.2226, 61.84274], [17.22273, 61.84297], [17.22292, 61.84331], [17.22306, 61.84353], [17.22326, 61.84372], [17.22347, 61.84402], [17.22368, 61.84428], [17.22388, 61.84453], [17.22408, 61.84472], [17.2243, 61.84494], [17.22437, 61.84506], [17.2244, 61.84515], [17.22442, 61.84524], [17.22442, 61.8453], [17.2244, 61.84535], [17.22436, 61.84541], [17.22429, 61.84549], [17.22403, 61.84576]]}, "properties": {"id": "trv-24200:508-3:1132557-0.0000_1.0000", "country": "se", "source": "TRV", "updated": "2026-09-12", "occurrences": 28, "name": "poids max 4.0", "type": "poids_limite", "valeur": 4.0, "franchissable": true, "aussi_ensembles": "nej"}}, {"type": "Feature", "geometry": {"type": "LineString", "coordinates": [[17.22636, 61.83738], [17.22605, 61.83746], [17.22572, 61.83755], [17.22549, 61.83762], [17.22536, 61.83767], [17.22527, 61.83771], [17.2252, 61.83774], [17.22514, 61.83778], [17.22495, 61.83792], [17.22475, 61.8381], [17.22462, 61.8382], [17.22446, 61.83829], [17.22426, 61.83839], [17.22409, 61.83845]]}, "properties": {"id": "trv-24200:508-3:1132607-0.0000_1.0000", "country": "se", "source": "TRV", "updated": "2026-09-12", "occurrences": 28, "name": "poids max 4.0", "type": "poids_limite", "valeur": 4.0, "franchissable": true, "aussi_ensembles": "nej"}}, {"type": "Feature", "geometry": {"type": "LineString", "coordinates": [[17.22844, 61.83648], [17.22826, 61.83662], [17.22806, 61.83675], [17.22778, 61.83686], [17.22743, 61.83698], [17.2271, 61.8371], [17.22674, 61.83724], [17.22669, 61.83726], [17.22658, 61.8373], [17.22639, 61.83737], [17.22636, 61.83738]]}, "properties": {"id": "trv-24200:508-3:1132631-0.0000_1.0000", "country": "se", "source": "TRV", "updated": "2026-09-12", "occurrences": 28, "name": "poids max 4.0", "type": "poids_limite", "valeur": 4.0, "franchissable": true, "aussi_ensembles": "nej"}}, {"type": "Feature", "geometry": {"type": "LineString", "coordinates": [[17.09773, 61.75866], [17.09833, 61.75871], [17.09852, 61.75873], [17.09869, 61.75874], [17.09897, 61.75875], [17.0993, 61.75875], [17.09959, 61.75874], [17.09992, 61.75872], [17.1003, 61.75869], [17.10075, 61.75864], [17.10106, 61.7586], [17.10139, 61.75856], [17.10162, 61.75852], [17.10244, 61.75838], [17.10268, 61.75834], [17.10344, 61.75823], [17.10377, 61.75818], [17.10399, 61.75814], [17.10417, 61.7581], [17.10432, 61.75806], [17.10449, 61.75801]]}, "properties": {"id": "trv-14454:48686-3:1138117-0.0000_1.0000", "country": "se", "source": "TRV", "updated": "2026-09-12", "occurrences": 9, "name": "poids max 3.5", "type": "poids_limite", "valeur": 3.5, "franchissable": true, "aussi_ensembles": "nej"}}, {"type": "Feature", "geometry": {"type": "LineString", "coordinates": [[17.09552, 61.75877], [17.09596, 61.75867], [17.09618, 61.75863], [17.09636, 61.75861], [17.09657, 61.7586], [17.09683, 61.7586], [17.09718, 61.75862], [17.09773, 61.75866]]}, "properties": {"id": "trv-14454:48686-3:1138096-0.0000_1.0000", "country": "se", "source": "TRV", "updated": "2026-09-12", "occurrences": 9, "name": "poids max 3.5", "type": "poids_limite", "valeur": 3.5, "franchissable": true, "aussi_ensembles": "nej"}}, {"type": "Feature", "geometry": {"type": "LineString", "coordinates": [[18.59449, 60.30129], [18.59444, 60.30131], [18.59425, 60.30136]]}, "properties": {"id": "trv-15870:5-1000:97157-0.0000_0.0015", "country": "se", "source": "TRV", "updated": "2026-09-12", "name": "poids max 1.5", "type": "poids_limite", "valeur": 1.5, "franchissable": false, "aussi_ensembles": "ja"}}, {"type": "Feature", "geometry": {"type": "LineString", "coordinates": [[12.32205, 58.38022], [12.32127, 58.38038], [12.32121, 58.3804], [12.32111, 58.38044]]}, "properties": {"id": "trv-12724:111439-3:1259482-0.0000_1.0000", "country": "se", "source": "TRV", "updated": "2026-09-12", "occurrences": 3, "name": "poids max 3.5", "type": "poids_limite", "valeur": 3.5, "franchissable": true, "aussi_ensembles": "ja"}}, {"type": "Feature", "geometry": {"type": "LineString", "coordinates": [[12.32226, 58.38017], [12.32205, 58.38022]]}, "properties": {"id": "trv-12724:111439-3:1259524-0.7451_1.0000", "country": "se", "source": "TRV", "updated": "2026-09-12", "occurrences": 3, "name": "poids max 3.5", "type": "poids_limite", "valeur": 3.5, "franchissable": true, "aussi_ensembles": "ja"}}, {"type": "Feature", "geometry": {"type": "LineString", "coordinates": [[12.32205, 58.38022], [12.32193, 58.38005], [12.32178, 58.37983], [12.32175, 58.37979]]}, "properties": {"id": "trv-12724:111439-3:1259596-0.0000_1.0000", "country": "se", "source": "TRV", "updated": "2026-09-12", "occurrences": 3, "name": "poids max 3.5", "type": "poids_limite", "valeur": 3.5, "franchissable": true, "aussi_ensembles": "ja"}}, {"type": "Feature", "geometry": {"type": "LineString", "coordinates": [[14.38554, 62.07371], [14.38539, 62.07368], [14.38531, 62.07366], [14.38526, 62.07363], [14.38524, 62.07361]]}, "properties": {"id": "trv-11163:75070-3:421742-0.9608_0.9661", "country": "se", "source": "TRV", "updated": "2026-09-12", "name": "poids max 5.0", "type": "poids_limite", "valeur": 5.0, "franchissable": true, "aussi_ensembles": "ja"}}, {"type": "Feature", "geometry": {"type": "LineString", "coordinates": [[16.16178, 60.14816], [16.16197, 60.14812], [16.1626, 60.14798]]}, "properties": {"id": "trv-14134:94087-1000:94660-0.7609_0.8195", "country": "se", "source": "TRV", "updated": "2026-09-12", "name": "poids max 3.5", "type": "poids_limite", "valeur": 3.5, "franchissable": true, "aussi_ensembles": "ja"}}, {"type": "Feature", "geometry": {"type": "LineString", "coordinates": [[11.92919, 58.34802], [11.92906, 58.34803], [11.92886, 58.34806], [11.92867, 58.34808], [11.92847, 58.34808], [11.92827, 58.34809], [11.92803, 58.34808], [11.92787, 58.34807], [11.92782, 58.34807], [11.92768, 58.34806]]}, "properties": {"id": "trv-12594:141952-3:1264863-0.0000_1.0000", "country": "se", "source": "TRV", "updated": "2026-09-12", "occurrences": 3, "name": "poids max 3.5", "type": "poids_limite", "valeur": 3.5, "franchissable": true}}, {"type": "Feature", "geometry": {"type": "LineString", "coordinates": [[11.92768, 58.34806], [11.92732, 58.34802], [11.92693, 58.34797], [11.9265, 58.34792]]}, "properties": {"id": "trv-12594:141952-3:1264869-0.0000_1.0000", "country": "se", "source": "TRV", "updated": "2026-09-12", "occurrences": 3, "name": "poids max 3.5", "type": "poids_limite", "valeur": 3.5, "franchissable": true}}, {"type": "Feature", "geometry": {"type": "LineString", "coordinates": [[11.9265, 58.34792], [11.92629, 58.34788], [11.92601, 58.34784], [11.9254, 58.34774], [11.92481, 58.34765], [11.92465, 58.34762]]}, "properties": {"id": "trv-12594:141952-3:1264975-0.0000_0.6261", "country": "se", "source": "TRV", "updated": "2026-09-12", "occurrences": 3, "name": "poids max 3.5", "type": "poids_limite", "valeur": 3.5, "franchissable": true}}, {"type": "Feature", "geometry": {"type": "LineString", "coordinates": [[14.28017, 55.4705], [14.28049, 55.47062], [14.2808, 55.47075], [14.28097, 55.47081], [14.2811, 55.47084]]}, "properties": {"id": "trv-12737:34324-3:1589558-0.0000_1.0000", "country": "se", "source": "TRV", "updated": "2026-09-12", "occurrences": 3, "name": "poids max 3.5", "type": "poids_limite", "valeur": 3.5, "franchissable": true}}, {"type": "Feature", "geometry": {"type": "LineString", "coordinates": [[15.02702, 60.73886], [15.02698, 60.73879], [15.02693, 60.73869], [15.02685, 60.73858], [15.02681, 60.73851], [15.02666, 60.73833], [15.02658, 60.73818], [15.02654, 60.73809], [15.0265, 60.73799], [15.02647, 60.73787], [15.02646, 60.73775], [15.02646, 60.73764]]}, "properties": {"id": "trv-16494:13868-3:586445-0.0000_1.0000", "country": "se", "source": "TRV", "updated": "2026-09-12", "occurrences": 16, "name": "poids max 4.0", "type": "poids_limite", "valeur": 4.0, "franchissable": true, "aussi_ensembles": "nej"}}, {"type": "Feature", "geometry": {"type": "LineString", "coordinates": [[22.6103, 67.16771], [22.61082, 67.16772], [22.61341, 67.16782]]}, "properties": {"id": "trv-12843:4081-1000:122917-0.8921_0.9732", "country": "se", "source": "TRV", "updated": "2026-09-12", "name": "poids max 3.5", "type": "poids_limite", "valeur": 3.5, "franchissable": true}}, {"type": "Feature", "geometry": {"type": "LineString", "coordinates": [[19.38352, 64.74109], [19.38365, 64.74115]]}, "properties": {"id": "trv-12731:322417-3:956858-0.2288_0.2394", "country": "se", "source": "TRV", "updated": "2026-09-12", "name": "poids max 3.5", "type": "poids_limite", "valeur": 3.5, "franchissable": true}}, {"type": "Feature", "geometry": {"type": "LineString", "coordinates": [[14.13537, 56.5654], [14.13588, 56.56538], [14.13626, 56.56537], [14.13639, 56.56536], [14.13648, 56.56535], [14.13654, 56.56532], [14.13656, 56.56531]]}, "properties": {"id": "trv-12537:9097-3:218138-0.4250_0.6078", "country": "se", "source": "TRV", "updated": "2026-09-12", "name": "poids max 2.0", "type": "poids_limite", "valeur": 2.0, "franchissable": false}}, {"type": "Feature", "geometry": {"type": "LineString", "coordinates": [[14.21932, 56.64047], [14.21951, 56.64055], [14.2197, 56.6406], [14.21981, 56.64063], [14.21986, 56.64065], [14.21991, 56.6407], [14.21997, 56.64085], [14.22003, 56.64095]]}, "properties": {"id": "trv-12537:9099-3:213076-0.0000_1.0000", "country": "se", "source": "TRV", "updated": "2026-09-12", "name": "poids max 2.0", "type": "poids_limite", "valeur": 2.0, "franchissable": false}}, {"type": "Feature", "geometry": {"type": "LineString", "coordinates": [[17.10782, 61.75702], [17.10717, 61.75717], [17.10687, 61.75724], [17.10657, 61.75731], [17.10629, 61.7574], [17.10597, 61.75749], [17.10573, 61.75757], [17.10571, 61.75757], [17.10531, 61.75771], [17.10449, 61.75801]]}, "properties": {"id": "trv-14454:48686-3:1138176-0.0000_1.0000", "country": "se", "source": "TRV", "updated": "2026-09-12", "occurrences": 9, "name": "poids max 3.5", "type": "poids_limite", "valeur": 3.5, "franchissable": true, "aussi_ensembles": "nej"}}, {"type": "Feature", "geometry": {"type": "LineString", "coordinates": [[16.61589, 59.91627], [16.6157, 59.91624], [16.61551, 59.91623], [16.61538, 59.91624], [16.61536, 59.91624], [16.61528, 59.91625], [16.61514, 59.91628], [16.6149, 59.91632], [16.6142, 59.91644], [16.61403, 59.91646]]}, "properties": {"id": "trv-10724:4141-16666:6296-0.0000_1.0000", "country": "se", "source": "TRV", "updated": "2026-09-12", "occurrences": 20, "name": "poids max 3.5", "type": "poids_limite", "valeur": 3.5, "franchissable": true}}, {"type": "Feature", "geometry": {"type": "LineString", "coordinates": [[16.61403, 59.91646], [16.61419, 59.91642], [16.61509, 59.91621], [16.61524, 59.91616], [16.61528, 59.91615], [16.61529, 59.91615], [16.61537, 59.91611], [16.61542, 59.91609], [16.6155, 59.91603], [16.61557, 59.91599]]}, "properties": {"id": "trv-10724:4141-16666:7688-0.0000_1.0000", "country": "se", "source": "TRV", "updated": "2026-09-12", "occurrences": 20, "name": "poids max 3.5", "type": "poids_limite", "valeur": 3.5, "franchissable": true}}, {"type": "Feature", "geometry": {"type": "LineString", "coordinates": [[16.58832, 59.92168], [16.58839, 59.92169], [16.58847, 59.92169], [16.58855, 59.92169], [16.58864, 59.92169], [16.58869, 59.92169], [16.58872, 59.92169], [16.5888, 59.92169], [16.58912, 59.92166]]}, "properties": {"id": "trv-10724:4141-12731:21900-0.0000_1.0000", "country": "se", "source": "TRV", "updated": "2026-09-12", "occurrences": 20, "name": "poids max 3.5", "type": "poids_limite", "valeur": 3.5, "franchissable": true}}, {"type": "Feature", "geometry": {"type": "LineString", "coordinates": [[12.9337, 56.08065], [12.93371, 56.08066], [12.93388, 56.08078], [12.93454, 56.08126], [12.93484, 56.08152]]}, "properties": {"id": "trv-22576:116788-3:1520893-0.0000_1.0000", "country": "se", "source": "TRV", "updated": "2026-09-12", "occurrences": 6, "name": "poids max 3.5", "type": "poids_limite", "valeur": 3.5, "franchissable": true, "aussi_ensembles": "nej"}}, {"type": "Feature", "geometry": {"type": "LineString", "coordinates": [[12.93292, 56.08009], [12.93332, 56.08038], [12.93344, 56.08046], [12.93368, 56.08064], [12.9337, 56.08065]]}, "properties": {"id": "trv-22576:116788-3:1520986-0.0000_1.0000", "country": "se", "source": "TRV", "updated": "2026-09-12", "occurrences": 6, "name": "poids max 3.5", "type": "poids_limite", "valeur": 3.5, "franchissable": true, "aussi_ensembles": "nej"}}, {"type": "Feature", "geometry": {"type": "LineString", "coordinates": [[12.93249, 56.07978], [12.93292, 56.08009]]}, "properties": {"id": "trv-22576:116788-3:1521044-0.0000_1.0000", "country": "se", "source": "TRV", "updated": "2026-09-12", "occurrences": 6, "name": "poids max 3.5", "type": "poids_limite", "valeur": 3.5, "franchissable": true, "aussi_ensembles": "nej"}}, {"type": "Feature", "geometry": {"type": "LineString", "coordinates": [[12.93184, 56.07932], [12.93249, 56.07978]]}, "properties": {"id": "trv-22576:116788-3:1521129-0.0000_1.0000", "country": "se", "source": "TRV", "updated": "2026-09-12", "occurrences": 6, "name": "poids max 3.5", "type": "poids_limite", "valeur": 3.5, "franchissable": true, "aussi_ensembles": "nej"}}, {"type": "Feature", "geometry": {"type": "LineString", "coordinates": [[12.93118, 56.07884], [12.93184, 56.07932]]}, "properties": {"id": "trv-22576:116788-3:1521203-0.0000_1.0000", "country": "se", "source": "TRV", "updated": "2026-09-12", "occurrences": 6, "name": "poids max 3.5", "type": "poids_limite", "valeur": 3.5, "franchissable": true, "aussi_ensembles": "nej"}}, {"type": "Feature", "geometry": {"type": "LineString", "coordinates": [[12.94579, 56.06718], [12.9468, 56.06785], [12.9485, 56.06898], [12.9493, 56.0695], [12.95046, 56.07026], [12.95208, 56.07134], [12.95291, 56.07188], [12.95368, 56.07238], [12.95424, 56.0727], [12.95443, 56.07285]]}, "properties": {"id": "trv-22576:116792-1000:9952-0.1540_0.9939", "country": "se", "source": "TRV", "updated": "2026-09-12", "occurrences": 2, "name": "poids max 3.5", "type": "poids_limite", "valeur": 3.5, "franchissable": true, "aussi_ensembles": "nej"}}, {"type": "Feature", "geometry": {"type": "LineString", "coordinates": [[12.94546, 56.06705], [12.9455, 56.06706], [12.94555, 56.06708], [12.94559, 56.06709], [12.94563, 56.0671], [12.94568, 56.06713], [12.94579, 56.06718]]}, "properties": {"id": "trv-22576:116792-23025:2513-0.8496_1.0000", "country": "se", "source": "TRV", "updated": "2026-09-12", "occurrences": 2, "name": "poids max 3.5", "type": "poids_limite", "valeur": 3.5, "franchissable": true, "aussi_ensembles": "nej"}}, {"type": "Feature", "geometry": {"type": "LineString", "coordinates": [[15.93715, 59.38149], [15.93715, 59.38149], [15.93713, 59.38155], [15.93708, 59.3816]]}, "properties": {"id": "trv-16354:5133-3:33370-0.9389_1.0000", "country": "se", "source": "TRV", "updated": "2026-09-12", "name": "poids max 4.0", "type": "poids_limite", "valeur": 4.0, "franchissable": true, "aussi_ensembles": "ja"}}, {"type": "Feature", "geometry": {"type": "LineString", "coordinates": [[15.08572, 57.42881], [15.08693, 57.4284]]}, "properties": {"id": "trv-14119:83188-3:99660-0.0000_1.0000", "country": "se", "source": "TRV", "updated": "2026-09-12", "occurrences": 28, "name": "poids max 3.5", "type": "poids_limite", "valeur": 3.5, "franchissable": true, "aussi_ensembles": "nej"}}, {"type": "Feature", "geometry": {"type": "LineString", "coordinates": [[15.08693, 57.4284], [15.08777, 57.42811], [15.08788, 57.42807], [15.088, 57.42803]]}, "properties": {"id": "trv-14119:83188-3:99704-0.0000_1.0000", "country": "se", "source": "TRV", "updated": "2026-09-12", "occurrences": 28, "name": "poids max 3.5", "type": "poids_limite", "valeur": 3.5, "franchissable": true, "aussi_ensembles": "nej"}}, {"type": "Feature", "geometry": {"type": "LineString", "coordinates": [[11.32297, 58.72341], [11.32303, 58.72347], [11.32305, 58.72348], [11.32311, 58.72351], [11.32317, 58.72355], [11.32322, 58.72357], [11.32327, 58.72359], [11.32334, 58.72361], [11.32339, 58.72363], [11.32344, 58.72364], [11.3235, 58.72366], [11.32355, 58.72368], [11.32359, 58.72369], [11.32361, 58.7237], [11.32365, 58.72373], [11.3237, 58.72376], [11.32374, 58.72378], [11.32378, 58.72381], [11.3238, 58.72383], [11.32383, 58.72384], [11.32387, 58.72386], [11.3239, 58.72388], [11.32405, 58.72395], [11.32434, 58.7241], [11.32449, 58.72417], [11.32452, 58.72418], [11.32468, 58.72425], [11.32477, 58.72429], [11.32483, 58.72432], [11.32488, 58.72434], [11.32492, 58.72436], [11.32498, 58.7244], [11.32504, 58.72443], [11.32508, 58.72445], [11.3251, 58.72446], [11.32513, 58.72448], [11.32518, 58.7245], [11.32528, 58.72455], [11.32535, 58.72458], [11.3254, 58.72461], [11.32542, 58.72462], [11.32544, 58.72463], [11.32546, 58.72465], [11.32549, 58.72468], [11.32553, 58.72472], [11.32555, 58.72473], [11.32556, 58.72474], [11.32559, 58.72476], [11.32562, 58.72478], [11.32565, 58.72479], [11.32569, 58.72481], [11.32572, 58.72482], [11.32575, 58.72482], [11.32577, 58.72483], [11.3258, 58.72484], [11.32584, 58.72485], [11.32586, 58.72485], [11.32589, 58.72486], [11.32591, 58.72487], [11.32594, 58.72489], [11.32597, 58.72491]]}, "properties": {"id": "trv-16504:66993-11157:551209-0.0000_1.0000", "country": "se", "source": "TRV", "updated": "2026-09-12", "name": "poids max 3.5", "type": "poids_limite", "valeur": 3.5, "franchissable": true, "aussi_ensembles": "ja"}}, {"type": "Feature", "geometry": {"type": "LineString", "coordinates": [[13.70177, 59.60072], [13.70198, 59.60072], [13.70217, 59.60071], [13.70258, 59.60071], [13.70287, 59.6007], [13.70317, 59.60071], [13.70351, 59.60072], [13.70387, 59.60073], [13.70418, 59.60074], [13.70438, 59.60075], [13.70453, 59.60076], [13.70478, 59.60079], [13.70513, 59.60082], [13.70537, 59.60085], [13.70558, 59.60087], [13.70579, 59.6009], [13.70589, 59.60091], [13.7061, 59.60094], [13.70671, 59.60103], [13.7071, 59.60109], [13.70805, 59.60122], [13.70902, 59.60136], [13.71021, 59.60153], [13.71121, 59.60167], [13.71176, 59.60175], [13.71214, 59.60181], [13.71281, 59.6019], [13.71495, 59.60219]]}, "properties": {"id": "trv-13224:1228-3:683169-0.0000_1.0000", "country": "se", "source": "TRV", "updated": "2026-09-12", "name": "poids max 3.5", "type": "poids_limite", "valeur": 3.5, "franchissable": true, "aussi_ensembles": "nej"}}, {"type": "Feature", "geometry": {"type": "LineString", "coordinates": [[14.10026, 58.72134], [14.10025, 58.72137], [14.10025, 58.72139]]}, "properties": {"id": "trv-11157:635160-3:1219802-0.3767_0.3896", "country": "se", "source": "TRV", "updated": "2026-09-12", "name": "poids max 6.0", "type": "poids_limite", "valeur": 6.0, "franchissable": true, "aussi_ensembles": "nej"}}, {"type": "Feature", "geometry": {"type": "LineString", "coordinates": [[14.12658, 58.72189], [14.12677, 58.72191], [14.12698, 58.72193], [14.12712, 58.72194], [14.12723, 58.72194], [14.12737, 58.72192], [14.12774, 58.72186], [14.12791, 58.72184], [14.12806, 58.72183], [14.12812, 58.72183], [14.12817, 58.72183], [14.1284, 58.72186]]}, "properties": {"id": "trv-11157:635168-3:1219662-0.4861_1.0000", "country": "se", "source": "TRV", "updated": "2026-09-12", "name": "poids max 4.0", "type": "poids_limite", "valeur": 4.0, "franchissable": true, "aussi_ensembles": "nej"}}, {"type": "Feature", "geometry": {"type": "LineString", "coordinates": [[16.22226, 59.70609], [16.22223, 59.70621], [16.22218, 59.70642]]}, "properties": {"id": "trv-14860:29587-10138:877-0.0000_1.0000", "country": "se", "source": "TRV", "updated": "2026-09-12", "occurrences": 2, "name": "poids max 3.5", "type": "poids_limite", "valeur": 3.5, "franchissable": true, "aussi_ensembles": "ja"}}, {"type": "Feature", "geometry": {"type": "LineString", "coordinates": [[16.22182, 59.70806], [16.22184, 59.70799], [16.22192, 59.70764], [16.22203, 59.70702], [16.22206, 59.70692], [16.22218, 59.70642]]}, "properties": {"id": "trv-14860:29587-10138:871-0.0000_1.0000", "country": "se", "source": "TRV", "updated": "2026-09-12", "occurrences": 2, "name": "poids max 3.5", "type": "poids_limite", "valeur": 3.5, "franchissable": true, "aussi_ensembles": "ja"}}, {"type": "Feature", "geometry": {"type": "LineString", "coordinates": [[12.17037, 57.69296], [12.16997, 57.69323], [12.16938, 57.69361], [12.16879, 57.694], [12.1684, 57.69426], [12.16812, 57.69444], [12.16792, 57.69459], [12.16784, 57.69466], [12.16779, 57.6947], [12.16767, 57.6948], [12.16755, 57.6949], [12.16738, 57.69505], [12.16717, 57.69524], [12.16696, 57.69546], [12.16683, 57.6956], [12.16668, 57.69572], [12.16656, 57.69582], [12.16641, 57.69594], [12.16622, 57.69608], [12.16599, 57.69624], [12.16577, 57.69637], [12.16553, 57.6965], [12.16524, 57.69663], [12.16491, 57.69675], [12.16464, 57.69685], [12.1644, 57.69691], [12.16413, 57.69699], [12.16398, 57.69703], [12.16383, 57.69705], [12.16362, 57.69707], [12.16336, 57.69708], [12.16307, 57.69708], [12.16265, 57.69709], [12.16232, 57.6971], [12.1623, 57.6971], [12.16163, 57.69712], [12.16119, 57.69715], [12.16087, 57.69718], [12.16055, 57.69721], [12.16017, 57.69725], [12.1592, 57.69734], [12.15851, 57.69739], [12.15771, 57.69746]]}, "properties": {"id": "trv-13226:57992-3:1366025-0.0000_1.0000", "country": "se", "source": "TRV", "updated": "2026-09-12", "occurrences": 3, "name": "poids max 4.0", "type": "poids_limite", "valeur": 4.0, "franchissable": true, "aussi_ensembles": "ja"}}, {"type": "Feature", "geometry": {"type": "LineString", "coordinates": [[13.80048, 59.78894], [13.80055, 59.78897], [13.80074, 59.78905], [13.80083, 59.78908]]}, "properties": {"id": "trv-12736:249013-3:668894-0.7585_0.9084", "country": "se", "source": "TRV", "updated": "2026-09-12", "name": "poids max 6.0", "type": "poids_limite", "valeur": 6.0, "franchissable": true}}, {"type": "Feature", "geometry": {"type": "LineString", "coordinates": [[17.72708, 59.61598], [17.7267, 59.61637], [17.72619, 59.61689], [17.72594, 59.61714]]}, "properties": {"id": "trv-16173:40114-3:1025734-0.0000_1.0000", "country": "se", "source": "TRV", "updated": "2026-09-12", "occurrences": 2, "name": "poids max 3.5", "type": "poids_limite", "valeur": 3.5, "franchissable": true}}, {"type": "Feature", "geometry": {"type": "LineString", "coordinates": [[17.72708, 59.61598], [17.72746, 59.61566]]}, "properties": {"id": "trv-16173:40114-3:1025773-0.0000_1.0000", "country": "se", "source": "TRV", "updated": "2026-09-12", "occurrences": 2, "name": "poids max 3.5", "type": "poids_limite", "valeur": 3.5, "franchissable": true}}, {"type": "Feature", "geometry": {"type": "LineString", "coordinates": [[16.41422, 61.36697], [16.41401, 61.36698], [16.41346, 61.36698], [16.4131, 61.36699], [16.41294, 61.36699]]}, "properties": {"id": "trv-10041:368460-3:1154514-0.0000_1.0000", "country": "se", "source": "TRV", "updated": "2026-09-12", "occurrences": 6, "name": "poids max 3.5", "type": "poids_limite", "valeur": 3.5, "franchissable": true}}, {"type": "Feature", "geometry": {"type": "LineString", "coordinates": [[16.4152, 61.36694], [16.4151, 61.36695], [16.41489, 61.36695], [16.41469, 61.36696], [16.4144, 61.36697], [16.41422, 61.36697]]}, "properties": {"id": "trv-10041:368460-3:1154515-0.0000_1.0000", "country": "se", "source": "TRV", "updated": "2026-09-12", "occurrences": 6, "name": "poids max 3.5", "type": "poids_limite", "valeur": 3.5, "franchissable": true}}, {"type": "Feature", "geometry": {"type": "LineString", "coordinates": [[16.41294, 61.36699], [16.41286, 61.36699], [16.41277, 61.36699], [16.41266, 61.36698], [16.41259, 61.36698], [16.41246, 61.36697], [16.41232, 61.36696], [16.41203, 61.36693], [16.41168, 61.36689], [16.41122, 61.36684], [16.41105, 61.36682], [16.41086, 61.36679], [16.41071, 61.36677], [16.41055, 61.36674], [16.41042, 61.36672], [16.41028, 61.36669], [16.41016, 61.36665], [16.41006, 61.36663]]}, "properties": {"id": "trv-10041:368460-3:1154548-0.0000_1.0000", "country": "se", "source": "TRV", "updated": "2026-09-12", "occurrences": 6, "name": "poids max 3.5", "type": "poids_limite", "valeur": 3.5, "franchissable": true}}, {"type": "Feature", "geometry": {"type": "LineString", "coordinates": [[16.42121, 61.36654], [16.42112, 61.36656], [16.42102, 61.36658], [16.42082, 61.3666], [16.42048, 61.36665], [16.4202, 61.36668], [16.41995, 61.36671], [16.41974, 61.36674], [16.41953, 61.36676], [16.41935, 61.36678], [16.41916, 61.3668], [16.41895, 61.36681], [16.41874, 61.36682], [16.41848, 61.36683], [16.41825, 61.36684], [16.41792, 61.36684], [16.41766, 61.36684], [16.41741, 61.36684], [16.41723, 61.36684], [16.41705, 61.36684], [16.41687, 61.36685], [16.41672, 61.36686], [16.41653, 61.36687], [16.41622, 61.36689], [16.41575, 61.36692], [16.41538, 61.36694], [16.4152, 61.36694]]}, "properties": {"id": "trv-10041:368460-3:1154553-0.0000_1.0000", "country": "se", "source": "TRV", "updated": "2026-09-12", "occurrences": 6, "name": "poids max 3.5", "type": "poids_limite", "valeur": 3.5, "franchissable": true}}, {"type": "Feature", "geometry": {"type": "LineString", "coordinates": [[16.42152, 61.36643], [16.4215, 61.36644], [16.42144, 61.36646], [16.42137, 61.36649], [16.42129, 61.36652], [16.42121, 61.36654]]}, "properties": {"id": "trv-10041:368460-3:1154562-0.0000_1.0000", "country": "se", "source": "TRV", "updated": "2026-09-12", "occurrences": 6, "name": "poids max 3.5", "type": "poids_limite", "valeur": 3.5, "franchissable": true}}, {"type": "Feature", "geometry": {"type": "LineString", "coordinates": [[16.41006, 61.36663], [16.40991, 61.36658], [16.40957, 61.36648], [16.40924, 61.36637], [16.40903, 61.3663], [16.4089, 61.36626], [16.40878, 61.36621], [16.40864, 61.36615], [16.40841, 61.36606], [16.40812, 61.36593], [16.40785, 61.36582], [16.40733, 61.36558], [16.40675, 61.36531], [16.40649, 61.3652], [16.40581, 61.36487], [16.40535, 61.36466], [16.4052, 61.36459], [16.40504, 61.36452], [16.40486, 61.36444], [16.40468, 61.36437], [16.40435, 61.36425], [16.40414, 61.36417], [16.40393, 61.3641]]}, "properties": {"id": "trv-10041:368460-3:1154844-0.0000_1.0000", "country": "se", "source": "TRV", "updated": "2026-09-12", "occurrences": 6, "name": "poids max 3.5", "type": "poids_limite", "valeur": 3.5, "franchissable": true}}, {"type": "Feature", "geometry": {"type": "LineString", "coordinates": [[17.9924, 59.28489], [17.99227, 59.28495], [17.99224, 59.28496], [17.99211, 59.28502], [17.99187, 59.28515], [17.99169, 59.28525], [17.99127, 59.28548], [17.99103, 59.28561]]}, "properties": {"id": "trv-10718:56260-12729:15935-0.0000_1.0000", "country": "se", "source": "TRV", "updated": "2026-09-12", "occurrences": 4, "name": "poids max 7.5", "type": "poids_limite", "valeur": 7.5, "franchissable": true, "aussi_ensembles": "ja"}}, {"type": "Feature", "geometry": {"type": "LineString", "coordinates": [[17.99103, 59.28561], [17.99093, 59.28566], [17.99054, 59.28587], [17.98903, 59.28668], [17.98898, 59.28671], [17.98889, 59.28676]]}, "properties": {"id": "trv-10718:56260-12729:15939-0.0000_1.0000", "country": "se", "source": "TRV", "updated": "2026-09-12", "occurrences": 4, "name": "poids max 7.5", "type": "poids_limite", "valeur": 7.5, "franchissable": true, "aussi_ensembles": "ja"}}, {"type": "Feature", "geometry": {"type": "LineString", "coordinates": [[17.98889, 59.28676], [17.98858, 59.28692], [17.98821, 59.28711], [17.9879, 59.28727], [17.98733, 59.28755], [17.98715, 59.28764], [17.98681, 59.28778], [17.98674, 59.28781], [17.9866, 59.28785], [17.98652, 59.28788], [17.98644, 59.2879], [17.98636, 59.28792], [17.98614, 59.28796], [17.98601, 59.28798], [17.98594, 59.28799]]}, "properties": {"id": "trv-10718:56260-12729:18160-0.0000_0.9723", "country": "se", "source": "TRV", "updated": "2026-09-12", "occurrences": 4, "name": "poids max 7.5", "type": "poids_limite", "valeur": 7.5, "franchissable": true, "aussi_ensembles": "ja"}}, {"type": "Feature", "geometry": {"type": "LineString", "coordinates": [[17.99284, 59.28932], [17.99289, 59.28925], [17.99301, 59.2891], [17.99316, 59.28894], [17.9933, 59.28877], [17.99356, 59.28847], [17.99384, 59.28813]]}, "properties": {"id": "trv-10718:56264-12729:12977-0.0921_1.0000", "country": "se", "source": "TRV", "updated": "2026-09-12", "occurrences": 7, "name": "poids max 7.5", "type": "poids_limite", "valeur": 7.5, "franchissable": true, "aussi_ensembles": "ja"}}, {"type": "Feature", "geometry": {"type": "LineString", "coordinates": [[16.72971, 59.12285], [16.7299, 59.1228], [16.73, 59.12276], [16.73012, 59.12264], [16.7303, 59.12236], [16.73048, 59.12207], [16.73069, 59.12178], [16.731, 59.12136], [16.73134, 59.12098], [16.73164, 59.12063], [16.73178, 59.12038], [16.73191, 59.12019], [16.73204, 59.12004], [16.73218, 59.1199], [16.73241, 59.11974], [16.73264, 59.1196]]}, "properties": {"id": "trv-11160:318705-3:305167-0.0000_1.0000", "country": "se", "source": "TRV", "updated": "2026-09-12", "occurrences": 6, "name": "poids max 4.0", "type": "poids_limite", "valeur": 4.0, "franchissable": true}}, {"type": "Feature", "geometry": {"type": "LineString", "coordinates": [[16.73865, 59.11913], [16.73873, 59.11913], [16.73899, 59.11913], [16.73935, 59.11916], [16.74001, 59.11923], [16.74053, 59.11929], [16.741, 59.11937], [16.74127, 59.11942], [16.74182, 59.11952], [16.74234, 59.11961], [16.74271, 59.11968], [16.74289, 59.11971], [16.74308, 59.11973], [16.74325, 59.11975], [16.74345, 59.11975], [16.74382, 59.11973], [16.74423, 59.11969], [16.74453, 59.11966], [16.74493, 59.11963], [16.74545, 59.11955], [16.74582, 59.11951], [16.74611, 59.1195], [16.74629, 59.1195], [16.74644, 59.11951]]}, "properties": {"id": "trv-11160:318705-3:305190-0.0000_1.0000", "country": "se", "source": "TRV", "updated": "2026-09-12", "occurrences": 6, "name": "poids max 4.0", "type": "poids_limite", "valeur": 4.0, "franchissable": true}}, {"type": "Feature", "geometry": {"type": "LineString", "coordinates": [[16.73264, 59.1196], [16.73285, 59.11948], [16.73311, 59.11937], [16.73341, 59.11926], [16.73368, 59.11921], [16.73402, 59.11917], [16.7344, 59.11915], [16.73488, 59.11913], [16.73531, 59.11909], [16.7357, 59.11907], [16.73595, 59.11906], [16.73624, 59.11906], [16.73651, 59.11907], [16.73681, 59.1191], [16.73703, 59.11912], [16.73721, 59.11914], [16.7375, 59.11916], [16.73794, 59.11916], [16.73835, 59.11914], [16.73865, 59.11913]]}, "properties": {"id": "trv-11160:318705-3:305199-0.0000_1.0000", "country": "se", "source": "TRV", "updated": "2026-09-12", "occurrences": 6, "name": "poids max 4.0", "type": "poids_limite", "valeur": 4.0, "franchissable": true}}, {"type": "Feature", "geometry": {"type": "LineString", "coordinates": [[16.75204, 59.12053], [16.75226, 59.12057], [16.75239, 59.12064]]}, "properties": {"id": "trv-11160:318705-13557:1546-0.0000_1.0000", "country": "se", "source": "TRV", "updated": "2026-09-12", "occurrences": 6, "name": "poids max 4.0", "type": "poids_limite", "valeur": 4.0, "franchissable": true}}, {"type": "Feature", "geometry": {"type": "LineString", "coordinates": [[15.71215, 59.82407], [15.71179, 59.82407], [15.71096, 59.82404], [15.71026, 59.82402], [15.70791, 59.82392], [15.70673, 59.82387], [15.70562, 59.82382], [15.70559, 59.82382], [15.70475, 59.82378], [15.7035, 59.82372], [15.70236, 59.82366], [15.70234, 59.82366], [15.70154, 59.82362], [15.70097, 59.8236], [15.70055, 59.8236], [15.70015, 59.8236], [15.69995, 59.8236], [15.69979, 59.8236], [15.69965, 59.8236], [15.69946, 59.82358], [15.69932, 59.82354], [15.69914, 59.82346]]}, "properties": {"id": "trv-11163:259518-3:14735-0.0000_1.0000", "country": "se", "source": "TRV", "updated": "2026-09-12", "name": "poids max 4.0", "type": "poids_limite", "valeur": 4.0, "franchissable": true}}, {"type": "Feature", "geometry": {"type": "LineString", "coordinates": [[13.48151, 59.68058], [13.48174, 59.68063], [13.48343, 59.68101]]}, "properties": {"id": "trv-13228:62632-3:676640-0.0405_0.1815", "country": "se", "source": "TRV", "updated": "2026-09-12", "name": "poids max 3.5", "type": "poids_limite", "valeur": 3.5, "franchissable": true}}, {"type": "Feature", "geometry": {"type": "LineString", "coordinates": [[12.41368, 58.82148], [12.41366, 58.82147], [12.41354, 58.82139], [12.41344, 58.82129], [12.41336, 58.82123], [12.41327, 58.82117], [12.41327, 58.82116], [12.41327, 58.82115]]}, "properties": {"id": "trv-15813:11280-3:1210122-0.1568_0.3260", "country": "se", "source": "TRV", "updated": "2026-09-12", "name": "poids max 2.0", "type": "poids_limite", "valeur": 2.0, "franchissable": false}}, {"type": "Feature", "geometry": {"type": "LineString", "coordinates": [[13.25874, 61.16134], [13.25938, 61.16134], [13.2602, 61.16134], [13.26058, 61.16135]]}, "properties": {"id": "trv-16665:67261-1000:101031-0.8833_0.9338", "country": "se", "source": "TRV", "updated": "2026-09-12", "name": "poids max 4.0", "type": "poids_limite", "valeur": 4.0, "franchissable": true}}, {"type": "Feature", "geometry": {"type": "LineString", "coordinates": [[14.96719, 56.17488], [14.96693, 56.17487], [14.9667, 56.17486], [14.96651, 56.17485], [14.96631, 56.17483], [14.96603, 56.17482], [14.96584, 56.17482], [14.96572, 56.17479]]}, "properties": {"id": "trv-19304:10180-3:354911-0.0000_1.0000", "country": "se", "source": "TRV", "updated": "2026-09-12", "name": "poids max 4.0", "type": "poids_limite", "valeur": 4.0, "franchissable": true}}, {"type": "Feature", "geometry": {"type": "LineString", "coordinates": [[15.2031, 59.5994], [15.20238, 59.59935], [15.20166, 59.59931], [15.20026, 59.59923]]}, "properties": {"id": "trv-19306:26990-3:438589-0.0000_1.0000", "country": "se", "source": "TRV", "updated": "2026-09-12", "name": "poids max 3.5", "type": "poids_limite", "valeur": 3.5, "franchissable": true}}, {"type": "Feature", "geometry": {"type": "LineString", "coordinates": [[15.6538, 60.02698], [15.65378, 60.02697], [15.65365, 60.02694], [15.65365, 60.02694]]}, "properties": {"id": "trv-22518:18676-3:637020-0.1514_0.5081", "country": "se", "source": "TRV", "updated": "2026-09-12", "name": "poids max 3.5", "type": "poids_limite", "valeur": 3.5, "franchissable": true}}, {"type": "Feature", "geometry": {"type": "LineString", "coordinates": [[13.59598, 63.71309], [13.59609, 63.71312], [13.59637, 63.71321]]}, "properties": {"id": "trv-16665:84184-3:372356-0.4611_0.4751", "country": "se", "source": "TRV", "updated": "2026-09-12", "name": "poids max 4.0", "type": "poids_limite", "valeur": 4.0, "franchissable": true}}, {"type": "Feature", "geometry": {"type": "LineString", "coordinates": [[18.27888, 57.63192], [18.27922, 57.63161], [18.27964, 57.63119], [18.27987, 57.63095], [18.28006, 57.63076]]}, "properties": {"id": "trv-16172:605863-3:41139-0.0519_1.0000", "country": "se", "source": "TRV", "updated": "2026-09-12", "occurrences": 3, "name": "poids max 7.0", "type": "poids_limite", "valeur": 7.0, "franchissable": true, "aussi_ensembles": "nej"}}, {"type": "Feature", "geometry": {"type": "LineString", "coordinates": [[18.28006, 57.63076], [18.28013, 57.63062], [18.28017, 57.63044], [18.28021, 57.63002], [18.28022, 57.62974], [18.28022, 57.62968], [18.28024, 57.62952]]}, "properties": {"id": "trv-16172:605863-3:41190-0.0000_1.0000", "country": "se", "source": "TRV", "updated": "2026-09-12", "occurrences": 3, "name": "poids max 7.0", "type": "poids_limite", "valeur": 7.0, "franchissable": true, "aussi_ensembles": "nej"}}, {"type": "Feature", "geometry": {"type": "LineString", "coordinates": [[18.28024, 57.62952], [18.28027, 57.62935], [18.28033, 57.62914], [18.28038, 57.62904], [18.28047, 57.62887], [18.28068, 57.62843], [18.28098, 57.62782], [18.28116, 57.6275], [18.28132, 57.6273], [18.28148, 57.62715], [18.28159, 57.62708]]}, "properties": {"id": "trv-16172:605863-3:41264-0.0000_1.0000", "country": "se", "source": "TRV", "updated": "2026-09-12", "occurrences": 3, "name": "poids max 7.0", "type": "poids_limite", "valeur": 7.0, "franchissable": true, "aussi_ensembles": "nej"}}, {"type": "Feature", "geometry": {"type": "LineString", "coordinates": [[17.74576, 59.48797], [17.74622, 59.4879], [17.74672, 59.48783], [17.74703, 59.48779]]}, "properties": {"id": "trv-10716:65692-3:1035083-0.0000_1.0000", "country": "se", "source": "TRV", "updated": "2026-09-12", "occurrences": 6, "name": "poids max 3.5", "type": "poids_limite", "valeur": 3.5, "franchissable": true}}, {"type": "Feature", "geometry": {"type": "LineString", "coordinates": [[17.74837, 59.4876], [17.74794, 59.48766], [17.74753, 59.48772], [17.74703, 59.48779]]}, "properties": {"id": "trv-10716:65692-3:1035106-0.0000_1.0000", "country": "se", "source": "TRV", "updated": "2026-09-12", "occurrences": 6, "name": "poids max 3.5", "type": "poids_limite", "valeur": 3.5, "franchissable": true}}, {"type": "Feature", "geometry": {"type": "LineString", "coordinates": [[17.74837, 59.4876], [17.74887, 59.48753], [17.74944, 59.48747], [17.74991, 59.48743], [17.75021, 59.48742], [17.75054, 59.48741], [17.75068, 59.48742], [17.75082, 59.48745], [17.75105, 59.48754], [17.75134, 59.48764]]}, "properties": {"id": "trv-10716:65692-3:1035121-0.0000_1.0000", "country": "se", "source": "TRV", "updated": "2026-09-12", "occurrences": 6, "name": "poids max 3.5", "type": "poids_limite", "valeur": 3.5, "franchissable": true}}, {"type": "Feature", "geometry": {"type": "LineString", "coordinates": [[17.75134, 59.48764], [17.75167, 59.48757], [17.75213, 59.48747], [17.75262, 59.48735], [17.75299, 59.48724], [17.75339, 59.4871]]}, "properties": {"id": "trv-10716:65692-3:1035154-0.0000_1.0000", "country": "se", "source": "TRV", "updated": "2026-09-12", "occurrences": 6, "name": "poids max 3.5", "type": "poids_limite", "valeur": 3.5, "franchissable": true}}, {"type": "Feature", "geometry": {"type": "LineString", "coordinates": [[17.75462, 59.48588], [17.75453, 59.48597], [17.75444, 59.48608], [17.75435, 59.48622], [17.75423, 59.48647], [17.75416, 59.48659], [17.75407, 59.48672], [17.75399, 59.4868], [17.75387, 59.48688], [17.75366, 59.48698], [17.75339, 59.4871]]}, "properties": {"id": "trv-10716:65692-3:1035306-0.0000_1.0000", "country": "se", "source": "TRV", "updated": "2026-09-12", "occurrences": 6, "name": "poids max 3.5", "type": "poids_limite", "valeur": 3.5, "franchissable": true}}, {"type": "Feature", "geometry": {"type": "LineString", "coordinates": [[17.75462, 59.48588], [17.75523, 59.4858], [17.75573, 59.48572], [17.75592, 59.48569]]}, "properties": {"id": "trv-10716:65692-3:1035322-0.0000_1.0000", "country": "se", "source": "TRV", "updated": "2026-09-12", "occurrences": 6, "name": "poids max 3.5", "type": "poids_limite", "valeur": 3.5, "franchissable": true}}, {"type": "Feature", "geometry": {"type": "LineString", "coordinates": [[17.99449, 59.28592], [17.99439, 59.28584], [17.99435, 59.2858], [17.99429, 59.28577], [17.99419, 59.28571], [17.99412, 59.28567]]}, "properties": {"id": "trv-10718:56264-12729:13315-0.0000_1.0000", "country": "se", "source": "TRV", "updated": "2026-09-12", "occurrences": 7, "name": "poids max 7.5", "type": "poids_limite", "valeur": 7.5, "franchissable": true, "aussi_ensembles": "ja"}}, {"type": "Feature", "geometry": {"type": "LineString", "coordinates": [[17.99412, 59.28567], [17.99405, 59.28564], [17.99393, 59.28558], [17.99343, 59.28533], [17.99324, 59.28526]]}, "properties": {"id": "trv-10718:56264-12729:13355-0.0000_1.0000", "country": "se", "source": "TRV", "updated": "2026-09-12", "occurrences": 7, "name": "poids max 7.5", "type": "poids_limite", "valeur": 7.5, "franchissable": true, "aussi_ensembles": "ja"}}, {"type": "Feature", "geometry": {"type": "LineString", "coordinates": [[17.99324, 59.28526], [17.9931, 59.2852], [17.99293, 59.28513], [17.99287, 59.28509], [17.99274, 59.28503]]}, "properties": {"id": "trv-10718:56264-12729:13437-0.0000_1.0000", "country": "se", "source": "TRV", "updated": "2026-09-12", "occurrences": 7, "name": "poids max 7.5", "type": "poids_limite", "valeur": 7.5, "franchissable": true, "aussi_ensembles": "ja"}}, {"type": "Feature", "geometry": {"type": "LineString", "coordinates": [[17.99274, 59.28503], [17.99261, 59.28497], [17.9924, 59.28489]]}, "properties": {"id": "trv-10718:56264-12729:13465-0.0000_1.0000", "country": "se", "source": "TRV", "updated": "2026-09-12", "occurrences": 7, "name": "poids max 7.5", "type": "poids_limite", "valeur": 7.5, "franchissable": true, "aussi_ensembles": "ja"}}, {"type": "Feature", "geometry": {"type": "LineString", "coordinates": [[16.47983, 58.02029], [16.47982, 58.02022], [16.4798, 58.02011], [16.4797, 58.01993], [16.47963, 58.01982], [16.47957, 58.0197], [16.47954, 58.0196], [16.47951, 58.01953], [16.47949, 58.01948], [16.47944, 58.01944], [16.47931, 58.0194], [16.47904, 58.01934], [16.479, 58.01934], [16.47887, 58.01935], [16.47876, 58.01934], [16.47859, 58.0193], [16.47832, 58.01919], [16.47814, 58.01911], [16.47792, 58.01901], [16.47779, 58.01895], [16.47753, 58.01881], [16.47741, 58.01875], [16.47729, 58.01869], [16.47727, 58.01865]]}, "properties": {"id": "trv-11158:146995-3:788437-0.0000_1.0000", "country": "se", "source": "TRV", "updated": "2026-09-12", "name": "poids max 4.0", "type": "poids_limite", "valeur": 4.0, "franchissable": true}}, {"type": "Feature", "geometry": {"type": "LineString", "coordinates": [[16.91533, 60.26704], [16.91477, 60.26726], [16.91397, 60.26758], [16.91323, 60.26786], [16.91231, 60.26822], [16.91149, 60.26854], [16.91074, 60.26885], [16.91053, 60.26895], [16.9102, 60.26911], [16.91008, 60.26918]]}, "properties": {"id": "trv-11158:572626-3:68-0.1166_1.0000", "country": "se", "source": "TRV", "updated": "2026-09-12", "occurrences": 2, "name": "poids max 4.0", "type": "poids_limite", "valeur": 4.0, "franchissable": true}}, {"type": "Feature", "geometry": {"type": "LineString", "coordinates": [[16.91008, 60.26918], [16.90979, 60.26935], [16.90939, 60.26957], [16.9091, 60.26972], [16.90896, 60.2698]]}, "properties": {"id": "trv-11158:572626-3:1191197-0.0000_0.3800", "country": "se", "source": "TRV", "updated": "2026-09-12", "occurrences": 2, "name": "poids max 4.0", "type": "poids_limite", "valeur": 4.0, "franchissable": true}}, {"type": "Feature", "geometry": {"type": "LineString", "coordinates": [[16.74754, 59.11979], [16.74777, 59.11988], [16.74791, 59.11992], [16.74814, 59.11996], [16.74836, 59.12], [16.74888, 59.12004], [16.74935, 59.1201], [16.74991, 59.12019], [16.75033, 59.12027], [16.75088, 59.12037], [16.75144, 59.12045], [16.75198, 59.12053], [16.75204, 59.12053]]}, "properties": {"id": "trv-11160:318705-3:305154-0.0000_1.0000", "country": "se", "source": "TRV", "updated": "2026-09-12", "occurrences": 6, "name": "poids max 4.0", "type": "poids_limite", "valeur": 4.0, "franchissable": true}}, {"type": "Feature", "geometry": {"type": "LineString", "coordinates": [[16.74644, 59.11951], [16.74666, 59.11953], [16.74686, 59.11956], [16.74709, 59.11961], [16.74737, 59.11972], [16.74754, 59.11979]]}, "properties": {"id": "trv-11160:318705-3:305165-0.0000_1.0000", "country": "se", "source": "TRV", "updated": "2026-09-12", "occurrences": 6, "name": "poids max 4.0", "type": "poids_limite", "valeur": 4.0, "franchissable": true}}, {"type": "Feature", "geometry": {"type": "LineString", "coordinates": [[12.45319, 58.69977], [12.45264, 58.69999], [12.45251, 58.70004], [12.45196, 58.70025], [12.45146, 58.70044], [12.45116, 58.70057], [12.45113, 58.70059], [12.45093, 58.70067]]}, "properties": {"id": "trv-12730:39916-3:1218779-0.0000_1.0000", "country": "se", "source": "TRV", "updated": "2026-09-12", "occurrences": 3, "name": "poids max 3.5", "type": "poids_limite", "valeur": 3.5, "franchissable": true}}, {"type": "Feature", "geometry": {"type": "LineString", "coordinates": [[12.45504, 58.69913], [12.45492, 58.69916], [12.45478, 58.69921], [12.45426, 58.6994], [12.45379, 58.69956], [12.4534, 58.6997], [12.45319, 58.69977]]}, "properties": {"id": "trv-12730:39916-3:1218824-0.0000_1.0000", "country": "se", "source": "TRV", "updated": "2026-09-12", "occurrences": 3, "name": "poids max 3.5", "type": "poids_limite", "valeur": 3.5, "franchissable": true}}, {"type": "Feature", "geometry": {"type": "LineString", "coordinates": [[12.45644, 58.69899], [12.45623, 58.699], [12.45556, 58.69906], [12.45522, 58.69908], [12.45504, 58.69913]]}, "properties": {"id": "trv-12730:39916-3:1218833-0.0000_1.0000", "country": "se", "source": "TRV", "updated": "2026-09-12", "occurrences": 3, "name": "poids max 3.5", "type": "poids_limite", "valeur": 3.5, "franchissable": true}}, {"type": "Feature", "geometry": {"type": "LineString", "coordinates": [[20.91207, 64.7489], [20.91206, 64.74892], [20.91206, 64.74904], [20.91214, 64.74916], [20.91219, 64.7492], [20.9123, 64.74928], [20.91384, 64.75009], [20.91488, 64.75062], [20.91508, 64.75072], [20.91534, 64.75083], [20.91536, 64.75084], [20.9158, 64.75103], [20.91607, 64.75116], [20.91614, 64.75119], [20.9163, 64.75127], [20.91654, 64.75142], [20.91693, 64.75167], [20.91704, 64.75176], [20.91719, 64.75188], [20.91721, 64.75189]]}, "properties": {"id": "trv-12737:95248-3:953112-0.0000_1.0000", "country": "se", "source": "TRV", "updated": "2026-09-12", "name": "poids max 3.0", "type": "poids_limite", "valeur": 3.0, "franchissable": false}}, {"type": "Feature", "geometry": {"type": "LineString", "coordinates": [[18.1252, 59.37435], [18.1252, 59.37428], [18.12523, 59.37419], [18.12528, 59.37405], [18.12538, 59.3738], [18.12539, 59.37367]]}, "properties": {"id": "trv-14119:105277-3:1049372-0.0430_0.4577", "country": "se", "source": "TRV", "updated": "2026-09-12", "name": "poids max 3.5", "type": "poids_limite", "valeur": 3.5, "franchissable": true}}, {"type": "Feature", "geometry": {"type": "LineString", "coordinates": [[17.03747, 59.37734], [17.03757, 59.37745], [17.03772, 59.37771], [17.03793, 59.37809], [17.03825, 59.37865], [17.03863, 59.37933], [17.03892, 59.37984], [17.03905, 59.38006], [17.03911, 59.38017], [17.03956, 59.38097], [17.03998, 59.38172], [17.04, 59.38177], [17.04027, 59.38222], [17.04062, 59.38282]]}, "properties": {"id": "trv-14436:51423-1000:77952-0.1414_0.2859", "country": "se", "source": "TRV", "updated": "2026-09-12", "name": "poids max 3.5", "type": "poids_limite", "valeur": 3.5, "franchissable": true}}, {"type": "Feature", "geometry": {"type": "LineString", "coordinates": [[18.39879, 64.69914], [18.39825, 64.70049], [18.39808, 64.70086]]}, "properties": {"id": "trv-14444:119500-3:959450-0.0000_0.3277", "country": "se", "source": "TRV", "updated": "2026-09-12", "name": "poids max 3.0", "type": "poids_limite", "valeur": 3.0, "franchissable": false}}, {"type": "Feature", "geometry": {"type": "LineString", "coordinates": [[15.22528, 59.60367], [15.22511, 59.60367], [15.22496, 59.60369], [15.22478, 59.60375], [15.22467, 59.60381], [15.22456, 59.6039], [15.2245, 59.60398], [15.22441, 59.60411], [15.22432, 59.60423], [15.22427, 59.60429], [15.2242, 59.60436], [15.22392, 59.60459], [15.22383, 59.60474], [15.2238, 59.60485], [15.22381, 59.60499], [15.22389, 59.6054], [15.22394, 59.60578], [15.22395, 59.60603], [15.22392, 59.60615], [15.22391, 59.60622], [15.22378, 59.60631], [15.22371, 59.60638], [15.22367, 59.60645], [15.22365, 59.60662], [15.22358, 59.60687], [15.22352, 59.60734], [15.22343, 59.60789], [15.22335, 59.60833], [15.22332, 59.60852], [15.22331, 59.60864], [15.22332, 59.60877], [15.22333, 59.60882], [15.22338, 59.60894], [15.22351, 59.60914], [15.22377, 59.60949], [15.22386, 59.60967], [15.22388, 59.6098], [15.22389, 59.60999], [15.22385, 59.61023], [15.22376, 59.61067], [15.22373, 59.61086], [15.22372, 59.61102], [15.22372, 59.61119], [15.22376, 59.61141], [15.22382, 59.6116], [15.22392, 59.61182], [15.22399, 59.61201], [15.224, 59.61217], [15.22398, 59.6123], [15.22384, 59.61251], [15.22374, 59.61261], [15.22367, 59.61272], [15.22363, 59.6128], [15.2236, 59.6129], [15.22358, 59.61317], [15.22358, 59.61326], [15.22359, 59.61347], [15.22361, 59.6136], [15.22366, 59.61374], [15.22388, 59.61412], [15.224, 59.61439], [15.22404, 59.61453], [15.22403, 59.61469], [15.224, 59.61482], [15.22391, 59.61511], [15.22384, 59.61591], [15.2238, 59.61614], [15.22373, 59.61631], [15.22366, 59.61642], [15.22353, 59.61654], [15.22343, 59.61659], [15.22333, 59.61662], [15.22316, 59.61665], [15.22258, 59.61669], [15.22234, 59.61672], [15.22211, 59.61678], [15.2219, 59.61686], [15.22177, 59.61694], [15.22166, 59.61704], [15.22109, 59.6175], [15.22091, 59.61766], [15.22077, 59.61781], [15.22068, 59.61791], [15.22061, 59.61802], [15.22057, 59.61817], [15.22058, 59.61831], [15.22063, 59.61846], [15.2208, 59.61872], [15.22084, 59.61877], [15.22093, 59.61895], [15.22098, 59.61906], [15.22103, 59.61927], [15.22105, 59.6194], [15.22104, 59.61949], [15.22098, 59.61968], [15.22091, 59.61982], [15.22051, 59.62063], [15.22008, 59.62143], [15.21992, 59.62175], [15.21985, 59.62187], [15.21978, 59.62198], [15.21964, 59.62218], [15.2196, 59.62228], [15.21957, 59.62236], [15.21955, 59.62244], [15.21954, 59.62265], [15.21954, 59.62296], [15.21951, 59.62321], [15.21936, 59.62372], [15.21917, 59.6243], [15.21902, 59.6247], [15.2189, 59.62493], [15.21881, 59.62508], [15.21872, 59.62519], [15.21859, 59.62532], [15.21843, 59.62546], [15.21815, 59.62567], [15.21776, 59.62592], [15.2174, 59.62615], [15.21719, 59.62633], [15.21702, 59.62654], [15.2169, 59.62674], [15.21639, 59.62763], [15.21629, 59.62777], [15.21614, 59.62788], [15.21596, 59.62797], [15.21573, 59.62803], [15.21531, 59.62813]]}, "properties": {"id": "trv-19306:26978-1000:85845-0.0708_1.0000", "country": "se", "source": "TRV", "updated": "2026-09-12", "name": "poids max 3.5", "type": "poids_limite", "valeur": 3.5, "franchissable": true}}, {"type": "Feature", "geometry": {"type": "LineString", "coordinates": [[15.03408, 60.75634], [15.03419, 60.75626], [15.0345, 60.7561], [15.03484, 60.75593], [15.03514, 60.75578], [15.03535, 60.75565], [15.03546, 60.75556], [15.03553, 60.75543], [15.0356, 60.75527], [15.03573, 60.75508], [15.0358, 60.755], [15.0359, 60.75492], [15.03599, 60.75487], [15.03632, 60.75466], [15.03637, 60.7546], [15.03642, 60.75448], [15.03646, 60.75434], [15.03648, 60.75421], [15.03651, 60.754]]}, "properties": {"id": "trv-16494:13868-3:584908-0.0000_1.0000", "country": "se", "source": "TRV", "updated": "2026-09-12", "occurrences": 16, "name": "poids max 4.0", "type": "poids_limite", "valeur": 4.0, "franchissable": true, "aussi_ensembles": "nej"}}, {"type": "Feature", "geometry": {"type": "LineString", "coordinates": [[15.03651, 60.754], [15.03657, 60.75387], [15.03668, 60.75371], [15.03677, 60.75356], [15.03684, 60.75347], [15.03692, 60.7533], [15.03695, 60.75317], [15.03695, 60.75306], [15.03692, 60.75288], [15.03683, 60.75268], [15.03665, 60.75236], [15.03659, 60.75223], [15.03656, 60.75213], [15.03657, 60.75205]]}, "properties": {"id": "trv-16494:13868-3:585052-0.0000_1.0000", "country": "se", "source": "TRV", "updated": "2026-09-12", "occurrences": 16, "name": "poids max 4.0", "type": "poids_limite", "valeur": 4.0, "franchissable": true, "aussi_ensembles": "nej"}}, {"type": "Feature", "geometry": {"type": "LineString", "coordinates": [[15.03657, 60.75205], [15.03658, 60.75202], [15.03662, 60.75196], [15.03672, 60.75182], [15.0369, 60.75166], [15.03712, 60.75154], [15.03741, 60.75143], [15.03768, 60.75132], [15.03801, 60.75118], [15.0381, 60.75113], [15.03816, 60.75104], [15.03819, 60.75096], [15.0382, 60.75078], [15.03817, 60.75058], [15.03812, 60.75044], [15.03806, 60.75035], [15.03804, 60.75032], [15.03792, 60.75022], [15.03775, 60.75013], [15.03753, 60.75008], [15.03726, 60.75005], [15.03695, 60.75001], [15.03659, 60.74995], [15.03627, 60.74988], [15.03592, 60.7498], [15.03555, 60.7497], [15.03524, 60.7496], [15.0349, 60.74947], [15.03476, 60.7494], [15.0346, 60.74931], [15.0344, 60.74918], [15.03421, 60.74905], [15.03401, 60.74891], [15.03368, 60.74869], [15.03338, 60.74848], [15.0331, 60.74826], [15.03288, 60.74806], [15.03266, 60.7479], [15.03251, 60.74784], [15.03233, 60.74778], [15.03208, 60.74774], [15.03187, 60.74769], [15.03177, 60.74766], [15.0315, 60.74758], [15.03123, 60.74748], [15.03111, 60.74741], [15.03095, 60.74731], [15.03084, 60.7472], [15.03078, 60.74708], [15.03077, 60.74697], [15.03078, 60.74691], [15.03085, 60.74678], [15.03096, 60.74666], [15.03103, 60.74659], [15.03111, 60.74648], [15.03115, 60.74639], [15.03115, 60.7463], [15.03111, 60.74619], [15.03105, 60.74611], [15.03091, 60.74586], [15.03084, 60.74574], [15.03069, 60.74551], [15.03046, 60.74517], [15.03033, 60.74502], [15.03014, 60.74478]]}, "properties": {"id": "trv-16494:13868-3:585643-0.0000_1.0000", "country": "se", "source": "TRV", "updated": "2026-09-12", "occurrences": 16, "name": "poids max 4.0", "type": "poids_limite", "valeur": 4.0, "franchissable": true, "aussi_ensembles": "nej"}}, {"type": "Feature", "geometry": {"type": "LineString", "coordinates": [[15.03014, 60.74478], [15.03001, 60.74467], [15.02992, 60.74458], [15.02973, 60.74441], [15.02944, 60.74418], [15.02925, 60.74402]]}, "properties": {"id": "trv-16494:13868-3:585763-0.0000_1.0000", "country": "se", "source": "TRV", "updated": "2026-09-12", "occurrences": 16, "name": "poids max 4.0", "type": "poids_limite", "valeur": 4.0, "franchissable": true, "aussi_ensembles": "nej"}}, {"type": "Feature", "geometry": {"type": "LineString", "coordinates": [[15.02925, 60.74402], [15.02904, 60.74386], [15.02876, 60.74365], [15.02845, 60.74341], [15.02814, 60.74314], [15.028, 60.743], [15.02788, 60.74286], [15.02774, 60.74267], [15.02767, 60.74254]]}, "properties": {"id": "trv-16494:13868-3:585946-0.0000_1.0000", "country": "se", "source": "TRV", "updated": "2026-09-12", "occurrences": 16, "name": "poids max 4.0", "type": "poids_limite", "valeur": 4.0, "franchissable": true, "aussi_ensembles": "nej"}}, {"type": "Feature", "geometry": {"type": "LineString", "coordinates": [[15.02767, 60.74254], [15.02763, 60.74244], [15.02759, 60.74222], [15.02755, 60.74197], [15.0275, 60.74165], [15.02747, 60.74138]]}, "properties": {"id": "trv-16494:13868-3:586058-0.0000_1.0000", "country": "se", "source": "TRV", "updated": "2026-09-12", "occurrences": 16, "name": "poids max 4.0", "type": "poids_limite", "valeur": 4.0, "franchissable": true, "aussi_ensembles": "nej"}}, {"type": "Feature", "geometry": {"type": "LineString", "coordinates": [[15.02747, 60.74138], [15.02743, 60.74125], [15.02736, 60.74065], [15.02729, 60.74021], [15.02723, 60.73978], [15.02717, 60.73941], [15.02716, 60.73933], [15.02715, 60.73922], [15.02712, 60.73908], [15.02702, 60.73886]]}, "properties": {"id": "trv-16494:13868-3:586324-0.0000_1.0000", "country": "se", "source": "TRV", "updated": "2026-09-12", "occurrences": 16, "name": "poids max 4.0", "type": "poids_limite", "valeur": 4.0, "franchissable": true, "aussi_ensembles": "nej"}}, {"type": "Feature", "geometry": {"type": "LineString", "coordinates": [[15.07165, 60.11782], [15.07162, 60.11789], [15.07158, 60.11797]]}, "properties": {"id": "trv-22860:67416-3:633922-0.8547_0.8847", "country": "se", "source": "TRV", "updated": "2026-09-12", "name": "poids max 4.0", "type": "poids_limite", "valeur": 4.0, "franchissable": true, "aussi_ensembles": "nej"}}, {"type": "Feature", "geometry": {"type": "LineString", "coordinates": [[12.88023, 58.41702], [12.88021, 58.41693], [12.88017, 58.41684], [12.88012, 58.41674], [12.88006, 58.41668], [12.87996, 58.41665], [12.87988, 58.41663], [12.87977, 58.41662], [12.8796, 58.41663], [12.87937, 58.41664], [12.87901, 58.41669], [12.87865, 58.41674], [12.87824, 58.41682], [12.8779, 58.41689], [12.87752, 58.41698], [12.87711, 58.41706], [12.8766, 58.41714], [12.87629, 58.41718], [12.87598, 58.41721], [12.87559, 58.41721], [12.87539, 58.41722], [12.87513, 58.41726], [12.87469, 58.41731], [12.87417, 58.41738], [12.87332, 58.41745], [12.8728, 58.41749], [12.87195, 58.41753], [12.87063, 58.41759], [12.87052, 58.41759], [12.87038, 58.41758]]}, "properties": {"id": "trv-22839:2629-3:1255381-0.0405_1.0000", "country": "se", "source": "TRV", "updated": "2026-09-12", "name": "poids max 4.0", "type": "poids_limite", "valeur": 4.0, "franchissable": true, "aussi_ensembles": "ja"}}, {"type": "Feature", "geometry": {"type": "LineString", "coordinates": [[18.85003, 63.50933], [18.84974, 63.5087], [18.84973, 63.50868]]}, "properties": {"id": "trv-12575:142-3:726899-0.2424_0.3351", "country": "se", "source": "TRV", "updated": "2026-09-12", "name": "poids max 2.0", "type": "poids_limite", "valeur": 2.0, "franchissable": false, "aussi_ensembles": "ja"}}, {"type": "Feature", "geometry": {"type": "LineString", "coordinates": [[14.99836, 60.72759], [14.99827, 60.72827], [14.99813, 60.72925], [14.99809, 60.72955], [14.99808, 60.72959], [14.99806, 60.72982], [14.99804, 60.72989]]}, "properties": {"id": "trv-10083:270189-1000:99019-0.0135_0.8556", "country": "se", "source": "TRV", "updated": "2026-09-12", "occurrences": 2, "name": "poids max 3.5", "type": "poids_limite", "valeur": 3.5, "franchissable": true, "aussi_ensembles": "ja"}}, {"type": "Feature", "geometry": {"type": "LineString", "coordinates": [[15.1933, 61.74887], [15.19331, 61.74887]]}, "properties": {"id": "trv-10138:93493-3:1138958-0.9533_0.9536", "country": "se", "source": "TRV", "updated": "2026-09-12", "name": "poids max 4.0", "type": "poids_limite", "valeur": 4.0, "franchissable": true, "aussi_ensembles": "ja"}}, {"type": "Feature", "geometry": {"type": "LineString", "coordinates": [[15.02573, 60.73153], [15.02573, 60.73154], [15.02571, 60.73156], [15.02568, 60.73159], [15.02558, 60.73168], [15.02556, 60.7317], [15.02537, 60.73188], [15.0251, 60.73211]]}, "properties": {"id": "trv-16494:13868-3:587122-0.0000_1.0000", "country": "se", "source": "TRV", "updated": "2026-09-12", "occurrences": 16, "name": "poids max 4.0", "type": "poids_limite", "valeur": 4.0, "franchissable": true, "aussi_ensembles": "nej"}}, {"type": "Feature", "geometry": {"type": "LineString", "coordinates": [[15.0257, 60.73145], [15.02572, 60.7315], [15.02573, 60.73153]]}, "properties": {"id": "trv-16494:13868-3:587129-0.0000_1.0000", "country": "se", "source": "TRV", "updated": "2026-09-12", "occurrences": 16, "name": "poids max 4.0", "type": "poids_limite", "valeur": 4.0, "franchissable": true, "aussi_ensembles": "nej"}}, {"type": "Feature", "geometry": {"type": "LineString", "coordinates": [[15.86031, 57.66383], [15.86068, 57.66364], [15.86078, 57.66359], [15.86116, 57.66338], [15.86152, 57.6632], [15.86208, 57.6629], [15.86232, 57.66278], [15.86251, 57.66268]]}, "properties": {"id": "trv-10817:6206-3:802103-0.0000_1.0000", "country": "se", "source": "TRV", "updated": "2026-09-12", "occurrences": 7, "name": "poids max 3.5", "type": "poids_limite", "valeur": 3.5, "franchissable": true, "aussi_ensembles": "ja"}}, {"type": "Feature", "geometry": {"type": "LineString", "coordinates": [[12.97432, 56.05476], [12.97443, 56.05482], [12.97595, 56.05557], [12.97604, 56.05565], [12.97612, 56.05575], [12.97616, 56.05581], [12.97621, 56.05605], [12.97621, 56.05614], [12.97621, 56.05624], [12.97619, 56.05633], [12.97617, 56.05639], [12.97592, 56.05652]]}, "properties": {"id": "trv-16130:13828-3:1524805-0.0000_1.0000", "country": "se", "source": "TRV", "updated": "2026-09-12", "occurrences": 2, "name": "poids max 3.5", "type": "poids_limite", "valeur": 3.5, "franchissable": true, "aussi_ensembles": "nej"}}, {"type": "Feature", "geometry": {"type": "LineString", "coordinates": [[12.97329, 56.05425], [12.97421, 56.0547], [12.97432, 56.05476]]}, "properties": {"id": "trv-16130:13828-3:1524868-0.0000_1.0000", "country": "se", "source": "TRV", "updated": "2026-09-12", "occurrences": 2, "name": "poids max 3.5", "type": "poids_limite", "valeur": 3.5, "franchissable": true, "aussi_ensembles": "nej"}}, {"type": "Feature", "geometry": {"type": "LineString", "coordinates": [[12.97483, 56.0526], [12.97487, 56.05256], [12.9749, 56.05252], [12.97488, 56.05247], [12.97437, 56.05144]]}, "properties": {"id": "trv-16130:13832-3:1525377-0.3579_1.0000", "country": "se", "source": "TRV", "updated": "2026-09-12", "name": "poids max 3.5", "type": "poids_limite", "valeur": 3.5, "franchissable": true, "aussi_ensembles": "nej"}}, {"type": "Feature", "geometry": {"type": "LineString", "coordinates": [[21.98635, 66.56208], [21.98616, 66.56217]]}, "properties": {"id": "trv-16130:13898-3:877419-0.1993_0.2046", "country": "se", "source": "TRV", "updated": "2026-09-12", "name": "poids max 4.0", "type": "poids_limite", "valeur": 4.0, "franchissable": true, "aussi_ensembles": "ja"}}, {"type": "Feature", "geometry": {"type": "LineString", "coordinates": [[12.77397, 58.17861], [12.77397, 58.17861], [12.77403, 58.17872], [12.77407, 58.17878], [12.77408, 58.17883], [12.77408, 58.17885]]}, "properties": {"id": "trv-22842:15732-3:1296053-0.4564_0.4895", "country": "se", "source": "TRV", "updated": "2026-09-12", "name": "poids max 5.0", "type": "poids_limite", "valeur": 5.0, "franchissable": true, "aussi_ensembles": "ja"}}, {"type": "Feature", "geometry": {"type": "LineString", "coordinates": [[15.06999, 57.44182], [15.07002, 57.44182], [15.07019, 57.44175], [15.07039, 57.44164], [15.07054, 57.44151], [15.07066, 57.44134], [15.07068, 57.4412], [15.07067, 57.44113], [15.07065, 57.44103], [15.07057, 57.44088], [15.07043, 57.44066], [15.06955, 57.43938]]}, "properties": {"id": "trv-14119:83188-3:98366-0.0333_1.0000", "country": "se", "source": "TRV", "updated": "2026-09-12", "occurrences": 28, "name": "poids max 3.5", "type": "poids_limite", "valeur": 3.5, "franchissable": true, "aussi_ensembles": "nej"}}, {"type": "Feature", "geometry": {"type": "LineString", "coordinates": [[15.09331, 57.42672], [15.09172, 57.42712], [15.09155, 57.42716]]}, "properties": {"id": "trv-14119:83188-3:99908-0.0000_1.0000", "country": "se", "source": "TRV", "updated": "2026-09-12", "occurrences": 28, "name": "poids max 3.5", "type": "poids_limite", "valeur": 3.5, "franchissable": true, "aussi_ensembles": "nej"}}, {"type": "Feature", "geometry": {"type": "LineString", "coordinates": [[15.09516, 57.42627], [15.09501, 57.4263], [15.09331, 57.42672]]}, "properties": {"id": "trv-14119:83188-3:99967-0.0000_1.0000", "country": "se", "source": "TRV", "updated": "2026-09-12", "occurrences": 28, "name": "poids max 3.5", "type": "poids_limite", "valeur": 3.5, "franchissable": true, "aussi_ensembles": "nej"}}, {"type": "Feature", "geometry": {"type": "LineString", "coordinates": [[15.09727, 57.42542], [15.09714, 57.42552], [15.09711, 57.42554], [15.09702, 57.4256], [15.09688, 57.42568], [15.09674, 57.42575], [15.09655, 57.42583], [15.09634, 57.42591], [15.09608, 57.426], [15.09581, 57.42609], [15.09549, 57.42618], [15.09516, 57.42627]]}, "properties": {"id": "trv-14119:83188-3:100098-0.0000_1.0000", "country": "se", "source": "TRV", "updated": "2026-09-12", "occurrences": 28, "name": "poids max 3.5", "type": "poids_limite", "valeur": 3.5, "franchissable": true, "aussi_ensembles": "nej"}}, {"type": "Feature", "geometry": {"type": "LineString", "coordinates": [[15.10888, 57.42457], [15.10872, 57.42458], [15.1071, 57.42466]]}, "properties": {"id": "trv-14119:83188-3:100213-0.0000_1.0000", "country": "se", "source": "TRV", "updated": "2026-09-12", "occurrences": 28, "name": "poids max 3.5", "type": "poids_limite", "valeur": 3.5, "franchissable": true, "aussi_ensembles": "nej"}}, {"type": "Feature", "geometry": {"type": "LineString", "coordinates": [[15.1071, 57.42466], [15.10675, 57.42466], [15.10607, 57.42466], [15.10558, 57.42465], [15.10546, 57.42464], [15.10509, 57.42462], [15.10476, 57.42459], [15.10423, 57.42454], [15.10371, 57.42447]]}, "properties": {"id": "trv-14119:83188-3:100227-0.0000_1.0000", "country": "se", "source": "TRV", "updated": "2026-09-12", "occurrences": 28, "name": "poids max 3.5", "type": "poids_limite", "valeur": 3.5, "franchissable": true, "aussi_ensembles": "nej"}}, {"type": "Feature", "geometry": {"type": "LineString", "coordinates": [[15.11328, 57.42434], [15.11203, 57.42441], [15.10892, 57.42457], [15.10888, 57.42457]]}, "properties": {"id": "trv-14119:83188-3:100254-0.0000_1.0000", "country": "se", "source": "TRV", "updated": "2026-09-12", "occurrences": 28, "name": "poids max 3.5", "type": "poids_limite", "valeur": 3.5, "franchissable": true, "aussi_ensembles": "nej"}}, {"type": "Feature", "geometry": {"type": "LineString", "coordinates": [[15.11339, 57.42433], [15.11328, 57.42434]]}, "properties": {"id": "trv-14119:83188-3:100256-0.0000_1.0000", "country": "se", "source": "TRV", "updated": "2026-09-12", "occurrences": 28, "name": "poids max 3.5", "type": "poids_limite", "valeur": 3.5, "franchissable": true, "aussi_ensembles": "nej"}}, {"type": "Feature", "geometry": {"type": "LineString", "coordinates": [[15.09821, 57.4241], [15.09813, 57.42416], [15.09805, 57.42422], [15.09803, 57.42423], [15.09793, 57.42431], [15.09784, 57.42441], [15.09778, 57.42452], [15.09771, 57.42466], [15.09763, 57.42483], [15.09753, 57.42503], [15.09742, 57.42523], [15.09734, 57.42534], [15.09727, 57.42542]]}, "properties": {"id": "trv-14119:83188-3:100277-0.0000_1.0000", "country": "se", "source": "TRV", "updated": "2026-09-12", "occurrences": 28, "name": "poids max 3.5", "type": "poids_limite", "valeur": 3.5, "franchissable": true, "aussi_ensembles": "nej"}}, {"type": "Feature", "geometry": {"type": "LineString", "coordinates": [[15.10371, 57.42447], [15.10338, 57.42442], [15.10176, 57.42416], [15.10077, 57.42401], [15.10001, 57.42392], [15.09963, 57.42389], [15.09927, 57.42389], [15.09901, 57.4239], [15.0988, 57.42393], [15.09861, 57.42398], [15.09837, 57.42404], [15.09821, 57.4241]]}, "properties": {"id": "trv-14119:83188-3:100296-0.0000_1.0000", "country": "se", "source": "TRV", "updated": "2026-09-12", "occurrences": 28, "name": "poids max 3.5", "type": "poids_limite", "valeur": 3.5, "franchissable": true, "aussi_ensembles": "nej"}}, {"type": "Feature", "geometry": {"type": "LineString", "coordinates": [[15.11698, 57.42399], [15.11673, 57.42406], [15.11643, 57.42412], [15.11609, 57.42415], [15.11558, 57.42419], [15.11339, 57.42433]]}, "properties": {"id": "trv-14119:83188-3:100298-0.0000_1.0000", "country": "se", "source": "TRV", "updated": "2026-09-12", "occurrences": 28, "name": "poids max 3.5", "type": "poids_limite", "valeur": 3.5, "franchissable": true, "aussi_ensembles": "nej"}}, {"type": "Feature", "geometry": {"type": "LineString", "coordinates": [[17.85755, 59.20426], [17.85726, 59.20424], [17.85657, 59.2042], [17.85565, 59.20413], [17.85477, 59.20407], [17.85438, 59.20404], [17.8543, 59.20403], [17.85426, 59.20402], [17.85423, 59.204], [17.85418, 59.20398], [17.85414, 59.20394]]}, "properties": {"id": "trv-16414:1-3:1080978-0.0000_1.0000", "country": "se", "source": "TRV", "updated": "2026-09-12", "occurrences": 4, "name": "poids max 3.5", "type": "poids_limite", "valeur": 3.5, "franchissable": true, "aussi_ensembles": "nej"}}, {"type": "Feature", "geometry": {"type": "LineString", "coordinates": [[14.74115, 59.97373], [14.74131, 59.97378]]}, "properties": {"id": "trv-16666:87629-3:427584-0.1615_0.2200", "country": "se", "source": "TRV", "updated": "2026-09-12", "name": "poids max 4.0", "type": "poids_limite", "valeur": 4.0, "franchissable": true}}, {"type": "Feature", "geometry": {"type": "LineString", "coordinates": [[15.65151, 57.36387], [15.65143, 57.36395], [15.65138, 57.36399], [15.65133, 57.36402]]}, "properties": {"id": "trv-12733:257428-3:814182-0.8657_0.8884", "country": "se", "source": "TRV", "updated": "2026-09-12", "name": "poids max 6.0", "type": "poids_limite", "valeur": 6.0, "franchissable": true}}, {"type": "Feature", "geometry": {"type": "LineString", "coordinates": [[17.11645, 61.75498], [17.11607, 61.75501], [17.1157, 61.75506], [17.11537, 61.75511], [17.11504, 61.75517], [17.11471, 61.75524], [17.1144, 61.75532], [17.11394, 61.75543], [17.11355, 61.75554], [17.11315, 61.75566], [17.1128, 61.75576], [17.11252, 61.75584], [17.11221, 61.75595], [17.11183, 61.75609], [17.11135, 61.75626], [17.11095, 61.7564], [17.11071, 61.75646], [17.11043, 61.75653], [17.11015, 61.75659], [17.10981, 61.75666], [17.10945, 61.75672], [17.10902, 61.75679], [17.10839, 61.7569], [17.10782, 61.75702]]}, "properties": {"id": "trv-14454:48686-3:1138267-0.0000_1.0000", "country": "se", "source": "TRV", "updated": "2026-09-12", "occurrences": 9, "name": "poids max 3.5", "type": "poids_limite", "valeur": 3.5, "franchissable": true, "aussi_ensembles": "nej"}}, {"type": "Feature", "geometry": {"type": "LineString", "coordinates": [[14.0347, 57.18398], [14.03493, 57.18399], [14.03519, 57.184], [14.03538, 57.18401], [14.03563, 57.18402], [14.03573, 57.18403], [14.03587, 57.18403], [14.03622, 57.18405], [14.03665, 57.18407], [14.03698, 57.18409], [14.03705, 57.1841], [14.03723, 57.18411], [14.03733, 57.18412]]}, "properties": {"id": "trv-22523:34616-3:131644-0.0282_0.5477", "country": "se", "source": "TRV", "updated": "2026-09-12", "name": "poids max 3.5", "type": "poids_limite", "valeur": 3.5, "franchissable": true}}, {"type": "Feature", "geometry": {"type": "LineString", "coordinates": [[17.14375, 62.47514], [17.14384, 62.47506], [17.14404, 62.47486], [17.14419, 62.4747], [17.14438, 62.47453], [17.14455, 62.47439], [17.14469, 62.4743], [17.14481, 62.47424], [17.14495, 62.47417], [17.14509, 62.47412], [17.14518, 62.47409], [17.1454, 62.474], [17.14557, 62.47395], [17.14569, 62.47391], [17.14582, 62.47385], [17.14592, 62.4738], [17.14605, 62.47371], [17.14614, 62.47363], [17.14624, 62.47356], [17.14635, 62.47343], [17.14644, 62.47333], [17.14652, 62.47322], [17.14672, 62.47294], [17.14677, 62.47288], [17.14684, 62.4728], [17.14694, 62.47271], [17.14704, 62.47264], [17.14714, 62.47258], [17.14728, 62.4725], [17.14738, 62.47246], [17.14763, 62.47234], [17.14776, 62.47228], [17.1479, 62.47221], [17.14797, 62.47217], [17.14808, 62.47211], [17.14831, 62.472], [17.14845, 62.47193], [17.14853, 62.47189], [17.14865, 62.47185], [17.14878, 62.4718], [17.14892, 62.47176], [17.14904, 62.47173], [17.14921, 62.47168], [17.14941, 62.47163], [17.14971, 62.47152], [17.14999, 62.47144], [17.15026, 62.47136], [17.1505, 62.47129], [17.15065, 62.47125], [17.15079, 62.47121]]}, "properties": {"id": "trv-16495:41038-3:772639-0.0000_1.0000", "country": "se", "source": "TRV", "updated": "2026-09-12", "occurrences": 5, "name": "poids max 3.5", "type": "poids_limite", "valeur": 3.5, "franchissable": true, "aussi_ensembles": "ja"}}, {"type": "Feature", "geometry": {"type": "LineString", "coordinates": [[17.15079, 62.47121], [17.15092, 62.47117], [17.15106, 62.47113], [17.15139, 62.47104], [17.15174, 62.47095], [17.15187, 62.47091], [17.15206, 62.47086]]}, "properties": {"id": "trv-16495:41038-3:772660-0.0000_1.0000", "country": "se", "source": "TRV", "updated": "2026-09-12", "occurrences": 5, "name": "poids max 3.5", "type": "poids_limite", "valeur": 3.5, "franchissable": true, "aussi_ensembles": "ja"}}, {"type": "Feature", "geometry": {"type": "LineString", "coordinates": [[17.1539, 62.47039], [17.15374, 62.47041], [17.15365, 62.47042], [17.15354, 62.47043], [17.15341, 62.47045], [17.15335, 62.47046], [17.15324, 62.47049], [17.15309, 62.47054], [17.15294, 62.4706], [17.15287, 62.47062], [17.15267, 62.47068], [17.15232, 62.47079], [17.15218, 62.47083], [17.15216, 62.47083], [17.15206, 62.47086]]}, "properties": {"id": "trv-16495:41038-3:772681-0.0000_1.0000", "country": "se", "source": "TRV", "updated": "2026-09-12", "occurrences": 5, "name": "poids max 3.5", "type": "poids_limite", "valeur": 3.5, "franchissable": true, "aussi_ensembles": "ja"}}, {"type": "Feature", "geometry": {"type": "LineString", "coordinates": [[17.80614, 62.91024], [17.80632, 62.91024]]}, "properties": {"id": "trv-10715:113793-3:753114-0.2925_0.3090", "country": "se", "source": "TRV", "updated": "2026-09-12", "name": "poids max 2.0", "type": "poids_limite", "valeur": 2.0, "franchissable": false, "aussi_ensembles": "ja"}}, {"type": "Feature", "geometry": {"type": "LineString", "coordinates": [[12.63765, 59.07386], [12.6384, 59.07369]]}, "properties": {"id": "trv-16548:213756-3:1195300-0.6788_0.8801", "country": "se", "source": "TRV", "updated": "2026-09-12", "name": "poids max 1.5", "type": "poids_limite", "valeur": 1.5, "franchissable": false, "aussi_ensembles": "ja"}}, {"type": "Feature", "geometry": {"type": "LineString", "coordinates": [[15.06532, 57.03494], [15.06534, 57.03507], [15.06524, 57.03509], [15.06495, 57.03516], [15.06479, 57.03529], [15.06464, 57.03542], [15.06453, 57.03548], [15.06439, 57.03556], [15.06409, 57.03564], [15.06404, 57.03565], [15.06367, 57.03569], [15.06299, 57.03577], [15.06238, 57.03582], [15.06214, 57.0359], [15.0619, 57.03618], [15.06188, 57.03638], [15.06186, 57.0366], [15.0618, 57.03681], [15.06179, 57.03695]]}, "properties": {"id": "trv-22568:6298-3:179003-0.0000_1.0000", "country": "se", "source": "TRV", "updated": "2026-09-12", "occurrences": 2, "name": "poids max 2.0", "type": "poids_limite", "valeur": 2.0, "franchissable": false, "aussi_ensembles": "nej"}}, {"type": "Feature", "geometry": {"type": "LineString", "coordinates": [[15.06541, 57.03453], [15.06529, 57.03466], [15.06532, 57.03494]]}, "properties": {"id": "trv-22568:6298-3:179029-0.0000_1.0000", "country": "se", "source": "TRV", "updated": "2026-09-12", "occurrences": 2, "name": "poids max 2.0", "type": "poids_limite", "valeur": 2.0, "franchissable": false, "aussi_ensembles": "nej"}}, {"type": "Feature", "geometry": {"type": "LineString", "coordinates": [[15.032, 57.46321], [15.03204, 57.46324], [15.03219, 57.46331], [15.0322, 57.46331]]}, "properties": {"id": "trv-12735:257476-3:96427-0.1499_0.2267", "country": "se", "source": "TRV", "updated": "2026-09-12", "name": "poids max 3.5", "type": "poids_limite", "valeur": 3.5, "franchissable": true, "aussi_ensembles": "nej"}}, {"type": "Feature", "geometry": {"type": "LineString", "coordinates": [[14.10531, 58.64315], [14.10537, 58.64316], [14.10556, 58.6432]]}, "properties": {"id": "trv-12736:258145-3:1228297-0.6655_0.7402", "country": "se", "source": "TRV", "updated": "2026-09-12", "name": "poids max 3.0", "type": "poids_limite", "valeur": 3.0, "franchissable": false, "aussi_ensembles": "nej"}}, {"type": "Feature", "geometry": {"type": "LineString", "coordinates": [[11.91971, 57.59723], [11.91923, 57.59729]]}, "properties": {"id": "trv-12588:9591-3:1381565-0.8197_0.9562", "country": "se", "source": "TRV", "updated": "2026-09-12", "name": "poids max 3.5", "type": "poids_limite", "valeur": 3.5, "franchissable": true, "aussi_ensembles": "ja"}}, {"type": "Feature", "geometry": {"type": "LineString", "coordinates": [[17.05792, 61.30454], [17.05724, 61.30431], [17.05661, 61.3041]]}, "properties": {"id": "trv-23272:2281-3:1158983-0.0000_1.0000", "country": "se", "source": "TRV", "updated": "2026-09-12", "occurrences": 7, "name": "poids max 3.5", "type": "poids_limite", "valeur": 3.5, "franchissable": true, "aussi_ensembles": "nej"}}, {"type": "Feature", "geometry": {"type": "LineString", "coordinates": [[17.05841, 61.30471], [17.05792, 61.30454]]}, "properties": {"id": "trv-23272:2281-3:1158945-0.0000_1.0000", "country": "se", "source": "TRV", "updated": "2026-09-12", "occurrences": 7, "name": "poids max 3.5", "type": "poids_limite", "valeur": 3.5, "franchissable": true, "aussi_ensembles": "nej"}}, {"type": "Feature", "geometry": {"type": "LineString", "coordinates": [[17.05841, 61.30471], [17.05926, 61.30499]]}, "properties": {"id": "trv-23272:2281-3:1158933-0.0000_1.0000", "country": "se", "source": "TRV", "updated": "2026-09-12", "occurrences": 7, "name": "poids max 3.5", "type": "poids_limite", "valeur": 3.5, "franchissable": true, "aussi_ensembles": "nej"}}, {"type": "Feature", "geometry": {"type": "LineString", "coordinates": [[17.06104, 61.30561], [17.05998, 61.30524], [17.05926, 61.30499]]}, "properties": {"id": "trv-23272:2281-3:1158898-0.0000_1.0000", "country": "se", "source": "TRV", "updated": "2026-09-12", "occurrences": 7, "name": "poids max 3.5", "type": "poids_limite", "valeur": 3.5, "franchissable": true, "aussi_ensembles": "nej"}}, {"type": "Feature", "geometry": {"type": "LineString", "coordinates": [[17.06104, 61.30561], [17.06192, 61.30591], [17.06277, 61.3062], [17.06288, 61.30624]]}, "properties": {"id": "trv-23272:2281-3:1158856-0.0000_1.0000", "country": "se", "source": "TRV", "updated": "2026-09-12", "occurrences": 7, "name": "poids max 3.5", "type": "poids_limite", "valeur": 3.5, "franchissable": true, "aussi_ensembles": "nej"}}, {"type": "Feature", "geometry": {"type": "LineString", "coordinates": [[15.22867, 59.26704], [15.22882, 59.26692], [15.2289, 59.26683], [15.22895, 59.26677], [15.22897, 59.26674], [15.229, 59.26668], [15.22901, 59.26666], [15.22903, 59.26661], [15.22904, 59.26655]]}, "properties": {"id": "trv-14850:32504-3:455809-0.0000_0.9067", "country": "se", "source": "TRV", "updated": "2026-09-12", "name": "poids max 3.5", "type": "poids_limite", "valeur": 3.5, "franchissable": true, "aussi_ensembles": "ja"}}, {"type": "Feature", "geometry": {"type": "LineString", "coordinates": [[12.72214, 57.57957], [12.72219, 57.57954], [12.72226, 57.57944], [12.72231, 57.5793], [12.72237, 57.57912], [12.72241, 57.57899]]}, "properties": {"id": "trv-24240:168-1000:34908-0.2791_0.4174", "country": "se", "source": "TRV", "updated": "2026-09-12", "name": "poids max 4.0", "type": "poids_limite", "valeur": 4.0, "franchissable": true, "aussi_ensembles": "ja"}}, {"type": "Feature", "geometry": {"type": "LineString", "coordinates": [[17.05243, 61.30262], [17.05262, 61.30271], [17.05266, 61.30272], [17.05288, 61.30282], [17.05363, 61.30307], [17.05434, 61.30332], [17.05479, 61.30348]]}, "properties": {"id": "trv-23272:2281-3:1159135-0.0000_1.0000", "country": "se", "source": "TRV", "updated": "2026-09-12", "occurrences": 7, "name": "poids max 3.5", "type": "poids_limite", "valeur": 3.5, "franchissable": true, "aussi_ensembles": "nej"}}, {"type": "Feature", "geometry": {"type": "LineString", "coordinates": [[17.05479, 61.30348], [17.05505, 61.30356], [17.05628, 61.30398], [17.05648, 61.30405], [17.05661, 61.3041]]}, "properties": {"id": "trv-23272:2281-3:1159060-0.0000_1.0000", "country": "se", "source": "TRV", "updated": "2026-09-12", "occurrences": 7, "name": "poids max 3.5", "type": "poids_limite", "valeur": 3.5, "franchissable": true, "aussi_ensembles": "nej"}}, {"type": "Feature", "geometry": {"type": "LineString", "coordinates": [[13.44779, 63.34829], [13.4478, 63.34829], [13.44848, 63.34839], [13.44924, 63.34852], [13.45005, 63.34866], [13.4502, 63.34869]]}, "properties": {"id": "trv-13651:3949-1000:109407-0.7562_0.8592", "country": "se", "source": "TRV", "updated": "2026-09-12", "name": "poids max 4.0", "type": "poids_limite", "valeur": 4.0, "franchissable": true, "aussi_ensembles": "ja"}}, {"type": "Feature", "geometry": {"type": "LineString", "coordinates": [[15.37081, 60.29707], [15.37076, 60.29707], [15.37068, 60.29707]]}, "properties": {"id": "trv-16167:57391-3:620999-0.6077_0.7115", "country": "se", "source": "TRV", "updated": "2026-09-12", "name": "poids max 4.0", "type": "poids_limite", "valeur": 4.0, "franchissable": true, "aussi_ensembles": "ja"}}, {"type": "Feature", "geometry": {"type": "LineString", "coordinates": [[15.3717, 60.29692], [15.37155, 60.29694]]}, "properties": {"id": "trv-16167:57395-3:621229-0.9848_0.9967", "country": "se", "source": "TRV", "updated": "2026-09-12", "name": "poids max 4.0", "type": "poids_limite", "valeur": 4.0, "franchissable": true, "aussi_ensembles": "ja"}}, {"type": "Feature", "geometry": {"type": "LineString", "coordinates": [[14.99837, 60.72757], [14.99836, 60.72759]]}, "properties": {"id": "trv-10083:270189-13651:4238-0.9764_1.0000", "country": "se", "source": "TRV", "updated": "2026-09-12", "occurrences": 2, "name": "poids max 3.5", "type": "poids_limite", "valeur": 3.5, "franchissable": true, "aussi_ensembles": "ja"}}, {"type": "Feature", "geometry": {"type": "LineString", "coordinates": [[13.1831, 58.49836], [13.18163, 58.49858]]}, "properties": {"id": "trv-12781:41215-3:1244772-0.0000_1.0000", "country": "se", "source": "TRV", "updated": "2026-09-12", "occurrences": 4, "name": "poids max 3.5", "type": "poids_limite", "valeur": 3.5, "franchissable": true}}, {"type": "Feature", "geometry": {"type": "LineString", "coordinates": [[13.18487, 58.4981], [13.1833, 58.49833], [13.1831, 58.49836]]}, "properties": {"id": "trv-12781:41215-3:1244830-0.0000_1.0000", "country": "se", "source": "TRV", "updated": "2026-09-12", "occurrences": 4, "name": "poids max 3.5", "type": "poids_limite", "valeur": 3.5, "franchissable": true}}, {"type": "Feature", "geometry": {"type": "LineString", "coordinates": [[13.18713, 58.49776], [13.18816, 58.49792]]}, "properties": {"id": "trv-12781:41215-3:1244894-0.0000_1.0000", "country": "se", "source": "TRV", "updated": "2026-09-12", "occurrences": 4, "name": "poids max 3.5", "type": "poids_limite", "valeur": 3.5, "franchissable": true}}, {"type": "Feature", "geometry": {"type": "LineString", "coordinates": [[13.18713, 58.49776], [13.18487, 58.4981]]}, "properties": {"id": "trv-12781:41215-3:1244895-0.0000_1.0000", "country": "se", "source": "TRV", "updated": "2026-09-12", "occurrences": 4, "name": "poids max 3.5", "type": "poids_limite", "valeur": 3.5, "franchissable": true}}, {"type": "Feature", "geometry": {"type": "LineString", "coordinates": [[15.7036, 59.8193], [15.70341, 59.81932], [15.70305, 59.81934], [15.70281, 59.81934]]}, "properties": {"id": "trv-14120:270991-3:14851-0.0000_1.0000", "country": "se", "source": "TRV", "updated": "2026-09-12", "occurrences": 19, "name": "poids max 3.0", "type": "poids_limite", "valeur": 3.0, "franchissable": false}}, {"type": "Feature", "geometry": {"type": "LineString", "coordinates": [[15.70916, 59.81918], [15.70921, 59.8192], [15.70935, 59.81925], [15.70953, 59.81932], [15.70972, 59.8194], [15.70989, 59.8195], [15.71007, 59.81964], [15.71015, 59.81972], [15.71026, 59.81975], [15.71039, 59.81975], [15.71051, 59.81974], [15.71083, 59.81972], [15.71113, 59.81969]]}, "properties": {"id": "trv-14120:270991-3:14853-0.0000_1.0000", "country": "se", "source": "TRV", "updated": "2026-09-12", "occurrences": 19, "name": "poids max 3.0", "type": "poids_limite", "valeur": 3.0, "franchissable": false}}, {"type": "Feature", "geometry": {"type": "LineString", "coordinates": [[15.70496, 59.81908], [15.70504, 59.81921], [15.70525, 59.81956]]}, "properties": {"id": "trv-14120:270991-3:14854-0.0000_1.0000", "country": "se", "source": "TRV", "updated": "2026-09-12", "occurrences": 19, "name": "poids max 3.0", "type": "poids_limite", "valeur": 3.0, "franchissable": false}}, {"type": "Feature", "geometry": {"type": "LineString", "coordinates": [[15.70496, 59.81908], [15.7046, 59.81913], [15.70459, 59.81913], [15.7036, 59.8193]]}, "properties": {"id": "trv-14120:270991-3:14855-0.0000_1.0000", "country": "se", "source": "TRV", "updated": "2026-09-12", "occurrences": 19, "name": "poids max 3.0", "type": "poids_limite", "valeur": 3.0, "franchissable": false}}, {"type": "Feature", "geometry": {"type": "LineString", "coordinates": [[15.70916, 59.81918], [15.70889, 59.81914], [15.70866, 59.8191], [15.70837, 59.81907], [15.70788, 59.81905]]}, "properties": {"id": "trv-14120:270991-3:14858-0.0000_1.0000", "country": "se", "source": "TRV", "updated": "2026-09-12", "occurrences": 19, "name": "poids max 3.0", "type": "poids_limite", "valeur": 3.0, "franchissable": false}}, {"type": "Feature", "geometry": {"type": "LineString", "coordinates": [[15.70788, 59.81905], [15.70787, 59.81917], [15.70787, 59.8196]]}, "properties": {"id": "trv-14120:270991-3:14859-0.0000_1.0000", "country": "se", "source": "TRV", "updated": "2026-09-12", "occurrences": 19, "name": "poids max 3.0", "type": "poids_limite", "valeur": 3.0, "franchissable": false}}, {"type": "Feature", "geometry": {"type": "LineString", "coordinates": [[15.70788, 59.81905], [15.70749, 59.81903], [15.70693, 59.81901], [15.70625, 59.81899], [15.70574, 59.81899], [15.70556, 59.819], [15.70527, 59.81903], [15.70496, 59.81908]]}, "properties": {"id": "trv-14120:270991-3:14860-0.0000_1.0000", "country": "se", "source": "TRV", "updated": "2026-09-12", "occurrences": 19, "name": "poids max 3.0", "type": "poids_limite", "valeur": 3.0, "franchissable": false}}, {"type": "Feature", "geometry": {"type": "LineString", "coordinates": [[15.70281, 59.81934], [15.70283, 59.81886]]}, "properties": {"id": "trv-14120:270991-3:14863-0.0000_1.0000", "country": "se", "source": "TRV", "updated": "2026-09-12", "occurrences": 19, "name": "poids max 3.0", "type": "poids_limite", "valeur": 3.0, "franchissable": false}}, {"type": "Feature", "geometry": {"type": "LineString", "coordinates": [[15.70962, 59.81872], [15.70946, 59.81889], [15.70933, 59.81902], [15.70916, 59.81918]]}, "properties": {"id": "trv-14120:270991-3:14868-0.0000_1.0000", "country": "se", "source": "TRV", "updated": "2026-09-12", "occurrences": 19, "name": "poids max 3.0", "type": "poids_limite", "valeur": 3.0, "franchissable": false}}, {"type": "Feature", "geometry": {"type": "LineString", "coordinates": [[15.71113, 59.81969], [15.71181, 59.8196], [15.71197, 59.81957], [15.71216, 59.81952], [15.71238, 59.81944], [15.71266, 59.81932], [15.7129, 59.81921], [15.71316, 59.81909], [15.71339, 59.81896], [15.7136, 59.81886], [15.71389, 59.8187], [15.71403, 59.81869], [15.71415, 59.81871], [15.71448, 59.81887], [15.71486, 59.81904], [15.7149, 59.8191], [15.71485, 59.81916], [15.71458, 59.8193], [15.71417, 59.81952], [15.71377, 59.81971], [15.71328, 59.81993], [15.71316, 59.81998], [15.71301, 59.82003], [15.71287, 59.82008], [15.71275, 59.82012], [15.71262, 59.82015], [15.71229, 59.82022], [15.7121, 59.82024], [15.71197, 59.82025], [15.71184, 59.82026], [15.7117, 59.82025], [15.71157, 59.82023], [15.71143, 59.82017], [15.71133, 59.82011], [15.71126, 59.82002], [15.71122, 59.81995], [15.71113, 59.81969]]}, "properties": {"id": "trv-14120:270991-3:14870-0.0000_1.0000", "country": "se", "source": "TRV", "updated": "2026-09-12", "occurrences": 19, "name": "poids max 3.0", "type": "poids_limite", "valeur": 3.0, "franchissable": false}}, {"type": "Feature", "geometry": {"type": "LineString", "coordinates": [[15.70962, 59.81872], [15.70966, 59.81863], [15.70969, 59.81854], [15.70974, 59.8184], [15.70982, 59.81808]]}, "properties": {"id": "trv-14120:270991-3:14879-0.0000_1.0000", "country": "se", "source": "TRV", "updated": "2026-09-12", "occurrences": 19, "name": "poids max 3.0", "type": "poids_limite", "valeur": 3.0, "franchissable": false}}, {"type": "Feature", "geometry": {"type": "LineString", "coordinates": [[18.66298, 64.60465], [18.66293, 64.60458], [18.6629, 64.60456], [18.6629, 64.60453], [18.66292, 64.60447], [18.66354, 64.60396], [18.66435, 64.60328], [18.66499, 64.60275], [18.66517, 64.6026]]}, "properties": {"id": "trv-15612:3010-3:964234-0.0380_1.0000", "country": "se", "source": "TRV", "updated": "2026-09-12", "occurrences": 4, "name": "poids max 3.5", "type": "poids_limite", "valeur": 3.5, "franchissable": true}}, {"type": "Feature", "geometry": {"type": "LineString", "coordinates": [[18.66517, 64.6026], [18.66594, 64.60197], [18.66666, 64.60137]]}, "properties": {"id": "trv-15612:3010-3:964308-0.0000_1.0000", "country": "se", "source": "TRV", "updated": "2026-09-12", "occurrences": 4, "name": "poids max 3.5", "type": "poids_limite", "valeur": 3.5, "franchissable": true}}, {"type": "Feature", "geometry": {"type": "LineString", "coordinates": [[18.66666, 64.60137], [18.6675, 64.60068], [18.66827, 64.60011], [18.66888, 64.59966], [18.669, 64.59956]]}, "properties": {"id": "trv-15612:3010-3:964419-0.0000_1.0000", "country": "se", "source": "TRV", "updated": "2026-09-12", "occurrences": 4, "name": "poids max 3.5", "type": "poids_limite", "valeur": 3.5, "franchissable": true}}, {"type": "Feature", "geometry": {"type": "LineString", "coordinates": [[18.669, 64.59956], [18.6691, 64.59948], [18.66989, 64.59868], [18.67009, 64.5985]]}, "properties": {"id": "trv-15612:3010-3:964478-0.0000_1.0000", "country": "se", "source": "TRV", "updated": "2026-09-12", "occurrences": 4, "name": "poids max 3.5", "type": "poids_limite", "valeur": 3.5, "franchissable": true}}, {"type": "Feature", "geometry": {"type": "LineString", "coordinates": [[12.45275, 58.70267], [12.45288, 58.70265], [12.45299, 58.70263], [12.45332, 58.70257], [12.45359, 58.70251], [12.45437, 58.70233], [12.45538, 58.70209], [12.45588, 58.70197]]}, "properties": {"id": "trv-15830:10276-3:1218613-0.2198_1.0000", "country": "se", "source": "TRV", "updated": "2026-09-12", "occurrences": 3, "name": "poids max 3.5", "type": "poids_limite", "valeur": 3.5, "franchissable": true}}, {"type": "Feature", "geometry": {"type": "LineString", "coordinates": [[12.45588, 58.70197], [12.45659, 58.7018], [12.45679, 58.70173]]}, "properties": {"id": "trv-15830:10276-3:1218633-0.0000_1.0000", "country": "se", "source": "TRV", "updated": "2026-09-12", "occurrences": 3, "name": "poids max 3.5", "type": "poids_limite", "valeur": 3.5, "franchissable": true}}, {"type": "Feature", "geometry": {"type": "LineString", "coordinates": [[12.45679, 58.70173], [12.45686, 58.70163]]}, "properties": {"id": "trv-15830:10276-3:1218647-0.0000_1.0000", "country": "se", "source": "TRV", "updated": "2026-09-12", "occurrences": 3, "name": "poids max 3.5", "type": "poids_limite", "valeur": 3.5, "franchissable": true}}, {"type": "Feature", "geometry": {"type": "LineString", "coordinates": [[18.02204, 59.35388], [18.02116, 59.35389], [18.01998, 59.35391], [18.01843, 59.35394]]}, "properties": {"id": "trv-10718:56670-3:1053792-0.0000_1.0000", "country": "se", "source": "TRV", "updated": "2026-09-12", "occurrences": 4, "name": "poids max 3.5", "type": "poids_limite", "valeur": 3.5, "franchissable": true}}, {"type": "Feature", "geometry": {"type": "LineString", "coordinates": [[18.01753, 59.3539], [18.0176, 59.35391], [18.01773, 59.35393], [18.01793, 59.35394], [18.01817, 59.35395], [18.01843, 59.35394]]}, "properties": {"id": "trv-10718:56670-3:1053802-0.3110_1.0000", "country": "se", "source": "TRV", "updated": "2026-09-12", "occurrences": 4, "name": "poids max 3.5", "type": "poids_limite", "valeur": 3.5, "franchissable": true}}, {"type": "Feature", "geometry": {"type": "LineString", "coordinates": [[18.0291, 59.35373], [18.02721, 59.35376], [18.02552, 59.3538], [18.02524, 59.35381], [18.0228, 59.35386], [18.02217, 59.35387], [18.02204, 59.35388]]}, "properties": {"id": "trv-10718:56670-3:1053809-0.0000_1.0000", "country": "se", "source": "TRV", "updated": "2026-09-12", "occurrences": 4, "name": "poids max 3.5", "type": "poids_limite", "valeur": 3.5, "franchissable": true}}, {"type": "Feature", "geometry": {"type": "LineString", "coordinates": [[18.03116, 59.35369], [18.03072, 59.3537], [18.0291, 59.35373]]}, "properties": {"id": "trv-10718:56670-3:1053812-0.0286_1.0000", "country": "se", "source": "TRV", "updated": "2026-09-12", "occurrences": 4, "name": "poids max 3.5", "type": "poids_limite", "valeur": 3.5, "franchissable": true}}, {"type": "Feature", "geometry": {"type": "LineString", "coordinates": [[15.70787, 59.8196], [15.70786, 59.81974], [15.70782, 59.82025], [15.70776, 59.82067], [15.70765, 59.82111], [15.70751, 59.82147], [15.70755, 59.82156], [15.7077, 59.8216], [15.70861, 59.8217], [15.70868, 59.82168], [15.70875, 59.82167], [15.70881, 59.82161], [15.70888, 59.82144], [15.70903, 59.82093], [15.70911, 59.82056], [15.70917, 59.81992], [15.70916, 59.81974], [15.70911, 59.81969], [15.709, 59.81966], [15.70787, 59.8196]]}, "properties": {"id": "trv-14120:270991-3:14838-0.0000_1.0000", "country": "se", "source": "TRV", "updated": "2026-09-12", "occurrences": 19, "name": "poids max 3.0", "type": "poids_limite", "valeur": 3.0, "franchissable": false}}, {"type": "Feature", "geometry": {"type": "LineString", "coordinates": [[15.70525, 59.81956], [15.70519, 59.82016], [15.70514, 59.82046], [15.70506, 59.82082], [15.70499, 59.82107], [15.7049, 59.82133], [15.70492, 59.82141], [15.70504, 59.82146], [15.70591, 59.82156], [15.70608, 59.82153], [15.70617, 59.82147], [15.70632, 59.82107], [15.7064, 59.82076], [15.70646, 59.82047], [15.70652, 59.82007], [15.70654, 59.81963], [15.70649, 59.81958], [15.70638, 59.81955], [15.70525, 59.81956]]}, "properties": {"id": "trv-14120:270991-3:14843-0.0000_1.0000", "country": "se", "source": "TRV", "updated": "2026-09-12", "occurrences": 19, "name": "poids max 3.0", "type": "poids_limite", "valeur": 3.0, "franchissable": false}}, {"type": "Feature", "geometry": {"type": "LineString", "coordinates": [[15.70245, 59.81934], [15.70246, 59.81934], [15.70281, 59.81934]]}, "properties": {"id": "trv-14120:270991-3:14849-0.7101_1.0000", "country": "se", "source": "TRV", "updated": "2026-09-12", "occurrences": 19, "name": "poids max 3.0", "type": "poids_limite", "valeur": 3.0, "franchissable": false}}, {"type": "Feature", "geometry": {"type": "LineString", "coordinates": [[15.7036, 59.8193], [15.70367, 59.81942], [15.70371, 59.81949], [15.70372, 59.81954], [15.70374, 59.8196], [15.70369, 59.82029], [15.70365, 59.82086], [15.70365, 59.82089]]}, "properties": {"id": "trv-14120:270991-3:14850-0.0000_1.0000", "country": "se", "source": "TRV", "updated": "2026-09-12", "occurrences": 19, "name": "poids max 3.0", "type": "poids_limite", "valeur": 3.0, "franchissable": false}}, {"type": "Feature", "geometry": {"type": "LineString", "coordinates": [[15.71173, 59.81747], [15.71259, 59.81786], [15.71262, 59.81789], [15.71263, 59.81791], [15.7126, 59.81797], [15.71213, 59.81828], [15.71184, 59.81845], [15.71163, 59.81857], [15.7114, 59.81868], [15.7112, 59.81875], [15.71097, 59.8188], [15.71063, 59.81883], [15.71037, 59.81882], [15.7101, 59.81879], [15.70962, 59.81872]]}, "properties": {"id": "trv-14120:270991-3:14883-0.0000_1.0000", "country": "se", "source": "TRV", "updated": "2026-09-12", "occurrences": 19, "name": "poids max 3.0", "type": "poids_limite", "valeur": 3.0, "franchissable": false}}, {"type": "Feature", "geometry": {"type": "LineString", "coordinates": [[15.70982, 59.81808], [15.71014, 59.81809], [15.7104, 59.81808], [15.71055, 59.81806], [15.71072, 59.81801], [15.71083, 59.81795], [15.71173, 59.81747]]}, "properties": {"id": "trv-14120:270991-3:14884-0.0000_1.0000", "country": "se", "source": "TRV", "updated": "2026-09-12", "occurrences": 19, "name": "poids max 3.0", "type": "poids_limite", "valeur": 3.0, "franchissable": false}}, {"type": "Feature", "geometry": {"type": "LineString", "coordinates": [[15.70283, 59.81886], [15.70283, 59.81863], [15.70286, 59.81843], [15.70291, 59.81812], [15.70295, 59.81791], [15.70309, 59.81723], [15.70317, 59.81718], [15.70331, 59.81716], [15.70412, 59.81718], [15.70425, 59.81723], [15.70429, 59.81728], [15.70429, 59.8174], [15.70425, 59.81778], [15.7042, 59.81806], [15.70412, 59.81837], [15.70402, 59.81867], [15.70398, 59.81871], [15.70386, 59.81874], [15.70283, 59.81886]]}, "properties": {"id": "trv-14120:270991-3:14890-0.0000_1.0000", "country": "se", "source": "TRV", "updated": "2026-09-12", "occurrences": 19, "name": "poids max 3.0", "type": "poids_limite", "valeur": 3.0, "franchissable": false}}, {"type": "Feature", "geometry": {"type": "LineString", "coordinates": [[15.71173, 59.81747], [15.71079, 59.81704], [15.71017, 59.81735], [15.71008, 59.81741], [15.70999, 59.81748], [15.70994, 59.81756], [15.70991, 59.81766], [15.70988, 59.81779], [15.70982, 59.81808]]}, "properties": {"id": "trv-14120:270991-3:14892-0.0000_1.0000", "country": "se", "source": "TRV", "updated": "2026-09-12", "occurrences": 19, "name": "poids max 3.0", "type": "poids_limite", "valeur": 3.0, "franchissable": false}}, {"type": "Feature", "geometry": {"type": "LineString", "coordinates": [[21.20091, 64.61994], [21.20062, 64.61993], [21.2, 64.61991], [21.19942, 64.61989], [21.19865, 64.61985]]}, "properties": {"id": "trv-11090:67490-3:959747-0.0000_1.0000", "country": "se", "source": "TRV", "updated": "2026-09-12", "occurrences": 7, "name": "poids max 3.5", "type": "poids_limite", "valeur": 3.5, "franchissable": true}}, {"type": "Feature", "geometry": {"type": "LineString", "coordinates": [[21.19865, 64.61985], [21.19799, 64.61981], [21.19744, 64.61978], [21.19652, 64.61973], [21.19561, 64.61969], [21.19443, 64.61963], [21.19359, 64.61959]]}, "properties": {"id": "trv-11090:67490-3:959765-0.0000_1.0000", "country": "se", "source": "TRV", "updated": "2026-09-12", "occurrences": 7, "name": "poids max 3.5", "type": "poids_limite", "valeur": 3.5, "franchissable": true}}, {"type": "Feature", "geometry": {"type": "LineString", "coordinates": [[21.19359, 64.61959], [21.19314, 64.61956], [21.1927, 64.61956], [21.1922, 64.61956], [21.19133, 64.6196], [21.18938, 64.61966], [21.18854, 64.61968]]}, "properties": {"id": "trv-11090:67490-3:959769-0.0000_1.0000", "country": "se", "source": "TRV", "updated": "2026-09-12", "occurrences": 7, "name": "poids max 3.5", "type": "poids_limite", "valeur": 3.5, "franchissable": true}}, {"type": "Feature", "geometry": {"type": "LineString", "coordinates": [[21.18854, 64.61968], [21.18759, 64.6197]]}, "properties": {"id": "trv-11090:67490-3:959772-0.0000_1.0000", "country": "se", "source": "TRV", "updated": "2026-09-12", "occurrences": 7, "name": "poids max 3.5", "type": "poids_limite", "valeur": 3.5, "franchissable": true}}, {"type": "Feature", "geometry": {"type": "LineString", "coordinates": [[21.18759, 64.6197], [21.18648, 64.6197]]}, "properties": {"id": "trv-11090:67490-3:959776-0.0000_1.0000", "country": "se", "source": "TRV", "updated": "2026-09-12", "occurrences": 7, "name": "poids max 3.5", "type": "poids_limite", "valeur": 3.5, "franchissable": true}}, {"type": "Feature", "geometry": {"type": "LineString", "coordinates": [[21.18648, 64.6197], [21.18547, 64.61969], [21.18386, 64.61966], [21.18157, 64.61962]]}, "properties": {"id": "trv-11090:67490-3:959788-0.0000_1.0000", "country": "se", "source": "TRV", "updated": "2026-09-12", "occurrences": 7, "name": "poids max 3.5", "type": "poids_limite", "valeur": 3.5, "franchissable": true}}, {"type": "Feature", "geometry": {"type": "LineString", "coordinates": [[21.18157, 64.61962], [21.17984, 64.61959], [21.17961, 64.61955], [21.17922, 64.61948], [21.17888, 64.61942], [21.17869, 64.61939], [21.17853, 64.61937]]}, "properties": {"id": "trv-11090:67490-3:959810-0.0000_1.0000", "country": "se", "source": "TRV", "updated": "2026-09-12", "occurrences": 7, "name": "poids max 3.5", "type": "poids_limite", "valeur": 3.5, "franchissable": true}}, {"type": "Feature", "geometry": {"type": "LineString", "coordinates": [[12.68952, 58.2483], [12.68971, 58.2484], [12.69002, 58.24855], [12.69019, 58.24863]]}, "properties": {"id": "trv-23762:195-3:1286429-0.8960_0.9930", "country": "se", "source": "TRV", "updated": "2026-09-12", "name": "poids max 5.0", "type": "poids_limite", "valeur": 5.0, "franchissable": true}}, {"type": "Feature", "geometry": {"type": "LineString", "coordinates": [[17.74776, 59.48379], [17.74785, 59.48388], [17.74803, 59.48408], [17.74819, 59.48428], [17.7483, 59.48442], [17.74844, 59.48457], [17.74857, 59.48467], [17.74865, 59.48472], [17.74874, 59.48474], [17.7489, 59.48479], [17.74922, 59.48488], [17.74925, 59.48489], [17.74947, 59.48496], [17.74966, 59.48501], [17.74968, 59.48501], [17.7498, 59.48505], [17.74993, 59.4851], [17.75032, 59.48527], [17.75083, 59.48549], [17.75111, 59.48562], [17.75138, 59.48575], [17.75161, 59.4859], [17.75187, 59.48614], [17.7521, 59.48636], [17.75215, 59.48645], [17.75212, 59.48655], [17.75204, 59.48668]]}, "properties": {"id": "trv-16437:170-3:1035539-0.0000_1.0000", "country": "se", "source": "TRV", "updated": "2026-09-12", "name": "poids max 3.5", "type": "poids_limite", "valeur": 3.5, "franchissable": true}}, {"type": "Feature", "geometry": {"type": "LineString", "coordinates": [[12.54184, 57.53396], [12.54204, 57.53393], [12.54213, 57.53389]]}, "properties": {"id": "trv-23762:757-3:1388782-0.0235_0.0727", "country": "se", "source": "TRV", "updated": "2026-09-12", "name": "poids max 7.0", "type": "poids_limite", "valeur": 7.0, "franchissable": true, "aussi_ensembles": "nej"}}, {"type": "Feature", "geometry": {"type": "LineString", "coordinates": [[12.93484, 56.08152], [12.93489, 56.08156], [12.93534, 56.08192], [12.93549, 56.08203]]}, "properties": {"id": "trv-22576:116788-3:1520771-0.0000_1.0000", "country": "se", "source": "TRV", "updated": "2026-09-12", "occurrences": 6, "name": "poids max 3.5", "type": "poids_limite", "valeur": 3.5, "franchissable": true, "aussi_ensembles": "nej"}}, {"type": "Feature", "geometry": {"type": "LineString", "coordinates": [[17.42527, 59.18442], [17.42541, 59.18427], [17.42548, 59.18418], [17.42565, 59.18399], [17.42599, 59.18363]]}, "properties": {"id": "trv-10715:70986-3:1084906-0.0000_1.0000", "country": "se", "source": "TRV", "updated": "2026-09-12", "name": "poids max 3.5", "type": "poids_limite", "valeur": 3.5, "franchissable": true, "aussi_ensembles": "nej"}}, {"type": "Feature", "geometry": {"type": "LineString", "coordinates": [[17.6294, 59.87582], [17.62951, 59.8754], [17.62956, 59.87519], [17.62955, 59.8751], [17.62952, 59.87499], [17.62936, 59.87478], [17.62935, 59.87477], [17.62927, 59.87468]]}, "properties": {"id": "trv-14401:5222-3:155370-0.0000_1.0000", "country": "se", "source": "TRV", "updated": "2026-09-12", "occurrences": 34, "name": "poids max 3.5", "type": "poids_limite", "valeur": 3.5, "franchissable": true, "aussi_ensembles": "ja"}}, {"type": "Feature", "geometry": {"type": "LineString", "coordinates": [[17.62927, 59.87468], [17.62939, 59.87469], [17.62946, 59.8747], [17.63056, 59.87479]]}, "properties": {"id": "trv-14401:5222-3:155369-0.0000_1.0000", "country": "se", "source": "TRV", "updated": "2026-09-12", "occurrences": 34, "name": "poids max 3.5", "type": "poids_limite", "valeur": 3.5, "franchissable": true, "aussi_ensembles": "ja"}}, {"type": "Feature", "geometry": {"type": "LineString", "coordinates": [[17.6314, 59.87487], [17.63118, 59.87544], [17.631, 59.87591], [17.63099, 59.87596]]}, "properties": {"id": "trv-14401:5222-3:155353-0.0000_1.0000", "country": "se", "source": "TRV", "updated": "2026-09-12", "occurrences": 34, "name": "poids max 3.5", "type": "poids_limite", "valeur": 3.5, "franchissable": true, "aussi_ensembles": "ja"}}, {"type": "Feature", "geometry": {"type": "LineString", "coordinates": [[17.6314, 59.87487], [17.63151, 59.87488], [17.63284, 59.875], [17.63291, 59.875]]}, "properties": {"id": "trv-14401:5222-3:155352-0.0000_1.0000", "country": "se", "source": "TRV", "updated": "2026-09-12", "occurrences": 34, "name": "poids max 3.5", "type": "poids_limite", "valeur": 3.5, "franchissable": true, "aussi_ensembles": "ja"}}, {"type": "Feature", "geometry": {"type": "LineString", "coordinates": [[17.63275, 59.87602], [17.63276, 59.87596], [17.63291, 59.875]]}, "properties": {"id": "trv-14401:5222-3:155333-0.0000_1.0000", "country": "se", "source": "TRV", "updated": "2026-09-12", "occurrences": 34, "name": "poids max 3.5", "type": "poids_limite", "valeur": 3.5, "franchissable": true, "aussi_ensembles": "ja"}}, {"type": "Feature", "geometry": {"type": "LineString", "coordinates": [[17.62934, 59.876], [17.62939, 59.8759], [17.6294, 59.87582]]}, "properties": {"id": "trv-14401:5222-3:155293-0.0000_1.0000", "country": "se", "source": "TRV", "updated": "2026-09-12", "occurrences": 34, "name": "poids max 3.5", "type": "poids_limite", "valeur": 3.5, "franchissable": true, "aussi_ensembles": "ja"}}, {"type": "Feature", "geometry": {"type": "LineString", "coordinates": [[17.6294, 59.87582], [17.62954, 59.87583], [17.63049, 59.87591], [17.63099, 59.87596]]}, "properties": {"id": "trv-14401:5222-3:155292-0.0000_1.0000", "country": "se", "source": "TRV", "updated": "2026-09-12", "occurrences": 34, "name": "poids max 3.5", "type": "poids_limite", "valeur": 3.5, "franchissable": true, "aussi_ensembles": "ja"}}, {"type": "Feature", "geometry": {"type": "LineString", "coordinates": [[17.6343, 59.87607], [17.63419, 59.87607], [17.63275, 59.87602]]}, "properties": {"id": "trv-14401:5222-3:155278-0.0000_1.0000", "country": "se", "source": "TRV", "updated": "2026-09-12", "occurrences": 34, "name": "poids max 3.5", "type": "poids_limite", "valeur": 3.5, "franchissable": true, "aussi_ensembles": "ja"}}, {"type": "Feature", "geometry": {"type": "LineString", "coordinates": [[17.62882, 59.87689], [17.62907, 59.87647], [17.62908, 59.87645], [17.6291, 59.87642], [17.62912, 59.87637]]}, "properties": {"id": "trv-14401:5222-3:155244-0.0000_1.0000", "country": "se", "source": "TRV", "updated": "2026-09-12", "occurrences": 34, "name": "poids max 3.5", "type": "poids_limite", "valeur": 3.5, "franchissable": true, "aussi_ensembles": "ja"}}, {"type": "Feature", "geometry": {"type": "LineString", "coordinates": [[16.86886, 62.37538], [16.86885, 62.37537], [16.86883, 62.37533], [16.86879, 62.37517], [16.86836, 62.37461], [16.86832, 62.37459]]}, "properties": {"id": "trv-10130:267656-3:780343-0.4622_0.7145", "country": "se", "source": "TRV", "updated": "2026-09-12", "name": "poids max 2.0", "type": "poids_limite", "valeur": 2.0, "franchissable": false, "aussi_ensembles": "ja"}}, {"type": "Feature", "geometry": {"type": "LineString", "coordinates": [[17.63177, 59.87655], [17.63183, 59.87604], [17.63183, 59.87599]]}, "properties": {"id": "trv-14401:5222-12574:7327-0.0000_1.0000", "country": "se", "source": "TRV", "updated": "2026-09-12", "occurrences": 34, "name": "poids max 3.5", "type": "poids_limite", "valeur": 3.5, "franchissable": true, "aussi_ensembles": "ja"}}, {"type": "Feature", "geometry": {"type": "LineString", "coordinates": [[17.63126, 59.87821], [17.63126, 59.87817], [17.63137, 59.87762]]}, "properties": {"id": "trv-14401:5222-12574:7315-0.0000_1.0000", "country": "se", "source": "TRV", "updated": "2026-09-12", "occurrences": 34, "name": "poids max 3.5", "type": "poids_limite", "valeur": 3.5, "franchissable": true, "aussi_ensembles": "ja"}}, {"type": "Feature", "geometry": {"type": "LineString", "coordinates": [[17.6313, 59.87276], [17.63127, 59.87282], [17.63107, 59.87338], [17.63079, 59.87418], [17.63058, 59.87474], [17.63056, 59.87479]]}, "properties": {"id": "trv-14401:5222-3:155537-0.0000_1.0000", "country": "se", "source": "TRV", "updated": "2026-09-12", "occurrences": 34, "name": "poids max 3.5", "type": "poids_limite", "valeur": 3.5, "franchissable": true, "aussi_ensembles": "ja"}}, {"type": "Feature", "geometry": {"type": "LineString", "coordinates": [[17.63331, 59.87366], [17.63368, 59.87348], [17.6338, 59.87345]]}, "properties": {"id": "trv-14401:5222-3:155465-0.0000_1.0000", "country": "se", "source": "TRV", "updated": "2026-09-12", "occurrences": 34, "name": "poids max 3.5", "type": "poids_limite", "valeur": 3.5, "franchissable": true, "aussi_ensembles": "ja"}}, {"type": "Feature", "geometry": {"type": "LineString", "coordinates": [[17.6338, 59.87345], [17.6339, 59.87348], [17.63395, 59.87349], [17.63453, 59.87376], [17.63453, 59.87379], [17.63451, 59.87446], [17.63448, 59.87471], [17.63442, 59.87521], [17.6343, 59.87607]]}, "properties": {"id": "trv-14401:5222-3:155464-0.0000_1.0000", "country": "se", "source": "TRV", "updated": "2026-09-12", "occurrences": 34, "name": "poids max 3.5", "type": "poids_limite", "valeur": 3.5, "franchissable": true, "aussi_ensembles": "ja"}}, {"type": "Feature", "geometry": {"type": "LineString", "coordinates": [[17.63331, 59.87366], [17.63186, 59.87381], [17.6318, 59.87383], [17.63176, 59.87386], [17.63157, 59.87439], [17.63142, 59.87482], [17.6314, 59.87487]]}, "properties": {"id": "trv-14401:5222-3:155440-0.0000_1.0000", "country": "se", "source": "TRV", "updated": "2026-09-12", "occurrences": 34, "name": "poids max 3.5", "type": "poids_limite", "valeur": 3.5, "franchissable": true, "aussi_ensembles": "ja"}}, {"type": "Feature", "geometry": {"type": "LineString", "coordinates": [[17.63423, 59.87665], [17.63416, 59.87664], [17.63177, 59.87655], [17.63155, 59.87655], [17.63078, 59.87652], [17.63024, 59.87649], [17.6292, 59.87638], [17.62912, 59.87637]]}, "properties": {"id": "trv-14401:5222-3:155243-0.0000_1.0000", "country": "se", "source": "TRV", "updated": "2026-09-12", "occurrences": 34, "name": "poids max 3.5", "type": "poids_limite", "valeur": 3.5, "franchissable": true, "aussi_ensembles": "ja"}}, {"type": "Feature", "geometry": {"type": "LineString", "coordinates": [[17.63416, 59.87719], [17.6341, 59.87719], [17.63293, 59.87716], [17.63244, 59.87714], [17.63157, 59.87709], [17.63136, 59.87708], [17.63104, 59.87706], [17.63052, 59.87702], [17.62985, 59.87697], [17.62888, 59.87689], [17.62882, 59.87689]]}, "properties": {"id": "trv-14401:5222-3:155205-0.0000_1.0000", "country": "se", "source": "TRV", "updated": "2026-09-12", "occurrences": 34, "name": "poids max 3.5", "type": "poids_limite", "valeur": 3.5, "franchissable": true, "aussi_ensembles": "ja"}}, {"type": "Feature", "geometry": {"type": "LineString", "coordinates": [[17.63409, 59.87774], [17.63402, 59.87774], [17.63243, 59.87768], [17.63137, 59.87762], [17.63116, 59.87761], [17.63103, 59.87761], [17.62977, 59.87752], [17.62932, 59.87749], [17.62862, 59.87742], [17.62856, 59.87742], [17.6285, 59.87741]]}, "properties": {"id": "trv-14401:5222-3:155159-0.0000_1.0000", "country": "se", "source": "TRV", "updated": "2026-09-12", "occurrences": 34, "name": "poids max 3.5", "type": "poids_limite", "valeur": 3.5, "franchissable": true, "aussi_ensembles": "ja"}}, {"type": "Feature", "geometry": {"type": "LineString", "coordinates": [[17.62817, 59.87795], [17.62784, 59.8785], [17.62781, 59.87854]]}, "properties": {"id": "trv-14401:5222-3:155114-0.0000_1.0000", "country": "se", "source": "TRV", "updated": "2026-09-12", "occurrences": 34, "name": "poids max 3.5", "type": "poids_limite", "valeur": 3.5, "franchissable": true, "aussi_ensembles": "ja"}}, {"type": "Feature", "geometry": {"type": "LineString", "coordinates": [[19.17454, 64.46105], [19.17451, 64.46104], [19.1742, 64.46098], [19.17418, 64.46098]]}, "properties": {"id": "trv-12785:129426-3:970880-0.0690_0.1300", "country": "se", "source": "TRV", "updated": "2026-09-12", "name": "poids max 4.0", "type": "poids_limite", "valeur": 4.0, "franchissable": true, "aussi_ensembles": "ja"}}, {"type": "Feature", "geometry": {"type": "LineString", "coordinates": [[12.56193, 60.09407], [12.56174, 60.09409]]}, "properties": {"id": "trv-10717:35572-3:650271-0.1405_0.2097", "country": "se", "source": "TRV", "updated": "2026-09-12", "name": "poids max 4.0", "type": "poids_limite", "valeur": 4.0, "franchissable": true, "aussi_ensembles": "ja"}}, {"type": "Feature", "geometry": {"type": "LineString", "coordinates": [[19.03483, 65.02278], [19.03465, 65.02281], [19.0343, 65.02284], [19.03358, 65.02288], [19.03301, 65.02292], [19.03244, 65.02295], [19.03207, 65.02297], [19.0318, 65.02295], [19.03153, 65.02291], [19.03077, 65.02278], [19.03011, 65.02267], [19.02981, 65.02264], [19.02889, 65.02261], [19.02854, 65.02257], [19.0283, 65.02252], [19.02794, 65.02239], [19.02762, 65.0223], [19.02726, 65.02223], [19.02644, 65.02207], [19.02588, 65.02197], [19.02509, 65.02182], [19.0243, 65.02167], [19.02373, 65.02156], [19.02336, 65.02151], [19.02279, 65.02148], [19.02268, 65.02145], [19.02261, 65.02139], [19.02252, 65.02124]]}, "properties": {"id": "trv-11103:11286-3:941529-0.0000_1.0000", "country": "se", "source": "TRV", "updated": "2026-09-12", "occurrences": 6, "name": "poids max 4.0", "type": "poids_limite", "valeur": 4.0, "franchissable": true, "aussi_ensembles": "ja"}}, {"type": "Feature", "geometry": {"type": "LineString", "coordinates": [[19.04412, 65.02104], [19.04411, 65.02118], [19.04407, 65.02124], [19.04397, 65.02129], [19.0433, 65.0214], [19.04277, 65.02148], [19.04237, 65.02155], [19.04225, 65.02157], [19.04173, 65.02165], [19.04121, 65.02174], [19.04062, 65.02183], [19.03997, 65.02193], [19.03868, 65.02214], [19.03745, 65.02234], [19.03667, 65.02247], [19.03608, 65.02256], [19.03548, 65.02265], [19.03512, 65.02272], [19.03483, 65.02278]]}, "properties": {"id": "trv-11103:11286-3:941512-0.0000_1.0000", "country": "se", "source": "TRV", "updated": "2026-09-12", "occurrences": 6, "name": "poids max 4.0", "type": "poids_limite", "valeur": 4.0, "franchissable": true, "aussi_ensembles": "ja"}}, {"type": "Feature", "geometry": {"type": "LineString", "coordinates": [[19.03483, 65.02278], [19.03512, 65.02311], [19.03537, 65.02328], [19.0357, 65.02344], [19.03613, 65.02361]]}, "properties": {"id": "trv-11103:11286-3:941437-0.0000_1.0000", "country": "se", "source": "TRV", "updated": "2026-09-12", "occurrences": 6, "name": "poids max 4.0", "type": "poids_limite", "valeur": 4.0, "franchissable": true, "aussi_ensembles": "ja"}}, {"type": "Feature", "geometry": {"type": "LineString", "coordinates": [[19.03613, 65.02361], [19.03666, 65.0238], [19.03732, 65.02404], [19.03773, 65.02421], [19.03808, 65.0244], [19.03837, 65.0246], [19.03867, 65.02479], [19.03897, 65.02499], [19.03928, 65.02518], [19.0396, 65.02537], [19.03993, 65.02557], [19.04032, 65.02575], [19.04068, 65.02592], [19.04104, 65.02609], [19.04141, 65.02625], [19.04178, 65.02642], [19.04215, 65.02658], [19.04285, 65.02691], [19.04428, 65.02756], [19.04479, 65.02784]]}, "properties": {"id": "trv-11103:11286-3:941393-0.0000_1.0000", "country": "se", "source": "TRV", "updated": "2026-09-12", "occurrences": 6, "name": "poids max 4.0", "type": "poids_limite", "valeur": 4.0, "franchissable": true, "aussi_ensembles": "ja"}}, {"type": "Feature", "geometry": {"type": "LineString", "coordinates": [[19.04479, 65.02784], [19.04503, 65.02798], [19.04656, 65.029], [19.04672, 65.02909], [19.04708, 65.02927], [19.04747, 65.02943], [19.04821, 65.02975], [19.0492, 65.03018], [19.05162, 65.03119], [19.05283, 65.03169]]}, "properties": {"id": "trv-11103:11286-3:941149-0.0000_1.0000", "country": "se", "source": "TRV", "updated": "2026-09-12", "occurrences": 6, "name": "poids max 4.0", "type": "poids_limite", "valeur": 4.0, "franchissable": true, "aussi_ensembles": "ja"}}, {"type": "Feature", "geometry": {"type": "LineString", "coordinates": [[19.05283, 65.03169], [19.05381, 65.0321], [19.05503, 65.03261], [19.05539, 65.03276], [19.05778, 65.03376], [19.0599, 65.03464], [19.06244, 65.03572], [19.06558, 65.03701], [19.06841, 65.03821], [19.07117, 65.03935], [19.07165, 65.03955], [19.07203, 65.03969], [19.07243, 65.03982], [19.07512, 65.04067], [19.07713, 65.0413], [19.07759, 65.04144], [19.07826, 65.04164], [19.0791, 65.0419], [19.07966, 65.0421], [19.08005, 65.04226], [19.08054, 65.04249], [19.08084, 65.04265], [19.08111, 65.04282], [19.08136, 65.04301], [19.08201, 65.04355]]}, "properties": {"id": "trv-11103:11286-3:940940-0.0000_1.0000", "country": "se", "source": "TRV", "updated": "2026-09-12", "occurrences": 6, "name": "poids max 4.0", "type": "poids_limite", "valeur": 4.0, "franchissable": true, "aussi_ensembles": "ja"}}, {"type": "Feature", "geometry": {"type": "LineString", "coordinates": [[16.88767, 61.76365], [16.88742, 61.7636], [16.88729, 61.76359], [16.88713, 61.76358], [16.88623, 61.7636], [16.88601, 61.7636], [16.8858, 61.7636], [16.88567, 61.7636], [16.885, 61.76358], [16.88363, 61.76354], [16.88317, 61.76353], [16.88298, 61.76353], [16.8827, 61.76353], [16.88248, 61.76354], [16.88178, 61.76358], [16.88155, 61.76358], [16.8814, 61.76358], [16.88105, 61.76357], [16.88036, 61.76355], [16.88014, 61.76354], [16.87998, 61.76354], [16.87985, 61.76354], [16.87974, 61.76355], [16.87949, 61.76357], [16.87924, 61.7636], [16.87895, 61.76364], [16.87872, 61.76366], [16.87855, 61.76368], [16.87817, 61.76369], [16.87798, 61.76369], [16.87771, 61.76367], [16.87754, 61.76366], [16.87724, 61.76362], [16.87709, 61.76359], [16.87685, 61.76354], [16.87662, 61.76349], [16.87635, 61.76341], [16.87622, 61.76337], [16.87606, 61.7633], [16.87585, 61.76319], [16.87565, 61.76307], [16.87544, 61.76295], [16.87524, 61.76284], [16.87511, 61.76277]]}, "properties": {"id": "trv-14454:48700-3:1137956-0.0000_1.0000", "country": "se", "source": "TRV", "updated": "2026-09-12", "name": "poids max 3.5", "type": "poids_limite", "valeur": 3.5, "franchissable": true, "aussi_ensembles": "nej"}}, {"type": "Feature", "geometry": {"type": "LineString", "coordinates": [[15.4912, 57.41005], [15.49143, 57.40994]]}, "properties": {"id": "trv-24182:387-3:102219-0.3789_0.4043", "country": "se", "source": "TRV", "updated": "2026-09-12", "name": "poids max 4.0", "type": "poids_limite", "valeur": 4.0, "franchissable": true, "aussi_ensembles": "nej"}}, {"type": "Feature", "geometry": {"type": "LineString", "coordinates": [[12.83267, 56.09129], [12.83258, 56.09138], [12.83247, 56.09149], [12.83238, 56.09154], [12.83223, 56.09163], [12.83205, 56.09169], [12.83161, 56.09176], [12.83139, 56.0918], [12.8312, 56.09187], [12.8302, 56.09217], [12.8301, 56.09221], [12.83007, 56.09223]]}, "properties": {"id": "trv-24195:1-1000:10410-0.5293_0.6045", "country": "se", "source": "TRV", "updated": "2026-09-12", "name": "poids max 3.5", "type": "poids_limite", "valeur": 3.5, "franchissable": true, "aussi_ensembles": "nej"}}, {"type": "Feature", "geometry": {"type": "LineString", "coordinates": [[12.63787, 56.98479], [12.63778, 56.98498], [12.6377, 56.98527], [12.63754, 56.98597], [12.6374, 56.98667], [12.6373, 56.9872], [12.63725, 56.98747], [12.63723, 56.98774], [12.63727, 56.98832], [12.63731, 56.98867], [12.63736, 56.98904], [12.63743, 56.98947], [12.63745, 56.98973], [12.63751, 56.99031], [12.63756, 56.99067], [12.6376, 56.99103], [12.63764, 56.99136], [12.63769, 56.99178], [12.63773, 56.99213], [12.63775, 56.99232], [12.63774, 56.99252], [12.63765, 56.99292], [12.63756, 56.99326], [12.63748, 56.99357], [12.63741, 56.99386], [12.63736, 56.99407], [12.63722, 56.99457], [12.63704, 56.99517], [12.63692, 56.99556], [12.63684, 56.99587], [12.63675, 56.99613], [12.63671, 56.9963], [12.63669, 56.99651], [12.63671, 56.99693], [12.63673, 56.99714], [12.63676, 56.99752], [12.63679, 56.99775], [12.63682, 56.99803], [12.63686, 56.99839], [12.63689, 56.99876], [12.6369, 56.99896], [12.63692, 56.99938], [12.63692, 56.99974]]}, "properties": {"id": "trv-15819:13429-1000:26537-0.2286_0.6114", "country": "se", "source": "TRV", "updated": "2026-09-12", "name": "poids max 3.5", "type": "poids_limite", "valeur": 3.5, "franchissable": true, "aussi_ensembles": "ja"}}, {"type": "Feature", "geometry": {"type": "LineString", "coordinates": [[16.16681, 60.15027], [16.16682, 60.15029], [16.16708, 60.15077], [16.1675, 60.15154], [16.16782, 60.1521]]}, "properties": {"id": "trv-16177:82126-1000:94528-0.3152_0.5217", "country": "se", "source": "TRV", "updated": "2026-09-12", "name": "poids max 3.5", "type": "poids_limite", "valeur": 3.5, "franchissable": true, "aussi_ensembles": "nej"}}, {"type": "Feature", "geometry": {"type": "LineString", "coordinates": [[15.98259, 60.28431], [15.98265, 60.2842], [15.98274, 60.28401], [15.98279, 60.28389], [15.98284, 60.28374], [15.98296, 60.28343]]}, "properties": {"id": "trv-14414:125935-3:622164-0.5833_1.0000", "country": "se", "source": "TRV", "updated": "2026-09-12", "name": "poids max 3.5", "type": "poids_limite", "valeur": 3.5, "franchissable": true, "aussi_ensembles": "nej"}}, {"type": "Feature", "geometry": {"type": "LineString", "coordinates": [[18.05369, 64.43058], [18.05354, 64.43063]]}, "properties": {"id": "trv-23762:2940-3:972927-0.0665_0.0698", "country": "se", "source": "TRV", "updated": "2026-09-12", "name": "poids max 4.0", "type": "poids_limite", "valeur": 4.0, "franchissable": true, "aussi_ensembles": "ja"}}, {"type": "Feature", "geometry": {"type": "LineString", "coordinates": [[13.05465, 55.60969], [13.05479, 55.60971], [13.05485, 55.60971], [13.05542, 55.60986], [13.05594, 55.60999], [13.05726, 55.61032], [13.05819, 55.61056], [13.05913, 55.61079], [13.06016, 55.61105], [13.06089, 55.61124], [13.06155, 55.6114], [13.06194, 55.6115], [13.06209, 55.61156], [13.0623, 55.61173], [13.06241, 55.61182], [13.0625, 55.61188]]}, "properties": {"id": "trv-11086:44466-12733:30632-0.0000_1.0000", "country": "se", "source": "TRV", "updated": "2026-09-12", "occurrences": 7, "name": "poids max 3.5", "type": "poids_limite", "valeur": 3.5, "franchissable": true, "aussi_ensembles": "ja"}}, {"type": "Feature", "geometry": {"type": "LineString", "coordinates": [[15.0251, 60.73211], [15.02503, 60.73219], [15.02495, 60.73227], [15.02484, 60.7324], [15.02477, 60.73252], [15.0247, 60.73266], [15.02468, 60.73276], [15.02467, 60.73286], [15.02468, 60.73298], [15.02469, 60.733], [15.02474, 60.73312], [15.0248, 60.73322], [15.02487, 60.73332], [15.02497, 60.73343]]}, "properties": {"id": "trv-16494:13868-3:587052-0.0000_1.0000", "country": "se", "source": "TRV", "updated": "2026-09-12", "occurrences": 16, "name": "poids max 4.0", "type": "poids_limite", "valeur": 4.0, "franchissable": true, "aussi_ensembles": "nej"}}, {"type": "Feature", "geometry": {"type": "LineString", "coordinates": [[14.97993, 60.69776], [14.9799, 60.69774], [14.97983, 60.6977], [14.9798, 60.69768]]}, "properties": {"id": "trv-10130:326537-3:590410-0.0905_0.2027", "country": "se", "source": "TRV", "updated": "2026-09-12", "name": "poids max 2.0", "type": "poids_limite", "valeur": 2.0, "franchissable": false, "aussi_ensembles": "ja"}}, {"type": "Feature", "geometry": {"type": "LineString", "coordinates": [[13.63594, 57.28556], [13.63594, 57.28561]]}, "properties": {"id": "trv-16132:31819-10084:3276-0.9488_1.0000", "country": "se", "source": "TRV", "updated": "2026-09-12", "name": "poids max 3.5", "type": "poids_limite", "valeur": 3.5, "franchissable": true, "aussi_ensembles": "nej"}}, {"type": "Feature", "geometry": {"type": "LineString", "coordinates": [[13.63588, 57.28503], [13.63594, 57.28556]]}, "properties": {"id": "trv-16132:31817-10084:3276-0.4040_0.9488", "country": "se", "source": "TRV", "updated": "2026-09-12", "name": "poids max 3.5", "type": "poids_limite", "valeur": 3.5, "franchissable": true, "aussi_ensembles": "nej"}}, {"type": "Feature", "geometry": {"type": "LineString", "coordinates": [[14.36238, 59.78998], [14.36236, 59.79004], [14.36231, 59.79012]]}, "properties": {"id": "trv-23762:6683-3:669246-0.6361_0.8361", "country": "se", "source": "TRV", "updated": "2026-09-12", "name": "poids max 3.0", "type": "poids_limite", "valeur": 3.0, "franchissable": false, "aussi_ensembles": "ja"}}, {"type": "Feature", "geometry": {"type": "LineString", "coordinates": [[17.33015, 62.48981], [17.33007, 62.4899], [17.33002, 62.48995], [17.32991, 62.49005], [17.32981, 62.49015], [17.32948, 62.49043], [17.32895, 62.49087], [17.32856, 62.4912], [17.32819, 62.4915], [17.32787, 62.49178], [17.32769, 62.49191], [17.32752, 62.49207], [17.32663, 62.49282], [17.32647, 62.49297], [17.32635, 62.49312], [17.32628, 62.49323], [17.32622, 62.49336], [17.32621, 62.49347]]}, "properties": {"id": "trv-22542:20931-1000:106381-0.7211_0.8380", "country": "se", "source": "TRV", "updated": "2026-09-12", "name": "poids max 3.5", "type": "poids_limite", "valeur": 3.5, "franchissable": true, "aussi_ensembles": "ja"}}, {"type": "Feature", "geometry": {"type": "LineString", "coordinates": [[17.33015, 62.48981], [17.33009, 62.48981], [17.33003, 62.48979], [17.32998, 62.48976], [17.32994, 62.48971], [17.32995, 62.48967], [17.32997, 62.48965], [17.33002, 62.48962], [17.33009, 62.4896], [17.3302, 62.48959]]}, "properties": {"id": "trv-22542:20919-13646:58077-0.0000_1.0000", "country": "se", "source": "TRV", "updated": "2026-09-12", "name": "poids max 3.5", "type": "poids_limite", "valeur": 3.5, "franchissable": true, "aussi_ensembles": "ja"}}, {"type": "Feature", "geometry": {"type": "LineString", "coordinates": [[17.3302, 62.48959], [17.3303, 62.48961], [17.33036, 62.48963], [17.33041, 62.48966], [17.33044, 62.48969], [17.33044, 62.48973], [17.33043, 62.48976], [17.33039, 62.48979], [17.33034, 62.4898], [17.33028, 62.48981], [17.33021, 62.48981], [17.33015, 62.48981]]}, "properties": {"id": "trv-22542:20917-13646:58072-0.0000_1.0000", "country": "se", "source": "TRV", "updated": "2026-09-12", "name": "poids max 3.5", "type": "poids_limite", "valeur": 3.5, "franchissable": true, "aussi_ensembles": "ja"}}, {"type": "Feature", "geometry": {"type": "LineString", "coordinates": [[17.32875, 62.47991], [17.32874, 62.48006], [17.3287, 62.48016], [17.32862, 62.48024], [17.32849, 62.48035], [17.32833, 62.48052], [17.32823, 62.48067], [17.32814, 62.48084], [17.32807, 62.48101], [17.328, 62.48121], [17.32798, 62.4814], [17.32795, 62.48161], [17.32795, 62.48189], [17.32795, 62.48192], [17.32796, 62.48247], [17.32795, 62.48255], [17.328, 62.48304], [17.32805, 62.48338], [17.32806, 62.48343], [17.32815, 62.48394], [17.32829, 62.48454], [17.32835, 62.48472], [17.32851, 62.48502], [17.32855, 62.48508], [17.32864, 62.48521], [17.32884, 62.48544], [17.32887, 62.48548], [17.32928, 62.48598], [17.32931, 62.48603], [17.32933, 62.48605], [17.3295, 62.48625], [17.32961, 62.48638], [17.33012, 62.48699], [17.33054, 62.48751], [17.33063, 62.48767], [17.33067, 62.48778], [17.3307, 62.4879], [17.33071, 62.48802], [17.33069, 62.48813], [17.33066, 62.48828], [17.33059, 62.48842], [17.33053, 62.48863], [17.33052, 62.48867], [17.33032, 62.48923], [17.33022, 62.48954], [17.3302, 62.48959]]}, "properties": {"id": "trv-22542:20929-1000:106381-0.4361_0.7157", "country": "se", "source": "TRV", "updated": "2026-09-12", "name": "poids max 3.5", "type": "poids_limite", "valeur": 3.5, "franchissable": true, "aussi_ensembles": "ja"}}, {"type": "Feature", "geometry": {"type": "LineString", "coordinates": [[16.21656, 63.1605], [16.21682, 63.16053], [16.21761, 63.16065], [16.21765, 63.16065]]}, "properties": {"id": "trv-16524:55319-3:393172-0.5126_0.8523", "country": "se", "source": "TRV", "updated": "2026-09-12", "name": "poids max 6.0", "type": "poids_limite", "valeur": 6.0, "franchissable": true, "aussi_ensembles": "ja"}}, {"type": "Feature", "geometry": {"type": "LineString", "coordinates": [[14.97608, 60.69935], [14.97596, 60.69951], [14.97579, 60.69974], [14.97566, 60.69996], [14.97557, 60.70018], [14.97548, 60.7004], [14.97542, 60.70046], [14.97526, 60.70059], [14.97509, 60.70075], [14.97447, 60.70126], [14.97385, 60.70174], [14.97376, 60.70184], [14.97359, 60.702], [14.97331, 60.70228], [14.97315, 60.70245], [14.97301, 60.70254], [14.97289, 60.70261], [14.97272, 60.70267], [14.97252, 60.70273], [14.97227, 60.70278], [14.97153, 60.7029], [14.97118, 60.70293], [14.97094, 60.70295], [14.97078, 60.70296], [14.9706, 60.70297], [14.97004, 60.70297], [14.96897, 60.70294], [14.96867, 60.70295], [14.96865, 60.70295], [14.96851, 60.70297], [14.96824, 60.70302], [14.96794, 60.70309], [14.96746, 60.70322], [14.96695, 60.70338]]}, "properties": {"id": "trv-10130:326542-3:590209-0.0000_1.0000", "country": "se", "source": "TRV", "updated": "2026-09-12", "name": "poids max 6.0", "type": "poids_limite", "valeur": 6.0, "franchissable": true, "aussi_ensembles": "ja"}}, {"type": "Feature", "geometry": {"type": "LineString", "coordinates": [[14.9628, 58.03348], [14.96278, 58.03344], [14.96263, 58.03315], [14.96248, 58.03295], [14.96211, 58.03271]]}, "properties": {"id": "trv-22853:7545-3:53513-0.0000_1.0000", "country": "se", "source": "TRV", "updated": "2026-09-12", "occurrences": 5, "name": "poids max 3.5", "type": "poids_limite", "valeur": 3.5, "franchissable": true, "aussi_ensembles": "ja"}}, {"type": "Feature", "geometry": {"type": "LineString", "coordinates": [[14.96211, 58.03271], [14.96203, 58.03266], [14.96192, 58.03259], [14.96179, 58.03241], [14.96161, 58.03162], [14.96157, 58.0315], [14.96156, 58.03145]]}, "properties": {"id": "trv-22853:7545-3:53611-0.0000_1.0000", "country": "se", "source": "TRV", "updated": "2026-09-12", "occurrences": 5, "name": "poids max 3.5", "type": "poids_limite", "valeur": 3.5, "franchissable": true, "aussi_ensembles": "ja"}}, {"type": "Feature", "geometry": {"type": "LineString", "coordinates": [[14.96156, 58.03145], [14.96125, 58.0305], [14.96114, 58.03018], [14.96108, 58.03008], [14.96043, 58.02959]]}, "properties": {"id": "trv-22853:7545-3:53766-0.0000_1.0000", "country": "se", "source": "TRV", "updated": "2026-09-12", "occurrences": 5, "name": "poids max 3.5", "type": "poids_limite", "valeur": 3.5, "franchissable": true, "aussi_ensembles": "ja"}}, {"type": "Feature", "geometry": {"type": "LineString", "coordinates": [[14.95883, 58.02838], [14.96043, 58.02959]]}, "properties": {"id": "trv-22853:7545-3:53832-0.0000_1.0000", "country": "se", "source": "TRV", "updated": "2026-09-12", "occurrences": 5, "name": "poids max 3.5", "type": "poids_limite", "valeur": 3.5, "franchissable": true, "aussi_ensembles": "ja"}}, {"type": "Feature", "geometry": {"type": "LineString", "coordinates": [[14.95883, 58.02838], [14.95875, 58.02832], [14.95794, 58.02771], [14.95759, 58.02744], [14.95747, 58.02732], [14.95743, 58.02716], [14.95749, 58.02702], [14.95773, 58.02672], [14.95795, 58.02654]]}, "properties": {"id": "trv-22853:7545-3:53943-0.0000_1.0000", "country": "se", "source": "TRV", "updated": "2026-09-12", "occurrences": 5, "name": "poids max 3.5", "type": "poids_limite", "valeur": 3.5, "franchissable": true, "aussi_ensembles": "ja"}}, {"type": "Feature", "geometry": {"type": "LineString", "coordinates": [[14.95795, 58.03365], [14.95803, 58.03276], [14.95804, 58.03263], [14.95804, 58.03229], [14.95802, 58.03166], [14.95801, 58.03148]]}, "properties": {"id": "trv-22853:7570-3:53603-0.0000_1.0000", "country": "se", "source": "TRV", "updated": "2026-09-12", "occurrences": 5, "name": "poids max 3.5", "type": "poids_limite", "valeur": 3.5, "franchissable": true, "aussi_ensembles": "ja"}}, {"type": "Feature", "geometry": {"type": "LineString", "coordinates": [[14.95801, 58.03148], [14.95781, 58.03047], [14.95778, 58.03027], [14.95777, 58.03001], [14.95782, 58.02974], [14.95793, 58.02949], [14.95809, 58.02924], [14.95825, 58.02899], [14.95843, 58.02874], [14.95862, 58.02851], [14.95862, 58.02851], [14.95876, 58.02843], [14.95883, 58.02838]]}, "properties": {"id": "trv-22853:7570-3:53833-0.0000_1.0000", "country": "se", "source": "TRV", "updated": "2026-09-12", "occurrences": 5, "name": "poids max 3.5", "type": "poids_limite", "valeur": 3.5, "franchissable": true, "aussi_ensembles": "ja"}}, {"type": "Feature", "geometry": {"type": "LineString", "coordinates": [[14.96043, 58.02959], [14.96036, 58.02961], [14.96024, 58.02966], [14.96003, 58.02981], [14.95986, 58.02996], [14.95973, 58.03013], [14.95965, 58.03031], [14.95963, 58.03048], [14.95962, 58.03147]]}, "properties": {"id": "trv-22853:7570-3:53767-0.0000_1.0000", "country": "se", "source": "TRV", "updated": "2026-09-12", "occurrences": 5, "name": "poids max 3.5", "type": "poids_limite", "valeur": 3.5, "franchissable": true, "aussi_ensembles": "ja"}}, {"type": "Feature", "geometry": {"type": "LineString", "coordinates": [[14.95962, 58.03147], [14.95965, 58.03249]]}, "properties": {"id": "trv-22853:7570-3:53607-0.0000_1.0000", "country": "se", "source": "TRV", "updated": "2026-09-12", "occurrences": 5, "name": "poids max 3.5", "type": "poids_limite", "valeur": 3.5, "franchissable": true, "aussi_ensembles": "ja"}}, {"type": "Feature", "geometry": {"type": "LineString", "coordinates": [[14.95965, 58.03249], [14.95967, 58.03264], [14.95982, 58.03351], [14.95983, 58.03355]]}, "properties": {"id": "trv-22853:7570-3:53526-0.0000_1.0000", "country": "se", "source": "TRV", "updated": "2026-09-12", "occurrences": 5, "name": "poids max 3.5", "type": "poids_limite", "valeur": 3.5, "franchissable": true, "aussi_ensembles": "ja"}}, {"type": "Feature", "geometry": {"type": "LineString", "coordinates": [[14.95965, 58.03249], [14.96046, 58.03255], [14.96075, 58.03259], [14.96109, 58.03265], [14.96138, 58.0327], [14.96157, 58.0327], [14.96211, 58.03271]]}, "properties": {"id": "trv-22853:7574-3:53525-0.0000_1.0000", "country": "se", "source": "TRV", "updated": "2026-09-12", "name": "poids max 3.5", "type": "poids_limite", "valeur": 3.5, "franchissable": true, "aussi_ensembles": "ja"}}, {"type": "Feature", "geometry": {"type": "LineString", "coordinates": [[14.95454, 58.03381], [14.95404, 58.03379], [14.95377, 58.03376], [14.95349, 58.03371], [14.95334, 58.03368], [14.95317, 58.03363]]}, "properties": {"id": "trv-22853:7578-3:53434-0.0000_1.0000", "country": "se", "source": "TRV", "updated": "2026-09-12", "occurrences": 9, "name": "poids max 3.5", "type": "poids_limite", "valeur": 3.5, "franchissable": true, "aussi_ensembles": "ja"}}, {"type": "Feature", "geometry": {"type": "LineString", "coordinates": [[14.95801, 58.03148], [14.95794, 58.03148], [14.95716, 58.03152], [14.95686, 58.03159], [14.95651, 58.03173], [14.95618, 58.03187], [14.95588, 58.03199], [14.95564, 58.03211], [14.95548, 58.03223], [14.95537, 58.03237], [14.95524, 58.03261], [14.95454, 58.03381]]}, "properties": {"id": "trv-22853:7578-3:53604-0.0000_1.0000", "country": "se", "source": "TRV", "updated": "2026-09-12", "occurrences": 9, "name": "poids max 3.5", "type": "poids_limite", "valeur": 3.5, "franchissable": true, "aussi_ensembles": "ja"}}, {"type": "Feature", "geometry": {"type": "LineString", "coordinates": [[14.95962, 58.03147], [14.95882, 58.03144], [14.95801, 58.03148]]}, "properties": {"id": "trv-22853:7578-3:53610-0.0000_1.0000", "country": "se", "source": "TRV", "updated": "2026-09-12", "occurrences": 9, "name": "poids max 3.5", "type": "poids_limite", "valeur": 3.5, "franchissable": true, "aussi_ensembles": "ja"}}, {"type": "Feature", "geometry": {"type": "LineString", "coordinates": [[14.96121, 58.03153], [14.95962, 58.03147]]}, "properties": {"id": "trv-22853:7578-3:53612-0.1962_1.0000", "country": "se", "source": "TRV", "updated": "2026-09-12", "occurrences": 9, "name": "poids max 3.5", "type": "poids_limite", "valeur": 3.5, "franchissable": true, "aussi_ensembles": "ja"}}, {"type": "Feature", "geometry": {"type": "LineString", "coordinates": [[14.96121, 58.03153], [14.96157, 58.0315]]}, "properties": {"id": "trv-22853:7578-12727:13332-0.0000_1.0000", "country": "se", "source": "TRV", "updated": "2026-09-12", "occurrences": 9, "name": "poids max 3.5", "type": "poids_limite", "valeur": 3.5, "franchissable": true, "aussi_ensembles": "ja"}}, {"type": "Feature", "geometry": {"type": "LineString", "coordinates": [[14.96156, 58.03145], [14.96172, 58.03139], [14.96229, 58.03128], [14.96302, 58.03121]]}, "properties": {"id": "trv-22853:7578-3:53640-0.0000_1.0000", "country": "se", "source": "TRV", "updated": "2026-09-12", "occurrences": 9, "name": "poids max 3.5", "type": "poids_limite", "valeur": 3.5, "franchissable": true, "aussi_ensembles": "ja"}}, {"type": "Feature", "geometry": {"type": "LineString", "coordinates": [[14.9638, 58.03115], [14.96302, 58.03121]]}, "properties": {"id": "trv-22853:7578-3:53647-0.0000_1.0000", "country": "se", "source": "TRV", "updated": "2026-09-12", "occurrences": 9, "name": "poids max 3.5", "type": "poids_limite", "valeur": 3.5, "franchissable": true, "aussi_ensembles": "ja"}}, {"type": "Feature", "geometry": {"type": "LineString", "coordinates": [[14.9645, 58.03108], [14.9638, 58.03115]]}, "properties": {"id": "trv-22853:7578-3:53652-0.0000_1.0000", "country": "se", "source": "TRV", "updated": "2026-09-12", "occurrences": 9, "name": "poids max 3.5", "type": "poids_limite", "valeur": 3.5, "franchissable": true, "aussi_ensembles": "ja"}}, {"type": "Feature", "geometry": {"type": "LineString", "coordinates": [[14.96848, 58.03165], [14.96828, 58.03161], [14.96817, 58.03158], [14.96771, 58.03147], [14.96669, 58.0312], [14.96635, 58.03112], [14.96605, 58.03107], [14.96575, 58.03103], [14.96546, 58.03102], [14.96517, 58.03102], [14.96491, 58.03105], [14.9645, 58.03108]]}, "properties": {"id": "trv-22853:7578-3:53664-0.0000_1.0000", "country": "se", "source": "TRV", "updated": "2026-09-12", "occurrences": 9, "name": "poids max 3.5", "type": "poids_limite", "valeur": 3.5, "franchissable": true, "aussi_ensembles": "ja"}}, {"type": "Feature", "geometry": {"type": "LineString", "coordinates": [[14.95454, 58.03381], [14.95404, 58.03379], [14.95377, 58.03376], [14.95349, 58.03371], [14.95334, 58.03368], [14.95317, 58.03363]]}, "properties": {"id": "trv-22853:7582-3:53434-0.0000_1.0000", "country": "se", "source": "TRV", "updated": "2026-09-12", "occurrences": 11, "name": "poids max 3.5", "type": "poids_limite", "valeur": 3.5, "franchissable": true, "aussi_ensembles": "ja"}}, {"type": "Feature", "geometry": {"type": "LineString", "coordinates": [[14.95801, 58.03148], [14.95794, 58.03148], [14.95716, 58.03152], [14.95686, 58.03159], [14.95651, 58.03173], [14.95618, 58.03187], [14.95588, 58.03199], [14.95564, 58.03211], [14.95548, 58.03223], [14.95537, 58.03237], [14.95524, 58.03261], [14.95454, 58.03381]]}, "properties": {"id": "trv-22853:7582-3:53604-0.0000_1.0000", "country": "se", "source": "TRV", "updated": "2026-09-12", "occurrences": 11, "name": "poids max 3.5", "type": "poids_limite", "valeur": 3.5, "franchissable": true, "aussi_ensembles": "ja"}}, {"type": "Feature", "geometry": {"type": "LineString", "coordinates": [[14.95962, 58.03147], [14.95882, 58.03144], [14.95801, 58.03148]]}, "properties": {"id": "trv-22853:7582-3:53610-0.0000_1.0000", "country": "se", "source": "TRV", "updated": "2026-09-12", "occurrences": 11, "name": "poids max 3.5", "type": "poids_limite", "valeur": 3.5, "franchissable": true, "aussi_ensembles": "ja"}}, {"type": "Feature", "geometry": {"type": "LineString", "coordinates": [[14.96121, 58.03153], [14.95962, 58.03147]]}, "properties": {"id": "trv-22853:7582-3:53612-0.1962_1.0000", "country": "se", "source": "TRV", "updated": "2026-09-12", "occurrences": 11, "name": "poids max 3.5", "type": "poids_limite", "valeur": 3.5, "franchissable": true, "aussi_ensembles": "ja"}}, {"type": "Feature", "geometry": {"type": "LineString", "coordinates": [[14.96121, 58.03153], [14.96157, 58.0315]]}, "properties": {"id": "trv-22853:7582-12727:13332-0.0000_1.0000", "country": "se", "source": "TRV", "updated": "2026-09-12", "occurrences": 11, "name": "poids max 3.5", "type": "poids_limite", "valeur": 3.5, "franchissable": true, "aussi_ensembles": "ja"}}, {"type": "Feature", "geometry": {"type": "LineString", "coordinates": [[14.96156, 58.03145], [14.96172, 58.03139], [14.96229, 58.03128], [14.96302, 58.03121]]}, "properties": {"id": "trv-22853:7582-3:53640-0.0000_1.0000", "country": "se", "source": "TRV", "updated": "2026-09-12", "occurrences": 11, "name": "poids max 3.5", "type": "poids_limite", "valeur": 3.5, "franchissable": true, "aussi_ensembles": "ja"}}, {"type": "Feature", "geometry": {"type": "LineString", "coordinates": [[14.9638, 58.03115], [14.96302, 58.03121]]}, "properties": {"id": "trv-22853:7582-3:53647-0.0000_1.0000", "country": "se", "source": "TRV", "updated": "2026-09-12", "occurrences": 11, "name": "poids max 3.5", "type": "poids_limite", "valeur": 3.5, "franchissable": true, "aussi_ensembles": "ja"}}, {"type": "Feature", "geometry": {"type": "LineString", "coordinates": [[14.9645, 58.03108], [14.9638, 58.03115]]}, "properties": {"id": "trv-22853:7582-3:53652-0.0000_1.0000", "country": "se", "source": "TRV", "updated": "2026-09-12", "occurrences": 11, "name": "poids max 3.5", "type": "poids_limite", "valeur": 3.5, "franchissable": true, "aussi_ensembles": "ja"}}, {"type": "Feature", "geometry": {"type": "LineString", "coordinates": [[14.96848, 58.03165], [14.96828, 58.03161], [14.96817, 58.03158], [14.96771, 58.03147], [14.96669, 58.0312], [14.96635, 58.03112], [14.96605, 58.03107], [14.96575, 58.03103], [14.96546, 58.03102], [14.96517, 58.03102], [14.96491, 58.03105], [14.9645, 58.03108]]}, "properties": {"id": "trv-22853:7582-3:53664-0.0000_1.0000", "country": "se", "source": "TRV", "updated": "2026-09-12", "occurrences": 11, "name": "poids max 3.5", "type": "poids_limite", "valeur": 3.5, "franchissable": true, "aussi_ensembles": "ja"}}, {"type": "Feature", "geometry": {"type": "LineString", "coordinates": [[14.9645, 58.03108], [14.96449, 58.03105], [14.96431, 58.03052], [14.96428, 58.03042]]}, "properties": {"id": "trv-22853:7582-3:53713-0.0000_1.0000", "country": "se", "source": "TRV", "updated": "2026-09-12", "occurrences": 11, "name": "poids max 3.5", "type": "poids_limite", "valeur": 3.5, "franchissable": true, "aussi_ensembles": "ja"}}, {"type": "Feature", "geometry": {"type": "LineString", "coordinates": [[14.96302, 58.03121], [14.963, 58.03118], [14.96278, 58.03051], [14.96261, 58.03001], [14.96255, 58.02993], [14.96165, 58.02949], [14.96128, 58.02931], [14.96117, 58.02931], [14.96043, 58.02959]]}, "properties": {"id": "trv-22853:7582-3:53778-0.0000_1.0000", "country": "se", "source": "TRV", "updated": "2026-09-12", "occurrences": 11, "name": "poids max 3.5", "type": "poids_limite", "valeur": 3.5, "franchissable": true, "aussi_ensembles": "ja"}}, {"type": "Feature", "geometry": {"type": "LineString", "coordinates": [[13.27186, 62.4377], [13.27201, 62.43773], [13.27273, 62.43782], [13.27338, 62.43791], [13.27405, 62.43801], [13.27409, 62.43802]]}, "properties": {"id": "trv-12750:165854-1000:104771-0.1148_0.1454", "country": "se", "source": "TRV", "updated": "2026-09-12", "name": "poids max 4.0", "type": "poids_limite", "valeur": 4.0, "franchissable": true, "aussi_ensembles": "ja"}}, {"type": "Feature", "geometry": {"type": "LineString", "coordinates": [[17.62899, 59.87636], [17.62887, 59.87635], [17.62884, 59.87635], [17.62833, 59.87635], [17.6281, 59.87635], [17.62793, 59.87636], [17.62775, 59.87641], [17.62748, 59.87649], [17.62719, 59.87657]]}, "properties": {"id": "trv-14401:5222-12574:5482-0.0000_0.3511", "country": "se", "source": "TRV", "updated": "2026-09-12", "occurrences": 34, "name": "poids max 3.5", "type": "poids_limite", "valeur": 3.5, "franchissable": true, "aussi_ensembles": "ja"}}, {"type": "Feature", "geometry": {"type": "LineString", "coordinates": [[17.62817, 59.87795], [17.62826, 59.87796], [17.62917, 59.87806], [17.63035, 59.87815], [17.63075, 59.87818], [17.63126, 59.87821], [17.6325, 59.87826], [17.63391, 59.8783], [17.63399, 59.87828], [17.63402, 59.87824], [17.63409, 59.87774]]}, "properties": {"id": "trv-14401:5222-3:155124-0.0000_1.0000", "country": "se", "source": "TRV", "updated": "2026-09-12", "occurrences": 34, "name": "poids max 3.5", "type": "poids_limite", "valeur": 3.5, "franchissable": true, "aussi_ensembles": "ja"}}, {"type": "Feature", "geometry": {"type": "LineString", "coordinates": [[12.98698, 55.60849], [12.9869, 55.60849], [12.98673, 55.60847], [12.98665, 55.60846], [12.98661, 55.60845], [12.98656, 55.60844], [12.98651, 55.60842], [12.98648, 55.6084], [12.98639, 55.60833], [12.98624, 55.6082], [12.98589, 55.6079], [12.98569, 55.60772]]}, "properties": {"id": "trv-16531:29557-23025:2941-0.0000_1.0000", "country": "se", "source": "TRV", "updated": "2026-09-12", "occurrences": 2, "name": "poids max 3.5", "type": "poids_limite", "valeur": 3.5, "franchissable": true, "aussi_ensembles": "nej"}}, {"type": "Feature", "geometry": {"type": "LineString", "coordinates": [[12.98754, 55.60856], [12.98698, 55.60849]]}, "properties": {"id": "trv-16531:29557-16589:12845-0.5446_0.6552", "country": "se", "source": "TRV", "updated": "2026-09-12", "occurrences": 2, "name": "poids max 3.5", "type": "poids_limite", "valeur": 3.5, "franchissable": true, "aussi_ensembles": "nej"}}, {"type": "Feature", "geometry": {"type": "LineString", "coordinates": [[18.28006, 57.63076], [18.28013, 57.63083], [18.28032, 57.63106], [18.28054, 57.63133], [18.28071, 57.63154], [18.28085, 57.63168], [18.28106, 57.63189], [18.2813, 57.63211], [18.28158, 57.63237], [18.28186, 57.63263], [18.28198, 57.63276], [18.28225, 57.63298], [18.28249, 57.63317], [18.2827, 57.63334], [18.28284, 57.63345], [18.28303, 57.63355], [18.28323, 57.63364], [18.28352, 57.63375], [18.28385, 57.63388], [18.28414, 57.63399], [18.28434, 57.63404], [18.2845, 57.63406], [18.28471, 57.63407], [18.28492, 57.6341], [18.28508, 57.63413], [18.28525, 57.63417], [18.28556, 57.63417], [18.28564, 57.63416], [18.28579, 57.63414], [18.28586, 57.63413], [18.28612, 57.63408], [18.28639, 57.634], [18.28649, 57.63396], [18.28695, 57.63381]]}, "properties": {"id": "trv-16409:800-3:41138-0.0000_1.0000", "country": "se", "source": "TRV", "updated": "2026-09-12", "name": "poids max 7.0", "type": "poids_limite", "valeur": 7.0, "franchissable": true, "aussi_ensembles": "nej"}}, {"type": "Feature", "geometry": {"type": "LineString", "coordinates": [[20.20356, 67.85864], [20.20335, 67.85855], [20.20316, 67.85845], [20.20299, 67.85835], [20.20285, 67.85824], [20.20226, 67.85774], [20.20174, 67.85735], [20.20115, 67.85698], [20.20047, 67.85662], [20.19973, 67.85629]]}, "properties": {"id": "trv-10719:12155-11162:78891-0.5034_1.0000", "country": "se", "source": "TRV", "updated": "2026-09-12", "occurrences": 3, "name": "poids max 5.0", "type": "poids_limite", "valeur": 5.0, "franchissable": true, "aussi_ensembles": "ja"}}, {"type": "Feature", "geometry": {"type": "LineString", "coordinates": [[12.87418, 56.69084], [12.87398, 56.69092], [12.87385, 56.69097], [12.87346, 56.69112], [12.87338, 56.69115], [12.87318, 56.69123], [12.87308, 56.69128], [12.87292, 56.69134], [12.87262, 56.69146], [12.87238, 56.69155], [12.87208, 56.69167], [12.87189, 56.69174], [12.87176, 56.69178], [12.87166, 56.69181], [12.87162, 56.69183], [12.87134, 56.69193], [12.87091, 56.6921], [12.87071, 56.69219], [12.87064, 56.69224], [12.8706, 56.69227], [12.87053, 56.69231], [12.87051, 56.69234], [12.87048, 56.69237], [12.87044, 56.6924], [12.87041, 56.69243], [12.87037, 56.69247], [12.87028, 56.69256], [12.87021, 56.69264], [12.87016, 56.69269], [12.87012, 56.69273], [12.87011, 56.69275], [12.87009, 56.69277], [12.87006, 56.69281], [12.87005, 56.69284], [12.87002, 56.6929], [12.87, 56.69295], [12.86997, 56.69305]]}, "properties": {"id": "trv-11093:114925-3:272472-0.2904_0.9930", "country": "se", "source": "TRV", "updated": "2026-09-12", "name": "poids max 3.5", "type": "poids_limite", "valeur": 3.5, "franchissable": true, "aussi_ensembles": "ja"}}, {"type": "Feature", "geometry": {"type": "LineString", "coordinates": [[18.68, 64.5925], [18.67995, 64.5928], [18.67992, 64.59296], [18.6799, 64.59305], [18.67982, 64.59315], [18.67972, 64.59323], [18.67954, 64.59335]]}, "properties": {"id": "trv-12592:61880-3:964917-0.0871_0.8873", "country": "se", "source": "TRV", "updated": "2026-09-12", "name": "poids max 3.5", "type": "poids_limite", "valeur": 3.5, "franchissable": true, "aussi_ensembles": "nej"}}, {"type": "Feature", "geometry": {"type": "LineString", "coordinates": [[12.09261, 57.51394], [12.09263, 57.51403], [12.09257, 57.51412], [12.09246, 57.51424], [12.09244, 57.51427], [12.09242, 57.5143], [12.09231, 57.51444], [12.09223, 57.51457], [12.09213, 57.51471], [12.09211, 57.51475], [12.09207, 57.51483], [12.092, 57.51499], [12.09185, 57.51531], [12.09179, 57.51545], [12.09176, 57.51554], [12.09174, 57.51561], [12.09172, 57.51571], [12.09172, 57.5158], [12.09173, 57.51588], [12.09177, 57.51605], [12.09184, 57.5163], [12.0919, 57.51644], [12.09195, 57.51651], [12.09206, 57.51665], [12.09215, 57.51675], [12.09222, 57.51686], [12.09229, 57.51695], [12.09239, 57.51702], [12.09248, 57.51707], [12.09259, 57.51714], [12.09283, 57.51724], [12.09304, 57.51734], [12.09324, 57.51744], [12.09344, 57.51754], [12.09367, 57.51765], [12.09388, 57.51777], [12.09414, 57.51789], [12.09429, 57.51797], [12.09439, 57.51803], [12.09449, 57.5181], [12.09457, 57.51816], [12.09507, 57.51861], [12.09541, 57.51892], [12.09554, 57.51902], [12.09563, 57.51909], [12.09572, 57.51914], [12.09584, 57.51918], [12.09603, 57.51924], [12.09639, 57.51933], [12.09654, 57.51938], [12.09673, 57.51944], [12.09701, 57.51954], [12.09735, 57.51967], [12.09759, 57.51977], [12.09773, 57.51982], [12.0979, 57.51986], [12.09819, 57.51993], [12.09839, 57.51998], [12.09852, 57.52002], [12.09866, 57.52008], [12.0989, 57.52021], [12.09935, 57.52044], [12.09965, 57.5206], [12.09972, 57.52063], [12.09991, 57.52071], [12.10008, 57.52078], [12.10026, 57.52084], [12.1004, 57.52088], [12.10055, 57.52091], [12.1008, 57.52096], [12.10094, 57.52098], [12.10109, 57.52102], [12.10127, 57.52107], [12.10147, 57.52114], [12.10177, 57.52126], [12.10226, 57.52144], [12.10263, 57.52157], [12.10285, 57.52165], [12.10302, 57.52169], [12.10319, 57.52173], [12.10335, 57.52176], [12.10369, 57.52182], [12.10394, 57.52186], [12.10415, 57.52191], [12.10426, 57.52193], [12.10444, 57.52198], [12.10462, 57.52204], [12.10497, 57.52215], [12.10511, 57.52218], [12.10527, 57.52222], [12.10543, 57.52225], [12.10557, 57.52227], [12.106, 57.52233], [12.10622, 57.52236], [12.10646, 57.5224], [12.1067, 57.52244], [12.1069, 57.52246], [12.10704, 57.52248], [12.10725, 57.52249], [12.1075, 57.52249], [12.10799, 57.52247]]}, "properties": {"id": "trv-13747:5842-1000:33927-0.3743_1.0000", "country": "se", "source": "TRV", "updated": "2026-09-12", "name": "poids max 3.5", "type": "poids_limite", "valeur": 3.5, "franchissable": true, "aussi_ensembles": "ja"}}, {"type": "Feature", "geometry": {"type": "LineString", "coordinates": [[17.09782, 63.60054], [17.09812, 63.60067]]}, "properties": {"id": "trv-23762:35921-3:724700-0.3590_0.3682", "country": "se", "source": "TRV", "updated": "2026-09-12", "name": "poids max 4.0", "type": "poids_limite", "valeur": 4.0, "franchissable": true, "aussi_ensembles": "ja"}}, {"type": "Feature", "geometry": {"type": "LineString", "coordinates": [[17.08565, 63.59768], [17.08593, 63.59796]]}, "properties": {"id": "trv-23762:35931-3:724700-0.0395_0.0538", "country": "se", "source": "TRV", "updated": "2026-09-12", "name": "poids max 4.0", "type": "poids_limite", "valeur": 4.0, "franchissable": true, "aussi_ensembles": "ja"}}, {"type": "Feature", "geometry": {"type": "LineString", "coordinates": [[13.88197, 62.52877], [13.88147, 62.52859], [13.88139, 62.52857]]}, "properties": {"id": "trv-23762:35938-3:413640-0.4647_0.6386", "country": "se", "source": "TRV", "updated": "2026-09-12", "name": "poids max 4.0", "type": "poids_limite", "valeur": 4.0, "franchissable": true, "aussi_ensembles": "ja"}}, {"type": "Feature", "geometry": {"type": "LineString", "coordinates": [[15.13675, 59.22348], [15.13663, 59.22345], [15.1364, 59.22339], [15.13614, 59.22337], [15.13592, 59.22335], [15.13585, 59.22335], [15.13564, 59.22334], [15.13544, 59.22332], [15.13494, 59.22325], [15.13489, 59.22324], [15.13438, 59.22315], [15.13388, 59.22308], [15.13348, 59.22303], [15.13305, 59.22299], [15.1326, 59.22295], [15.13226, 59.2229], [15.132, 59.22286], [15.13179, 59.22281], [15.1315, 59.22272], [15.13115, 59.22259], [15.13076, 59.22243], [15.13059, 59.22236]]}, "properties": {"id": "trv-17241:5205-3:459332-0.4012_1.0000", "country": "se", "source": "TRV", "updated": "2026-09-12", "occurrences": 9, "name": "poids max 4.0", "type": "poids_limite", "valeur": 4.0, "franchissable": true, "aussi_ensembles": "ja"}}, {"type": "Feature", "geometry": {"type": "LineString", "coordinates": [[12.25642, 57.58032], [12.25627, 57.58049], [12.25607, 57.58071], [12.25599, 57.5808], [12.25593, 57.58088], [12.25591, 57.58093], [12.25589, 57.58096]]}, "properties": {"id": "trv-23762:38035-3:229433-0.0000_1.0000", "country": "se", "source": "TRV", "updated": "2026-09-12", "occurrences": 4, "name": "poids max 3.5", "type": "poids_limite", "valeur": 3.5, "franchissable": true, "aussi_ensembles": "nej"}}, {"type": "Feature", "geometry": {"type": "LineString", "coordinates": [[12.25647, 57.58026], [12.25642, 57.58032]]}, "properties": {"id": "trv-23762:38035-3:229440-0.0000_1.0000", "country": "se", "source": "TRV", "updated": "2026-09-12", "occurrences": 4, "name": "poids max 3.5", "type": "poids_limite", "valeur": 3.5, "franchissable": true, "aussi_ensembles": "nej"}}, {"type": "Feature", "geometry": {"type": "LineString", "coordinates": [[12.25497, 57.57945], [12.25497, 57.57947], [12.25498, 57.57952], [12.25501, 57.57957], [12.25507, 57.57964], [12.25518, 57.57973], [12.25538, 57.57984], [12.25586, 57.58002], [12.25605, 57.58009], [12.25647, 57.58026]]}, "properties": {"id": "trv-23762:38035-3:229441-0.0000_1.0000", "country": "se", "source": "TRV", "updated": "2026-09-12", "occurrences": 4, "name": "poids max 3.5", "type": "poids_limite", "valeur": 3.5, "franchissable": true, "aussi_ensembles": "nej"}}, {"type": "Feature", "geometry": {"type": "LineString", "coordinates": [[12.25572, 57.5773], [12.2557, 57.57734], [12.25568, 57.57737], [12.25567, 57.57742], [12.25565, 57.57754], [12.25562, 57.57769], [12.25559, 57.57779], [12.25549, 57.57802], [12.25543, 57.57821], [12.25543, 57.57825], [12.25544, 57.5783], [12.25547, 57.57838], [12.25554, 57.57847], [12.25564, 57.57856], [12.2557, 57.57864], [12.25572, 57.57871], [12.25573, 57.57878], [12.25571, 57.57884], [12.25565, 57.5789], [12.25557, 57.57894], [12.25544, 57.579], [12.25533, 57.57905], [12.25525, 57.57911], [12.25516, 57.57919], [12.25506, 57.5793], [12.25502, 57.57934], [12.25498, 57.57942], [12.25497, 57.57945]]}, "properties": {"id": "trv-23762:38035-3:229449-0.0000_1.0000", "country": "se", "source": "TRV", "updated": "2026-09-12", "occurrences": 4, "name": "poids max 3.5", "type": "poids_limite", "valeur": 3.5, "franchissable": true, "aussi_ensembles": "nej"}}, {"type": "Feature", "geometry": {"type": "LineString", "coordinates": [[16.20472, 58.97184], [16.20465, 58.97185], [16.20456, 58.97185], [16.2044, 58.97182], [16.20424, 58.97173]]}, "properties": {"id": "trv-12592:93279-3:315342-0.0000_0.0973", "country": "se", "source": "TRV", "updated": "2026-09-12", "name": "poids max 3.5", "type": "poids_limite", "valeur": 3.5, "franchissable": true, "aussi_ensembles": "nej"}}, {"type": "Feature", "geometry": {"type": "LineString", "coordinates": [[13.66891, 62.83606], [13.66878, 62.83604], [13.66865, 62.83601]]}, "properties": {"id": "trv-23762:47836-3:405458-0.9255_0.9338", "country": "se", "source": "TRV", "updated": "2026-09-12", "name": "poids max 4.0", "type": "poids_limite", "valeur": 4.0, "franchissable": true, "aussi_ensembles": "ja"}}, {"type": "Feature", "geometry": {"type": "LineString", "coordinates": [[12.34389, 57.80116], [12.34396, 57.80111], [12.34407, 57.80102], [12.34414, 57.80093]]}, "properties": {"id": "trv-10131:378166-3:1343083-0.7566_0.8745", "country": "se", "source": "TRV", "updated": "2026-09-12", "name": "poids max 6.0", "type": "poids_limite", "valeur": 6.0, "franchissable": true, "aussi_ensembles": "ja"}}, {"type": "Feature", "geometry": {"type": "LineString", "coordinates": [[16.63914, 57.75937], [16.6389, 57.75931], [16.63871, 57.75926], [16.63862, 57.75925], [16.63844, 57.75923], [16.6383, 57.75924], [16.63811, 57.75927], [16.638, 57.75931], [16.63791, 57.75934], [16.63786, 57.75935]]}, "properties": {"id": "trv-13624:129108-3:795877-0.0000_1.0000", "country": "se", "source": "TRV", "updated": "2026-09-12", "name": "poids max 3.5", "type": "poids_limite", "valeur": 3.5, "franchissable": true, "aussi_ensembles": "ja"}}, {"type": "Feature", "geometry": {"type": "LineString", "coordinates": [[17.22931, 61.83536], [17.22928, 61.83545], [17.22926, 61.83553], [17.2292, 61.83578], [17.22914, 61.83592], [17.22905, 61.83604], [17.22894, 61.83614], [17.22885, 61.8362], [17.22868, 61.83632], [17.22846, 61.83646], [17.22844, 61.83648]]}, "properties": {"id": "trv-24200:508-3:1132675-0.0000_1.0000", "country": "se", "source": "TRV", "updated": "2026-09-12", "occurrences": 28, "name": "poids max 4.0", "type": "poids_limite", "valeur": 4.0, "franchissable": true, "aussi_ensembles": "nej"}}, {"type": "Feature", "geometry": {"type": "LineString", "coordinates": [[16.65349, 57.74148], [16.65374, 57.74131], [16.65395, 57.74111], [16.65419, 57.74087], [16.65446, 57.74057], [16.6547, 57.74028], [16.65484, 57.74012], [16.65492, 57.74001], [16.65499, 57.73991], [16.65515, 57.73971], [16.65521, 57.73961], [16.65525, 57.73954], [16.65531, 57.73936], [16.65538, 57.73909], [16.65541, 57.73882]]}, "properties": {"id": "trv-10718:34520-3:797285-0.0000_1.0000", "country": "se", "source": "TRV", "updated": "2026-09-12", "occurrences": 3, "name": "poids max 3.5", "type": "poids_limite", "valeur": 3.5, "franchissable": true, "aussi_ensembles": "ja"}}, {"type": "Feature", "geometry": {"type": "LineString", "coordinates": [[21.12851, 66.52105], [21.12849, 66.52104], [21.12793, 66.52074]]}, "properties": {"id": "trv-23762:86281-3:878873-0.9825_0.9893", "country": "se", "source": "TRV", "updated": "2026-09-12", "name": "poids max 4.0", "type": "poids_limite", "valeur": 4.0, "franchissable": true, "aussi_ensembles": "ja"}}, {"type": "Feature", "geometry": {"type": "LineString", "coordinates": [[23.68436, 66.82837], [23.68444, 66.82833]]}, "properties": {"id": "trv-23762:90873-11154:386281-0.2856_0.2886", "country": "se", "source": "TRV", "updated": "2026-09-12", "name": "poids max 4.0", "type": "poids_limite", "valeur": 4.0, "franchissable": true, "aussi_ensembles": "ja"}}, {"type": "Feature", "geometry": {"type": "LineString", "coordinates": [[18.06322, 59.35708], [18.06272, 59.35731], [18.06237, 59.35749], [18.06208, 59.35771], [18.06188, 59.35792], [18.06175, 59.35807], [18.06157, 59.35829], [18.06156, 59.3583], [18.0613, 59.35853], [18.06098, 59.35879], [18.0607, 59.35898], [18.06044, 59.35916], [18.06036, 59.35921], [18.06006, 59.35939], [18.05971, 59.35959], [18.05935, 59.35982], [18.05901, 59.36001], [18.0587, 59.36021], [18.05852, 59.36037], [18.0585, 59.3604]]}, "properties": {"id": "trv-16566:9611-16507:8267-0.0000_0.8385", "country": "se", "source": "TRV", "updated": "2026-09-12", "occurrences": 2, "name": "poids max 3.5", "type": "poids_limite", "valeur": 3.5, "franchissable": true, "aussi_ensembles": "nej"}}, {"type": "Feature", "geometry": {"type": "LineString", "coordinates": [[18.05835, 59.36089], [18.05835, 59.36096]]}, "properties": {"id": "trv-16566:9611-16507:8267-0.9396_0.9572", "country": "se", "source": "TRV", "updated": "2026-09-12", "occurrences": 2, "name": "poids max 3.5", "type": "poids_limite", "valeur": 3.5, "franchissable": true, "aussi_ensembles": "nej"}}, {"type": "Feature", "geometry": {"type": "LineString", "coordinates": [[15.18726, 60.14454], [15.18754, 60.1441], [15.18759, 60.14402], [15.1876, 60.14399], [15.18761, 60.14396], [15.18762, 60.14393], [15.18761, 60.14391], [15.1876, 60.14388], [15.18756, 60.14383], [15.18749, 60.14373]]}, "properties": {"id": "trv-14130:149394-3:631442-0.7031_1.0000", "country": "se", "source": "TRV", "updated": "2026-09-12", "name": "poids max 4.0", "type": "poids_limite", "valeur": 4.0, "franchissable": true, "aussi_ensembles": "ja"}}, {"type": "Feature", "geometry": {"type": "LineString", "coordinates": [[12.97844, 55.55594], [12.97844, 55.55589], [12.97847, 55.55546], [12.97848, 55.55533], [12.97847, 55.55518], [12.97847, 55.55503], [12.97845, 55.55484], [12.97835, 55.55436], [12.97831, 55.5542], [12.97829, 55.55413], [12.97827, 55.55408], [12.97824, 55.55402], [12.97822, 55.55399], [12.9782, 55.55396], [12.97816, 55.55393], [12.97812, 55.55388], [12.97808, 55.55385], [12.97802, 55.55381], [12.9779, 55.55373], [12.97783, 55.55368], [12.97774, 55.55362], [12.97764, 55.55356]]}, "properties": {"id": "trv-12581:583546-12729:30049-0.4414_1.0000", "country": "se", "source": "TRV", "updated": "2026-09-12", "name": "poids max 3.5", "type": "poids_limite", "valeur": 3.5, "franchissable": true, "aussi_ensembles": "ja"}}, {"type": "Feature", "geometry": {"type": "LineString", "coordinates": [[12.96486, 55.55758], [12.96501, 55.55757], [12.96534, 55.55755], [12.96553, 55.55755], [12.96569, 55.55755], [12.96587, 55.55756], [12.9661, 55.55759], [12.96641, 55.55762], [12.96658, 55.55764], [12.96671, 55.55766], [12.96684, 55.55768], [12.96691, 55.5577], [12.967, 55.55775], [12.96723, 55.55799], [12.96727, 55.55802]]}, "properties": {"id": "trv-12581:583548-12729:30475-0.0000_1.0000", "country": "se", "source": "TRV", "updated": "2026-09-12", "name": "poids max 3.5", "type": "poids_limite", "valeur": 3.5, "franchissable": true, "aussi_ensembles": "ja"}}, {"type": "Feature", "geometry": {"type": "LineString", "coordinates": [[12.97318, 55.55371], [12.97326, 55.55373], [12.97335, 55.55373], [12.97397, 55.55371], [12.97419, 55.55371], [12.97465, 55.55369], [12.97491, 55.55367], [12.97563, 55.55364], [12.9765, 55.55361], [12.97716, 55.55359], [12.97755, 55.55357], [12.97764, 55.55356]]}, "properties": {"id": "trv-12581:583550-12729:30496-0.0000_1.0000", "country": "se", "source": "TRV", "updated": "2026-09-12", "name": "poids max 3.5", "type": "poids_limite", "valeur": 3.5, "franchissable": true, "aussi_ensembles": "ja"}}, {"type": "Feature", "geometry": {"type": "LineString", "coordinates": [[12.97287, 55.55075], [12.97318, 55.55371]]}, "properties": {"id": "trv-12581:583552-12729:30502-0.0000_1.0000", "country": "se", "source": "TRV", "updated": "2026-09-12", "name": "poids max 3.5", "type": "poids_limite", "valeur": 3.5, "franchissable": true, "aussi_ensembles": "ja"}}, {"type": "Feature", "geometry": {"type": "LineString", "coordinates": [[12.97102, 55.55756], [12.9708, 55.55672], [12.97062, 55.55605]]}, "properties": {"id": "trv-12581:583554-12729:31768-0.0000_1.0000", "country": "se", "source": "TRV", "updated": "2026-09-12", "name": "poids max 3.5", "type": "poids_limite", "valeur": 3.5, "franchissable": true, "aussi_ensembles": "ja"}}, {"type": "Feature", "geometry": {"type": "LineString", "coordinates": [[12.9667, 55.55444], [12.9672, 55.55443], [12.9674, 55.55443], [12.96755, 55.55443], [12.96806, 55.55442], [12.97073, 55.55438], [12.97107, 55.55438], [12.97131, 55.55437], [12.97143, 55.55437], [12.97152, 55.55437], [12.97162, 55.55436], [12.9717, 55.55435], [12.9718, 55.55432], [12.97187, 55.55431], [12.97196, 55.55431], [12.97203, 55.55431], [12.97216, 55.55431], [12.97226, 55.5543], [12.97234, 55.55429], [12.97239, 55.55428], [12.97247, 55.55422], [12.97307, 55.55376], [12.97314, 55.55371], [12.97318, 55.55371]]}, "properties": {"id": "trv-12581:583556-12729:31809-0.0000_1.0000", "country": "se", "source": "TRV", "updated": "2026-09-12", "name": "poids max 3.5", "type": "poids_limite", "valeur": 3.5, "franchissable": true, "aussi_ensembles": "ja"}}, {"type": "Feature", "geometry": {"type": "LineString", "coordinates": [[12.96308, 55.55451], [12.96319, 55.55451], [12.9635, 55.5545], [12.9639, 55.5545], [12.96427, 55.5545], [12.96448, 55.5545]]}, "properties": {"id": "trv-12581:583558-12729:29663-0.0000_1.0000", "country": "se", "source": "TRV", "updated": "2026-09-12", "occurrences": 16, "name": "poids max 3.5", "type": "poids_limite", "valeur": 3.5, "franchissable": true, "aussi_ensembles": "ja"}}, {"type": "Feature", "geometry": {"type": "LineString", "coordinates": [[12.96448, 55.5545], [12.96467, 55.55449], [12.96503, 55.55449], [12.9655, 55.55448], [12.96565, 55.55447], [12.96579, 55.55446], [12.96599, 55.55445]]}, "properties": {"id": "trv-12581:583558-12729:29671-0.0000_1.0000", "country": "se", "source": "TRV", "updated": "2026-09-12", "occurrences": 16, "name": "poids max 3.5", "type": "poids_limite", "valeur": 3.5, "franchissable": true, "aussi_ensembles": "ja"}}, {"type": "Feature", "geometry": {"type": "LineString", "coordinates": [[12.96448, 55.5545], [12.96448, 55.55442], [12.96439, 55.55362]]}, "properties": {"id": "trv-12581:583558-12729:29679-0.0000_1.0000", "country": "se", "source": "TRV", "updated": "2026-09-12", "occurrences": 16, "name": "poids max 3.5", "type": "poids_limite", "valeur": 3.5, "franchissable": true, "aussi_ensembles": "ja"}}, {"type": "Feature", "geometry": {"type": "LineString", "coordinates": [[12.96599, 55.55445], [12.96614, 55.55445], [12.9667, 55.55444]]}, "properties": {"id": "trv-12581:583558-12729:29687-0.0000_1.0000", "country": "se", "source": "TRV", "updated": "2026-09-12", "occurrences": 16, "name": "poids max 3.5", "type": "poids_limite", "valeur": 3.5, "franchissable": true, "aussi_ensembles": "ja"}}, {"type": "Feature", "geometry": {"type": "LineString", "coordinates": [[12.96299, 55.55408], [12.96397, 55.55404]]}, "properties": {"id": "trv-12581:583558-12729:29709-0.0000_1.0000", "country": "se", "source": "TRV", "updated": "2026-09-12", "occurrences": 16, "name": "poids max 3.5", "type": "poids_limite", "valeur": 3.5, "franchissable": true, "aussi_ensembles": "ja"}}, {"type": "Feature", "geometry": {"type": "LineString", "coordinates": [[12.96038, 55.55453], [12.96037, 55.55445], [12.96035, 55.55439], [12.96033, 55.55433], [12.96033, 55.55428], [12.96037, 55.5542], [12.9604, 55.55413], [12.96042, 55.55406], [12.96043, 55.55394], [12.96038, 55.55361]]}, "properties": {"id": "trv-12581:583558-12729:29735-0.0000_1.0000", "country": "se", "source": "TRV", "updated": "2026-09-12", "occurrences": 16, "name": "poids max 3.5", "type": "poids_limite", "valeur": 3.5, "franchissable": true, "aussi_ensembles": "ja"}}, {"type": "Feature", "geometry": {"type": "LineString", "coordinates": [[12.95959, 55.55457], [12.95948, 55.55379]]}, "properties": {"id": "trv-12581:583558-12729:29751-0.0000_1.0000", "country": "se", "source": "TRV", "updated": "2026-09-12", "occurrences": 16, "name": "poids max 3.5", "type": "poids_limite", "valeur": 3.5, "franchissable": true, "aussi_ensembles": "ja"}}, {"type": "Feature", "geometry": {"type": "LineString", "coordinates": [[12.96468, 55.55761], [12.96476, 55.5576], [12.96486, 55.55758]]}, "properties": {"id": "trv-12581:583558-12729:30485-0.0000_1.0000", "country": "se", "source": "TRV", "updated": "2026-09-12", "occurrences": 16, "name": "poids max 3.5", "type": "poids_limite", "valeur": 3.5, "franchissable": true, "aussi_ensembles": "ja"}}, {"type": "Feature", "geometry": {"type": "LineString", "coordinates": [[12.97717, 55.55026], [12.97715, 55.55017], [12.97708, 55.55001], [12.977, 55.5498], [12.97686, 55.5495], [12.97678, 55.54932], [12.97663, 55.54896], [12.97663, 55.54894]]}, "properties": {"id": "trv-12581:583558-12729:31147-0.0000_0.5783", "country": "se", "source": "TRV", "updated": "2026-09-12", "occurrences": 16, "name": "poids max 3.5", "type": "poids_limite", "valeur": 3.5, "franchissable": true, "aussi_ensembles": "ja"}}, {"type": "Feature", "geometry": {"type": "LineString", "coordinates": [[12.95714, 55.55472], [12.95709, 55.55433], [12.95706, 55.55393]]}, "properties": {"id": "trv-12581:583558-12729:31201-0.0000_1.0000", "country": "se", "source": "TRV", "updated": "2026-09-12", "occurrences": 16, "name": "poids max 3.5", "type": "poids_limite", "valeur": 3.5, "franchissable": true, "aussi_ensembles": "ja"}}, {"type": "Feature", "geometry": {"type": "LineString", "coordinates": [[12.95706, 55.55393], [12.95704, 55.55376], [12.95713, 55.55372], [12.9575, 55.55371], [12.95796, 55.5537], [12.95797, 55.55389], [12.95717, 55.55392], [12.95706, 55.55393]]}, "properties": {"id": "trv-12581:583558-12729:31207-0.0000_1.0000", "country": "se", "source": "TRV", "updated": "2026-09-12", "occurrences": 16, "name": "poids max 3.5", "type": "poids_limite", "valeur": 3.5, "franchissable": true, "aussi_ensembles": "ja"}}, {"type": "Feature", "geometry": {"type": "LineString", "coordinates": [[12.96298, 55.55338], [12.96428, 55.55335]]}, "properties": {"id": "trv-12581:583558-12729:31668-0.0000_1.0000", "country": "se", "source": "TRV", "updated": "2026-09-12", "occurrences": 16, "name": "poids max 3.5", "type": "poids_limite", "valeur": 3.5, "franchissable": true, "aussi_ensembles": "ja"}}, {"type": "Feature", "geometry": {"type": "LineString", "coordinates": [[12.96674, 55.55121], [12.96673, 55.54991]]}, "properties": {"id": "trv-12581:583558-12729:31778-0.0000_1.0000", "country": "se", "source": "TRV", "updated": "2026-09-12", "occurrences": 16, "name": "poids max 3.5", "type": "poids_limite", "valeur": 3.5, "franchissable": true, "aussi_ensembles": "ja"}}, {"type": "Feature", "geometry": {"type": "LineString", "coordinates": [[12.96294, 55.55385], [12.96393, 55.55382]]}, "properties": {"id": "trv-12581:583558-12729:31792-0.0000_1.0000", "country": "se", "source": "TRV", "updated": "2026-09-12", "occurrences": 16, "name": "poids max 3.5", "type": "poids_limite", "valeur": 3.5, "franchissable": true, "aussi_ensembles": "ja"}}, {"type": "Feature", "geometry": {"type": "LineString", "coordinates": [[12.95881, 55.55462], [12.9588, 55.55452], [12.95879, 55.55442], [12.95879, 55.55428], [12.95879, 55.55402], [12.95876, 55.55386], [12.95874, 55.55372]]}, "properties": {"id": "trv-12581:583558-12729:31887-0.0000_0.7924", "country": "se", "source": "TRV", "updated": "2026-09-12", "occurrences": 16, "name": "poids max 3.5", "type": "poids_limite", "valeur": 3.5, "franchissable": true, "aussi_ensembles": "ja"}}, {"type": "Feature", "geometry": {"type": "LineString", "coordinates": [[12.96468, 55.55761], [12.96471, 55.55753], [12.96486, 55.55758]]}, "properties": {"id": "trv-12581:583558-12729:31899-0.0000_1.0000", "country": "se", "source": "TRV", "updated": "2026-09-12", "occurrences": 16, "name": "poids max 3.5", "type": "poids_limite", "valeur": 3.5, "franchissable": true, "aussi_ensembles": "ja"}}, {"type": "Feature", "geometry": {"type": "LineString", "coordinates": [[13.48028, 59.35607], [13.48031, 59.35605], [13.48039, 59.356], [13.48071, 59.3558], [13.4809, 59.35568], [13.48125, 59.35547], [13.48144, 59.35535]]}, "properties": {"id": "trv-12571:72233-1000:71475-0.9182_0.9503", "country": "se", "source": "TRV", "updated": "2026-09-12", "name": "poids max 3.5", "type": "poids_limite", "valeur": 3.5, "franchissable": true, "aussi_ensembles": "ja"}}, {"type": "Feature", "geometry": {"type": "LineString", "coordinates": [[13.48144, 59.35535], [13.48148, 59.35533], [13.48166, 59.35522], [13.48189, 59.35509], [13.48238, 59.35478]]}, "properties": {"id": "trv-12571:72237-1000:71475-0.9503_0.9762", "country": "se", "source": "TRV", "updated": "2026-09-12", "name": "poids max 3.5", "type": "poids_limite", "valeur": 3.5, "franchissable": true, "aussi_ensembles": "ja"}}, {"type": "Feature", "geometry": {"type": "LineString", "coordinates": [[13.34676, 57.85596], [13.34684, 57.85594], [13.34689, 57.85593]]}, "properties": {"id": "trv-11158:626852-3:1338987-0.8898_0.9065", "country": "se", "source": "TRV", "updated": "2026-09-12", "name": "poids max 3.0", "type": "poids_limite", "valeur": 3.0, "franchissable": false, "aussi_ensembles": "nej"}}, {"type": "Feature", "geometry": {"type": "LineString", "coordinates": [[14.57461, 56.03412], [14.57452, 56.034]]}, "properties": {"id": "trv-12571:90623-3:362085-0.6336_1.0000", "country": "se", "source": "TRV", "updated": "2026-09-12", "occurrences": 14, "name": "poids max 3.5", "type": "poids_limite", "valeur": 3.5, "franchissable": true, "aussi_ensembles": "ja"}}, {"type": "Feature", "geometry": {"type": "LineString", "coordinates": [[14.57452, 56.034], [14.57437, 56.03378], [14.5743, 56.03367], [14.57425, 56.0336]]}, "properties": {"id": "trv-12571:90623-3:362097-0.0000_1.0000", "country": "se", "source": "TRV", "updated": "2026-09-12", "occurrences": 14, "name": "poids max 3.5", "type": "poids_limite", "valeur": 3.5, "franchissable": true, "aussi_ensembles": "ja"}}, {"type": "Feature", "geometry": {"type": "LineString", "coordinates": [[14.57425, 56.0336], [14.57417, 56.03349], [14.57408, 56.03334]]}, "properties": {"id": "trv-12571:90623-3:362102-0.0000_1.0000", "country": "se", "source": "TRV", "updated": "2026-09-12", "occurrences": 14, "name": "poids max 3.5", "type": "poids_limite", "valeur": 3.5, "franchissable": true, "aussi_ensembles": "ja"}}, {"type": "Feature", "geometry": {"type": "LineString", "coordinates": [[14.57408, 56.03334], [14.57406, 56.03331], [14.57405, 56.03325], [14.57402, 56.03315], [14.57398, 56.03297], [14.57394, 56.03276], [14.57392, 56.0327], [14.57389, 56.03264], [14.57386, 56.03259], [14.57381, 56.03253], [14.57375, 56.03249], [14.57365, 56.03242], [14.57355, 56.03237], [14.57342, 56.03233], [14.57335, 56.03229], [14.57321, 56.03223]]}, "properties": {"id": "trv-12571:90623-3:362127-0.0000_1.0000", "country": "se", "source": "TRV", "updated": "2026-09-12", "occurrences": 14, "name": "poids max 3.5", "type": "poids_limite", "valeur": 3.5, "franchissable": true, "aussi_ensembles": "ja"}}, {"type": "Feature", "geometry": {"type": "LineString", "coordinates": [[14.57139, 56.03229], [14.57153, 56.03222], [14.57163, 56.03217], [14.57177, 56.03211], [14.57193, 56.03208], [14.57207, 56.03207], [14.57226, 56.03206], [14.57245, 56.03206], [14.57267, 56.03207], [14.57283, 56.0321], [14.57297, 56.03213], [14.57321, 56.03223]]}, "properties": {"id": "trv-12571:90623-3:362133-0.0000_1.0000", "country": "se", "source": "TRV", "updated": "2026-09-12", "occurrences": 14, "name": "poids max 3.5", "type": "poids_limite", "valeur": 3.5, "franchissable": true, "aussi_ensembles": "ja"}}, {"type": "Feature", "geometry": {"type": "LineString", "coordinates": [[14.56947, 56.03255], [14.56976, 56.03257], [14.57009, 56.0326], [14.57019, 56.03261], [14.57034, 56.03261], [14.57047, 56.03261], [14.57065, 56.03259], [14.57076, 56.03257], [14.57088, 56.03254], [14.571, 56.0325], [14.57115, 56.03243], [14.57123, 56.03238], [14.57139, 56.03229]]}, "properties": {"id": "trv-12571:90623-3:362122-0.0000_1.0000", "country": "se", "source": "TRV", "updated": "2026-09-12", "occurrences": 14, "name": "poids max 3.5", "type": "poids_limite", "valeur": 3.5, "franchissable": true, "aussi_ensembles": "ja"}}, {"type": "Feature", "geometry": {"type": "LineString", "coordinates": [[14.5649, 56.03201], [14.56498, 56.03202], [14.5655, 56.0321], [14.56619, 56.0322], [14.56669, 56.03227], [14.56708, 56.03233], [14.56741, 56.03237], [14.56763, 56.0324], [14.56787, 56.03242], [14.56841, 56.03247]]}, "properties": {"id": "trv-12571:90623-3:362131-0.0000_1.0000", "country": "se", "source": "TRV", "updated": "2026-09-12", "occurrences": 14, "name": "poids max 3.5", "type": "poids_limite", "valeur": 3.5, "franchissable": true, "aussi_ensembles": "ja"}}, {"type": "Feature", "geometry": {"type": "LineString", "coordinates": [[14.56841, 56.03247], [14.56872, 56.0325], [14.56928, 56.03254], [14.56947, 56.03255]]}, "properties": {"id": "trv-12571:90623-3:362114-0.0000_1.0000", "country": "se", "source": "TRV", "updated": "2026-09-12", "occurrences": 14, "name": "poids max 3.5", "type": "poids_limite", "valeur": 3.5, "franchissable": true, "aussi_ensembles": "ja"}}, {"type": "Feature", "geometry": {"type": "LineString", "coordinates": [[14.56436, 56.03188], [14.56451, 56.03193], [14.56457, 56.03195], [14.5647, 56.03197], [14.56483, 56.032], [14.5649, 56.03201]]}, "properties": {"id": "trv-12571:90623-3:362137-0.0000_1.0000", "country": "se", "source": "TRV", "updated": "2026-09-12", "occurrences": 14, "name": "poids max 3.5", "type": "poids_limite", "valeur": 3.5, "franchissable": true, "aussi_ensembles": "ja"}}, {"type": "Feature", "geometry": {"type": "LineString", "coordinates": [[14.56415, 56.03164], [14.56416, 56.0317], [14.56418, 56.03173], [14.56418, 56.03174], [14.56421, 56.03178], [14.56422, 56.03179], [14.56426, 56.03183], [14.56436, 56.03188]]}, "properties": {"id": "trv-12571:90623-3:362143-0.0000_1.0000", "country": "se", "source": "TRV", "updated": "2026-09-12", "occurrences": 14, "name": "poids max 3.5", "type": "poids_limite", "valeur": 3.5, "franchissable": true, "aussi_ensembles": "ja"}}, {"type": "Feature", "geometry": {"type": "LineString", "coordinates": [[14.56414, 56.03103], [14.56414, 56.03141], [14.56415, 56.03156], [14.56415, 56.03164]]}, "properties": {"id": "trv-12571:90623-3:362151-0.0000_1.0000", "country": "se", "source": "TRV", "updated": "2026-09-12", "occurrences": 14, "name": "poids max 3.5", "type": "poids_limite", "valeur": 3.5, "franchissable": true, "aussi_ensembles": "ja"}}, {"type": "Feature", "geometry": {"type": "LineString", "coordinates": [[14.56414, 56.03046], [14.56415, 56.0308], [14.56414, 56.03103]]}, "properties": {"id": "trv-12571:90623-3:362173-0.0000_1.0000", "country": "se", "source": "TRV", "updated": "2026-09-12", "occurrences": 14, "name": "poids max 3.5", "type": "poids_limite", "valeur": 3.5, "franchissable": true, "aussi_ensembles": "ja"}}, {"type": "Feature", "geometry": {"type": "LineString", "coordinates": [[14.56414, 56.02993], [14.56414, 56.0302], [14.56414, 56.03046]]}, "properties": {"id": "trv-12571:90623-3:362186-0.0000_1.0000", "country": "se", "source": "TRV", "updated": "2026-09-12", "occurrences": 14, "name": "poids max 3.5", "type": "poids_limite", "valeur": 3.5, "franchissable": true, "aussi_ensembles": "ja"}}, {"type": "Feature", "geometry": {"type": "LineString", "coordinates": [[14.56408, 56.0284], [14.5641, 56.02849], [14.56411, 56.02886], [14.56412, 56.02922], [14.56413, 56.02958], [14.56414, 56.02993]]}, "properties": {"id": "trv-12571:90623-3:362206-0.0000_1.0000", "country": "se", "source": "TRV", "updated": "2026-09-12", "occurrences": 14, "name": "poids max 3.5", "type": "poids_limite", "valeur": 3.5, "franchissable": true, "aussi_ensembles": "ja"}}, {"type": "Feature", "geometry": {"type": "LineString", "coordinates": [[12.31777, 58.3818], [12.3176, 58.38176], [12.31722, 58.38171], [12.31685, 58.3817], [12.31638, 58.38175], [12.31545, 58.38188], [12.31491, 58.38196], [12.31439, 58.38203], [12.31287, 58.38225], [12.31142, 58.38246], [12.31127, 58.38248], [12.31025, 58.38263], [12.31007, 58.38266], [12.30899, 58.38281], [12.30857, 58.38287], [12.30847, 58.38289], [12.30773, 58.38299], [12.30728, 58.38306]]}, "properties": {"id": "trv-10084:274294-1000:53927-0.0000_0.4597", "country": "se", "source": "TRV", "updated": "2026-09-12", "occurrences": 3, "name": "poids max 3.5", "type": "poids_limite", "valeur": 3.5, "franchissable": true, "aussi_ensembles": "ja"}}, {"type": "Feature", "geometry": {"type": "LineString", "coordinates": [[12.30728, 58.38306], [12.30689, 58.38316], [12.30681, 58.38318], [12.30672, 58.3832], [12.30664, 58.38322], [12.30654, 58.38324], [12.30646, 58.38326], [12.30637, 58.38329], [12.30629, 58.38331], [12.3062, 58.38334], [12.30611, 58.38337], [12.30602, 58.38339], [12.30593, 58.38342], [12.30584, 58.38345], [12.30575, 58.38348], [12.30567, 58.38351]]}, "properties": {"id": "trv-10084:274294-10810:256-0.0000_0.2393", "country": "se", "source": "TRV", "updated": "2026-09-12", "occurrences": 3, "name": "poids max 3.5", "type": "poids_limite", "valeur": 3.5, "franchissable": true, "aussi_ensembles": "ja"}}, {"type": "Feature", "geometry": {"type": "LineString", "coordinates": [[12.3055, 58.38338], [12.3056, 58.38335], [12.30569, 58.38333], [12.30579, 58.3833], [12.30589, 58.38328], [12.30599, 58.38325], [12.30609, 58.38323], [12.30619, 58.38321], [12.30628, 58.38319], [12.30638, 58.38317], [12.30647, 58.38315], [12.30656, 58.38314], [12.30664, 58.38312], [12.30673, 58.38311], [12.30681, 58.38309], [12.30728, 58.38306]]}, "properties": {"id": "trv-10084:274294-10810:258-0.7562_1.0000", "country": "se", "source": "TRV", "updated": "2026-09-12", "occurrences": 3, "name": "poids max 3.5", "type": "poids_limite", "valeur": 3.5, "franchissable": true, "aussi_ensembles": "ja"}}, {"type": "Feature", "geometry": {"type": "LineString", "coordinates": [[17.99543, 59.28329], [17.995, 59.28352], [17.99459, 59.28373], [17.99441, 59.28382], [17.99425, 59.28391], [17.99373, 59.2842], [17.99274, 59.28472], [17.9924, 59.28489]]}, "properties": {"id": "trv-10718:56260-12729:15931-0.7107_1.0000", "country": "se", "source": "TRV", "updated": "2026-09-12", "occurrences": 4, "name": "poids max 7.5", "type": "poids_limite", "valeur": 7.5, "franchissable": true, "aussi_ensembles": "ja"}}, {"type": "Feature", "geometry": {"type": "LineString", "coordinates": [[17.99384, 59.28813], [17.99385, 59.28813], [17.99388, 59.28808], [17.9939, 59.28805], [17.99397, 59.28796], [17.99402, 59.28788], [17.99433, 59.28737], [17.99436, 59.28732], [17.99441, 59.28723], [17.99443, 59.28719], [17.99444, 59.28714], [17.99447, 59.28701], [17.99448, 59.28696], [17.9945, 59.28685], [17.99452, 59.28679]]}, "properties": {"id": "trv-10718:56264-12729:13069-0.0000_1.0000", "country": "se", "source": "TRV", "updated": "2026-09-12", "occurrences": 7, "name": "poids max 7.5", "type": "poids_limite", "valeur": 7.5, "franchissable": true, "aussi_ensembles": "ja"}}, {"type": "Feature", "geometry": {"type": "LineString", "coordinates": [[13.99683, 63.45759], [13.99609, 63.45756]]}, "properties": {"id": "trv-23762:172752-3:377798-0.8723_0.9076", "country": "se", "source": "TRV", "updated": "2026-09-12", "name": "poids max 3.0", "type": "poids_limite", "valeur": 3.0, "franchissable": false, "aussi_ensembles": "ja"}}, {"type": "Feature", "geometry": {"type": "LineString", "coordinates": [[15.51868, 56.11266], [15.5192, 56.11258], [15.51931, 56.11256], [15.52006, 56.11242], [15.52078, 56.11229], [15.52114, 56.11221], [15.52139, 56.11217], [15.52186, 56.11209], [15.52233, 56.112], [15.52263, 56.11194], [15.52279, 56.11192], [15.5229, 56.11193], [15.52342, 56.11199], [15.52384, 56.11204], [15.52405, 56.11207], [15.52415, 56.11211], [15.52438, 56.11225], [15.52459, 56.1124], [15.52484, 56.11257], [15.52486, 56.11258], [15.52498, 56.11265], [15.52502, 56.11266]]}, "properties": {"id": "trv-11084:274162-1000:18119-0.0000_0.1750", "country": "se", "source": "TRV", "updated": "2026-09-12", "name": "poids max 3.5", "type": "poids_limite", "valeur": 3.5, "franchissable": true, "aussi_ensembles": "ja"}}, {"type": "Feature", "geometry": {"type": "LineString", "coordinates": [[13.15831, 58.50049], [13.15835, 58.50054], [13.15907, 58.5013], [13.15968, 58.50197], [13.1601, 58.50243], [13.16018, 58.50252], [13.16068, 58.50306], [13.16124, 58.50366], [13.16179, 58.50426], [13.16185, 58.50432]]}, "properties": {"id": "trv-16472:262-1000:55325-0.0000_0.9677", "country": "se", "source": "TRV", "updated": "2026-09-12", "name": "poids max 3.5", "type": "poids_limite", "valeur": 3.5, "franchissable": true, "aussi_ensembles": "nej"}}, {"type": "Feature", "geometry": {"type": "LineString", "coordinates": [[13.61973, 60.01851], [13.61954, 60.01902]]}, "properties": {"id": "trv-10716:39244-3:654590-0.3871_0.8406", "country": "se", "source": "TRV", "updated": "2026-09-12", "name": "poids max 2.0", "type": "poids_limite", "valeur": 2.0, "franchissable": false, "aussi_ensembles": "ja"}}, {"type": "Feature", "geometry": {"type": "LineString", "coordinates": [[13.49537, 60.16995], [13.49518, 60.17053], [13.49506, 60.17082], [13.495, 60.17092]]}, "properties": {"id": "trv-10806:15414-3:647896-0.0000_1.0000", "country": "se", "source": "TRV", "updated": "2026-09-12", "occurrences": 2, "name": "poids max 3.5", "type": "poids_limite", "valeur": 3.5, "franchissable": true, "aussi_ensembles": "ja"}}, {"type": "Feature", "geometry": {"type": "LineString", "coordinates": [[13.49571, 60.16898], [13.49537, 60.16995]]}, "properties": {"id": "trv-10806:15414-3:647932-0.0000_1.0000", "country": "se", "source": "TRV", "updated": "2026-09-12", "occurrences": 2, "name": "poids max 3.5", "type": "poids_limite", "valeur": 3.5, "franchissable": true, "aussi_ensembles": "ja"}}, {"type": "Feature", "geometry": {"type": "LineString", "coordinates": [[13.61991, 60.01807], [13.61947, 60.0192]]}, "properties": {"id": "trv-14119:82887-3:654590-0.0000_1.0000", "country": "se", "source": "TRV", "updated": "2026-09-12", "name": "poids max 2.0", "type": "poids_limite", "valeur": 2.0, "franchissable": false, "aussi_ensembles": "ja"}}, {"type": "Feature", "geometry": {"type": "LineString", "coordinates": [[13.59819, 60.00216], [13.59671, 60.001], [13.59573, 60.00024]]}, "properties": {"id": "trv-14119:82889-3:655481-0.0000_1.0000", "country": "se", "source": "TRV", "updated": "2026-09-12", "name": "poids max 3.5", "type": "poids_limite", "valeur": 3.5, "franchissable": true, "aussi_ensembles": "ja"}}, {"type": "Feature", "geometry": {"type": "LineString", "coordinates": [[13.27507, 62.85451], [13.27538, 62.85447]]}, "properties": {"id": "trv-23762:44330-3:404732-0.9575_0.9626", "country": "se", "source": "TRV", "updated": "2026-09-12", "name": "poids max 4.0", "type": "poids_limite", "valeur": 4.0, "franchissable": true, "aussi_ensembles": "ja"}}, {"type": "Feature", "geometry": {"type": "LineString", "coordinates": [[18.68446, 63.32041], [18.6844, 63.32033], [18.68433, 63.32024], [18.68419, 63.32007], [18.68413, 63.32001], [18.68403, 63.31988], [18.68389, 63.31971], [18.68386, 63.31969], [18.68372, 63.31952], [18.68357, 63.31936], [18.68343, 63.31919], [18.68328, 63.31902], [18.68313, 63.31886], [18.68298, 63.31869]]}, "properties": {"id": "trv-13653:3493-3:735004-0.0000_1.0000", "country": "se", "source": "TRV", "updated": "2026-09-12", "occurrences": 2, "name": "poids max 4.0", "type": "poids_limite", "valeur": 4.0, "franchissable": true, "aussi_ensembles": "nej"}}, {"type": "Feature", "geometry": {"type": "LineString", "coordinates": [[16.80143, 62.94608], [16.80132, 62.94594], [16.80128, 62.9459]]}, "properties": {"id": "trv-23762:276724-3:402346-0.3828_0.4751", "country": "se", "source": "TRV", "updated": "2026-09-12", "name": "poids max 4.0", "type": "poids_limite", "valeur": 4.0, "franchissable": true, "aussi_ensembles": "ja"}}, {"type": "Feature", "geometry": {"type": "LineString", "coordinates": [[12.69332, 60.00774], [12.69312, 60.00781]]}, "properties": {"id": "trv-12747:56621-1000:93018-0.7600_0.7610", "country": "se", "source": "TRV", "updated": "2026-09-12", "name": "poids max 3.0", "type": "poids_limite", "valeur": 3.0, "franchissable": false, "aussi_ensembles": "ja"}}, {"type": "Feature", "geometry": {"type": "LineString", "coordinates": [[14.45649, 57.57845], [14.45637, 57.57839], [14.45572, 57.57809]]}, "properties": {"id": "trv-14118:196620-12728:7406-0.0000_1.0000", "country": "se", "source": "TRV", "updated": "2026-09-12", "occurrences": 4, "name": "poids max 3.5", "type": "poids_limite", "valeur": 3.5, "franchissable": true, "aussi_ensembles": "nej"}}, {"type": "Feature", "geometry": {"type": "LineString", "coordinates": [[14.45734, 57.579], [14.45705, 57.5788], [14.45655, 57.57849], [14.45649, 57.57845]]}, "properties": {"id": "trv-14118:196620-12728:7358-0.0000_1.0000", "country": "se", "source": "TRV", "updated": "2026-09-12", "occurrences": 4, "name": "poids max 3.5", "type": "poids_limite", "valeur": 3.5, "franchissable": true, "aussi_ensembles": "nej"}}, {"type": "Feature", "geometry": {"type": "LineString", "coordinates": [[14.45799, 57.5796], [14.45734, 57.579]]}, "properties": {"id": "trv-14118:196620-12728:7336-0.0000_1.0000", "country": "se", "source": "TRV", "updated": "2026-09-12", "occurrences": 4, "name": "poids max 3.5", "type": "poids_limite", "valeur": 3.5, "franchissable": true, "aussi_ensembles": "nej"}}, {"type": "Feature", "geometry": {"type": "LineString", "coordinates": [[14.45862, 57.58017], [14.45858, 57.58012], [14.45799, 57.5796]]}, "properties": {"id": "trv-14118:196620-12728:7330-0.0000_1.0000", "country": "se", "source": "TRV", "updated": "2026-09-12", "occurrences": 4, "name": "poids max 3.5", "type": "poids_limite", "valeur": 3.5, "franchissable": true, "aussi_ensembles": "nej"}}, {"type": "Feature", "geometry": {"type": "LineString", "coordinates": [[15.21868, 59.2722], [15.21884, 59.27214], [15.21907, 59.27208], [15.21923, 59.27203], [15.21959, 59.27192], [15.21997, 59.27182], [15.22012, 59.27178], [15.22037, 59.27172], [15.22052, 59.27169]]}, "properties": {"id": "trv-14850:32496-3:455338-0.0000_1.0000", "country": "se", "source": "TRV", "updated": "2026-09-12", "name": "poids max 3.5", "type": "poids_limite", "valeur": 3.5, "franchissable": true, "aussi_ensembles": "ja"}}, {"type": "Feature", "geometry": {"type": "LineString", "coordinates": [[15.00029, 61.78995], [15.00031, 61.7899], [15.00033, 61.78986]]}, "properties": {"id": "trv-23762:322113-3:1137888-0.0939_0.0972", "country": "se", "source": "TRV", "updated": "2026-09-12", "name": "poids max 4.0", "type": "poids_limite", "valeur": 4.0, "franchissable": true, "aussi_ensembles": "ja"}}, {"type": "Feature", "geometry": {"type": "LineString", "coordinates": [[15.07741, 57.43172], [15.0781, 57.43148]]}, "properties": {"id": "trv-14119:83188-3:99319-0.8678_1.0000", "country": "se", "source": "TRV", "updated": "2026-09-12", "occurrences": 28, "name": "poids max 3.5", "type": "poids_limite", "valeur": 3.5, "franchissable": true, "aussi_ensembles": "nej"}}, {"type": "Feature", "geometry": {"type": "LineString", "coordinates": [[15.07338, 57.43296], [15.07354, 57.43289], [15.07387, 57.43281], [15.07441, 57.43265], [15.07483, 57.43253], [15.07525, 57.4324], [15.07668, 57.43191], [15.0769, 57.43185], [15.07729, 57.43172], [15.07741, 57.43172]]}, "properties": {"id": "trv-10089:753406-10089:753338-0.0000_1.0000", "country": "se", "source": "TRV", "updated": "2026-09-12", "occurrences": 2, "name": "poids max 3.5", "type": "poids_limite", "valeur": 3.5, "franchissable": true, "aussi_ensembles": "nej"}}, {"type": "Feature", "geometry": {"type": "LineString", "coordinates": [[15.07741, 57.43172], [15.07736, 57.43178], [15.07639, 57.43211], [15.07608, 57.43222], [15.07577, 57.43233], [15.07541, 57.43245], [15.07491, 57.43261], [15.07437, 57.43276], [15.07373, 57.43294], [15.07359, 57.43297], [15.07338, 57.43296]]}, "properties": {"id": "trv-10089:753406-10089:753340-0.0000_1.0000", "country": "se", "source": "TRV", "updated": "2026-09-12", "occurrences": 2, "name": "poids max 3.5", "type": "poids_limite", "valeur": 3.5, "franchissable": true, "aussi_ensembles": "nej"}}, {"type": "Feature", "geometry": {"type": "LineString", "coordinates": [[15.07294, 57.43307], [15.0731, 57.43303], [15.07338, 57.43296]]}, "properties": {"id": "trv-12733:123747-12733:123727-0.0000_0.6195", "country": "se", "source": "TRV", "updated": "2026-09-12", "occurrences": 4, "name": "poids max 3.5", "type": "poids_limite", "valeur": 3.5, "franchissable": true, "aussi_ensembles": "nej"}}]}